-- The C compiler identification is GNU 11.2.0
-- The CXX compiler identification is GNU 11.2.0
-- Detecting C compiler ABI info
-- Detecting C compiler ABI info - done
-- Check for working C compiler: /usr/bin/cc - skipped
-- Detecting C compile features
-- Detecting C compile features - done
-- Detecting CXX compiler ABI info
-- Detecting CXX compiler ABI info - done
-- Check for working CXX compiler: /usr/bin/c++ - skipped
-- Detecting CXX compile features
-- Detecting CXX compile features - done
-- Found ament_cmake: 1.3.11 (/opt/ros/humble/share/ament_cmake/cmake)
-- Found Python3: /usr/bin/python3 (found version "3.10.12") found components: Interpreter 
-- Found rclcpp: 16.0.12 (/opt/ros/humble/share/rclcpp/cmake)
-- Found rosidl_generator_c: 3.1.6 (/opt/ros/humble/share/rosidl_generator_c/cmake)
-- Found rosidl_adapter: 3.1.6 (/opt/ros/humble/share/rosidl_adapter/cmake)
-- Found rosidl_generator_cpp: 3.1.6 (/opt/ros/humble/share/rosidl_generator_cpp/cmake)
-- Using all available rosidl_typesupport_c: rosidl_typesupport_fastrtps_c;rosidl_typesupport_introspection_c
-- Using all available rosidl_typesupport_cpp: rosidl_typesupport_fastrtps_cpp;rosidl_typesupport_introspection_cpp
-- Found rmw_implementation_cmake: 6.1.2 (/opt/ros/humble/share/rmw_implementation_cmake/cmake)
-- Found rmw_fastrtps_cpp: 6.2.7 (/opt/ros/humble/share/rmw_fastrtps_cpp/cmake)
-- Found OpenSSL: /usr/lib/aarch64-linux-gnu/libcrypto.so (found version "3.0.2")  
-- Found FastRTPS: /opt/ros/humble/include  
-- Using RMW implementation 'rmw_fastrtps_cpp' as default
-- Looking for pthread.h
-- Looking for pthread.h - found
-- Performing Test CMAKE_HAVE_LIBC_PTHREAD
-- Performing Test CMAKE_HAVE_LIBC_PTHREAD - Success
-- Found Threads: TRUE  
-- Found xgolib: 1.0.0 (/home/sunrise/xgo_demo/src/install/xgolib/share/xgolib/cmake)
-- Found xgoscreen: 0.0.1 (/home/sunrise/xgo_demo/src/install/xgoscreen/share/xgoscreen/cmake)
-- Configuring done
-- Generating done
-- Build files have been written to: /home/sunrise/xgo_demo/src/build/xgo_motion
[ 50%] [32mBuilding CXX object CMakeFiles/dog_show_combined.dir/src/dog_show_combined.cpp.o[0m
[100%] [32m[1mLinking CXX executable dog_show_combined[0m
[100%] Built target dog_show_combined
-- Install configuration: ""
-- Installing: /home/sunrise/xgo_demo/src/install/xgo_motion/lib/xgo_motion/dog_show_combined
-- Set runtime path of "/home/sunrise/xgo_demo/src/install/xgo_motion/lib/xgo_motion/dog_show_combined" to ""
-- Installing: /home/sunrise/xgo_demo/src/install/xgo_motion/share/xgo_motion/expression
-- Installing: /home/sunrise/xgo_demo/src/install/xgo_motion/share/xgo_motion/expression/awkwardness_r
-- Installing: /home/sunrise/xgo_demo/src/install/xgo_motion/share/xgo_motion/expression/awkwardness_r/8.png
-- Installing: /home/sunrise/xgo_demo/src/install/xgo_motion/share/xgo_motion/expression/awkwardness_r/3.png
-- Installing: /home/sunrise/xgo_demo/src/install/xgo_motion/share/xgo_motion/expression/awkwardness_r/1.png
-- Installing: /home/sunrise/xgo_demo/src/install/xgo_motion/share/xgo_motion/expression/awkwardness_r/10.png
-- Installing: /home/sunrise/xgo_demo/src/install/xgo_motion/share/xgo_motion/expression/awkwardness_r/9.png
-- Installing: /home/sunrise/xgo_demo/src/install/xgo_motion/share/xgo_motion/expression/awkwardness_r/5.png
-- Installing: /home/sunrise/xgo_demo/src/install/xgo_motion/share/xgo_motion/expression/awkwardness_r/7.png
-- Installing: /home/sunrise/xgo_demo/src/install/xgo_motion/share/xgo_motion/expression/awkwardness_r/2.png
-- Installing: /home/sunrise/xgo_demo/src/install/xgo_motion/share/xgo_motion/expression/awkwardness_r/12.png
-- Installing: /home/sunrise/xgo_demo/src/install/xgo_motion/share/xgo_motion/expression/awkwardness_r/6.png
-- Installing: /home/sunrise/xgo_demo/src/install/xgo_motion/share/xgo_motion/expression/awkwardness_r/4.png
-- Installing: /home/sunrise/xgo_demo/src/install/xgo_motion/share/xgo_motion/expression/awkwardness_r/11.png
-- Installing: /home/sunrise/xgo_demo/src/install/xgo_motion/share/xgo_motion/expression/pray
-- Installing: /home/sunrise/xgo_demo/src/install/xgo_motion/share/xgo_motion/expression/pray/8.png
-- Installing: /home/sunrise/xgo_demo/src/install/xgo_motion/share/xgo_motion/expression/pray/3.png
-- Installing: /home/sunrise/xgo_demo/src/install/xgo_motion/share/xgo_motion/expression/pray/1.png
-- Installing: /home/sunrise/xgo_demo/src/install/xgo_motion/share/xgo_motion/expression/pray/5.png
-- Installing: /home/sunrise/xgo_demo/src/install/xgo_motion/share/xgo_motion/expression/pray/7.png
-- Installing: /home/sunrise/xgo_demo/src/install/xgo_motion/share/xgo_motion/expression/pray/2.png
-- Installing: /home/sunrise/xgo_demo/src/install/xgo_motion/share/xgo_motion/expression/pray/6.png
-- Installing: /home/sunrise/xgo_demo/src/install/xgo_motion/share/xgo_motion/expression/pray/4.png
-- Installing: /home/sunrise/xgo_demo/src/install/xgo_motion/share/xgo_motion/expression/happy
-- Installing: /home/sunrise/xgo_demo/src/install/xgo_motion/share/xgo_motion/expression/happy/8.png
-- Installing: /home/sunrise/xgo_demo/src/install/xgo_motion/share/xgo_motion/expression/happy/3.png
-- Installing: /home/sunrise/xgo_demo/src/install/xgo_motion/share/xgo_motion/expression/happy/1.png
-- Installing: /home/sunrise/xgo_demo/src/install/xgo_motion/share/xgo_motion/expression/happy/10.png
-- Installing: /home/sunrise/xgo_demo/src/install/xgo_motion/share/xgo_motion/expression/happy/9.png
-- Installing: /home/sunrise/xgo_demo/src/install/xgo_motion/share/xgo_motion/expression/happy/5.png
-- Installing: /home/sunrise/xgo_demo/src/install/xgo_motion/share/xgo_motion/expression/happy/7.png
-- Installing: /home/sunrise/xgo_demo/src/install/xgo_motion/share/xgo_motion/expression/happy/2.png
-- Installing: /home/sunrise/xgo_demo/src/install/xgo_motion/share/xgo_motion/expression/happy/12.png
-- Installing: /home/sunrise/xgo_demo/src/install/xgo_motion/share/xgo_motion/expression/happy/6.png
-- Installing: /home/sunrise/xgo_demo/src/install/xgo_motion/share/xgo_motion/expression/happy/4.png
-- Installing: /home/sunrise/xgo_demo/src/install/xgo_motion/share/xgo_motion/expression/happy/11.png
-- Installing: /home/sunrise/xgo_demo/src/install/xgo_motion/share/xgo_motion/expression/cute_r
-- Installing: /home/sunrise/xgo_demo/src/install/xgo_motion/share/xgo_motion/expression/cute_r/8.png
-- Installing: /home/sunrise/xgo_demo/src/install/xgo_motion/share/xgo_motion/expression/cute_r/3.png
-- Installing: /home/sunrise/xgo_demo/src/install/xgo_motion/share/xgo_motion/expression/cute_r/1.png
-- Installing: /home/sunrise/xgo_demo/src/install/xgo_motion/share/xgo_motion/expression/cute_r/5.png
-- Installing: /home/sunrise/xgo_demo/src/install/xgo_motion/share/xgo_motion/expression/cute_r/7.png
-- Installing: /home/sunrise/xgo_demo/src/install/xgo_motion/share/xgo_motion/expression/cute_r/2.png
-- Installing: /home/sunrise/xgo_demo/src/install/xgo_motion/share/xgo_motion/expression/cute_r/6.png
-- Installing: /home/sunrise/xgo_demo/src/install/xgo_motion/share/xgo_motion/expression/cute_r/4.png
-- Installing: /home/sunrise/xgo_demo/src/install/xgo_motion/share/xgo_motion/expression/naughty
-- Installing: /home/sunrise/xgo_demo/src/install/xgo_motion/share/xgo_motion/expression/naughty/8.png
-- Installing: /home/sunrise/xgo_demo/src/install/xgo_motion/share/xgo_motion/expression/naughty/3.png
-- Installing: /home/sunrise/xgo_demo/src/install/xgo_motion/share/xgo_motion/expression/naughty/1.png
-- Installing: /home/sunrise/xgo_demo/src/install/xgo_motion/share/xgo_motion/expression/naughty/10.png
-- Installing: /home/sunrise/xgo_demo/src/install/xgo_motion/share/xgo_motion/expression/naughty/9.png
-- Installing: /home/sunrise/xgo_demo/src/install/xgo_motion/share/xgo_motion/expression/naughty/5.png
-- Installing: /home/sunrise/xgo_demo/src/install/xgo_motion/share/xgo_motion/expression/naughty/7.png
-- Installing: /home/sunrise/xgo_demo/src/install/xgo_motion/share/xgo_motion/expression/naughty/2.png
-- Installing: /home/sunrise/xgo_demo/src/install/xgo_motion/share/xgo_motion/expression/naughty/12.png
-- Installing: /home/sunrise/xgo_demo/src/install/xgo_motion/share/xgo_motion/expression/naughty/6.png
-- Installing: /home/sunrise/xgo_demo/src/install/xgo_motion/share/xgo_motion/expression/naughty/13.png
-- Installing: /home/sunrise/xgo_demo/src/install/xgo_motion/share/xgo_motion/expression/naughty/4.png
-- Installing: /home/sunrise/xgo_demo/src/install/xgo_motion/share/xgo_motion/expression/naughty/11.png
-- Installing: /home/sunrise/xgo_demo/src/install/xgo_motion/share/xgo_motion/expression/naughty/14.png
-- Installing: /home/sunrise/xgo_demo/src/install/xgo_motion/share/xgo_motion/expression/hate_r
-- Installing: /home/sunrise/xgo_demo/src/install/xgo_motion/share/xgo_motion/expression/hate_r/8.png
-- Installing: /home/sunrise/xgo_demo/src/install/xgo_motion/share/xgo_motion/expression/hate_r/16.png
-- Installing: /home/sunrise/xgo_demo/src/install/xgo_motion/share/xgo_motion/expression/hate_r/3.png
-- Installing: /home/sunrise/xgo_demo/src/install/xgo_motion/share/xgo_motion/expression/hate_r/1.png
-- Installing: /home/sunrise/xgo_demo/src/install/xgo_motion/share/xgo_motion/expression/hate_r/10.png
-- Installing: /home/sunrise/xgo_demo/src/install/xgo_motion/share/xgo_motion/expression/hate_r/9.png
-- Installing: /home/sunrise/xgo_demo/src/install/xgo_motion/share/xgo_motion/expression/hate_r/5.png
-- Installing: /home/sunrise/xgo_demo/src/install/xgo_motion/share/xgo_motion/expression/hate_r/7.png
-- Installing: /home/sunrise/xgo_demo/src/install/xgo_motion/share/xgo_motion/expression/hate_r/2.png
-- Installing: /home/sunrise/xgo_demo/src/install/xgo_motion/share/xgo_motion/expression/hate_r/12.png
-- Installing: /home/sunrise/xgo_demo/src/install/xgo_motion/share/xgo_motion/expression/hate_r/15.png
-- Installing: /home/sunrise/xgo_demo/src/install/xgo_motion/share/xgo_motion/expression/hate_r/6.png
-- Installing: /home/sunrise/xgo_demo/src/install/xgo_motion/share/xgo_motion/expression/hate_r/13.png
-- Installing: /home/sunrise/xgo_demo/src/install/xgo_motion/share/xgo_motion/expression/hate_r/4.png
-- Installing: /home/sunrise/xgo_demo/src/install/xgo_motion/share/xgo_motion/expression/hate_r/11.png
-- Installing: /home/sunrise/xgo_demo/src/install/xgo_motion/share/xgo_motion/expression/hate_r/14.png
-- Installing: /home/sunrise/xgo_demo/src/install/xgo_motion/share/xgo_motion/expression/boring
-- Installing: /home/sunrise/xgo_demo/src/install/xgo_motion/share/xgo_motion/expression/boring/8.png
-- Installing: /home/sunrise/xgo_demo/src/install/xgo_motion/share/xgo_motion/expression/boring/3.png
-- Installing: /home/sunrise/xgo_demo/src/install/xgo_motion/share/xgo_motion/expression/boring/1.png
-- Installing: /home/sunrise/xgo_demo/src/install/xgo_motion/share/xgo_motion/expression/boring/10.png
-- Installing: /home/sunrise/xgo_demo/src/install/xgo_motion/share/xgo_motion/expression/boring/9.png
-- Installing: /home/sunrise/xgo_demo/src/install/xgo_motion/share/xgo_motion/expression/boring/5.png
-- Installing: /home/sunrise/xgo_demo/src/install/xgo_motion/share/xgo_motion/expression/boring/7.png
-- Installing: /home/sunrise/xgo_demo/src/install/xgo_motion/share/xgo_motion/expression/boring/2.png
-- Installing: /home/sunrise/xgo_demo/src/install/xgo_motion/share/xgo_motion/expression/boring/12.png
-- Installing: /home/sunrise/xgo_demo/src/install/xgo_motion/share/xgo_motion/expression/boring/6.png
-- Installing: /home/sunrise/xgo_demo/src/install/xgo_motion/share/xgo_motion/expression/boring/13.png
-- Installing: /home/sunrise/xgo_demo/src/install/xgo_motion/share/xgo_motion/expression/boring/4.png
-- Installing: /home/sunrise/xgo_demo/src/install/xgo_motion/share/xgo_motion/expression/boring/11.png
-- Installing: /home/sunrise/xgo_demo/src/install/xgo_motion/share/xgo_motion/expression/boring/14.png
-- Installing: /home/sunrise/xgo_demo/src/install/xgo_motion/share/xgo_motion/expression/drool
-- Installing: /home/sunrise/xgo_demo/src/install/xgo_motion/share/xgo_motion/expression/drool/8.png
-- Installing: /home/sunrise/xgo_demo/src/install/xgo_motion/share/xgo_motion/expression/drool/3.png
-- Installing: /home/sunrise/xgo_demo/src/install/xgo_motion/share/xgo_motion/expression/drool/1.png
-- Installing: /home/sunrise/xgo_demo/src/install/xgo_motion/share/xgo_motion/expression/drool/5.png
-- Installing: /home/sunrise/xgo_demo/src/install/xgo_motion/share/xgo_motion/expression/drool/7.png
-- Installing: /home/sunrise/xgo_demo/src/install/xgo_motion/share/xgo_motion/expression/drool/2.png
-- Installing: /home/sunrise/xgo_demo/src/install/xgo_motion/share/xgo_motion/expression/drool/6.png
-- Installing: /home/sunrise/xgo_demo/src/install/xgo_motion/share/xgo_motion/expression/drool/4.png
-- Installing: /home/sunrise/xgo_demo/src/install/xgo_motion/share/xgo_motion/expression/shame
-- Installing: /home/sunrise/xgo_demo/src/install/xgo_motion/share/xgo_motion/expression/shame/8.png
-- Installing: /home/sunrise/xgo_demo/src/install/xgo_motion/share/xgo_motion/expression/shame/3.png
-- Installing: /home/sunrise/xgo_demo/src/install/xgo_motion/share/xgo_motion/expression/shame/1.png
-- Installing: /home/sunrise/xgo_demo/src/install/xgo_motion/share/xgo_motion/expression/shame/10.png
-- Installing: /home/sunrise/xgo_demo/src/install/xgo_motion/share/xgo_motion/expression/shame/9.png
-- Installing: /home/sunrise/xgo_demo/src/install/xgo_motion/share/xgo_motion/expression/shame/5.png
-- Installing: /home/sunrise/xgo_demo/src/install/xgo_motion/share/xgo_motion/expression/shame/7.png
-- Installing: /home/sunrise/xgo_demo/src/install/xgo_motion/share/xgo_motion/expression/shame/2.png
-- Installing: /home/sunrise/xgo_demo/src/install/xgo_motion/share/xgo_motion/expression/shame/6.png
-- Installing: /home/sunrise/xgo_demo/src/install/xgo_motion/share/xgo_motion/expression/shame/4.png
-- Installing: /home/sunrise/xgo_demo/src/install/xgo_motion/share/xgo_motion/expression/shame/11.png
-- Installing: /home/sunrise/xgo_demo/src/install/xgo_motion/share/xgo_motion/expression/Shakehead
-- Installing: /home/sunrise/xgo_demo/src/install/xgo_motion/share/xgo_motion/expression/Shakehead/3.png
-- Installing: /home/sunrise/xgo_demo/src/install/xgo_motion/share/xgo_motion/expression/Shakehead/1.png
-- Installing: /home/sunrise/xgo_demo/src/install/xgo_motion/share/xgo_motion/expression/Shakehead/5.png
-- Installing: /home/sunrise/xgo_demo/src/install/xgo_motion/share/xgo_motion/expression/Shakehead/7.png
-- Installing: /home/sunrise/xgo_demo/src/install/xgo_motion/share/xgo_motion/expression/Shakehead/2.png
-- Installing: /home/sunrise/xgo_demo/src/install/xgo_motion/share/xgo_motion/expression/Shakehead/6.png
-- Installing: /home/sunrise/xgo_demo/src/install/xgo_motion/share/xgo_motion/expression/Shakehead/4.png
-- Installing: /home/sunrise/xgo_demo/src/install/xgo_motion/share/xgo_motion/expression/Stun
-- Installing: /home/sunrise/xgo_demo/src/install/xgo_motion/share/xgo_motion/expression/Stun/8.png
-- Installing: /home/sunrise/xgo_demo/src/install/xgo_motion/share/xgo_motion/expression/Stun/3.png
-- Installing: /home/sunrise/xgo_demo/src/install/xgo_motion/share/xgo_motion/expression/Stun/1.png
-- Installing: /home/sunrise/xgo_demo/src/install/xgo_motion/share/xgo_motion/expression/Stun/5.png
-- Installing: /home/sunrise/xgo_demo/src/install/xgo_motion/share/xgo_motion/expression/Stun/7.png
-- Installing: /home/sunrise/xgo_demo/src/install/xgo_motion/share/xgo_motion/expression/Stun/2.png
-- Installing: /home/sunrise/xgo_demo/src/install/xgo_motion/share/xgo_motion/expression/Stun/6.png
-- Installing: /home/sunrise/xgo_demo/src/install/xgo_motion/share/xgo_motion/expression/Stun/4.png
-- Installing: /home/sunrise/xgo_demo/src/install/xgo_motion/share/xgo_motion/expression/wronged
-- Installing: /home/sunrise/xgo_demo/src/install/xgo_motion/share/xgo_motion/expression/wronged/8.png
-- Installing: /home/sunrise/xgo_demo/src/install/xgo_motion/share/xgo_motion/expression/wronged/3.png
-- Installing: /home/sunrise/xgo_demo/src/install/xgo_motion/share/xgo_motion/expression/wronged/1.png
-- Installing: /home/sunrise/xgo_demo/src/install/xgo_motion/share/xgo_motion/expression/wronged/10.png
-- Installing: /home/sunrise/xgo_demo/src/install/xgo_motion/share/xgo_motion/expression/wronged/9.png
-- Installing: /home/sunrise/xgo_demo/src/install/xgo_motion/share/xgo_motion/expression/wronged/5.png
-- Installing: /home/sunrise/xgo_demo/src/install/xgo_motion/share/xgo_motion/expression/wronged/7.png
-- Installing: /home/sunrise/xgo_demo/src/install/xgo_motion/share/xgo_motion/expression/wronged/2.png
-- Installing: /home/sunrise/xgo_demo/src/install/xgo_motion/share/xgo_motion/expression/wronged/12.png
-- Installing: /home/sunrise/xgo_demo/src/install/xgo_motion/share/xgo_motion/expression/wronged/6.png
-- Installing: /home/sunrise/xgo_demo/src/install/xgo_motion/share/xgo_motion/expression/wronged/13.png
-- Installing: /home/sunrise/xgo_demo/src/install/xgo_motion/share/xgo_motion/expression/wronged/4.png
-- Installing: /home/sunrise/xgo_demo/src/install/xgo_motion/share/xgo_motion/expression/wronged/11.png
-- Installing: /home/sunrise/xgo_demo/src/install/xgo_motion/share/xgo_motion/expression/wronged/14.png
-- Installing: /home/sunrise/xgo_demo/src/install/xgo_motion/share/xgo_motion/expression/surprise_r
-- Installing: /home/sunrise/xgo_demo/src/install/xgo_motion/share/xgo_motion/expression/surprise_r/8.png
-- Installing: /home/sunrise/xgo_demo/src/install/xgo_motion/share/xgo_motion/expression/surprise_r/3.png
-- Installing: /home/sunrise/xgo_demo/src/install/xgo_motion/share/xgo_motion/expression/surprise_r/1.png
-- Installing: /home/sunrise/xgo_demo/src/install/xgo_motion/share/xgo_motion/expression/surprise_r/10.png
-- Installing: /home/sunrise/xgo_demo/src/install/xgo_motion/share/xgo_motion/expression/surprise_r/9.png
-- Installing: /home/sunrise/xgo_demo/src/install/xgo_motion/share/xgo_motion/expression/surprise_r/5.png
-- Installing: /home/sunrise/xgo_demo/src/install/xgo_motion/share/xgo_motion/expression/surprise_r/7.png
-- Installing: /home/sunrise/xgo_demo/src/install/xgo_motion/share/xgo_motion/expression/surprise_r/2.png
-- Installing: /home/sunrise/xgo_demo/src/install/xgo_motion/share/xgo_motion/expression/surprise_r/12.png
-- Installing: /home/sunrise/xgo_demo/src/install/xgo_motion/share/xgo_motion/expression/surprise_r/6.png
-- Installing: /home/sunrise/xgo_demo/src/install/xgo_motion/share/xgo_motion/expression/surprise_r/4.png
-- Installing: /home/sunrise/xgo_demo/src/install/xgo_motion/share/xgo_motion/expression/surprise_r/11.png
-- Installing: /home/sunrise/xgo_demo/src/install/xgo_motion/share/xgo_motion/expression/awkwardness
-- Installing: /home/sunrise/xgo_demo/src/install/xgo_motion/share/xgo_motion/expression/awkwardness/8.png
-- Installing: /home/sunrise/xgo_demo/src/install/xgo_motion/share/xgo_motion/expression/awkwardness/3.png
-- Installing: /home/sunrise/xgo_demo/src/install/xgo_motion/share/xgo_motion/expression/awkwardness/1.png
-- Installing: /home/sunrise/xgo_demo/src/install/xgo_motion/share/xgo_motion/expression/awkwardness/10.png
-- Installing: /home/sunrise/xgo_demo/src/install/xgo_motion/share/xgo_motion/expression/awkwardness/9.png
-- Installing: /home/sunrise/xgo_demo/src/install/xgo_motion/share/xgo_motion/expression/awkwardness/5.png
-- Installing: /home/sunrise/xgo_demo/src/install/xgo_motion/share/xgo_motion/expression/awkwardness/7.png
-- Installing: /home/sunrise/xgo_demo/src/install/xgo_motion/share/xgo_motion/expression/awkwardness/2.png
-- Installing: /home/sunrise/xgo_demo/src/install/xgo_motion/share/xgo_motion/expression/awkwardness/6.png
-- Installing: /home/sunrise/xgo_demo/src/install/xgo_motion/share/xgo_motion/expression/awkwardness/4.png
-- Installing: /home/sunrise/xgo_demo/src/install/xgo_motion/share/xgo_motion/expression/awkwardness/11.png
-- Installing: /home/sunrise/xgo_demo/src/install/xgo_motion/share/xgo_motion/expression/query
-- Installing: /home/sunrise/xgo_demo/src/install/xgo_motion/share/xgo_motion/expression/query/3.png
-- Installing: /home/sunrise/xgo_demo/src/install/xgo_motion/share/xgo_motion/expression/query/1.png
-- Installing: /home/sunrise/xgo_demo/src/install/xgo_motion/share/xgo_motion/expression/query/5.png
-- Installing: /home/sunrise/xgo_demo/src/install/xgo_motion/share/xgo_motion/expression/query/7.png
-- Installing: /home/sunrise/xgo_demo/src/install/xgo_motion/share/xgo_motion/expression/query/2.png
-- Installing: /home/sunrise/xgo_demo/src/install/xgo_motion/share/xgo_motion/expression/query/6.png
-- Installing: /home/sunrise/xgo_demo/src/install/xgo_motion/share/xgo_motion/expression/query/4.png
-- Installing: /home/sunrise/xgo_demo/src/install/xgo_motion/share/xgo_motion/expression/eyes
-- Installing: /home/sunrise/xgo_demo/src/install/xgo_motion/share/xgo_motion/expression/eyes/8.png
-- Installing: /home/sunrise/xgo_demo/src/install/xgo_motion/share/xgo_motion/expression/eyes/3.png
-- Installing: /home/sunrise/xgo_demo/src/install/xgo_motion/share/xgo_motion/expression/eyes/1.png
-- Installing: /home/sunrise/xgo_demo/src/install/xgo_motion/share/xgo_motion/expression/eyes/10.png
-- Installing: /home/sunrise/xgo_demo/src/install/xgo_motion/share/xgo_motion/expression/eyes/9.png
-- Installing: /home/sunrise/xgo_demo/src/install/xgo_motion/share/xgo_motion/expression/eyes/5.png
-- Installing: /home/sunrise/xgo_demo/src/install/xgo_motion/share/xgo_motion/expression/eyes/7.png
-- Installing: /home/sunrise/xgo_demo/src/install/xgo_motion/share/xgo_motion/expression/eyes/2.png
-- Installing: /home/sunrise/xgo_demo/src/install/xgo_motion/share/xgo_motion/expression/eyes/12.png
-- Installing: /home/sunrise/xgo_demo/src/install/xgo_motion/share/xgo_motion/expression/eyes/15.png
-- Installing: /home/sunrise/xgo_demo/src/install/xgo_motion/share/xgo_motion/expression/eyes/6.png
-- Installing: /home/sunrise/xgo_demo/src/install/xgo_motion/share/xgo_motion/expression/eyes/13.png
-- Installing: /home/sunrise/xgo_demo/src/install/xgo_motion/share/xgo_motion/expression/eyes/4.png
-- Installing: /home/sunrise/xgo_demo/src/install/xgo_motion/share/xgo_motion/expression/eyes/11.png
-- Installing: /home/sunrise/xgo_demo/src/install/xgo_motion/share/xgo_motion/expression/eyes/14.png
-- Installing: /home/sunrise/xgo_demo/src/install/xgo_motion/share/xgo_motion/expression/rider
-- Installing: /home/sunrise/xgo_demo/src/install/xgo_motion/share/xgo_motion/expression/rider/doubt
-- Installing: /home/sunrise/xgo_demo/src/install/xgo_motion/share/xgo_motion/expression/rider/doubt/doubt7.png
-- Installing: /home/sunrise/xgo_demo/src/install/xgo_motion/share/xgo_motion/expression/rider/doubt/doubt25.png
-- Installing: /home/sunrise/xgo_demo/src/install/xgo_motion/share/xgo_motion/expression/rider/doubt/doubt36.png
-- Installing: /home/sunrise/xgo_demo/src/install/xgo_motion/share/xgo_motion/expression/rider/doubt/doubt17.png
-- Installing: /home/sunrise/xgo_demo/src/install/xgo_motion/share/xgo_motion/expression/rider/doubt/doubt50.png
-- Installing: /home/sunrise/xgo_demo/src/install/xgo_motion/share/xgo_motion/expression/rider/doubt/doubt47.png
-- Installing: /home/sunrise/xgo_demo/src/install/xgo_motion/share/xgo_motion/expression/rider/doubt/doubt28.png
-- Installing: /home/sunrise/xgo_demo/src/install/xgo_motion/share/xgo_motion/expression/rider/doubt/doubt62.png
-- Installing: /home/sunrise/xgo_demo/src/install/xgo_motion/share/xgo_motion/expression/rider/doubt/doubt19.png
-- Installing: /home/sunrise/xgo_demo/src/install/xgo_motion/share/xgo_motion/expression/rider/doubt/doubt20.png
-- Installing: /home/sunrise/xgo_demo/src/install/xgo_motion/share/xgo_motion/expression/rider/doubt/doubt51.png
-- Installing: /home/sunrise/xgo_demo/src/install/xgo_motion/share/xgo_motion/expression/rider/doubt/doubt56.png
-- Installing: /home/sunrise/xgo_demo/src/install/xgo_motion/share/xgo_motion/expression/rider/doubt/doubt31.png
-- Installing: /home/sunrise/xgo_demo/src/install/xgo_motion/share/xgo_motion/expression/rider/doubt/doubt59.png
-- Installing: /home/sunrise/xgo_demo/src/install/xgo_motion/share/xgo_motion/expression/rider/doubt/doubt1.png
-- Installing: /home/sunrise/xgo_demo/src/install/xgo_motion/share/xgo_motion/expression/rider/doubt/doubt15.png
-- Installing: /home/sunrise/xgo_demo/src/install/xgo_motion/share/xgo_motion/expression/rider/doubt/doubt45.png
-- Installing: /home/sunrise/xgo_demo/src/install/xgo_motion/share/xgo_motion/expression/rider/doubt/doubt3.png
-- Installing: /home/sunrise/xgo_demo/src/install/xgo_motion/share/xgo_motion/expression/rider/doubt/doubt27.png
-- Installing: /home/sunrise/xgo_demo/src/install/xgo_motion/share/xgo_motion/expression/rider/doubt/doubt10.png
-- Installing: /home/sunrise/xgo_demo/src/install/xgo_motion/share/xgo_motion/expression/rider/doubt/doubt8.png
-- Installing: /home/sunrise/xgo_demo/src/install/xgo_motion/share/xgo_motion/expression/rider/doubt/doubt41.png
-- Installing: /home/sunrise/xgo_demo/src/install/xgo_motion/share/xgo_motion/expression/rider/doubt/doubt39.png
-- Installing: /home/sunrise/xgo_demo/src/install/xgo_motion/share/xgo_motion/expression/rider/doubt/doubt24.png
-- Installing: /home/sunrise/xgo_demo/src/install/xgo_motion/share/xgo_motion/expression/rider/doubt/doubt23.png
-- Installing: /home/sunrise/xgo_demo/src/install/xgo_motion/share/xgo_motion/expression/rider/doubt/doubt40.png
-- Installing: /home/sunrise/xgo_demo/src/install/xgo_motion/share/xgo_motion/expression/rider/doubt/doubt44.png
-- Installing: /home/sunrise/xgo_demo/src/install/xgo_motion/share/xgo_motion/expression/rider/doubt/doubt6.png
-- Installing: /home/sunrise/xgo_demo/src/install/xgo_motion/share/xgo_motion/expression/rider/doubt/doubt48.png
-- Installing: /home/sunrise/xgo_demo/src/install/xgo_motion/share/xgo_motion/expression/rider/doubt/doubt49.png
-- Installing: /home/sunrise/xgo_demo/src/install/xgo_motion/share/xgo_motion/expression/rider/doubt/doubt58.png
-- Installing: /home/sunrise/xgo_demo/src/install/xgo_motion/share/xgo_motion/expression/rider/doubt/doubt2.png
-- Installing: /home/sunrise/xgo_demo/src/install/xgo_motion/share/xgo_motion/expression/rider/doubt/doubt9.png
-- Installing: /home/sunrise/xgo_demo/src/install/xgo_motion/share/xgo_motion/expression/rider/doubt/doubt42.png
-- Installing: /home/sunrise/xgo_demo/src/install/xgo_motion/share/xgo_motion/expression/rider/doubt/doubt32.png
-- Installing: /home/sunrise/xgo_demo/src/install/xgo_motion/share/xgo_motion/expression/rider/doubt/doubt46.png
-- Installing: /home/sunrise/xgo_demo/src/install/xgo_motion/share/xgo_motion/expression/rider/doubt/doubt57.png
-- Installing: /home/sunrise/xgo_demo/src/install/xgo_motion/share/xgo_motion/expression/rider/doubt/doubt22.png
-- Installing: /home/sunrise/xgo_demo/src/install/xgo_motion/share/xgo_motion/expression/rider/doubt/doubt12.png
-- Installing: /home/sunrise/xgo_demo/src/install/xgo_motion/share/xgo_motion/expression/rider/doubt/doubt18.png
-- Installing: /home/sunrise/xgo_demo/src/install/xgo_motion/share/xgo_motion/expression/rider/doubt/doubt60.png
-- Installing: /home/sunrise/xgo_demo/src/install/xgo_motion/share/xgo_motion/expression/rider/doubt/doubt16.png
-- Installing: /home/sunrise/xgo_demo/src/install/xgo_motion/share/xgo_motion/expression/rider/doubt/doubt52.png
-- Installing: /home/sunrise/xgo_demo/src/install/xgo_motion/share/xgo_motion/expression/rider/doubt/doubt13.png
-- Installing: /home/sunrise/xgo_demo/src/install/xgo_motion/share/xgo_motion/expression/rider/doubt/doubt53.png
-- Installing: /home/sunrise/xgo_demo/src/install/xgo_motion/share/xgo_motion/expression/rider/doubt/doubt33.png
-- Installing: /home/sunrise/xgo_demo/src/install/xgo_motion/share/xgo_motion/expression/rider/doubt/doubt5.png
-- Installing: /home/sunrise/xgo_demo/src/install/xgo_motion/share/xgo_motion/expression/rider/doubt/doubt4.png
-- Installing: /home/sunrise/xgo_demo/src/install/xgo_motion/share/xgo_motion/expression/rider/doubt/doubt63.png
-- Installing: /home/sunrise/xgo_demo/src/install/xgo_motion/share/xgo_motion/expression/rider/doubt/doubt21.png
-- Installing: /home/sunrise/xgo_demo/src/install/xgo_motion/share/xgo_motion/expression/rider/doubt/doubt61.png
-- Installing: /home/sunrise/xgo_demo/src/install/xgo_motion/share/xgo_motion/expression/rider/doubt/doubt55.png
-- Installing: /home/sunrise/xgo_demo/src/install/xgo_motion/share/xgo_motion/expression/rider/doubt/doubt26.png
-- Installing: /home/sunrise/xgo_demo/src/install/xgo_motion/share/xgo_motion/expression/rider/doubt/doubt30.png
-- Installing: /home/sunrise/xgo_demo/src/install/xgo_motion/share/xgo_motion/expression/rider/doubt/doubt64.png
-- Installing: /home/sunrise/xgo_demo/src/install/xgo_motion/share/xgo_motion/expression/rider/doubt/doubt34.png
-- Installing: /home/sunrise/xgo_demo/src/install/xgo_motion/share/xgo_motion/expression/rider/doubt/doubt54.png
-- Installing: /home/sunrise/xgo_demo/src/install/xgo_motion/share/xgo_motion/expression/rider/doubt/doubt35.png
-- Installing: /home/sunrise/xgo_demo/src/install/xgo_motion/share/xgo_motion/expression/rider/doubt/doubt14.png
-- Installing: /home/sunrise/xgo_demo/src/install/xgo_motion/share/xgo_motion/expression/rider/doubt/doubt37.png
-- Installing: /home/sunrise/xgo_demo/src/install/xgo_motion/share/xgo_motion/expression/rider/doubt/doubt38.png
-- Installing: /home/sunrise/xgo_demo/src/install/xgo_motion/share/xgo_motion/expression/rider/doubt/doubt43.png
-- Installing: /home/sunrise/xgo_demo/src/install/xgo_motion/share/xgo_motion/expression/rider/doubt/doubt29.png
-- Installing: /home/sunrise/xgo_demo/src/install/xgo_motion/share/xgo_motion/expression/rider/doubt/doubt11.png
-- Installing: /home/sunrise/xgo_demo/src/install/xgo_motion/share/xgo_motion/expression/rider/sleep
-- Installing: /home/sunrise/xgo_demo/src/install/xgo_motion/share/xgo_motion/expression/rider/sleep/sleep63.png
-- Installing: /home/sunrise/xgo_demo/src/install/xgo_motion/share/xgo_motion/expression/rider/sleep/sleep49.png
-- Installing: /home/sunrise/xgo_demo/src/install/xgo_motion/share/xgo_motion/expression/rider/sleep/sleep58.png
-- Installing: /home/sunrise/xgo_demo/src/install/xgo_motion/share/xgo_motion/expression/rider/sleep/sleep52.png
-- Installing: /home/sunrise/xgo_demo/src/install/xgo_motion/share/xgo_motion/expression/rider/sleep/sleep23.png
-- Installing: /home/sunrise/xgo_demo/src/install/xgo_motion/share/xgo_motion/expression/rider/sleep/sleep79.png
-- Installing: /home/sunrise/xgo_demo/src/install/xgo_motion/share/xgo_motion/expression/rider/sleep/sleep86.png
-- Installing: /home/sunrise/xgo_demo/src/install/xgo_motion/share/xgo_motion/expression/rider/sleep/sleep3.png
-- Installing: /home/sunrise/xgo_demo/src/install/xgo_motion/share/xgo_motion/expression/rider/sleep/sleep20.png
-- Installing: /home/sunrise/xgo_demo/src/install/xgo_motion/share/xgo_motion/expression/rider/sleep/sleep91.png
-- Installing: /home/sunrise/xgo_demo/src/install/xgo_motion/share/xgo_motion/expression/rider/sleep/sleep84.png
-- Installing: /home/sunrise/xgo_demo/src/install/xgo_motion/share/xgo_motion/expression/rider/sleep/sleep71.png
-- Installing: /home/sunrise/xgo_demo/src/install/xgo_motion/share/xgo_motion/expression/rider/sleep/sleep42.png
-- Installing: /home/sunrise/xgo_demo/src/install/xgo_motion/share/xgo_motion/expression/rider/sleep/sleep74.png
-- Installing: /home/sunrise/xgo_demo/src/install/xgo_motion/share/xgo_motion/expression/rider/sleep/sleep70.png
-- Installing: /home/sunrise/xgo_demo/src/install/xgo_motion/share/xgo_motion/expression/rider/sleep/sleep16.png
-- Installing: /home/sunrise/xgo_demo/src/install/xgo_motion/share/xgo_motion/expression/rider/sleep/sleep47.png
-- Installing: /home/sunrise/xgo_demo/src/install/xgo_motion/share/xgo_motion/expression/rider/sleep/sleep15.png
-- Installing: /home/sunrise/xgo_demo/src/install/xgo_motion/share/xgo_motion/expression/rider/sleep/sleep72.png
-- Installing: /home/sunrise/xgo_demo/src/install/xgo_motion/share/xgo_motion/expression/rider/sleep/sleep29.png
-- Installing: /home/sunrise/xgo_demo/src/install/xgo_motion/share/xgo_motion/expression/rider/sleep/sleep88.png
-- Installing: /home/sunrise/xgo_demo/src/install/xgo_motion/share/xgo_motion/expression/rider/sleep/sleep43.png
-- Installing: /home/sunrise/xgo_demo/src/install/xgo_motion/share/xgo_motion/expression/rider/sleep/sleep28.png
-- Installing: /home/sunrise/xgo_demo/src/install/xgo_motion/share/xgo_motion/expression/rider/sleep/sleep61.png
-- Installing: /home/sunrise/xgo_demo/src/install/xgo_motion/share/xgo_motion/expression/rider/sleep/sleep26.png
-- Installing: /home/sunrise/xgo_demo/src/install/xgo_motion/share/xgo_motion/expression/rider/sleep/sleep94.png
-- Installing: /home/sunrise/xgo_demo/src/install/xgo_motion/share/xgo_motion/expression/rider/sleep/sleep78.png
-- Installing: /home/sunrise/xgo_demo/src/install/xgo_motion/share/xgo_motion/expression/rider/sleep/sleep31.png
-- Installing: /home/sunrise/xgo_demo/src/install/xgo_motion/share/xgo_motion/expression/rider/sleep/sleep66.png
-- Installing: /home/sunrise/xgo_demo/src/install/xgo_motion/share/xgo_motion/expression/rider/sleep/sleep36.png
-- Installing: /home/sunrise/xgo_demo/src/install/xgo_motion/share/xgo_motion/expression/rider/sleep/sleep8.png
-- Installing: /home/sunrise/xgo_demo/src/install/xgo_motion/share/xgo_motion/expression/rider/sleep/sleep62.png
-- Installing: /home/sunrise/xgo_demo/src/install/xgo_motion/share/xgo_motion/expression/rider/sleep/sleep24.png
-- Installing: /home/sunrise/xgo_demo/src/install/xgo_motion/share/xgo_motion/expression/rider/sleep/sleep14.png
-- Installing: /home/sunrise/xgo_demo/src/install/xgo_motion/share/xgo_motion/expression/rider/sleep/sleep19.png
-- Installing: /home/sunrise/xgo_demo/src/install/xgo_motion/share/xgo_motion/expression/rider/sleep/sleep41.png
-- Installing: /home/sunrise/xgo_demo/src/install/xgo_motion/share/xgo_motion/expression/rider/sleep/sleep89.png
-- Installing: /home/sunrise/xgo_demo/src/install/xgo_motion/share/xgo_motion/expression/rider/sleep/sleep87.png
-- Installing: /home/sunrise/xgo_demo/src/install/xgo_motion/share/xgo_motion/expression/rider/sleep/sleep11.png
-- Installing: /home/sunrise/xgo_demo/src/install/xgo_motion/share/xgo_motion/expression/rider/sleep/sleep73.png
-- Installing: /home/sunrise/xgo_demo/src/install/xgo_motion/share/xgo_motion/expression/rider/sleep/sleep51.png
-- Installing: /home/sunrise/xgo_demo/src/install/xgo_motion/share/xgo_motion/expression/rider/sleep/sleep1.png
-- Installing: /home/sunrise/xgo_demo/src/install/xgo_motion/share/xgo_motion/expression/rider/sleep/sleep17.png
-- Installing: /home/sunrise/xgo_demo/src/install/xgo_motion/share/xgo_motion/expression/rider/sleep/sleep69.png
-- Installing: /home/sunrise/xgo_demo/src/install/xgo_motion/share/xgo_motion/expression/rider/sleep/sleep76.png
-- Installing: /home/sunrise/xgo_demo/src/install/xgo_motion/share/xgo_motion/expression/rider/sleep/sleep33.png
-- Installing: /home/sunrise/xgo_demo/src/install/xgo_motion/share/xgo_motion/expression/rider/sleep/sleep9.png
-- Installing: /home/sunrise/xgo_demo/src/install/xgo_motion/share/xgo_motion/expression/rider/sleep/sleep44.png
-- Installing: /home/sunrise/xgo_demo/src/install/xgo_motion/share/xgo_motion/expression/rider/sleep/sleep56.png
-- Installing: /home/sunrise/xgo_demo/src/install/xgo_motion/share/xgo_motion/expression/rider/sleep/sleep5.png
-- Installing: /home/sunrise/xgo_demo/src/install/xgo_motion/share/xgo_motion/expression/rider/sleep/sleep59.png
-- Installing: /home/sunrise/xgo_demo/src/install/xgo_motion/share/xgo_motion/expression/rider/sleep/sleep93.png
-- Installing: /home/sunrise/xgo_demo/src/install/xgo_motion/share/xgo_motion/expression/rider/sleep/sleep38.png
-- Installing: /home/sunrise/xgo_demo/src/install/xgo_motion/share/xgo_motion/expression/rider/sleep/sleep81.png
-- Installing: /home/sunrise/xgo_demo/src/install/xgo_motion/share/xgo_motion/expression/rider/sleep/sleep7.png
-- Installing: /home/sunrise/xgo_demo/src/install/xgo_motion/share/xgo_motion/expression/rider/sleep/sleep30.png
-- Installing: /home/sunrise/xgo_demo/src/install/xgo_motion/share/xgo_motion/expression/rider/sleep/sleep92.png
-- Installing: /home/sunrise/xgo_demo/src/install/xgo_motion/share/xgo_motion/expression/rider/sleep/sleep21.png
-- Installing: /home/sunrise/xgo_demo/src/install/xgo_motion/share/xgo_motion/expression/rider/sleep/sleep67.png
-- Installing: /home/sunrise/xgo_demo/src/install/xgo_motion/share/xgo_motion/expression/rider/sleep/sleep53.png
-- Installing: /home/sunrise/xgo_demo/src/install/xgo_motion/share/xgo_motion/expression/rider/sleep/sleep75.png
-- Installing: /home/sunrise/xgo_demo/src/install/xgo_motion/share/xgo_motion/expression/rider/sleep/sleep85.png
-- Installing: /home/sunrise/xgo_demo/src/install/xgo_motion/share/xgo_motion/expression/rider/sleep/sleep54.png
-- Installing: /home/sunrise/xgo_demo/src/install/xgo_motion/share/xgo_motion/expression/rider/sleep/sleep65.png
-- Installing: /home/sunrise/xgo_demo/src/install/xgo_motion/share/xgo_motion/expression/rider/sleep/sleep39.png
-- Installing: /home/sunrise/xgo_demo/src/install/xgo_motion/share/xgo_motion/expression/rider/sleep/sleep68.png
-- Installing: /home/sunrise/xgo_demo/src/install/xgo_motion/share/xgo_motion/expression/rider/sleep/sleep55.png
-- Installing: /home/sunrise/xgo_demo/src/install/xgo_motion/share/xgo_motion/expression/rider/sleep/sleep22.png
-- Installing: /home/sunrise/xgo_demo/src/install/xgo_motion/share/xgo_motion/expression/rider/sleep/sleep64.png
-- Installing: /home/sunrise/xgo_demo/src/install/xgo_motion/share/xgo_motion/expression/rider/sleep/sleep82.png
-- Installing: /home/sunrise/xgo_demo/src/install/xgo_motion/share/xgo_motion/expression/rider/sleep/sleep46.png
-- Installing: /home/sunrise/xgo_demo/src/install/xgo_motion/share/xgo_motion/expression/rider/sleep/sleep37.png
-- Installing: /home/sunrise/xgo_demo/src/install/xgo_motion/share/xgo_motion/expression/rider/sleep/sleep77.png
-- Installing: /home/sunrise/xgo_demo/src/install/xgo_motion/share/xgo_motion/expression/rider/sleep/sleep18.png
-- Installing: /home/sunrise/xgo_demo/src/install/xgo_motion/share/xgo_motion/expression/rider/sleep/sleep12.png
-- Installing: /home/sunrise/xgo_demo/src/install/xgo_motion/share/xgo_motion/expression/rider/sleep/sleep6.png
-- Installing: /home/sunrise/xgo_demo/src/install/xgo_motion/share/xgo_motion/expression/rider/sleep/sleep83.png
-- Installing: /home/sunrise/xgo_demo/src/install/xgo_motion/share/xgo_motion/expression/rider/sleep/sleep13.png
-- Installing: /home/sunrise/xgo_demo/src/install/xgo_motion/share/xgo_motion/expression/rider/sleep/sleep27.png
-- Installing: /home/sunrise/xgo_demo/src/install/xgo_motion/share/xgo_motion/expression/rider/sleep/sleep60.png
-- Installing: /home/sunrise/xgo_demo/src/install/xgo_motion/share/xgo_motion/expression/rider/sleep/sleep4.png
-- Installing: /home/sunrise/xgo_demo/src/install/xgo_motion/share/xgo_motion/expression/rider/sleep/sleep57.png
-- Installing: /home/sunrise/xgo_demo/src/install/xgo_motion/share/xgo_motion/expression/rider/sleep/sleep45.png
-- Installing: /home/sunrise/xgo_demo/src/install/xgo_motion/share/xgo_motion/expression/rider/sleep/sleep25.png
-- Installing: /home/sunrise/xgo_demo/src/install/xgo_motion/share/xgo_motion/expression/rider/sleep/sleep2.png
-- Installing: /home/sunrise/xgo_demo/src/install/xgo_motion/share/xgo_motion/expression/rider/sleep/sleep40.png
-- Installing: /home/sunrise/xgo_demo/src/install/xgo_motion/share/xgo_motion/expression/rider/sleep/sleep90.png
-- Installing: /home/sunrise/xgo_demo/src/install/xgo_motion/share/xgo_motion/expression/rider/sleep/sleep32.png
-- Installing: /home/sunrise/xgo_demo/src/install/xgo_motion/share/xgo_motion/expression/rider/sleep/sleep35.png
-- Installing: /home/sunrise/xgo_demo/src/install/xgo_motion/share/xgo_motion/expression/rider/sleep/sleep10.png
-- Installing: /home/sunrise/xgo_demo/src/install/xgo_motion/share/xgo_motion/expression/rider/sleep/sleep50.png
-- Installing: /home/sunrise/xgo_demo/src/install/xgo_motion/share/xgo_motion/expression/rider/sleep/sleep80.png
-- Installing: /home/sunrise/xgo_demo/src/install/xgo_motion/share/xgo_motion/expression/rider/sleep/sleep34.png
-- Installing: /home/sunrise/xgo_demo/src/install/xgo_motion/share/xgo_motion/expression/rider/sleep/sleep48.png
-- Installing: /home/sunrise/xgo_demo/src/install/xgo_motion/share/xgo_motion/expression/rider/grievance
-- Installing: /home/sunrise/xgo_demo/src/install/xgo_motion/share/xgo_motion/expression/rider/grievance/grievance35.png
-- Installing: /home/sunrise/xgo_demo/src/install/xgo_motion/share/xgo_motion/expression/rider/grievance/grievance5.png
-- Installing: /home/sunrise/xgo_demo/src/install/xgo_motion/share/xgo_motion/expression/rider/grievance/grievance37.png
-- Installing: /home/sunrise/xgo_demo/src/install/xgo_motion/share/xgo_motion/expression/rider/grievance/grievance57.png
-- Installing: /home/sunrise/xgo_demo/src/install/xgo_motion/share/xgo_motion/expression/rider/grievance/grievance4.png
-- Installing: /home/sunrise/xgo_demo/src/install/xgo_motion/share/xgo_motion/expression/rider/grievance/grievance51.png
-- Installing: /home/sunrise/xgo_demo/src/install/xgo_motion/share/xgo_motion/expression/rider/grievance/grievance18.png
-- Installing: /home/sunrise/xgo_demo/src/install/xgo_motion/share/xgo_motion/expression/rider/grievance/grievance17.png
-- Installing: /home/sunrise/xgo_demo/src/install/xgo_motion/share/xgo_motion/expression/rider/grievance/grievance42.png
-- Installing: /home/sunrise/xgo_demo/src/install/xgo_motion/share/xgo_motion/expression/rider/grievance/grievance72.png
-- Installing: /home/sunrise/xgo_demo/src/install/xgo_motion/share/xgo_motion/expression/rider/grievance/grievance43.png
-- Installing: /home/sunrise/xgo_demo/src/install/xgo_motion/share/xgo_motion/expression/rider/grievance/grievance20.png
-- Installing: /home/sunrise/xgo_demo/src/install/xgo_motion/share/xgo_motion/expression/rider/grievance/grievance11.png
-- Installing: /home/sunrise/xgo_demo/src/install/xgo_motion/share/xgo_motion/expression/rider/grievance/grievance14.png
-- Installing: /home/sunrise/xgo_demo/src/install/xgo_motion/share/xgo_motion/expression/rider/grievance/grievance54.png
-- Installing: /home/sunrise/xgo_demo/src/install/xgo_motion/share/xgo_motion/expression/rider/grievance/grievance40.png
-- Installing: /home/sunrise/xgo_demo/src/install/xgo_motion/share/xgo_motion/expression/rider/grievance/grievance70.png
-- Installing: /home/sunrise/xgo_demo/src/install/xgo_motion/share/xgo_motion/expression/rider/grievance/grievance63.png
-- Installing: /home/sunrise/xgo_demo/src/install/xgo_motion/share/xgo_motion/expression/rider/grievance/grievance48.png
-- Installing: /home/sunrise/xgo_demo/src/install/xgo_motion/share/xgo_motion/expression/rider/grievance/grievance39.png
-- Installing: /home/sunrise/xgo_demo/src/install/xgo_motion/share/xgo_motion/expression/rider/grievance/grievance60.png
-- Installing: /home/sunrise/xgo_demo/src/install/xgo_motion/share/xgo_motion/expression/rider/grievance/grievance15.png
-- Installing: /home/sunrise/xgo_demo/src/install/xgo_motion/share/xgo_motion/expression/rider/grievance/grievance71.png
-- Installing: /home/sunrise/xgo_demo/src/install/xgo_motion/share/xgo_motion/expression/rider/grievance/grievance61.png
-- Installing: /home/sunrise/xgo_demo/src/install/xgo_motion/share/xgo_motion/expression/rider/grievance/grievance47.png
-- Installing: /home/sunrise/xgo_demo/src/install/xgo_motion/share/xgo_motion/expression/rider/grievance/grievance34.png
-- Installing: /home/sunrise/xgo_demo/src/install/xgo_motion/share/xgo_motion/expression/rider/grievance/grievance55.png
-- Installing: /home/sunrise/xgo_demo/src/install/xgo_motion/share/xgo_motion/expression/rider/grievance/grievance56.png
-- Installing: /home/sunrise/xgo_demo/src/install/xgo_motion/share/xgo_motion/expression/rider/grievance/grievance67.png
-- Installing: /home/sunrise/xgo_demo/src/install/xgo_motion/share/xgo_motion/expression/rider/grievance/grievance3.png
-- Installing: /home/sunrise/xgo_demo/src/install/xgo_motion/share/xgo_motion/expression/rider/grievance/grievance25.png
-- Installing: /home/sunrise/xgo_demo/src/install/xgo_motion/share/xgo_motion/expression/rider/grievance/grievance33.png
-- Installing: /home/sunrise/xgo_demo/src/install/xgo_motion/share/xgo_motion/expression/rider/grievance/grievance13.png
-- Installing: /home/sunrise/xgo_demo/src/install/xgo_motion/share/xgo_motion/expression/rider/grievance/grievance52.png
-- Installing: /home/sunrise/xgo_demo/src/install/xgo_motion/share/xgo_motion/expression/rider/grievance/grievance2.png
-- Installing: /home/sunrise/xgo_demo/src/install/xgo_motion/share/xgo_motion/expression/rider/grievance/grievance53.png
-- Installing: /home/sunrise/xgo_demo/src/install/xgo_motion/share/xgo_motion/expression/rider/grievance/grievance41.png
-- Installing: /home/sunrise/xgo_demo/src/install/xgo_motion/share/xgo_motion/expression/rider/grievance/grievance28.png
-- Installing: /home/sunrise/xgo_demo/src/install/xgo_motion/share/xgo_motion/expression/rider/grievance/grievance10.png
-- Installing: /home/sunrise/xgo_demo/src/install/xgo_motion/share/xgo_motion/expression/rider/grievance/grievance49.png
-- Installing: /home/sunrise/xgo_demo/src/install/xgo_motion/share/xgo_motion/expression/rider/grievance/grievance69.png
-- Installing: /home/sunrise/xgo_demo/src/install/xgo_motion/share/xgo_motion/expression/rider/grievance/grievance32.png
-- Installing: /home/sunrise/xgo_demo/src/install/xgo_motion/share/xgo_motion/expression/rider/grievance/grievance9.png
-- Installing: /home/sunrise/xgo_demo/src/install/xgo_motion/share/xgo_motion/expression/rider/grievance/grievance36.png
-- Installing: /home/sunrise/xgo_demo/src/install/xgo_motion/share/xgo_motion/expression/rider/grievance/grievance31.png
-- Installing: /home/sunrise/xgo_demo/src/install/xgo_motion/share/xgo_motion/expression/rider/grievance/grievance50.png
-- Installing: /home/sunrise/xgo_demo/src/install/xgo_motion/share/xgo_motion/expression/rider/grievance/grievance30.png
-- Installing: /home/sunrise/xgo_demo/src/install/xgo_motion/share/xgo_motion/expression/rider/grievance/grievance62.png
-- Installing: /home/sunrise/xgo_demo/src/install/xgo_motion/share/xgo_motion/expression/rider/grievance/grievance64.png
-- Installing: /home/sunrise/xgo_demo/src/install/xgo_motion/share/xgo_motion/expression/rider/grievance/grievance7.png
-- Installing: /home/sunrise/xgo_demo/src/install/xgo_motion/share/xgo_motion/expression/rider/grievance/grievance65.png
-- Installing: /home/sunrise/xgo_demo/src/install/xgo_motion/share/xgo_motion/expression/rider/grievance/grievance21.png
-- Installing: /home/sunrise/xgo_demo/src/install/xgo_motion/share/xgo_motion/expression/rider/grievance/grievance29.png
-- Installing: /home/sunrise/xgo_demo/src/install/xgo_motion/share/xgo_motion/expression/rider/grievance/grievance44.png
-- Installing: /home/sunrise/xgo_demo/src/install/xgo_motion/share/xgo_motion/expression/rider/grievance/grievance27.png
-- Installing: /home/sunrise/xgo_demo/src/install/xgo_motion/share/xgo_motion/expression/rider/grievance/grievance24.png
-- Installing: /home/sunrise/xgo_demo/src/install/xgo_motion/share/xgo_motion/expression/rider/grievance/grievance16.png
-- Installing: /home/sunrise/xgo_demo/src/install/xgo_motion/share/xgo_motion/expression/rider/grievance/grievance66.png
-- Installing: /home/sunrise/xgo_demo/src/install/xgo_motion/share/xgo_motion/expression/rider/grievance/grievance59.png
-- Installing: /home/sunrise/xgo_demo/src/install/xgo_motion/share/xgo_motion/expression/rider/grievance/grievance22.png
-- Installing: /home/sunrise/xgo_demo/src/install/xgo_motion/share/xgo_motion/expression/rider/grievance/grievance45.png
-- Installing: /home/sunrise/xgo_demo/src/install/xgo_motion/share/xgo_motion/expression/rider/grievance/grievance68.png
-- Installing: /home/sunrise/xgo_demo/src/install/xgo_motion/share/xgo_motion/expression/rider/grievance/grievance38.png
-- Installing: /home/sunrise/xgo_demo/src/install/xgo_motion/share/xgo_motion/expression/rider/grievance/grievance19.png
-- Installing: /home/sunrise/xgo_demo/src/install/xgo_motion/share/xgo_motion/expression/rider/grievance/grievance23.png
-- Installing: /home/sunrise/xgo_demo/src/install/xgo_motion/share/xgo_motion/expression/rider/grievance/grievance46.png
-- Installing: /home/sunrise/xgo_demo/src/install/xgo_motion/share/xgo_motion/expression/rider/grievance/grievance58.png
-- Installing: /home/sunrise/xgo_demo/src/install/xgo_motion/share/xgo_motion/expression/rider/grievance/grievance12.png
-- Installing: /home/sunrise/xgo_demo/src/install/xgo_motion/share/xgo_motion/expression/rider/grievance/grievance26.png
-- Installing: /home/sunrise/xgo_demo/src/install/xgo_motion/share/xgo_motion/expression/rider/grievance/grievance8.png
-- Installing: /home/sunrise/xgo_demo/src/install/xgo_motion/share/xgo_motion/expression/rider/grievance/grievance6.png
-- Installing: /home/sunrise/xgo_demo/src/install/xgo_motion/share/xgo_motion/expression/rider/grievance/grievance1.png
-- Installing: /home/sunrise/xgo_demo/src/install/xgo_motion/share/xgo_motion/expression/rider/cute
-- Installing: /home/sunrise/xgo_demo/src/install/xgo_motion/share/xgo_motion/expression/rider/cute/cute20.png
-- Installing: /home/sunrise/xgo_demo/src/install/xgo_motion/share/xgo_motion/expression/rider/cute/cute67.png
-- Installing: /home/sunrise/xgo_demo/src/install/xgo_motion/share/xgo_motion/expression/rider/cute/cute41.png
-- Installing: /home/sunrise/xgo_demo/src/install/xgo_motion/share/xgo_motion/expression/rider/cute/cute49.png
-- Installing: /home/sunrise/xgo_demo/src/install/xgo_motion/share/xgo_motion/expression/rider/cute/cute5.png
-- Installing: /home/sunrise/xgo_demo/src/install/xgo_motion/share/xgo_motion/expression/rider/cute/cute35.png
-- Installing: /home/sunrise/xgo_demo/src/install/xgo_motion/share/xgo_motion/expression/rider/cute/cute42.png
-- Installing: /home/sunrise/xgo_demo/src/install/xgo_motion/share/xgo_motion/expression/rider/cute/cute21.png
-- Installing: /home/sunrise/xgo_demo/src/install/xgo_motion/share/xgo_motion/expression/rider/cute/cute33.png
-- Installing: /home/sunrise/xgo_demo/src/install/xgo_motion/share/xgo_motion/expression/rider/cute/cute73.png
-- Installing: /home/sunrise/xgo_demo/src/install/xgo_motion/share/xgo_motion/expression/rider/cute/cute8.png
-- Installing: /home/sunrise/xgo_demo/src/install/xgo_motion/share/xgo_motion/expression/rider/cute/cute34.png
-- Installing: /home/sunrise/xgo_demo/src/install/xgo_motion/share/xgo_motion/expression/rider/cute/cute66.png
-- Installing: /home/sunrise/xgo_demo/src/install/xgo_motion/share/xgo_motion/expression/rider/cute/cute75.png
-- Installing: /home/sunrise/xgo_demo/src/install/xgo_motion/share/xgo_motion/expression/rider/cute/cute14.png
-- Installing: /home/sunrise/xgo_demo/src/install/xgo_motion/share/xgo_motion/expression/rider/cute/cute9.png
-- Installing: /home/sunrise/xgo_demo/src/install/xgo_motion/share/xgo_motion/expression/rider/cute/cute12.png
-- Installing: /home/sunrise/xgo_demo/src/install/xgo_motion/share/xgo_motion/expression/rider/cute/cute43.png
-- Installing: /home/sunrise/xgo_demo/src/install/xgo_motion/share/xgo_motion/expression/rider/cute/cute56.png
-- Installing: /home/sunrise/xgo_demo/src/install/xgo_motion/share/xgo_motion/expression/rider/cute/cute58.png
-- Installing: /home/sunrise/xgo_demo/src/install/xgo_motion/share/xgo_motion/expression/rider/cute/cute36.png
-- Installing: /home/sunrise/xgo_demo/src/install/xgo_motion/share/xgo_motion/expression/rider/cute/cute59.png
-- Installing: /home/sunrise/xgo_demo/src/install/xgo_motion/share/xgo_motion/expression/rider/cute/cute18.png
-- Installing: /home/sunrise/xgo_demo/src/install/xgo_motion/share/xgo_motion/expression/rider/cute/cute31.png
-- Installing: /home/sunrise/xgo_demo/src/install/xgo_motion/share/xgo_motion/expression/rider/cute/cute38.png
-- Installing: /home/sunrise/xgo_demo/src/install/xgo_motion/share/xgo_motion/expression/rider/cute/cute28.png
-- Installing: /home/sunrise/xgo_demo/src/install/xgo_motion/share/xgo_motion/expression/rider/cute/cute48.png
-- Installing: /home/sunrise/xgo_demo/src/install/xgo_motion/share/xgo_motion/expression/rider/cute/cute30.png
-- Installing: /home/sunrise/xgo_demo/src/install/xgo_motion/share/xgo_motion/expression/rider/cute/cute4.png
-- Installing: /home/sunrise/xgo_demo/src/install/xgo_motion/share/xgo_motion/expression/rider/cute/cute1.png
-- Installing: /home/sunrise/xgo_demo/src/install/xgo_motion/share/xgo_motion/expression/rider/cute/cute57.png
-- Installing: /home/sunrise/xgo_demo/src/install/xgo_motion/share/xgo_motion/expression/rider/cute/cute64.png
-- Installing: /home/sunrise/xgo_demo/src/install/xgo_motion/share/xgo_motion/expression/rider/cute/cute13.png
-- Installing: /home/sunrise/xgo_demo/src/install/xgo_motion/share/xgo_motion/expression/rider/cute/cute22.png
-- Installing: /home/sunrise/xgo_demo/src/install/xgo_motion/share/xgo_motion/expression/rider/cute/cute52.png
-- Installing: /home/sunrise/xgo_demo/src/install/xgo_motion/share/xgo_motion/expression/rider/cute/cute71.png
-- Installing: /home/sunrise/xgo_demo/src/install/xgo_motion/share/xgo_motion/expression/rider/cute/cute37.png
-- Installing: /home/sunrise/xgo_demo/src/install/xgo_motion/share/xgo_motion/expression/rider/cute/cute3.png
-- Installing: /home/sunrise/xgo_demo/src/install/xgo_motion/share/xgo_motion/expression/rider/cute/cute10.png
-- Installing: /home/sunrise/xgo_demo/src/install/xgo_motion/share/xgo_motion/expression/rider/cute/cute17.png
-- Installing: /home/sunrise/xgo_demo/src/install/xgo_motion/share/xgo_motion/expression/rider/cute/cute23.png
-- Installing: /home/sunrise/xgo_demo/src/install/xgo_motion/share/xgo_motion/expression/rider/cute/cute39.png
-- Installing: /home/sunrise/xgo_demo/src/install/xgo_motion/share/xgo_motion/expression/rider/cute/cute65.png
-- Installing: /home/sunrise/xgo_demo/src/install/xgo_motion/share/xgo_motion/expression/rider/cute/cute62.png
-- Installing: /home/sunrise/xgo_demo/src/install/xgo_motion/share/xgo_motion/expression/rider/cute/cute46.png
-- Installing: /home/sunrise/xgo_demo/src/install/xgo_motion/share/xgo_motion/expression/rider/cute/cute2.png
-- Installing: /home/sunrise/xgo_demo/src/install/xgo_motion/share/xgo_motion/expression/rider/cute/cute54.png
-- Installing: /home/sunrise/xgo_demo/src/install/xgo_motion/share/xgo_motion/expression/rider/cute/cute68.png
-- Installing: /home/sunrise/xgo_demo/src/install/xgo_motion/share/xgo_motion/expression/rider/cute/cute60.png
-- Installing: /home/sunrise/xgo_demo/src/install/xgo_motion/share/xgo_motion/expression/rider/cute/cute11.png
-- Installing: /home/sunrise/xgo_demo/src/install/xgo_motion/share/xgo_motion/expression/rider/cute/cute51.png
-- Installing: /home/sunrise/xgo_demo/src/install/xgo_motion/share/xgo_motion/expression/rider/cute/cute55.png
-- Installing: /home/sunrise/xgo_demo/src/install/xgo_motion/share/xgo_motion/expression/rider/cute/cute25.png
-- Installing: /home/sunrise/xgo_demo/src/install/xgo_motion/share/xgo_motion/expression/rider/cute/cute72.png
-- Installing: /home/sunrise/xgo_demo/src/install/xgo_motion/share/xgo_motion/expression/rider/cute/cute7.png
-- Installing: /home/sunrise/xgo_demo/src/install/xgo_motion/share/xgo_motion/expression/rider/cute/cute45.png
-- Installing: /home/sunrise/xgo_demo/src/install/xgo_motion/share/xgo_motion/expression/rider/cute/cute76.png
-- Installing: /home/sunrise/xgo_demo/src/install/xgo_motion/share/xgo_motion/expression/rider/cute/cute16.png
-- Installing: /home/sunrise/xgo_demo/src/install/xgo_motion/share/xgo_motion/expression/rider/cute/cute26.png
-- Installing: /home/sunrise/xgo_demo/src/install/xgo_motion/share/xgo_motion/expression/rider/cute/cute19.png
-- Installing: /home/sunrise/xgo_demo/src/install/xgo_motion/share/xgo_motion/expression/rider/cute/cute70.png
-- Installing: /home/sunrise/xgo_demo/src/install/xgo_motion/share/xgo_motion/expression/rider/cute/cute61.png
-- Installing: /home/sunrise/xgo_demo/src/install/xgo_motion/share/xgo_motion/expression/rider/cute/cute15.png
-- Installing: /home/sunrise/xgo_demo/src/install/xgo_motion/share/xgo_motion/expression/rider/cute/cute63.png
-- Installing: /home/sunrise/xgo_demo/src/install/xgo_motion/share/xgo_motion/expression/rider/cute/cute40.png
-- Installing: /home/sunrise/xgo_demo/src/install/xgo_motion/share/xgo_motion/expression/rider/cute/cute50.png
-- Installing: /home/sunrise/xgo_demo/src/install/xgo_motion/share/xgo_motion/expression/rider/cute/cute47.png
-- Installing: /home/sunrise/xgo_demo/src/install/xgo_motion/share/xgo_motion/expression/rider/cute/cute27.png
-- Installing: /home/sunrise/xgo_demo/src/install/xgo_motion/share/xgo_motion/expression/rider/cute/cute29.png
-- Installing: /home/sunrise/xgo_demo/src/install/xgo_motion/share/xgo_motion/expression/rider/cute/cute74.png
-- Installing: /home/sunrise/xgo_demo/src/install/xgo_motion/share/xgo_motion/expression/rider/cute/cute24.png
-- Installing: /home/sunrise/xgo_demo/src/install/xgo_motion/share/xgo_motion/expression/rider/cute/cute44.png
-- Installing: /home/sunrise/xgo_demo/src/install/xgo_motion/share/xgo_motion/expression/rider/cute/cute53.png
-- Installing: /home/sunrise/xgo_demo/src/install/xgo_motion/share/xgo_motion/expression/rider/cute/cute69.png
-- Installing: /home/sunrise/xgo_demo/src/install/xgo_motion/share/xgo_motion/expression/rider/cute/cute32.png
-- Installing: /home/sunrise/xgo_demo/src/install/xgo_motion/share/xgo_motion/expression/rider/cute/cute6.png
-- Installing: /home/sunrise/xgo_demo/src/install/xgo_motion/share/xgo_motion/expression/rider/vertigo
-- Installing: /home/sunrise/xgo_demo/src/install/xgo_motion/share/xgo_motion/expression/rider/vertigo/vertigo56.png
-- Installing: /home/sunrise/xgo_demo/src/install/xgo_motion/share/xgo_motion/expression/rider/vertigo/vertigo29.png
-- Installing: /home/sunrise/xgo_demo/src/install/xgo_motion/share/xgo_motion/expression/rider/vertigo/vertigo12.png
-- Installing: /home/sunrise/xgo_demo/src/install/xgo_motion/share/xgo_motion/expression/rider/vertigo/vertigo8.png
-- Installing: /home/sunrise/xgo_demo/src/install/xgo_motion/share/xgo_motion/expression/rider/vertigo/vertigo15.png
-- Installing: /home/sunrise/xgo_demo/src/install/xgo_motion/share/xgo_motion/expression/rider/vertigo/vertigo41.png
-- Installing: /home/sunrise/xgo_demo/src/install/xgo_motion/share/xgo_motion/expression/rider/vertigo/vertigo14.png
-- Installing: /home/sunrise/xgo_demo/src/install/xgo_motion/share/xgo_motion/expression/rider/vertigo/vertigo10.png
-- Installing: /home/sunrise/xgo_demo/src/install/xgo_motion/share/xgo_motion/expression/rider/vertigo/vertigo32.png
-- Installing: /home/sunrise/xgo_demo/src/install/xgo_motion/share/xgo_motion/expression/rider/vertigo/vertigo51.png
-- Installing: /home/sunrise/xgo_demo/src/install/xgo_motion/share/xgo_motion/expression/rider/vertigo/vertigo2.png
-- Installing: /home/sunrise/xgo_demo/src/install/xgo_motion/share/xgo_motion/expression/rider/vertigo/vertigo19.png
-- Installing: /home/sunrise/xgo_demo/src/install/xgo_motion/share/xgo_motion/expression/rider/vertigo/vertigo53.png
-- Installing: /home/sunrise/xgo_demo/src/install/xgo_motion/share/xgo_motion/expression/rider/vertigo/vertigo16.png
-- Installing: /home/sunrise/xgo_demo/src/install/xgo_motion/share/xgo_motion/expression/rider/vertigo/vertigo18.png
-- Installing: /home/sunrise/xgo_demo/src/install/xgo_motion/share/xgo_motion/expression/rider/vertigo/vertigo6.png
-- Installing: /home/sunrise/xgo_demo/src/install/xgo_motion/share/xgo_motion/expression/rider/vertigo/vertigo26.png
-- Installing: /home/sunrise/xgo_demo/src/install/xgo_motion/share/xgo_motion/expression/rider/vertigo/vertigo23.png
-- Installing: /home/sunrise/xgo_demo/src/install/xgo_motion/share/xgo_motion/expression/rider/vertigo/vertigo20.png
-- Installing: /home/sunrise/xgo_demo/src/install/xgo_motion/share/xgo_motion/expression/rider/vertigo/vertigo34.png
-- Installing: /home/sunrise/xgo_demo/src/install/xgo_motion/share/xgo_motion/expression/rider/vertigo/vertigo11.png
-- Installing: /home/sunrise/xgo_demo/src/install/xgo_motion/share/xgo_motion/expression/rider/vertigo/vertigo27.png
-- Installing: /home/sunrise/xgo_demo/src/install/xgo_motion/share/xgo_motion/expression/rider/vertigo/vertigo48.png
-- Installing: /home/sunrise/xgo_demo/src/install/xgo_motion/share/xgo_motion/expression/rider/vertigo/vertigo37.png
-- Installing: /home/sunrise/xgo_demo/src/install/xgo_motion/share/xgo_motion/expression/rider/vertigo/vertigo24.png
-- Installing: /home/sunrise/xgo_demo/src/install/xgo_motion/share/xgo_motion/expression/rider/vertigo/vertigo43.png
-- Installing: /home/sunrise/xgo_demo/src/install/xgo_motion/share/xgo_motion/expression/rider/vertigo/vertigo38.png
-- Installing: /home/sunrise/xgo_demo/src/install/xgo_motion/share/xgo_motion/expression/rider/vertigo/vertigo7.png
-- Installing: /home/sunrise/xgo_demo/src/install/xgo_motion/share/xgo_motion/expression/rider/vertigo/vertigo39.png
-- Installing: /home/sunrise/xgo_demo/src/install/xgo_motion/share/xgo_motion/expression/rider/vertigo/vertigo50.png
-- Installing: /home/sunrise/xgo_demo/src/install/xgo_motion/share/xgo_motion/expression/rider/vertigo/vertigo57.png
-- Installing: /home/sunrise/xgo_demo/src/install/xgo_motion/share/xgo_motion/expression/rider/vertigo/vertigo13.png
-- Installing: /home/sunrise/xgo_demo/src/install/xgo_motion/share/xgo_motion/expression/rider/vertigo/vertigo28.png
-- Installing: /home/sunrise/xgo_demo/src/install/xgo_motion/share/xgo_motion/expression/rider/vertigo/vertigo36.png
-- Installing: /home/sunrise/xgo_demo/src/install/xgo_motion/share/xgo_motion/expression/rider/vertigo/vertigo54.png
-- Installing: /home/sunrise/xgo_demo/src/install/xgo_motion/share/xgo_motion/expression/rider/vertigo/vertigo30.png
-- Installing: /home/sunrise/xgo_demo/src/install/xgo_motion/share/xgo_motion/expression/rider/vertigo/vertigo40.png
-- Installing: /home/sunrise/xgo_demo/src/install/xgo_motion/share/xgo_motion/expression/rider/vertigo/vertigo52.png
-- Installing: /home/sunrise/xgo_demo/src/install/xgo_motion/share/xgo_motion/expression/rider/vertigo/vertigo55.png
-- Installing: /home/sunrise/xgo_demo/src/install/xgo_motion/share/xgo_motion/expression/rider/vertigo/vertigo21.png
-- Installing: /home/sunrise/xgo_demo/src/install/xgo_motion/share/xgo_motion/expression/rider/vertigo/vertigo9.png
-- Installing: /home/sunrise/xgo_demo/src/install/xgo_motion/share/xgo_motion/expression/rider/vertigo/vertigo31.png
-- Installing: /home/sunrise/xgo_demo/src/install/xgo_motion/share/xgo_motion/expression/rider/vertigo/vertigo17.png
-- Installing: /home/sunrise/xgo_demo/src/install/xgo_motion/share/xgo_motion/expression/rider/vertigo/vertigo46.png
-- Installing: /home/sunrise/xgo_demo/src/install/xgo_motion/share/xgo_motion/expression/rider/vertigo/vertigo5.png
-- Installing: /home/sunrise/xgo_demo/src/install/xgo_motion/share/xgo_motion/expression/rider/vertigo/vertigo3.png
-- Installing: /home/sunrise/xgo_demo/src/install/xgo_motion/share/xgo_motion/expression/rider/vertigo/vertigo35.png
-- Installing: /home/sunrise/xgo_demo/src/install/xgo_motion/share/xgo_motion/expression/rider/vertigo/vertigo1.png
-- Installing: /home/sunrise/xgo_demo/src/install/xgo_motion/share/xgo_motion/expression/rider/vertigo/vertigo49.png
-- Installing: /home/sunrise/xgo_demo/src/install/xgo_motion/share/xgo_motion/expression/rider/vertigo/vertigo58.png
-- Installing: /home/sunrise/xgo_demo/src/install/xgo_motion/share/xgo_motion/expression/rider/vertigo/vertigo45.png
-- Installing: /home/sunrise/xgo_demo/src/install/xgo_motion/share/xgo_motion/expression/rider/vertigo/vertigo44.png
-- Installing: /home/sunrise/xgo_demo/src/install/xgo_motion/share/xgo_motion/expression/rider/vertigo/vertigo33.png
-- Installing: /home/sunrise/xgo_demo/src/install/xgo_motion/share/xgo_motion/expression/rider/vertigo/vertigo4.png
-- Installing: /home/sunrise/xgo_demo/src/install/xgo_motion/share/xgo_motion/expression/rider/vertigo/vertigo42.png
-- Installing: /home/sunrise/xgo_demo/src/install/xgo_motion/share/xgo_motion/expression/rider/vertigo/vertigo59.png
-- Installing: /home/sunrise/xgo_demo/src/install/xgo_motion/share/xgo_motion/expression/rider/vertigo/vertigo22.png
-- Installing: /home/sunrise/xgo_demo/src/install/xgo_motion/share/xgo_motion/expression/rider/vertigo/vertigo47.png
-- Installing: /home/sunrise/xgo_demo/src/install/xgo_motion/share/xgo_motion/expression/rider/vertigo/vertigo25.png
-- Installing: /home/sunrise/xgo_demo/src/install/xgo_motion/share/xgo_motion/expression/rider/like
-- Installing: /home/sunrise/xgo_demo/src/install/xgo_motion/share/xgo_motion/expression/rider/like/like39.png
-- Installing: /home/sunrise/xgo_demo/src/install/xgo_motion/share/xgo_motion/expression/rider/like/like31.png
-- Installing: /home/sunrise/xgo_demo/src/install/xgo_motion/share/xgo_motion/expression/rider/like/like7.png
-- Installing: /home/sunrise/xgo_demo/src/install/xgo_motion/share/xgo_motion/expression/rider/like/like78.png
-- Installing: /home/sunrise/xgo_demo/src/install/xgo_motion/share/xgo_motion/expression/rider/like/like37.png
-- Installing: /home/sunrise/xgo_demo/src/install/xgo_motion/share/xgo_motion/expression/rider/like/like73.png
-- Installing: /home/sunrise/xgo_demo/src/install/xgo_motion/share/xgo_motion/expression/rider/like/like29.png
-- Installing: /home/sunrise/xgo_demo/src/install/xgo_motion/share/xgo_motion/expression/rider/like/like51.png
-- Installing: /home/sunrise/xgo_demo/src/install/xgo_motion/share/xgo_motion/expression/rider/like/like20.png
-- Installing: /home/sunrise/xgo_demo/src/install/xgo_motion/share/xgo_motion/expression/rider/like/like81.png
-- Installing: /home/sunrise/xgo_demo/src/install/xgo_motion/share/xgo_motion/expression/rider/like/like65.png
-- Installing: /home/sunrise/xgo_demo/src/install/xgo_motion/share/xgo_motion/expression/rider/like/like66.png
-- Installing: /home/sunrise/xgo_demo/src/install/xgo_motion/share/xgo_motion/expression/rider/like/like30.png
-- Installing: /home/sunrise/xgo_demo/src/install/xgo_motion/share/xgo_motion/expression/rider/like/like28.png
-- Installing: /home/sunrise/xgo_demo/src/install/xgo_motion/share/xgo_motion/expression/rider/like/like 47.png
-- Installing: /home/sunrise/xgo_demo/src/install/xgo_motion/share/xgo_motion/expression/rider/like/like57.png
-- Installing: /home/sunrise/xgo_demo/src/install/xgo_motion/share/xgo_motion/expression/rider/like/like80.png
-- Installing: /home/sunrise/xgo_demo/src/install/xgo_motion/share/xgo_motion/expression/rider/like/like77.png
-- Installing: /home/sunrise/xgo_demo/src/install/xgo_motion/share/xgo_motion/expression/rider/like/like9.png
-- Installing: /home/sunrise/xgo_demo/src/install/xgo_motion/share/xgo_motion/expression/rider/like/like50.png
-- Installing: /home/sunrise/xgo_demo/src/install/xgo_motion/share/xgo_motion/expression/rider/like/like67.png
-- Installing: /home/sunrise/xgo_demo/src/install/xgo_motion/share/xgo_motion/expression/rider/like/like4.png
-- Installing: /home/sunrise/xgo_demo/src/install/xgo_motion/share/xgo_motion/expression/rider/like/like82.png
-- Installing: /home/sunrise/xgo_demo/src/install/xgo_motion/share/xgo_motion/expression/rider/like/like46.png
-- Installing: /home/sunrise/xgo_demo/src/install/xgo_motion/share/xgo_motion/expression/rider/like/like12.png
-- Installing: /home/sunrise/xgo_demo/src/install/xgo_motion/share/xgo_motion/expression/rider/like/like52.png
-- Installing: /home/sunrise/xgo_demo/src/install/xgo_motion/share/xgo_motion/expression/rider/like/like16.png
-- Installing: /home/sunrise/xgo_demo/src/install/xgo_motion/share/xgo_motion/expression/rider/like/like63.png
-- Installing: /home/sunrise/xgo_demo/src/install/xgo_motion/share/xgo_motion/expression/rider/like/like33.png
-- Installing: /home/sunrise/xgo_demo/src/install/xgo_motion/share/xgo_motion/expression/rider/like/like75.png
-- Installing: /home/sunrise/xgo_demo/src/install/xgo_motion/share/xgo_motion/expression/rider/like/like11.png
-- Installing: /home/sunrise/xgo_demo/src/install/xgo_motion/share/xgo_motion/expression/rider/like/like54.png
-- Installing: /home/sunrise/xgo_demo/src/install/xgo_motion/share/xgo_motion/expression/rider/like/like21.png
-- Installing: /home/sunrise/xgo_demo/src/install/xgo_motion/share/xgo_motion/expression/rider/like/like1.png
-- Installing: /home/sunrise/xgo_demo/src/install/xgo_motion/share/xgo_motion/expression/rider/like/like27.png
-- Installing: /home/sunrise/xgo_demo/src/install/xgo_motion/share/xgo_motion/expression/rider/like/like44.png
-- Installing: /home/sunrise/xgo_demo/src/install/xgo_motion/share/xgo_motion/expression/rider/like/like22.png
-- Installing: /home/sunrise/xgo_demo/src/install/xgo_motion/share/xgo_motion/expression/rider/like/like69.png
-- Installing: /home/sunrise/xgo_demo/src/install/xgo_motion/share/xgo_motion/expression/rider/like/like43.png
-- Installing: /home/sunrise/xgo_demo/src/install/xgo_motion/share/xgo_motion/expression/rider/like/like71.png
-- Installing: /home/sunrise/xgo_demo/src/install/xgo_motion/share/xgo_motion/expression/rider/like/like6.png
-- Installing: /home/sunrise/xgo_demo/src/install/xgo_motion/share/xgo_motion/expression/rider/like/like70.png
-- Installing: /home/sunrise/xgo_demo/src/install/xgo_motion/share/xgo_motion/expression/rider/like/like60.png
-- Installing: /home/sunrise/xgo_demo/src/install/xgo_motion/share/xgo_motion/expression/rider/like/like72.png
-- Installing: /home/sunrise/xgo_demo/src/install/xgo_motion/share/xgo_motion/expression/rider/like/like48.png
-- Installing: /home/sunrise/xgo_demo/src/install/xgo_motion/share/xgo_motion/expression/rider/like/like18.png
-- Installing: /home/sunrise/xgo_demo/src/install/xgo_motion/share/xgo_motion/expression/rider/like/like41.png
-- Installing: /home/sunrise/xgo_demo/src/install/xgo_motion/share/xgo_motion/expression/rider/like/like15.png
-- Installing: /home/sunrise/xgo_demo/src/install/xgo_motion/share/xgo_motion/expression/rider/like/like61.png
-- Installing: /home/sunrise/xgo_demo/src/install/xgo_motion/share/xgo_motion/expression/rider/like/like23.png
-- Installing: /home/sunrise/xgo_demo/src/install/xgo_motion/share/xgo_motion/expression/rider/like/like58.png
-- Installing: /home/sunrise/xgo_demo/src/install/xgo_motion/share/xgo_motion/expression/rider/like/like49.png
-- Installing: /home/sunrise/xgo_demo/src/install/xgo_motion/share/xgo_motion/expression/rider/like/like17.png
-- Installing: /home/sunrise/xgo_demo/src/install/xgo_motion/share/xgo_motion/expression/rider/like/like64.png
-- Installing: /home/sunrise/xgo_demo/src/install/xgo_motion/share/xgo_motion/expression/rider/like/like13.png
-- Installing: /home/sunrise/xgo_demo/src/install/xgo_motion/share/xgo_motion/expression/rider/like/like42.png
-- Installing: /home/sunrise/xgo_demo/src/install/xgo_motion/share/xgo_motion/expression/rider/like/like34.png
-- Installing: /home/sunrise/xgo_demo/src/install/xgo_motion/share/xgo_motion/expression/rider/like/like59.png
-- Installing: /home/sunrise/xgo_demo/src/install/xgo_motion/share/xgo_motion/expression/rider/like/like5.png
-- Installing: /home/sunrise/xgo_demo/src/install/xgo_motion/share/xgo_motion/expression/rider/like/like32.png
-- Installing: /home/sunrise/xgo_demo/src/install/xgo_motion/share/xgo_motion/expression/rider/like/like45.png
-- Installing: /home/sunrise/xgo_demo/src/install/xgo_motion/share/xgo_motion/expression/rider/like/like25.png
-- Installing: /home/sunrise/xgo_demo/src/install/xgo_motion/share/xgo_motion/expression/rider/like/like74.png
-- Installing: /home/sunrise/xgo_demo/src/install/xgo_motion/share/xgo_motion/expression/rider/like/like76.png
-- Installing: /home/sunrise/xgo_demo/src/install/xgo_motion/share/xgo_motion/expression/rider/like/like47.png
-- Installing: /home/sunrise/xgo_demo/src/install/xgo_motion/share/xgo_motion/expression/rider/like/like53.png
-- Installing: /home/sunrise/xgo_demo/src/install/xgo_motion/share/xgo_motion/expression/rider/like/like8.png
-- Installing: /home/sunrise/xgo_demo/src/install/xgo_motion/share/xgo_motion/expression/rider/like/like62.png
-- Installing: /home/sunrise/xgo_demo/src/install/xgo_motion/share/xgo_motion/expression/rider/like/like38.png
-- Installing: /home/sunrise/xgo_demo/src/install/xgo_motion/share/xgo_motion/expression/rider/like/like2.png
-- Installing: /home/sunrise/xgo_demo/src/install/xgo_motion/share/xgo_motion/expression/rider/like/like55.png
-- Installing: /home/sunrise/xgo_demo/src/install/xgo_motion/share/xgo_motion/expression/rider/like/like24.png
-- Installing: /home/sunrise/xgo_demo/src/install/xgo_motion/share/xgo_motion/expression/rider/like/like79.png
-- Installing: /home/sunrise/xgo_demo/src/install/xgo_motion/share/xgo_motion/expression/rider/like/like3.png
-- Installing: /home/sunrise/xgo_demo/src/install/xgo_motion/share/xgo_motion/expression/rider/like/like68.png
-- Installing: /home/sunrise/xgo_demo/src/install/xgo_motion/share/xgo_motion/expression/rider/like/like40.png
-- Installing: /home/sunrise/xgo_demo/src/install/xgo_motion/share/xgo_motion/expression/rider/like/like26.png
-- Installing: /home/sunrise/xgo_demo/src/install/xgo_motion/share/xgo_motion/expression/rider/like/like36.png
-- Installing: /home/sunrise/xgo_demo/src/install/xgo_motion/share/xgo_motion/expression/rider/like/like83.png
-- Installing: /home/sunrise/xgo_demo/src/install/xgo_motion/share/xgo_motion/expression/rider/like/like10.png
-- Installing: /home/sunrise/xgo_demo/src/install/xgo_motion/share/xgo_motion/expression/rider/like/like14.png
-- Installing: /home/sunrise/xgo_demo/src/install/xgo_motion/share/xgo_motion/expression/rider/like/like19.png
-- Installing: /home/sunrise/xgo_demo/src/install/xgo_motion/share/xgo_motion/expression/rider/like/like35.png
-- Installing: /home/sunrise/xgo_demo/src/install/xgo_motion/share/xgo_motion/expression/rider/like/like56.png
-- Installing: /home/sunrise/xgo_demo/src/install/xgo_motion/share/xgo_motion/expression/rider/Angry
-- Installing: /home/sunrise/xgo_demo/src/install/xgo_motion/share/xgo_motion/expression/rider/Angry/Angry49.png
-- Installing: /home/sunrise/xgo_demo/src/install/xgo_motion/share/xgo_motion/expression/rider/Angry/Angry35.png
-- Installing: /home/sunrise/xgo_demo/src/install/xgo_motion/share/xgo_motion/expression/rider/Angry/Angry4.png
-- Installing: /home/sunrise/xgo_demo/src/install/xgo_motion/share/xgo_motion/expression/rider/Angry/Angry50.png
-- Installing: /home/sunrise/xgo_demo/src/install/xgo_motion/share/xgo_motion/expression/rider/Angry/Angry17.png
-- Installing: /home/sunrise/xgo_demo/src/install/xgo_motion/share/xgo_motion/expression/rider/Angry/Angry8.png
-- Installing: /home/sunrise/xgo_demo/src/install/xgo_motion/share/xgo_motion/expression/rider/Angry/Angry24.png
-- Installing: /home/sunrise/xgo_demo/src/install/xgo_motion/share/xgo_motion/expression/rider/Angry/Angry32.png
-- Installing: /home/sunrise/xgo_demo/src/install/xgo_motion/share/xgo_motion/expression/rider/Angry/Angry34.png
-- Installing: /home/sunrise/xgo_demo/src/install/xgo_motion/share/xgo_motion/expression/rider/Angry/Angry13.png
-- Installing: /home/sunrise/xgo_demo/src/install/xgo_motion/share/xgo_motion/expression/rider/Angry/Angry55.png
-- Installing: /home/sunrise/xgo_demo/src/install/xgo_motion/share/xgo_motion/expression/rider/Angry/Angry3.png
-- Installing: /home/sunrise/xgo_demo/src/install/xgo_motion/share/xgo_motion/expression/rider/Angry/Angry44.png
-- Installing: /home/sunrise/xgo_demo/src/install/xgo_motion/share/xgo_motion/expression/rider/Angry/Angry11.png
-- Installing: /home/sunrise/xgo_demo/src/install/xgo_motion/share/xgo_motion/expression/rider/Angry/Angry38.png
-- Installing: /home/sunrise/xgo_demo/src/install/xgo_motion/share/xgo_motion/expression/rider/Angry/Angry42.png
-- Installing: /home/sunrise/xgo_demo/src/install/xgo_motion/share/xgo_motion/expression/rider/Angry/Angry6.png
-- Installing: /home/sunrise/xgo_demo/src/install/xgo_motion/share/xgo_motion/expression/rider/Angry/Angry31.png
-- Installing: /home/sunrise/xgo_demo/src/install/xgo_motion/share/xgo_motion/expression/rider/Angry/Angry14.png
-- Installing: /home/sunrise/xgo_demo/src/install/xgo_motion/share/xgo_motion/expression/rider/Angry/Angry28.png
-- Installing: /home/sunrise/xgo_demo/src/install/xgo_motion/share/xgo_motion/expression/rider/Angry/Angry40.png
-- Installing: /home/sunrise/xgo_demo/src/install/xgo_motion/share/xgo_motion/expression/rider/Angry/Angry27.png
-- Installing: /home/sunrise/xgo_demo/src/install/xgo_motion/share/xgo_motion/expression/rider/Angry/Angry21.png
-- Installing: /home/sunrise/xgo_demo/src/install/xgo_motion/share/xgo_motion/expression/rider/Angry/Angry12.png
-- Installing: /home/sunrise/xgo_demo/src/install/xgo_motion/share/xgo_motion/expression/rider/Angry/Angry53.png
-- Installing: /home/sunrise/xgo_demo/src/install/xgo_motion/share/xgo_motion/expression/rider/Angry/Angry25.png
-- Installing: /home/sunrise/xgo_demo/src/install/xgo_motion/share/xgo_motion/expression/rider/Angry/Angry26.png
-- Installing: /home/sunrise/xgo_demo/src/install/xgo_motion/share/xgo_motion/expression/rider/Angry/Angry54.png
-- Installing: /home/sunrise/xgo_demo/src/install/xgo_motion/share/xgo_motion/expression/rider/Angry/Angry23.png
-- Installing: /home/sunrise/xgo_demo/src/install/xgo_motion/share/xgo_motion/expression/rider/Angry/Angry15.png
-- Installing: /home/sunrise/xgo_demo/src/install/xgo_motion/share/xgo_motion/expression/rider/Angry/Angry39.png
-- Installing: /home/sunrise/xgo_demo/src/install/xgo_motion/share/xgo_motion/expression/rider/Angry/Angry37.png
-- Installing: /home/sunrise/xgo_demo/src/install/xgo_motion/share/xgo_motion/expression/rider/Angry/Angry19.png
-- Installing: /home/sunrise/xgo_demo/src/install/xgo_motion/share/xgo_motion/expression/rider/Angry/Angry16.png
-- Installing: /home/sunrise/xgo_demo/src/install/xgo_motion/share/xgo_motion/expression/rider/Angry/Angry48.png
-- Installing: /home/sunrise/xgo_demo/src/install/xgo_motion/share/xgo_motion/expression/rider/Angry/Angry2.png
-- Installing: /home/sunrise/xgo_demo/src/install/xgo_motion/share/xgo_motion/expression/rider/Angry/Angry30.png
-- Installing: /home/sunrise/xgo_demo/src/install/xgo_motion/share/xgo_motion/expression/rider/Angry/Angry20.png
-- Installing: /home/sunrise/xgo_demo/src/install/xgo_motion/share/xgo_motion/expression/rider/Angry/Angry36.png
-- Installing: /home/sunrise/xgo_demo/src/install/xgo_motion/share/xgo_motion/expression/rider/Angry/Angry1.png
-- Installing: /home/sunrise/xgo_demo/src/install/xgo_motion/share/xgo_motion/expression/rider/Angry/Angry47.png
-- Installing: /home/sunrise/xgo_demo/src/install/xgo_motion/share/xgo_motion/expression/rider/Angry/Angry52.png
-- Installing: /home/sunrise/xgo_demo/src/install/xgo_motion/share/xgo_motion/expression/rider/Angry/Angry7.png
-- Installing: /home/sunrise/xgo_demo/src/install/xgo_motion/share/xgo_motion/expression/rider/Angry/Angry5.png
-- Installing: /home/sunrise/xgo_demo/src/install/xgo_motion/share/xgo_motion/expression/rider/Angry/Angry29.png
-- Installing: /home/sunrise/xgo_demo/src/install/xgo_motion/share/xgo_motion/expression/rider/Angry/Angry41.png
-- Installing: /home/sunrise/xgo_demo/src/install/xgo_motion/share/xgo_motion/expression/rider/Angry/Angry51.png
-- Installing: /home/sunrise/xgo_demo/src/install/xgo_motion/share/xgo_motion/expression/rider/Angry/Angry46.png
-- Installing: /home/sunrise/xgo_demo/src/install/xgo_motion/share/xgo_motion/expression/rider/Angry/Angry9.png
-- Installing: /home/sunrise/xgo_demo/src/install/xgo_motion/share/xgo_motion/expression/rider/Angry/Angry18.png
-- Installing: /home/sunrise/xgo_demo/src/install/xgo_motion/share/xgo_motion/expression/rider/Angry/Angry43.png
-- Installing: /home/sunrise/xgo_demo/src/install/xgo_motion/share/xgo_motion/expression/rider/Angry/Angry45.png
-- Installing: /home/sunrise/xgo_demo/src/install/xgo_motion/share/xgo_motion/expression/rider/Angry/Angry22.png
-- Installing: /home/sunrise/xgo_demo/src/install/xgo_motion/share/xgo_motion/expression/rider/Angry/Angry10.png
-- Installing: /home/sunrise/xgo_demo/src/install/xgo_motion/share/xgo_motion/expression/rider/Angry/Angry33.png
-- Installing: /home/sunrise/xgo_demo/src/install/xgo_motion/share/xgo_motion/expression/rider/surprised
-- Installing: /home/sunrise/xgo_demo/src/install/xgo_motion/share/xgo_motion/expression/rider/surprised/surprised19.png
-- Installing: /home/sunrise/xgo_demo/src/install/xgo_motion/share/xgo_motion/expression/rider/surprised/surprised14.png
-- Installing: /home/sunrise/xgo_demo/src/install/xgo_motion/share/xgo_motion/expression/rider/surprised/surprised54.png
-- Installing: /home/sunrise/xgo_demo/src/install/xgo_motion/share/xgo_motion/expression/rider/surprised/surprised58.png
-- Installing: /home/sunrise/xgo_demo/src/install/xgo_motion/share/xgo_motion/expression/rider/surprised/surprised41.png
-- Installing: /home/sunrise/xgo_demo/src/install/xgo_motion/share/xgo_motion/expression/rider/surprised/surprised7.png
-- Installing: /home/sunrise/xgo_demo/src/install/xgo_motion/share/xgo_motion/expression/rider/surprised/surprised40.png
-- Installing: /home/sunrise/xgo_demo/src/install/xgo_motion/share/xgo_motion/expression/rider/surprised/surprised34.png
-- Installing: /home/sunrise/xgo_demo/src/install/xgo_motion/share/xgo_motion/expression/rider/surprised/surprised67.png
-- Installing: /home/sunrise/xgo_demo/src/install/xgo_motion/share/xgo_motion/expression/rider/surprised/surprised68.png
-- Installing: /home/sunrise/xgo_demo/src/install/xgo_motion/share/xgo_motion/expression/rider/surprised/surprised49.png
-- Installing: /home/sunrise/xgo_demo/src/install/xgo_motion/share/xgo_motion/expression/rider/surprised/surprised18.png
-- Installing: /home/sunrise/xgo_demo/src/install/xgo_motion/share/xgo_motion/expression/rider/surprised/surprised25.png
-- Installing: /home/sunrise/xgo_demo/src/install/xgo_motion/share/xgo_motion/expression/rider/surprised/surprised13.png
-- Installing: /home/sunrise/xgo_demo/src/install/xgo_motion/share/xgo_motion/expression/rider/surprised/surprised71.png
-- Installing: /home/sunrise/xgo_demo/src/install/xgo_motion/share/xgo_motion/expression/rider/surprised/surprised62.png
-- Installing: /home/sunrise/xgo_demo/src/install/xgo_motion/share/xgo_motion/expression/rider/surprised/surprised20.png
-- Installing: /home/sunrise/xgo_demo/src/install/xgo_motion/share/xgo_motion/expression/rider/surprised/surprised32.png
-- Installing: /home/sunrise/xgo_demo/src/install/xgo_motion/share/xgo_motion/expression/rider/surprised/surprised65.png
-- Installing: /home/sunrise/xgo_demo/src/install/xgo_motion/share/xgo_motion/expression/rider/surprised/surprised11.png
-- Installing: /home/sunrise/xgo_demo/src/install/xgo_motion/share/xgo_motion/expression/rider/surprised/surprised23.png
-- Installing: /home/sunrise/xgo_demo/src/install/xgo_motion/share/xgo_motion/expression/rider/surprised/surprised9.png
-- Installing: /home/sunrise/xgo_demo/src/install/xgo_motion/share/xgo_motion/expression/rider/surprised/surprised57.png
-- Installing: /home/sunrise/xgo_demo/src/install/xgo_motion/share/xgo_motion/expression/rider/surprised/surprised56.png
-- Installing: /home/sunrise/xgo_demo/src/install/xgo_motion/share/xgo_motion/expression/rider/surprised/surprised45.png
-- Installing: /home/sunrise/xgo_demo/src/install/xgo_motion/share/xgo_motion/expression/rider/surprised/surprised31.png
-- Installing: /home/sunrise/xgo_demo/src/install/xgo_motion/share/xgo_motion/expression/rider/surprised/surprised50.png
-- Installing: /home/sunrise/xgo_demo/src/install/xgo_motion/share/xgo_motion/expression/rider/surprised/surprised70.png
-- Installing: /home/sunrise/xgo_demo/src/install/xgo_motion/share/xgo_motion/expression/rider/surprised/surprised52.png
-- Installing: /home/sunrise/xgo_demo/src/install/xgo_motion/share/xgo_motion/expression/rider/surprised/surprised63.png
-- Installing: /home/sunrise/xgo_demo/src/install/xgo_motion/share/xgo_motion/expression/rider/surprised/surprised27.png
-- Installing: /home/sunrise/xgo_demo/src/install/xgo_motion/share/xgo_motion/expression/rider/surprised/surprised51.png
-- Installing: /home/sunrise/xgo_demo/src/install/xgo_motion/share/xgo_motion/expression/rider/surprised/surprised6.png
-- Installing: /home/sunrise/xgo_demo/src/install/xgo_motion/share/xgo_motion/expression/rider/surprised/surprised1.png
-- Installing: /home/sunrise/xgo_demo/src/install/xgo_motion/share/xgo_motion/expression/rider/surprised/surprised10.png
-- Installing: /home/sunrise/xgo_demo/src/install/xgo_motion/share/xgo_motion/expression/rider/surprised/surprised33.png
-- Installing: /home/sunrise/xgo_demo/src/install/xgo_motion/share/xgo_motion/expression/rider/surprised/surprised24.png
-- Installing: /home/sunrise/xgo_demo/src/install/xgo_motion/share/xgo_motion/expression/rider/surprised/surprised30.png
-- Installing: /home/sunrise/xgo_demo/src/install/xgo_motion/share/xgo_motion/expression/rider/surprised/surprised17.png
-- Installing: /home/sunrise/xgo_demo/src/install/xgo_motion/share/xgo_motion/expression/rider/surprised/surprised48.png
-- Installing: /home/sunrise/xgo_demo/src/install/xgo_motion/share/xgo_motion/expression/rider/surprised/surprised42.png
-- Installing: /home/sunrise/xgo_demo/src/install/xgo_motion/share/xgo_motion/expression/rider/surprised/surprised37.png
-- Installing: /home/sunrise/xgo_demo/src/install/xgo_motion/share/xgo_motion/expression/rider/surprised/surprised5.png
-- Installing: /home/sunrise/xgo_demo/src/install/xgo_motion/share/xgo_motion/expression/rider/surprised/surprised3.png
-- Installing: /home/sunrise/xgo_demo/src/install/xgo_motion/share/xgo_motion/expression/rider/surprised/surprised43.png
-- Installing: /home/sunrise/xgo_demo/src/install/xgo_motion/share/xgo_motion/expression/rider/surprised/surprised55.png
-- Installing: /home/sunrise/xgo_demo/src/install/xgo_motion/share/xgo_motion/expression/rider/surprised/surprised59.png
-- Installing: /home/sunrise/xgo_demo/src/install/xgo_motion/share/xgo_motion/expression/rider/surprised/surprised38.png
-- Installing: /home/sunrise/xgo_demo/src/install/xgo_motion/share/xgo_motion/expression/rider/surprised/surprised53.png
-- Installing: /home/sunrise/xgo_demo/src/install/xgo_motion/share/xgo_motion/expression/rider/surprised/surprised73.png
-- Installing: /home/sunrise/xgo_demo/src/install/xgo_motion/share/xgo_motion/expression/rider/surprised/surprised21.png
-- Installing: /home/sunrise/xgo_demo/src/install/xgo_motion/share/xgo_motion/expression/rider/surprised/surprised69.png
-- Installing: /home/sunrise/xgo_demo/src/install/xgo_motion/share/xgo_motion/expression/rider/surprised/surprised74.png
-- Installing: /home/sunrise/xgo_demo/src/install/xgo_motion/share/xgo_motion/expression/rider/surprised/surprised16.png
-- Installing: /home/sunrise/xgo_demo/src/install/xgo_motion/share/xgo_motion/expression/rider/surprised/surprised22.png
-- Installing: /home/sunrise/xgo_demo/src/install/xgo_motion/share/xgo_motion/expression/rider/surprised/surprised64.png
-- Installing: /home/sunrise/xgo_demo/src/install/xgo_motion/share/xgo_motion/expression/rider/surprised/surprised28.png
-- Installing: /home/sunrise/xgo_demo/src/install/xgo_motion/share/xgo_motion/expression/rider/surprised/surprised44.png
-- Installing: /home/sunrise/xgo_demo/src/install/xgo_motion/share/xgo_motion/expression/rider/surprised/surprised72.png
-- Installing: /home/sunrise/xgo_demo/src/install/xgo_motion/share/xgo_motion/expression/rider/surprised/surprised29.png
-- Installing: /home/sunrise/xgo_demo/src/install/xgo_motion/share/xgo_motion/expression/rider/surprised/surprised35.png
-- Installing: /home/sunrise/xgo_demo/src/install/xgo_motion/share/xgo_motion/expression/rider/surprised/surprised26.png
-- Installing: /home/sunrise/xgo_demo/src/install/xgo_motion/share/xgo_motion/expression/rider/surprised/surprised4.png
-- Installing: /home/sunrise/xgo_demo/src/install/xgo_motion/share/xgo_motion/expression/rider/surprised/surprised66.png
-- Installing: /home/sunrise/xgo_demo/src/install/xgo_motion/share/xgo_motion/expression/rider/surprised/surprised61.png
-- Installing: /home/sunrise/xgo_demo/src/install/xgo_motion/share/xgo_motion/expression/rider/surprised/surprised8.png
-- Installing: /home/sunrise/xgo_demo/src/install/xgo_motion/share/xgo_motion/expression/rider/surprised/surprised36.png
-- Installing: /home/sunrise/xgo_demo/src/install/xgo_motion/share/xgo_motion/expression/rider/surprised/surprised15.png
-- Installing: /home/sunrise/xgo_demo/src/install/xgo_motion/share/xgo_motion/expression/rider/surprised/surprised46.png
-- Installing: /home/sunrise/xgo_demo/src/install/xgo_motion/share/xgo_motion/expression/rider/surprised/surprised2.png
-- Installing: /home/sunrise/xgo_demo/src/install/xgo_motion/share/xgo_motion/expression/rider/surprised/surprised60.png
-- Installing: /home/sunrise/xgo_demo/src/install/xgo_motion/share/xgo_motion/expression/rider/surprised/surprised39.png
-- Installing: /home/sunrise/xgo_demo/src/install/xgo_motion/share/xgo_motion/expression/rider/surprised/surprised47.png
-- Installing: /home/sunrise/xgo_demo/src/install/xgo_motion/share/xgo_motion/expression/rider/surprised/surprised12.png
-- Installing: /home/sunrise/xgo_demo/src/install/xgo_motion/share/xgo_motion/expression/rider/embarrassed
-- Installing: /home/sunrise/xgo_demo/src/install/xgo_motion/share/xgo_motion/expression/rider/embarrassed/embarrassed49.png
-- Installing: /home/sunrise/xgo_demo/src/install/xgo_motion/share/xgo_motion/expression/rider/embarrassed/embarrassed50.png
-- Installing: /home/sunrise/xgo_demo/src/install/xgo_motion/share/xgo_motion/expression/rider/embarrassed/embarrassed26.png
-- Installing: /home/sunrise/xgo_demo/src/install/xgo_motion/share/xgo_motion/expression/rider/embarrassed/embarrassed63.png
-- Installing: /home/sunrise/xgo_demo/src/install/xgo_motion/share/xgo_motion/expression/rider/embarrassed/embarrassed39.png
-- Installing: /home/sunrise/xgo_demo/src/install/xgo_motion/share/xgo_motion/expression/rider/embarrassed/embarrassed27.png
-- Installing: /home/sunrise/xgo_demo/src/install/xgo_motion/share/xgo_motion/expression/rider/embarrassed/embarrassed10.png
-- Installing: /home/sunrise/xgo_demo/src/install/xgo_motion/share/xgo_motion/expression/rider/embarrassed/embarrassed38.png
-- Installing: /home/sunrise/xgo_demo/src/install/xgo_motion/share/xgo_motion/expression/rider/embarrassed/embarrassed42.png
-- Installing: /home/sunrise/xgo_demo/src/install/xgo_motion/share/xgo_motion/expression/rider/embarrassed/embarrassed30.png
-- Installing: /home/sunrise/xgo_demo/src/install/xgo_motion/share/xgo_motion/expression/rider/embarrassed/embarrassed2.png
-- Installing: /home/sunrise/xgo_demo/src/install/xgo_motion/share/xgo_motion/expression/rider/embarrassed/embarrassed41.png
-- Installing: /home/sunrise/xgo_demo/src/install/xgo_motion/share/xgo_motion/expression/rider/embarrassed/embarrassed34.png
-- Installing: /home/sunrise/xgo_demo/src/install/xgo_motion/share/xgo_motion/expression/rider/embarrassed/embarrassed33.png
-- Installing: /home/sunrise/xgo_demo/src/install/xgo_motion/share/xgo_motion/expression/rider/embarrassed/embarrassed47.png
-- Installing: /home/sunrise/xgo_demo/src/install/xgo_motion/share/xgo_motion/expression/rider/embarrassed/embarrassed23.png
-- Installing: /home/sunrise/xgo_demo/src/install/xgo_motion/share/xgo_motion/expression/rider/embarrassed/embarrassed9.png
-- Installing: /home/sunrise/xgo_demo/src/install/xgo_motion/share/xgo_motion/expression/rider/embarrassed/embarrassed62.png
-- Installing: /home/sunrise/xgo_demo/src/install/xgo_motion/share/xgo_motion/expression/rider/embarrassed/embarrassed51.png
-- Installing: /home/sunrise/xgo_demo/src/install/xgo_motion/share/xgo_motion/expression/rider/embarrassed/embarrassed13.png
-- Installing: /home/sunrise/xgo_demo/src/install/xgo_motion/share/xgo_motion/expression/rider/embarrassed/embarrassed48.png
-- Installing: /home/sunrise/xgo_demo/src/install/xgo_motion/share/xgo_motion/expression/rider/embarrassed/embarrassed1.png
-- Installing: /home/sunrise/xgo_demo/src/install/xgo_motion/share/xgo_motion/expression/rider/embarrassed/embarrassed57.png
-- Installing: /home/sunrise/xgo_demo/src/install/xgo_motion/share/xgo_motion/expression/rider/embarrassed/embarrassed37.png
-- Installing: /home/sunrise/xgo_demo/src/install/xgo_motion/share/xgo_motion/expression/rider/embarrassed/embarrassed17.png
-- Installing: /home/sunrise/xgo_demo/src/install/xgo_motion/share/xgo_motion/expression/rider/embarrassed/embarrassed56.png
-- Installing: /home/sunrise/xgo_demo/src/install/xgo_motion/share/xgo_motion/expression/rider/embarrassed/embarrassed20.png
-- Installing: /home/sunrise/xgo_demo/src/install/xgo_motion/share/xgo_motion/expression/rider/embarrassed/embarrassed3.png
-- Installing: /home/sunrise/xgo_demo/src/install/xgo_motion/share/xgo_motion/expression/rider/embarrassed/embarrassed4.png
-- Installing: /home/sunrise/xgo_demo/src/install/xgo_motion/share/xgo_motion/expression/rider/embarrassed/embarrassed36.png
-- Installing: /home/sunrise/xgo_demo/src/install/xgo_motion/share/xgo_motion/expression/rider/embarrassed/embarrassed59.png
-- Installing: /home/sunrise/xgo_demo/src/install/xgo_motion/share/xgo_motion/expression/rider/embarrassed/embarrassed15.png
-- Installing: /home/sunrise/xgo_demo/src/install/xgo_motion/share/xgo_motion/expression/rider/embarrassed/embarrassed21.png
-- Installing: /home/sunrise/xgo_demo/src/install/xgo_motion/share/xgo_motion/expression/rider/embarrassed/embarrassed11.png
-- Installing: /home/sunrise/xgo_demo/src/install/xgo_motion/share/xgo_motion/expression/rider/embarrassed/embarrassed7.png
-- Installing: /home/sunrise/xgo_demo/src/install/xgo_motion/share/xgo_motion/expression/rider/embarrassed/embarrassed25.png
-- Installing: /home/sunrise/xgo_demo/src/install/xgo_motion/share/xgo_motion/expression/rider/embarrassed/embarrassed45.png
-- Installing: /home/sunrise/xgo_demo/src/install/xgo_motion/share/xgo_motion/expression/rider/embarrassed/embarrassed5.png
-- Installing: /home/sunrise/xgo_demo/src/install/xgo_motion/share/xgo_motion/expression/rider/embarrassed/embarrassed65.png
-- Installing: /home/sunrise/xgo_demo/src/install/xgo_motion/share/xgo_motion/expression/rider/embarrassed/embarrassed14.png
-- Installing: /home/sunrise/xgo_demo/src/install/xgo_motion/share/xgo_motion/expression/rider/embarrassed/embarrassed44.png
-- Installing: /home/sunrise/xgo_demo/src/install/xgo_motion/share/xgo_motion/expression/rider/embarrassed/embarrassed43.png
-- Installing: /home/sunrise/xgo_demo/src/install/xgo_motion/share/xgo_motion/expression/rider/embarrassed/embarrassed60.png
-- Installing: /home/sunrise/xgo_demo/src/install/xgo_motion/share/xgo_motion/expression/rider/embarrassed/embarrassed19.png
-- Installing: /home/sunrise/xgo_demo/src/install/xgo_motion/share/xgo_motion/expression/rider/embarrassed/embarrassed29.png
-- Installing: /home/sunrise/xgo_demo/src/install/xgo_motion/share/xgo_motion/expression/rider/embarrassed/embarrassed54.png
-- Installing: /home/sunrise/xgo_demo/src/install/xgo_motion/share/xgo_motion/expression/rider/embarrassed/embarrassed31.png
-- Installing: /home/sunrise/xgo_demo/src/install/xgo_motion/share/xgo_motion/expression/rider/embarrassed/embarrassed8.png
-- Installing: /home/sunrise/xgo_demo/src/install/xgo_motion/share/xgo_motion/expression/rider/embarrassed/embarrassed22.png
-- Installing: /home/sunrise/xgo_demo/src/install/xgo_motion/share/xgo_motion/expression/rider/embarrassed/embarrassed32.png
-- Installing: /home/sunrise/xgo_demo/src/install/xgo_motion/share/xgo_motion/expression/rider/embarrassed/embarrassed28.png
-- Installing: /home/sunrise/xgo_demo/src/install/xgo_motion/share/xgo_motion/expression/rider/embarrassed/embarrassed64.png
-- Installing: /home/sunrise/xgo_demo/src/install/xgo_motion/share/xgo_motion/expression/rider/embarrassed/embarrassed66.png
-- Installing: /home/sunrise/xgo_demo/src/install/xgo_motion/share/xgo_motion/expression/rider/embarrassed/embarrassed52.png
-- Installing: /home/sunrise/xgo_demo/src/install/xgo_motion/share/xgo_motion/expression/rider/embarrassed/embarrassed40.png
-- Installing: /home/sunrise/xgo_demo/src/install/xgo_motion/share/xgo_motion/expression/rider/embarrassed/embarrassed53.png
-- Installing: /home/sunrise/xgo_demo/src/install/xgo_motion/share/xgo_motion/expression/rider/embarrassed/embarrassed61.png
-- Installing: /home/sunrise/xgo_demo/src/install/xgo_motion/share/xgo_motion/expression/rider/embarrassed/embarrassed6.png
-- Installing: /home/sunrise/xgo_demo/src/install/xgo_motion/share/xgo_motion/expression/rider/embarrassed/embarrassed16.png
-- Installing: /home/sunrise/xgo_demo/src/install/xgo_motion/share/xgo_motion/expression/rider/embarrassed/embarrassed12.png
-- Installing: /home/sunrise/xgo_demo/src/install/xgo_motion/share/xgo_motion/expression/rider/embarrassed/embarrassed35.png
-- Installing: /home/sunrise/xgo_demo/src/install/xgo_motion/share/xgo_motion/expression/rider/embarrassed/embarrassed46.png
-- Installing: /home/sunrise/xgo_demo/src/install/xgo_motion/share/xgo_motion/expression/rider/embarrassed/embarrassed18.png
-- Installing: /home/sunrise/xgo_demo/src/install/xgo_motion/share/xgo_motion/expression/rider/embarrassed/embarrassed58.png
-- Installing: /home/sunrise/xgo_demo/src/install/xgo_motion/share/xgo_motion/expression/rider/embarrassed/embarrassed55.png
-- Installing: /home/sunrise/xgo_demo/src/install/xgo_motion/share/xgo_motion/expression/rider/embarrassed/embarrassed24.png
-- Installing: /home/sunrise/xgo_demo/src/install/xgo_motion/share/xgo_motion/expression/rider/sad
-- Installing: /home/sunrise/xgo_demo/src/install/xgo_motion/share/xgo_motion/expression/rider/sad/sad32.png
-- Installing: /home/sunrise/xgo_demo/src/install/xgo_motion/share/xgo_motion/expression/rider/sad/sad35.png
-- Installing: /home/sunrise/xgo_demo/src/install/xgo_motion/share/xgo_motion/expression/rider/sad/sad3.png
-- Installing: /home/sunrise/xgo_demo/src/install/xgo_motion/share/xgo_motion/expression/rider/sad/sad50.png
-- Installing: /home/sunrise/xgo_demo/src/install/xgo_motion/share/xgo_motion/expression/rider/sad/sad41.png
-- Installing: /home/sunrise/xgo_demo/src/install/xgo_motion/share/xgo_motion/expression/rider/sad/sad38.png
-- Installing: /home/sunrise/xgo_demo/src/install/xgo_motion/share/xgo_motion/expression/rider/sad/sad36.png
-- Installing: /home/sunrise/xgo_demo/src/install/xgo_motion/share/xgo_motion/expression/rider/sad/sad29.png
-- Installing: /home/sunrise/xgo_demo/src/install/xgo_motion/share/xgo_motion/expression/rider/sad/sad43.png
-- Installing: /home/sunrise/xgo_demo/src/install/xgo_motion/share/xgo_motion/expression/rider/sad/sad28.png
-- Installing: /home/sunrise/xgo_demo/src/install/xgo_motion/share/xgo_motion/expression/rider/sad/sad56.png
-- Installing: /home/sunrise/xgo_demo/src/install/xgo_motion/share/xgo_motion/expression/rider/sad/sad26.png
-- Installing: /home/sunrise/xgo_demo/src/install/xgo_motion/share/xgo_motion/expression/rider/sad/sad8.png
-- Installing: /home/sunrise/xgo_demo/src/install/xgo_motion/share/xgo_motion/expression/rider/sad/sad9.png
-- Installing: /home/sunrise/xgo_demo/src/install/xgo_motion/share/xgo_motion/expression/rider/sad/sad25.png
-- Installing: /home/sunrise/xgo_demo/src/install/xgo_motion/share/xgo_motion/expression/rider/sad/sad45.png
-- Installing: /home/sunrise/xgo_demo/src/install/xgo_motion/share/xgo_motion/expression/rider/sad/sad55.png
-- Installing: /home/sunrise/xgo_demo/src/install/xgo_motion/share/xgo_motion/expression/rider/sad/sad22.png
-- Installing: /home/sunrise/xgo_demo/src/install/xgo_motion/share/xgo_motion/expression/rider/sad/sad39.png
-- Installing: /home/sunrise/xgo_demo/src/install/xgo_motion/share/xgo_motion/expression/rider/sad/sad59.png
-- Installing: /home/sunrise/xgo_demo/src/install/xgo_motion/share/xgo_motion/expression/rider/sad/sad20.png
-- Installing: /home/sunrise/xgo_demo/src/install/xgo_motion/share/xgo_motion/expression/rider/sad/sad57.png
-- Installing: /home/sunrise/xgo_demo/src/install/xgo_motion/share/xgo_motion/expression/rider/sad/sad34.png
-- Installing: /home/sunrise/xgo_demo/src/install/xgo_motion/share/xgo_motion/expression/rider/sad/sad48.png
-- Installing: /home/sunrise/xgo_demo/src/install/xgo_motion/share/xgo_motion/expression/rider/sad/sad65.png
-- Installing: /home/sunrise/xgo_demo/src/install/xgo_motion/share/xgo_motion/expression/rider/sad/sad14.png
-- Installing: /home/sunrise/xgo_demo/src/install/xgo_motion/share/xgo_motion/expression/rider/sad/sad1.png
-- Installing: /home/sunrise/xgo_demo/src/install/xgo_motion/share/xgo_motion/expression/rider/sad/sad24.png
-- Installing: /home/sunrise/xgo_demo/src/install/xgo_motion/share/xgo_motion/expression/rider/sad/sad7.png
-- Installing: /home/sunrise/xgo_demo/src/install/xgo_motion/share/xgo_motion/expression/rider/sad/sad13.png
-- Installing: /home/sunrise/xgo_demo/src/install/xgo_motion/share/xgo_motion/expression/rider/sad/sad6.png
-- Installing: /home/sunrise/xgo_demo/src/install/xgo_motion/share/xgo_motion/expression/rider/sad/sad27.png
-- Installing: /home/sunrise/xgo_demo/src/install/xgo_motion/share/xgo_motion/expression/rider/sad/sad52.png
-- Installing: /home/sunrise/xgo_demo/src/install/xgo_motion/share/xgo_motion/expression/rider/sad/sad61.png
-- Installing: /home/sunrise/xgo_demo/src/install/xgo_motion/share/xgo_motion/expression/rider/sad/sad18.png
-- Installing: /home/sunrise/xgo_demo/src/install/xgo_motion/share/xgo_motion/expression/rider/sad/sad60.png
-- Installing: /home/sunrise/xgo_demo/src/install/xgo_motion/share/xgo_motion/expression/rider/sad/sad37.png
-- Installing: /home/sunrise/xgo_demo/src/install/xgo_motion/share/xgo_motion/expression/rider/sad/sad54.png
-- Installing: /home/sunrise/xgo_demo/src/install/xgo_motion/share/xgo_motion/expression/rider/sad/sad51.png
-- Installing: /home/sunrise/xgo_demo/src/install/xgo_motion/share/xgo_motion/expression/rider/sad/sad19.png
-- Installing: /home/sunrise/xgo_demo/src/install/xgo_motion/share/xgo_motion/expression/rider/sad/sad10.png
-- Installing: /home/sunrise/xgo_demo/src/install/xgo_motion/share/xgo_motion/expression/rider/sad/sad2.png
-- Installing: /home/sunrise/xgo_demo/src/install/xgo_motion/share/xgo_motion/expression/rider/sad/sad33.png
-- Installing: /home/sunrise/xgo_demo/src/install/xgo_motion/share/xgo_motion/expression/rider/sad/sad17.png
-- Installing: /home/sunrise/xgo_demo/src/install/xgo_motion/share/xgo_motion/expression/rider/sad/sad42.png
-- Installing: /home/sunrise/xgo_demo/src/install/xgo_motion/share/xgo_motion/expression/rider/sad/sad62.png
-- Installing: /home/sunrise/xgo_demo/src/install/xgo_motion/share/xgo_motion/expression/rider/sad/sad23.png
-- Installing: /home/sunrise/xgo_demo/src/install/xgo_motion/share/xgo_motion/expression/rider/sad/sad21.png
-- Installing: /home/sunrise/xgo_demo/src/install/xgo_motion/share/xgo_motion/expression/rider/sad/sad5.png
-- Installing: /home/sunrise/xgo_demo/src/install/xgo_motion/share/xgo_motion/expression/rider/sad/sad40.png
-- Installing: /home/sunrise/xgo_demo/src/install/xgo_motion/share/xgo_motion/expression/rider/sad/sad46.png
-- Installing: /home/sunrise/xgo_demo/src/install/xgo_motion/share/xgo_motion/expression/rider/sad/sad16.png
-- Installing: /home/sunrise/xgo_demo/src/install/xgo_motion/share/xgo_motion/expression/rider/sad/sad63.png
-- Installing: /home/sunrise/xgo_demo/src/install/xgo_motion/share/xgo_motion/expression/rider/sad/sad53.png
-- Installing: /home/sunrise/xgo_demo/src/install/xgo_motion/share/xgo_motion/expression/rider/sad/sad12.png
-- Installing: /home/sunrise/xgo_demo/src/install/xgo_motion/share/xgo_motion/expression/rider/sad/sad30.png
-- Installing: /home/sunrise/xgo_demo/src/install/xgo_motion/share/xgo_motion/expression/rider/sad/sad47.png
-- Installing: /home/sunrise/xgo_demo/src/install/xgo_motion/share/xgo_motion/expression/rider/sad/sad49.png
-- Installing: /home/sunrise/xgo_demo/src/install/xgo_motion/share/xgo_motion/expression/rider/sad/sad11.png
-- Installing: /home/sunrise/xgo_demo/src/install/xgo_motion/share/xgo_motion/expression/rider/sad/sad58.png
-- Installing: /home/sunrise/xgo_demo/src/install/xgo_motion/share/xgo_motion/expression/rider/sad/sad44.png
-- Installing: /home/sunrise/xgo_demo/src/install/xgo_motion/share/xgo_motion/expression/rider/sad/sad64.png
-- Installing: /home/sunrise/xgo_demo/src/install/xgo_motion/share/xgo_motion/expression/rider/sad/sad31.png
-- Installing: /home/sunrise/xgo_demo/src/install/xgo_motion/share/xgo_motion/expression/rider/sad/sad15.png
-- Installing: /home/sunrise/xgo_demo/src/install/xgo_motion/share/xgo_motion/expression/rider/sad/sad4.png
-- Installing: /home/sunrise/xgo_demo/src/install/xgo_motion/share/xgo_motion/expression/rider/laugh
-- Installing: /home/sunrise/xgo_demo/src/install/xgo_motion/share/xgo_motion/expression/rider/laugh/laugh14.png
-- Installing: /home/sunrise/xgo_demo/src/install/xgo_motion/share/xgo_motion/expression/rider/laugh/laugh21.png
-- Installing: /home/sunrise/xgo_demo/src/install/xgo_motion/share/xgo_motion/expression/rider/laugh/laugh10.png
-- Installing: /home/sunrise/xgo_demo/src/install/xgo_motion/share/xgo_motion/expression/rider/laugh/laugh49.png
-- Installing: /home/sunrise/xgo_demo/src/install/xgo_motion/share/xgo_motion/expression/rider/laugh/laugh13.png
-- Installing: /home/sunrise/xgo_demo/src/install/xgo_motion/share/xgo_motion/expression/rider/laugh/laugh41.png
-- Installing: /home/sunrise/xgo_demo/src/install/xgo_motion/share/xgo_motion/expression/rider/laugh/laugh20.png
-- Installing: /home/sunrise/xgo_demo/src/install/xgo_motion/share/xgo_motion/expression/rider/laugh/laugh24.png
-- Installing: /home/sunrise/xgo_demo/src/install/xgo_motion/share/xgo_motion/expression/rider/laugh/laugh25.png
-- Installing: /home/sunrise/xgo_demo/src/install/xgo_motion/share/xgo_motion/expression/rider/laugh/laugh9.png
-- Installing: /home/sunrise/xgo_demo/src/install/xgo_motion/share/xgo_motion/expression/rider/laugh/laugh33.png
-- Installing: /home/sunrise/xgo_demo/src/install/xgo_motion/share/xgo_motion/expression/rider/laugh/laugh31.png
-- Installing: /home/sunrise/xgo_demo/src/install/xgo_motion/share/xgo_motion/expression/rider/laugh/laugh46.png
-- Installing: /home/sunrise/xgo_demo/src/install/xgo_motion/share/xgo_motion/expression/rider/laugh/laugh44.png
-- Installing: /home/sunrise/xgo_demo/src/install/xgo_motion/share/xgo_motion/expression/rider/laugh/laugh29.png
-- Installing: /home/sunrise/xgo_demo/src/install/xgo_motion/share/xgo_motion/expression/rider/laugh/laugh39.png
-- Installing: /home/sunrise/xgo_demo/src/install/xgo_motion/share/xgo_motion/expression/rider/laugh/laugh8.png
-- Installing: /home/sunrise/xgo_demo/src/install/xgo_motion/share/xgo_motion/expression/rider/laugh/laugh16.png
-- Installing: /home/sunrise/xgo_demo/src/install/xgo_motion/share/xgo_motion/expression/rider/laugh/laugh34.png
-- Installing: /home/sunrise/xgo_demo/src/install/xgo_motion/share/xgo_motion/expression/rider/laugh/laugh51.png
-- Installing: /home/sunrise/xgo_demo/src/install/xgo_motion/share/xgo_motion/expression/rider/laugh/laugh43.png
-- Installing: /home/sunrise/xgo_demo/src/install/xgo_motion/share/xgo_motion/expression/rider/laugh/laugh40.png
-- Installing: /home/sunrise/xgo_demo/src/install/xgo_motion/share/xgo_motion/expression/rider/laugh/laugh5.png
-- Installing: /home/sunrise/xgo_demo/src/install/xgo_motion/share/xgo_motion/expression/rider/laugh/laugh37.png
-- Installing: /home/sunrise/xgo_demo/src/install/xgo_motion/share/xgo_motion/expression/rider/laugh/laugh36.png
-- Installing: /home/sunrise/xgo_demo/src/install/xgo_motion/share/xgo_motion/expression/rider/laugh/laugh11.png
-- Installing: /home/sunrise/xgo_demo/src/install/xgo_motion/share/xgo_motion/expression/rider/laugh/laugh3.png
-- Installing: /home/sunrise/xgo_demo/src/install/xgo_motion/share/xgo_motion/expression/rider/laugh/laugh19.png
-- Installing: /home/sunrise/xgo_demo/src/install/xgo_motion/share/xgo_motion/expression/rider/laugh/laugh7.png
-- Installing: /home/sunrise/xgo_demo/src/install/xgo_motion/share/xgo_motion/expression/rider/laugh/laugh2.png
-- Installing: /home/sunrise/xgo_demo/src/install/xgo_motion/share/xgo_motion/expression/rider/laugh/laugh17.png
-- Installing: /home/sunrise/xgo_demo/src/install/xgo_motion/share/xgo_motion/expression/rider/laugh/laugh38.png
-- Installing: /home/sunrise/xgo_demo/src/install/xgo_motion/share/xgo_motion/expression/rider/laugh/laugh4.png
-- Installing: /home/sunrise/xgo_demo/src/install/xgo_motion/share/xgo_motion/expression/rider/laugh/laugh6.png
-- Installing: /home/sunrise/xgo_demo/src/install/xgo_motion/share/xgo_motion/expression/rider/laugh/laugh22.png
-- Installing: /home/sunrise/xgo_demo/src/install/xgo_motion/share/xgo_motion/expression/rider/laugh/laugh48.png
-- Installing: /home/sunrise/xgo_demo/src/install/xgo_motion/share/xgo_motion/expression/rider/laugh/laugh26.png
-- Installing: /home/sunrise/xgo_demo/src/install/xgo_motion/share/xgo_motion/expression/rider/laugh/laugh15.png
-- Installing: /home/sunrise/xgo_demo/src/install/xgo_motion/share/xgo_motion/expression/rider/laugh/laugh47.png
-- Installing: /home/sunrise/xgo_demo/src/install/xgo_motion/share/xgo_motion/expression/rider/laugh/laugh30.png
-- Installing: /home/sunrise/xgo_demo/src/install/xgo_motion/share/xgo_motion/expression/rider/laugh/laugh12.png
-- Installing: /home/sunrise/xgo_demo/src/install/xgo_motion/share/xgo_motion/expression/rider/laugh/laugh28.png
-- Installing: /home/sunrise/xgo_demo/src/install/xgo_motion/share/xgo_motion/expression/rider/laugh/laugh23.png
-- Installing: /home/sunrise/xgo_demo/src/install/xgo_motion/share/xgo_motion/expression/rider/laugh/laugh32.png
-- Installing: /home/sunrise/xgo_demo/src/install/xgo_motion/share/xgo_motion/expression/rider/laugh/laugh27.png
-- Installing: /home/sunrise/xgo_demo/src/install/xgo_motion/share/xgo_motion/expression/rider/laugh/laugh18.png
-- Installing: /home/sunrise/xgo_demo/src/install/xgo_motion/share/xgo_motion/expression/rider/laugh/laugh50.png
-- Installing: /home/sunrise/xgo_demo/src/install/xgo_motion/share/xgo_motion/expression/rider/laugh/laugh45.png
-- Installing: /home/sunrise/xgo_demo/src/install/xgo_motion/share/xgo_motion/expression/rider/laugh/laugh42.png
-- Installing: /home/sunrise/xgo_demo/src/install/xgo_motion/share/xgo_motion/expression/rider/laugh/laugh1.png
-- Installing: /home/sunrise/xgo_demo/src/install/xgo_motion/share/xgo_motion/expression/rider/laugh/laugh35.png
-- Installing: /home/sunrise/xgo_demo/src/install/xgo_motion/share/xgo_motion/expression/rider/hate
-- Installing: /home/sunrise/xgo_demo/src/install/xgo_motion/share/xgo_motion/expression/rider/hate/hate13.png
-- Installing: /home/sunrise/xgo_demo/src/install/xgo_motion/share/xgo_motion/expression/rider/hate/hate54.png
-- Installing: /home/sunrise/xgo_demo/src/install/xgo_motion/share/xgo_motion/expression/rider/hate/hate31.png
-- Installing: /home/sunrise/xgo_demo/src/install/xgo_motion/share/xgo_motion/expression/rider/hate/hate1.png
-- Installing: /home/sunrise/xgo_demo/src/install/xgo_motion/share/xgo_motion/expression/rider/hate/hate55.png
-- Installing: /home/sunrise/xgo_demo/src/install/xgo_motion/share/xgo_motion/expression/rider/hate/hate60.png
-- Installing: /home/sunrise/xgo_demo/src/install/xgo_motion/share/xgo_motion/expression/rider/hate/hate44.png
-- Installing: /home/sunrise/xgo_demo/src/install/xgo_motion/share/xgo_motion/expression/rider/hate/hate11.png
-- Installing: /home/sunrise/xgo_demo/src/install/xgo_motion/share/xgo_motion/expression/rider/hate/hate37.png
-- Installing: /home/sunrise/xgo_demo/src/install/xgo_motion/share/xgo_motion/expression/rider/hate/hate16.png
-- Installing: /home/sunrise/xgo_demo/src/install/xgo_motion/share/xgo_motion/expression/rider/hate/hate5.png
-- Installing: /home/sunrise/xgo_demo/src/install/xgo_motion/share/xgo_motion/expression/rider/hate/hate72.png
-- Installing: /home/sunrise/xgo_demo/src/install/xgo_motion/share/xgo_motion/expression/rider/hate/hate75.png
-- Installing: /home/sunrise/xgo_demo/src/install/xgo_motion/share/xgo_motion/expression/rider/hate/hate15.png
-- Installing: /home/sunrise/xgo_demo/src/install/xgo_motion/share/xgo_motion/expression/rider/hate/hate48.png
-- Installing: /home/sunrise/xgo_demo/src/install/xgo_motion/share/xgo_motion/expression/rider/hate/hate67.png
-- Installing: /home/sunrise/xgo_demo/src/install/xgo_motion/share/xgo_motion/expression/rider/hate/hate10.png
-- Installing: /home/sunrise/xgo_demo/src/install/xgo_motion/share/xgo_motion/expression/rider/hate/hate14.png
-- Installing: /home/sunrise/xgo_demo/src/install/xgo_motion/share/xgo_motion/expression/rider/hate/hate47.png
-- Installing: /home/sunrise/xgo_demo/src/install/xgo_motion/share/xgo_motion/expression/rider/hate/hate17.png
-- Installing: /home/sunrise/xgo_demo/src/install/xgo_motion/share/xgo_motion/expression/rider/hate/hate53.png
-- Installing: /home/sunrise/xgo_demo/src/install/xgo_motion/share/xgo_motion/expression/rider/hate/hate52.png
-- Installing: /home/sunrise/xgo_demo/src/install/xgo_motion/share/xgo_motion/expression/rider/hate/hate39.png
-- Installing: /home/sunrise/xgo_demo/src/install/xgo_motion/share/xgo_motion/expression/rider/hate/hate20.png
-- Installing: /home/sunrise/xgo_demo/src/install/xgo_motion/share/xgo_motion/expression/rider/hate/hate49.png
-- Installing: /home/sunrise/xgo_demo/src/install/xgo_motion/share/xgo_motion/expression/rider/hate/hate64.png
-- Installing: /home/sunrise/xgo_demo/src/install/xgo_motion/share/xgo_motion/expression/rider/hate/hate46.png
-- Installing: /home/sunrise/xgo_demo/src/install/xgo_motion/share/xgo_motion/expression/rider/hate/hate12.png
-- Installing: /home/sunrise/xgo_demo/src/install/xgo_motion/share/xgo_motion/expression/rider/hate/hate35.png
-- Installing: /home/sunrise/xgo_demo/src/install/xgo_motion/share/xgo_motion/expression/rider/hate/hate69.png
-- Installing: /home/sunrise/xgo_demo/src/install/xgo_motion/share/xgo_motion/expression/rider/hate/hate42.png
-- Installing: /home/sunrise/xgo_demo/src/install/xgo_motion/share/xgo_motion/expression/rider/hate/hate33.png
-- Installing: /home/sunrise/xgo_demo/src/install/xgo_motion/share/xgo_motion/expression/rider/hate/hate63.png
-- Installing: /home/sunrise/xgo_demo/src/install/xgo_motion/share/xgo_motion/expression/rider/hate/hate45.png
-- Installing: /home/sunrise/xgo_demo/src/install/xgo_motion/share/xgo_motion/expression/rider/hate/hate61.png
-- Installing: /home/sunrise/xgo_demo/src/install/xgo_motion/share/xgo_motion/expression/rider/hate/hate28.png
-- Installing: /home/sunrise/xgo_demo/src/install/xgo_motion/share/xgo_motion/expression/rider/hate/hate27.png
-- Installing: /home/sunrise/xgo_demo/src/install/xgo_motion/share/xgo_motion/expression/rider/hate/hate21.png
-- Installing: /home/sunrise/xgo_demo/src/install/xgo_motion/share/xgo_motion/expression/rider/hate/hate70.png
-- Installing: /home/sunrise/xgo_demo/src/install/xgo_motion/share/xgo_motion/expression/rider/hate/hate32.png
-- Installing: /home/sunrise/xgo_demo/src/install/xgo_motion/share/xgo_motion/expression/rider/hate/hate68.png
-- Installing: /home/sunrise/xgo_demo/src/install/xgo_motion/share/xgo_motion/expression/rider/hate/hate40.png
-- Installing: /home/sunrise/xgo_demo/src/install/xgo_motion/share/xgo_motion/expression/rider/hate/hate30.png
-- Installing: /home/sunrise/xgo_demo/src/install/xgo_motion/share/xgo_motion/expression/rider/hate/hate81.png
-- Installing: /home/sunrise/xgo_demo/src/install/xgo_motion/share/xgo_motion/expression/rider/hate/hate57.png
-- Installing: /home/sunrise/xgo_demo/src/install/xgo_motion/share/xgo_motion/expression/rider/hate/hate59.png
-- Installing: /home/sunrise/xgo_demo/src/install/xgo_motion/share/xgo_motion/expression/rider/hate/hate26.png
-- Installing: /home/sunrise/xgo_demo/src/install/xgo_motion/share/xgo_motion/expression/rider/hate/hate25.png
-- Installing: /home/sunrise/xgo_demo/src/install/xgo_motion/share/xgo_motion/expression/rider/hate/hate62.png
-- Installing: /home/sunrise/xgo_demo/src/install/xgo_motion/share/xgo_motion/expression/rider/hate/hate6.png
-- Installing: /home/sunrise/xgo_demo/src/install/xgo_motion/share/xgo_motion/expression/rider/hate/hate80.png
-- Installing: /home/sunrise/xgo_demo/src/install/xgo_motion/share/xgo_motion/expression/rider/hate/hate9.png
-- Installing: /home/sunrise/xgo_demo/src/install/xgo_motion/share/xgo_motion/expression/rider/hate/hate29.png
-- Installing: /home/sunrise/xgo_demo/src/install/xgo_motion/share/xgo_motion/expression/rider/hate/hate51.png
-- Installing: /home/sunrise/xgo_demo/src/install/xgo_motion/share/xgo_motion/expression/rider/hate/hate24.png
-- Installing: /home/sunrise/xgo_demo/src/install/xgo_motion/share/xgo_motion/expression/rider/hate/hate22.png
-- Installing: /home/sunrise/xgo_demo/src/install/xgo_motion/share/xgo_motion/expression/rider/hate/hate8.png
-- Installing: /home/sunrise/xgo_demo/src/install/xgo_motion/share/xgo_motion/expression/rider/hate/hate77.png
-- Installing: /home/sunrise/xgo_demo/src/install/xgo_motion/share/xgo_motion/expression/rider/hate/hate34.png
-- Installing: /home/sunrise/xgo_demo/src/install/xgo_motion/share/xgo_motion/expression/rider/hate/hate19.png
-- Installing: /home/sunrise/xgo_demo/src/install/xgo_motion/share/xgo_motion/expression/rider/hate/hate36.png
-- Installing: /home/sunrise/xgo_demo/src/install/xgo_motion/share/xgo_motion/expression/rider/hate/hate23.png
-- Installing: /home/sunrise/xgo_demo/src/install/xgo_motion/share/xgo_motion/expression/rider/hate/hate78.png
-- Installing: /home/sunrise/xgo_demo/src/install/xgo_motion/share/xgo_motion/expression/rider/hate/hate3.png
-- Installing: /home/sunrise/xgo_demo/src/install/xgo_motion/share/xgo_motion/expression/rider/hate/hate58.png
-- Installing: /home/sunrise/xgo_demo/src/install/xgo_motion/share/xgo_motion/expression/rider/hate/hate4.png
-- Installing: /home/sunrise/xgo_demo/src/install/xgo_motion/share/xgo_motion/expression/rider/hate/hate41.png
-- Installing: /home/sunrise/xgo_demo/src/install/xgo_motion/share/xgo_motion/expression/rider/hate/hate74.png
-- Installing: /home/sunrise/xgo_demo/src/install/xgo_motion/share/xgo_motion/expression/rider/hate/hate7.png
-- Installing: /home/sunrise/xgo_demo/src/install/xgo_motion/share/xgo_motion/expression/rider/hate/hate38.png
-- Installing: /home/sunrise/xgo_demo/src/install/xgo_motion/share/xgo_motion/expression/rider/hate/hate73.png
-- Installing: /home/sunrise/xgo_demo/src/install/xgo_motion/share/xgo_motion/expression/rider/hate/hate71.png
-- Installing: /home/sunrise/xgo_demo/src/install/xgo_motion/share/xgo_motion/expression/rider/hate/hate2.png
-- Installing: /home/sunrise/xgo_demo/src/install/xgo_motion/share/xgo_motion/expression/rider/hate/hate50.png
-- Installing: /home/sunrise/xgo_demo/src/install/xgo_motion/share/xgo_motion/expression/rider/hate/hate56.png
-- Installing: /home/sunrise/xgo_demo/src/install/xgo_motion/share/xgo_motion/expression/rider/hate/hate66.png
-- Installing: /home/sunrise/xgo_demo/src/install/xgo_motion/share/xgo_motion/expression/rider/hate/hate43.png
-- Installing: /home/sunrise/xgo_demo/src/install/xgo_motion/share/xgo_motion/expression/rider/hate/hate79.png
-- Installing: /home/sunrise/xgo_demo/src/install/xgo_motion/share/xgo_motion/expression/rider/hate/hate76.png
-- Installing: /home/sunrise/xgo_demo/src/install/xgo_motion/share/xgo_motion/expression/rider/hate/hate65.png
-- Installing: /home/sunrise/xgo_demo/src/install/xgo_motion/share/xgo_motion/expression/rider/hate/hate18.png
-- Installing: /home/sunrise/xgo_demo/src/install/xgo_motion/share/xgo_motion/expression/rider/shy
-- Installing: /home/sunrise/xgo_demo/src/install/xgo_motion/share/xgo_motion/expression/rider/shy/shy7.png
-- Installing: /home/sunrise/xgo_demo/src/install/xgo_motion/share/xgo_motion/expression/rider/shy/shy29.png
-- Installing: /home/sunrise/xgo_demo/src/install/xgo_motion/share/xgo_motion/expression/rider/shy/shy5.png
-- Installing: /home/sunrise/xgo_demo/src/install/xgo_motion/share/xgo_motion/expression/rider/shy/shy19.png
-- Installing: /home/sunrise/xgo_demo/src/install/xgo_motion/share/xgo_motion/expression/rider/shy/shy10.png
-- Installing: /home/sunrise/xgo_demo/src/install/xgo_motion/share/xgo_motion/expression/rider/shy/shy40.png
-- Installing: /home/sunrise/xgo_demo/src/install/xgo_motion/share/xgo_motion/expression/rider/shy/shy12.png
-- Installing: /home/sunrise/xgo_demo/src/install/xgo_motion/share/xgo_motion/expression/rider/shy/shy56.png
-- Installing: /home/sunrise/xgo_demo/src/install/xgo_motion/share/xgo_motion/expression/rider/shy/shy36.png
-- Installing: /home/sunrise/xgo_demo/src/install/xgo_motion/share/xgo_motion/expression/rider/shy/shy20.png
-- Installing: /home/sunrise/xgo_demo/src/install/xgo_motion/share/xgo_motion/expression/rider/shy/shy26.png
-- Installing: /home/sunrise/xgo_demo/src/install/xgo_motion/share/xgo_motion/expression/rider/shy/shy48.png
-- Installing: /home/sunrise/xgo_demo/src/install/xgo_motion/share/xgo_motion/expression/rider/shy/shy30.png
-- Installing: /home/sunrise/xgo_demo/src/install/xgo_motion/share/xgo_motion/expression/rider/shy/shy42.png
-- Installing: /home/sunrise/xgo_demo/src/install/xgo_motion/share/xgo_motion/expression/rider/shy/shy1.png
-- Installing: /home/sunrise/xgo_demo/src/install/xgo_motion/share/xgo_motion/expression/rider/shy/shy17.png
-- Installing: /home/sunrise/xgo_demo/src/install/xgo_motion/share/xgo_motion/expression/rider/shy/shy53.png
-- Installing: /home/sunrise/xgo_demo/src/install/xgo_motion/share/xgo_motion/expression/rider/shy/shy59.png
-- Installing: /home/sunrise/xgo_demo/src/install/xgo_motion/share/xgo_motion/expression/rider/shy/shy11.png
-- Installing: /home/sunrise/xgo_demo/src/install/xgo_motion/share/xgo_motion/expression/rider/shy/shy23.png
-- Installing: /home/sunrise/xgo_demo/src/install/xgo_motion/share/xgo_motion/expression/rider/shy/shy35.png
-- Installing: /home/sunrise/xgo_demo/src/install/xgo_motion/share/xgo_motion/expression/rider/shy/shy49.png
-- Installing: /home/sunrise/xgo_demo/src/install/xgo_motion/share/xgo_motion/expression/rider/shy/shy47.png
-- Installing: /home/sunrise/xgo_demo/src/install/xgo_motion/share/xgo_motion/expression/rider/shy/shy41.png
-- Installing: /home/sunrise/xgo_demo/src/install/xgo_motion/share/xgo_motion/expression/rider/shy/shy3.png
-- Installing: /home/sunrise/xgo_demo/src/install/xgo_motion/share/xgo_motion/expression/rider/shy/shy52.png
-- Installing: /home/sunrise/xgo_demo/src/install/xgo_motion/share/xgo_motion/expression/rider/shy/shy32.png
-- Installing: /home/sunrise/xgo_demo/src/install/xgo_motion/share/xgo_motion/expression/rider/shy/shy13.png
-- Installing: /home/sunrise/xgo_demo/src/install/xgo_motion/share/xgo_motion/expression/rider/shy/shy8.png
-- Installing: /home/sunrise/xgo_demo/src/install/xgo_motion/share/xgo_motion/expression/rider/shy/shy28.png
-- Installing: /home/sunrise/xgo_demo/src/install/xgo_motion/share/xgo_motion/expression/rider/shy/shy37.png
-- Installing: /home/sunrise/xgo_demo/src/install/xgo_motion/share/xgo_motion/expression/rider/shy/shy22.png
-- Installing: /home/sunrise/xgo_demo/src/install/xgo_motion/share/xgo_motion/expression/rider/shy/shy58.png
-- Installing: /home/sunrise/xgo_demo/src/install/xgo_motion/share/xgo_motion/expression/rider/shy/shy31.png
-- Installing: /home/sunrise/xgo_demo/src/install/xgo_motion/share/xgo_motion/expression/rider/shy/shy55.png
-- Installing: /home/sunrise/xgo_demo/src/install/xgo_motion/share/xgo_motion/expression/rider/shy/shy27.png
-- Installing: /home/sunrise/xgo_demo/src/install/xgo_motion/share/xgo_motion/expression/rider/shy/shy24.png
-- Installing: /home/sunrise/xgo_demo/src/install/xgo_motion/share/xgo_motion/expression/rider/shy/shy54.png
-- Installing: /home/sunrise/xgo_demo/src/install/xgo_motion/share/xgo_motion/expression/rider/shy/shy18.png
-- Installing: /home/sunrise/xgo_demo/src/install/xgo_motion/share/xgo_motion/expression/rider/shy/shy33.png
-- Installing: /home/sunrise/xgo_demo/src/install/xgo_motion/share/xgo_motion/expression/rider/shy/shy14.png
-- Installing: /home/sunrise/xgo_demo/src/install/xgo_motion/share/xgo_motion/expression/rider/shy/shy25.png
-- Installing: /home/sunrise/xgo_demo/src/install/xgo_motion/share/xgo_motion/expression/rider/shy/shy38.png
-- Installing: /home/sunrise/xgo_demo/src/install/xgo_motion/share/xgo_motion/expression/rider/shy/shy4.png
-- Installing: /home/sunrise/xgo_demo/src/install/xgo_motion/share/xgo_motion/expression/rider/shy/shy57.png
-- Installing: /home/sunrise/xgo_demo/src/install/xgo_motion/share/xgo_motion/expression/rider/shy/shy60.png
-- Installing: /home/sunrise/xgo_demo/src/install/xgo_motion/share/xgo_motion/expression/rider/shy/shy44.png
-- Installing: /home/sunrise/xgo_demo/src/install/xgo_motion/share/xgo_motion/expression/rider/shy/shy9.png
-- Installing: /home/sunrise/xgo_demo/src/install/xgo_motion/share/xgo_motion/expression/rider/shy/shy21.png
-- Installing: /home/sunrise/xgo_demo/src/install/xgo_motion/share/xgo_motion/expression/rider/shy/shy34.png
-- Installing: /home/sunrise/xgo_demo/src/install/xgo_motion/share/xgo_motion/expression/rider/shy/shy16.png
-- Installing: /home/sunrise/xgo_demo/src/install/xgo_motion/share/xgo_motion/expression/rider/shy/shy45.png
-- Installing: /home/sunrise/xgo_demo/src/install/xgo_motion/share/xgo_motion/expression/rider/shy/shy51.png
-- Installing: /home/sunrise/xgo_demo/src/install/xgo_motion/share/xgo_motion/expression/rider/shy/shy43.png
-- Installing: /home/sunrise/xgo_demo/src/install/xgo_motion/share/xgo_motion/expression/rider/shy/shy6.png
-- Installing: /home/sunrise/xgo_demo/src/install/xgo_motion/share/xgo_motion/expression/rider/shy/shy39.png
-- Installing: /home/sunrise/xgo_demo/src/install/xgo_motion/share/xgo_motion/expression/rider/shy/shy46.png
-- Installing: /home/sunrise/xgo_demo/src/install/xgo_motion/share/xgo_motion/expression/rider/shy/shy2.png
-- Installing: /home/sunrise/xgo_demo/src/install/xgo_motion/share/xgo_motion/expression/rider/shy/shy15.png
-- Installing: /home/sunrise/xgo_demo/src/install/xgo_motion/share/xgo_motion/expression/rider/shy/shy50.png
-- Installing: /home/sunrise/xgo_demo/src/install/xgo_motion/share/xgo_motion/expression/query_r
-- Installing: /home/sunrise/xgo_demo/src/install/xgo_motion/share/xgo_motion/expression/query_r/8.png
-- Installing: /home/sunrise/xgo_demo/src/install/xgo_motion/share/xgo_motion/expression/query_r/3.png
-- Installing: /home/sunrise/xgo_demo/src/install/xgo_motion/share/xgo_motion/expression/query_r/1.png
-- Installing: /home/sunrise/xgo_demo/src/install/xgo_motion/share/xgo_motion/expression/query_r/10.png
-- Installing: /home/sunrise/xgo_demo/src/install/xgo_motion/share/xgo_motion/expression/query_r/9.png
-- Installing: /home/sunrise/xgo_demo/src/install/xgo_motion/share/xgo_motion/expression/query_r/5.png
-- Installing: /home/sunrise/xgo_demo/src/install/xgo_motion/share/xgo_motion/expression/query_r/7.png
-- Installing: /home/sunrise/xgo_demo/src/install/xgo_motion/share/xgo_motion/expression/query_r/2.png
-- Installing: /home/sunrise/xgo_demo/src/install/xgo_motion/share/xgo_motion/expression/query_r/6.png
-- Installing: /home/sunrise/xgo_demo/src/install/xgo_motion/share/xgo_motion/expression/query_r/4.png
-- Installing: /home/sunrise/xgo_demo/src/install/xgo_motion/share/xgo_motion/expression/query_r/11.png
-- Installing: /home/sunrise/xgo_demo/src/install/xgo_motion/share/xgo_motion/expression/love_r
-- Installing: /home/sunrise/xgo_demo/src/install/xgo_motion/share/xgo_motion/expression/love_r/8.png
-- Installing: /home/sunrise/xgo_demo/src/install/xgo_motion/share/xgo_motion/expression/love_r/3.png
-- Installing: /home/sunrise/xgo_demo/src/install/xgo_motion/share/xgo_motion/expression/love_r/1.png
-- Installing: /home/sunrise/xgo_demo/src/install/xgo_motion/share/xgo_motion/expression/love_r/10.png
-- Installing: /home/sunrise/xgo_demo/src/install/xgo_motion/share/xgo_motion/expression/love_r/9.png
-- Installing: /home/sunrise/xgo_demo/src/install/xgo_motion/share/xgo_motion/expression/love_r/5.png
-- Installing: /home/sunrise/xgo_demo/src/install/xgo_motion/share/xgo_motion/expression/love_r/7.png
-- Installing: /home/sunrise/xgo_demo/src/install/xgo_motion/share/xgo_motion/expression/love_r/2.png
-- Installing: /home/sunrise/xgo_demo/src/install/xgo_motion/share/xgo_motion/expression/love_r/6.png
-- Installing: /home/sunrise/xgo_demo/src/install/xgo_motion/share/xgo_motion/expression/love_r/4.png
-- Installing: /home/sunrise/xgo_demo/src/install/xgo_motion/share/xgo_motion/expression/love_r/11.png
-- Installing: /home/sunrise/xgo_demo/src/install/xgo_motion/share/xgo_motion/expression/sad_r
-- Installing: /home/sunrise/xgo_demo/src/install/xgo_motion/share/xgo_motion/expression/sad_r/8.png
-- Installing: /home/sunrise/xgo_demo/src/install/xgo_motion/share/xgo_motion/expression/sad_r/3.png
-- Installing: /home/sunrise/xgo_demo/src/install/xgo_motion/share/xgo_motion/expression/sad_r/1.png
-- Installing: /home/sunrise/xgo_demo/src/install/xgo_motion/share/xgo_motion/expression/sad_r/10.png
-- Installing: /home/sunrise/xgo_demo/src/install/xgo_motion/share/xgo_motion/expression/sad_r/9.png
-- Installing: /home/sunrise/xgo_demo/src/install/xgo_motion/share/xgo_motion/expression/sad_r/5.png
-- Installing: /home/sunrise/xgo_demo/src/install/xgo_motion/share/xgo_motion/expression/sad_r/7.png
-- Installing: /home/sunrise/xgo_demo/src/install/xgo_motion/share/xgo_motion/expression/sad_r/2.png
-- Installing: /home/sunrise/xgo_demo/src/install/xgo_motion/share/xgo_motion/expression/sad_r/12.png
-- Installing: /home/sunrise/xgo_demo/src/install/xgo_motion/share/xgo_motion/expression/sad_r/6.png
-- Installing: /home/sunrise/xgo_demo/src/install/xgo_motion/share/xgo_motion/expression/sad_r/4.png
-- Installing: /home/sunrise/xgo_demo/src/install/xgo_motion/share/xgo_motion/expression/sad_r/11.png
-- Installing: /home/sunrise/xgo_demo/src/install/xgo_motion/share/xgo_motion/expression/grievance_r
-- Installing: /home/sunrise/xgo_demo/src/install/xgo_motion/share/xgo_motion/expression/grievance_r/8.png
-- Installing: /home/sunrise/xgo_demo/src/install/xgo_motion/share/xgo_motion/expression/grievance_r/3.png
-- Installing: /home/sunrise/xgo_demo/src/install/xgo_motion/share/xgo_motion/expression/grievance_r/1.png
-- Installing: /home/sunrise/xgo_demo/src/install/xgo_motion/share/xgo_motion/expression/grievance_r/10.png
-- Installing: /home/sunrise/xgo_demo/src/install/xgo_motion/share/xgo_motion/expression/grievance_r/9.png
-- Installing: /home/sunrise/xgo_demo/src/install/xgo_motion/share/xgo_motion/expression/grievance_r/5.png
-- Installing: /home/sunrise/xgo_demo/src/install/xgo_motion/share/xgo_motion/expression/grievance_r/7.png
-- Installing: /home/sunrise/xgo_demo/src/install/xgo_motion/share/xgo_motion/expression/grievance_r/2.png
-- Installing: /home/sunrise/xgo_demo/src/install/xgo_motion/share/xgo_motion/expression/grievance_r/12.png
-- Installing: /home/sunrise/xgo_demo/src/install/xgo_motion/share/xgo_motion/expression/grievance_r/6.png
-- Installing: /home/sunrise/xgo_demo/src/install/xgo_motion/share/xgo_motion/expression/grievance_r/4.png
-- Installing: /home/sunrise/xgo_demo/src/install/xgo_motion/share/xgo_motion/expression/grievance_r/11.png
-- Installing: /home/sunrise/xgo_demo/src/install/xgo_motion/share/xgo_motion/expression/Stun_r
-- Installing: /home/sunrise/xgo_demo/src/install/xgo_motion/share/xgo_motion/expression/Stun_r/8.png
-- Installing: /home/sunrise/xgo_demo/src/install/xgo_motion/share/xgo_motion/expression/Stun_r/3.png
-- Installing: /home/sunrise/xgo_demo/src/install/xgo_motion/share/xgo_motion/expression/Stun_r/1.png
-- Installing: /home/sunrise/xgo_demo/src/install/xgo_motion/share/xgo_motion/expression/Stun_r/10.png
-- Installing: /home/sunrise/xgo_demo/src/install/xgo_motion/share/xgo_motion/expression/Stun_r/9.png
-- Installing: /home/sunrise/xgo_demo/src/install/xgo_motion/share/xgo_motion/expression/Stun_r/5.png
-- Installing: /home/sunrise/xgo_demo/src/install/xgo_motion/share/xgo_motion/expression/Stun_r/7.png
-- Installing: /home/sunrise/xgo_demo/src/install/xgo_motion/share/xgo_motion/expression/Stun_r/2.png
-- Installing: /home/sunrise/xgo_demo/src/install/xgo_motion/share/xgo_motion/expression/Stun_r/12.png
-- Installing: /home/sunrise/xgo_demo/src/install/xgo_motion/share/xgo_motion/expression/Stun_r/6.png
-- Installing: /home/sunrise/xgo_demo/src/install/xgo_motion/share/xgo_motion/expression/Stun_r/4.png
-- Installing: /home/sunrise/xgo_demo/src/install/xgo_motion/share/xgo_motion/expression/Stun_r/11.png
-- Installing: /home/sunrise/xgo_demo/src/install/xgo_motion/share/xgo_motion/expression/lookaround
-- Installing: /home/sunrise/xgo_demo/src/install/xgo_motion/share/xgo_motion/expression/lookaround/8.png
-- Installing: /home/sunrise/xgo_demo/src/install/xgo_motion/share/xgo_motion/expression/lookaround/3.png
-- Installing: /home/sunrise/xgo_demo/src/install/xgo_motion/share/xgo_motion/expression/lookaround/1.png
-- Installing: /home/sunrise/xgo_demo/src/install/xgo_motion/share/xgo_motion/expression/lookaround/10.png
-- Installing: /home/sunrise/xgo_demo/src/install/xgo_motion/share/xgo_motion/expression/lookaround/9.png
-- Installing: /home/sunrise/xgo_demo/src/install/xgo_motion/share/xgo_motion/expression/lookaround/5.png
-- Installing: /home/sunrise/xgo_demo/src/install/xgo_motion/share/xgo_motion/expression/lookaround/7.png
-- Installing: /home/sunrise/xgo_demo/src/install/xgo_motion/share/xgo_motion/expression/lookaround/2.png
-- Installing: /home/sunrise/xgo_demo/src/install/xgo_motion/share/xgo_motion/expression/lookaround/12.png
-- Installing: /home/sunrise/xgo_demo/src/install/xgo_motion/share/xgo_motion/expression/lookaround/6.png
-- Installing: /home/sunrise/xgo_demo/src/install/xgo_motion/share/xgo_motion/expression/lookaround/4.png
-- Installing: /home/sunrise/xgo_demo/src/install/xgo_motion/share/xgo_motion/expression/lookaround/11.png
-- Installing: /home/sunrise/xgo_demo/src/install/xgo_motion/share/xgo_motion/expression/seek
-- Installing: /home/sunrise/xgo_demo/src/install/xgo_motion/share/xgo_motion/expression/seek/8.png
-- Installing: /home/sunrise/xgo_demo/src/install/xgo_motion/share/xgo_motion/expression/seek/3.png
-- Installing: /home/sunrise/xgo_demo/src/install/xgo_motion/share/xgo_motion/expression/seek/1.png
-- Installing: /home/sunrise/xgo_demo/src/install/xgo_motion/share/xgo_motion/expression/seek/10.png
-- Installing: /home/sunrise/xgo_demo/src/install/xgo_motion/share/xgo_motion/expression/seek/9.png
-- Installing: /home/sunrise/xgo_demo/src/install/xgo_motion/share/xgo_motion/expression/seek/5.png
-- Installing: /home/sunrise/xgo_demo/src/install/xgo_motion/share/xgo_motion/expression/seek/7.png
-- Installing: /home/sunrise/xgo_demo/src/install/xgo_motion/share/xgo_motion/expression/seek/2.png
-- Installing: /home/sunrise/xgo_demo/src/install/xgo_motion/share/xgo_motion/expression/seek/12.png
-- Installing: /home/sunrise/xgo_demo/src/install/xgo_motion/share/xgo_motion/expression/seek/6.png
-- Installing: /home/sunrise/xgo_demo/src/install/xgo_motion/share/xgo_motion/expression/seek/4.png
-- Installing: /home/sunrise/xgo_demo/src/install/xgo_motion/share/xgo_motion/expression/seek/11.png
-- Installing: /home/sunrise/xgo_demo/src/install/xgo_motion/share/xgo_motion/expression/angry
-- Installing: /home/sunrise/xgo_demo/src/install/xgo_motion/share/xgo_motion/expression/angry/8.png
-- Installing: /home/sunrise/xgo_demo/src/install/xgo_motion/share/xgo_motion/expression/angry/3.png
-- Installing: /home/sunrise/xgo_demo/src/install/xgo_motion/share/xgo_motion/expression/angry/1.png
-- Installing: /home/sunrise/xgo_demo/src/install/xgo_motion/share/xgo_motion/expression/angry/10.png
-- Installing: /home/sunrise/xgo_demo/src/install/xgo_motion/share/xgo_motion/expression/angry/9.png
-- Installing: /home/sunrise/xgo_demo/src/install/xgo_motion/share/xgo_motion/expression/angry/5.png
-- Installing: /home/sunrise/xgo_demo/src/install/xgo_motion/share/xgo_motion/expression/angry/7.png
-- Installing: /home/sunrise/xgo_demo/src/install/xgo_motion/share/xgo_motion/expression/angry/2.png
-- Installing: /home/sunrise/xgo_demo/src/install/xgo_motion/share/xgo_motion/expression/angry/12.png
-- Installing: /home/sunrise/xgo_demo/src/install/xgo_motion/share/xgo_motion/expression/angry/6.png
-- Installing: /home/sunrise/xgo_demo/src/install/xgo_motion/share/xgo_motion/expression/angry/13.png
-- Installing: /home/sunrise/xgo_demo/src/install/xgo_motion/share/xgo_motion/expression/angry/4.png
-- Installing: /home/sunrise/xgo_demo/src/install/xgo_motion/share/xgo_motion/expression/angry/11.png
-- Installing: /home/sunrise/xgo_demo/src/install/xgo_motion/share/xgo_motion/expression/sleepy
-- Installing: /home/sunrise/xgo_demo/src/install/xgo_motion/share/xgo_motion/expression/sleepy/8.png
-- Installing: /home/sunrise/xgo_demo/src/install/xgo_motion/share/xgo_motion/expression/sleepy/16.png
-- Installing: /home/sunrise/xgo_demo/src/install/xgo_motion/share/xgo_motion/expression/sleepy/3.png
-- Installing: /home/sunrise/xgo_demo/src/install/xgo_motion/share/xgo_motion/expression/sleepy/1.png
-- Installing: /home/sunrise/xgo_demo/src/install/xgo_motion/share/xgo_motion/expression/sleepy/10.png
-- Installing: /home/sunrise/xgo_demo/src/install/xgo_motion/share/xgo_motion/expression/sleepy/9.png
-- Installing: /home/sunrise/xgo_demo/src/install/xgo_motion/share/xgo_motion/expression/sleepy/19.png
-- Installing: /home/sunrise/xgo_demo/src/install/xgo_motion/share/xgo_motion/expression/sleepy/5.png
-- Installing: /home/sunrise/xgo_demo/src/install/xgo_motion/share/xgo_motion/expression/sleepy/7.png
-- Installing: /home/sunrise/xgo_demo/src/install/xgo_motion/share/xgo_motion/expression/sleepy/17.png
-- Installing: /home/sunrise/xgo_demo/src/install/xgo_motion/share/xgo_motion/expression/sleepy/2.png
-- Installing: /home/sunrise/xgo_demo/src/install/xgo_motion/share/xgo_motion/expression/sleepy/12.png
-- Installing: /home/sunrise/xgo_demo/src/install/xgo_motion/share/xgo_motion/expression/sleepy/15.png
-- Installing: /home/sunrise/xgo_demo/src/install/xgo_motion/share/xgo_motion/expression/sleepy/6.png
-- Installing: /home/sunrise/xgo_demo/src/install/xgo_motion/share/xgo_motion/expression/sleepy/13.png
-- Installing: /home/sunrise/xgo_demo/src/install/xgo_motion/share/xgo_motion/expression/sleepy/4.png
-- Installing: /home/sunrise/xgo_demo/src/install/xgo_motion/share/xgo_motion/expression/sleepy/18.png
-- Installing: /home/sunrise/xgo_demo/src/install/xgo_motion/share/xgo_motion/expression/sleepy/11.png
-- Installing: /home/sunrise/xgo_demo/src/install/xgo_motion/share/xgo_motion/expression/sleepy/14.png
-- Installing: /home/sunrise/xgo_demo/src/install/xgo_motion/share/xgo_motion/expression/surprise
-- Installing: /home/sunrise/xgo_demo/src/install/xgo_motion/share/xgo_motion/expression/surprise/8.png
-- Installing: /home/sunrise/xgo_demo/src/install/xgo_motion/share/xgo_motion/expression/surprise/3.png
-- Installing: /home/sunrise/xgo_demo/src/install/xgo_motion/share/xgo_motion/expression/surprise/1.png
-- Installing: /home/sunrise/xgo_demo/src/install/xgo_motion/share/xgo_motion/expression/surprise/10.png
-- Installing: /home/sunrise/xgo_demo/src/install/xgo_motion/share/xgo_motion/expression/surprise/9.png
-- Installing: /home/sunrise/xgo_demo/src/install/xgo_motion/share/xgo_motion/expression/surprise/5.png
-- Installing: /home/sunrise/xgo_demo/src/install/xgo_motion/share/xgo_motion/expression/surprise/7.png
-- Installing: /home/sunrise/xgo_demo/src/install/xgo_motion/share/xgo_motion/expression/surprise/2.png
-- Installing: /home/sunrise/xgo_demo/src/install/xgo_motion/share/xgo_motion/expression/surprise/12.png
-- Installing: /home/sunrise/xgo_demo/src/install/xgo_motion/share/xgo_motion/expression/surprise/15.png
-- Installing: /home/sunrise/xgo_demo/src/install/xgo_motion/share/xgo_motion/expression/surprise/6.png
-- Installing: /home/sunrise/xgo_demo/src/install/xgo_motion/share/xgo_motion/expression/surprise/13.png
-- Installing: /home/sunrise/xgo_demo/src/install/xgo_motion/share/xgo_motion/expression/surprise/4.png
-- Installing: /home/sunrise/xgo_demo/src/install/xgo_motion/share/xgo_motion/expression/surprise/11.png
-- Installing: /home/sunrise/xgo_demo/src/install/xgo_motion/share/xgo_motion/expression/surprise/14.png
-- Installing: /home/sunrise/xgo_demo/src/install/xgo_motion/share/xgo_motion/expression/love
-- Installing: /home/sunrise/xgo_demo/src/install/xgo_motion/share/xgo_motion/expression/love/8.png
-- Installing: /home/sunrise/xgo_demo/src/install/xgo_motion/share/xgo_motion/expression/love/3.png
-- Installing: /home/sunrise/xgo_demo/src/install/xgo_motion/share/xgo_motion/expression/love/1.png
-- Installing: /home/sunrise/xgo_demo/src/install/xgo_motion/share/xgo_motion/expression/love/10.png
-- Installing: /home/sunrise/xgo_demo/src/install/xgo_motion/share/xgo_motion/expression/love/9.png
-- Installing: /home/sunrise/xgo_demo/src/install/xgo_motion/share/xgo_motion/expression/love/5.png
-- Installing: /home/sunrise/xgo_demo/src/install/xgo_motion/share/xgo_motion/expression/love/7.png
-- Installing: /home/sunrise/xgo_demo/src/install/xgo_motion/share/xgo_motion/expression/love/2.png
-- Installing: /home/sunrise/xgo_demo/src/install/xgo_motion/share/xgo_motion/expression/love/12.png
-- Installing: /home/sunrise/xgo_demo/src/install/xgo_motion/share/xgo_motion/expression/love/6.png
-- Installing: /home/sunrise/xgo_demo/src/install/xgo_motion/share/xgo_motion/expression/love/13.png
-- Installing: /home/sunrise/xgo_demo/src/install/xgo_motion/share/xgo_motion/expression/love/4.png
-- Installing: /home/sunrise/xgo_demo/src/install/xgo_motion/share/xgo_motion/expression/love/11.png
-- Installing: /home/sunrise/xgo_demo/src/install/xgo_motion/share/xgo_motion/expression/guffaw_r
-- Installing: /home/sunrise/xgo_demo/src/install/xgo_motion/share/xgo_motion/expression/guffaw_r/8.png
-- Installing: /home/sunrise/xgo_demo/src/install/xgo_motion/share/xgo_motion/expression/guffaw_r/3.png
-- Installing: /home/sunrise/xgo_demo/src/install/xgo_motion/share/xgo_motion/expression/guffaw_r/1.png
-- Installing: /home/sunrise/xgo_demo/src/install/xgo_motion/share/xgo_motion/expression/guffaw_r/10.png
-- Installing: /home/sunrise/xgo_demo/src/install/xgo_motion/share/xgo_motion/expression/guffaw_r/9.png
-- Installing: /home/sunrise/xgo_demo/src/install/xgo_motion/share/xgo_motion/expression/guffaw_r/5.png
-- Installing: /home/sunrise/xgo_demo/src/install/xgo_motion/share/xgo_motion/expression/guffaw_r/7.png
-- Installing: /home/sunrise/xgo_demo/src/install/xgo_motion/share/xgo_motion/expression/guffaw_r/2.png
-- Installing: /home/sunrise/xgo_demo/src/install/xgo_motion/share/xgo_motion/expression/guffaw_r/6.png
-- Installing: /home/sunrise/xgo_demo/src/install/xgo_motion/share/xgo_motion/expression/guffaw_r/4.png
-- Installing: /home/sunrise/xgo_demo/src/install/xgo_motion/share/xgo_motion/expression/sad
-- Installing: /home/sunrise/xgo_demo/src/install/xgo_motion/share/xgo_motion/expression/sad/8.png
-- Installing: /home/sunrise/xgo_demo/src/install/xgo_motion/share/xgo_motion/expression/sad/3.png
-- Installing: /home/sunrise/xgo_demo/src/install/xgo_motion/share/xgo_motion/expression/sad/1.png
-- Installing: /home/sunrise/xgo_demo/src/install/xgo_motion/share/xgo_motion/expression/sad/10.png
-- Installing: /home/sunrise/xgo_demo/src/install/xgo_motion/share/xgo_motion/expression/sad/9.png
-- Installing: /home/sunrise/xgo_demo/src/install/xgo_motion/share/xgo_motion/expression/sad/5.png
-- Installing: /home/sunrise/xgo_demo/src/install/xgo_motion/share/xgo_motion/expression/sad/7.png
-- Installing: /home/sunrise/xgo_demo/src/install/xgo_motion/share/xgo_motion/expression/sad/2.png
-- Installing: /home/sunrise/xgo_demo/src/install/xgo_motion/share/xgo_motion/expression/sad/12.png
-- Installing: /home/sunrise/xgo_demo/src/install/xgo_motion/share/xgo_motion/expression/sad/6.png
-- Installing: /home/sunrise/xgo_demo/src/install/xgo_motion/share/xgo_motion/expression/sad/13.png
-- Installing: /home/sunrise/xgo_demo/src/install/xgo_motion/share/xgo_motion/expression/sad/4.png
-- Installing: /home/sunrise/xgo_demo/src/install/xgo_motion/share/xgo_motion/expression/sad/11.png
-- Installing: /home/sunrise/xgo_demo/src/install/xgo_motion/share/xgo_motion/expression/sad/14.png
-- Installing: /home/sunrise/xgo_demo/src/install/xgo_motion/share/xgo_motion/expression/guffaw
-- Installing: /home/sunrise/xgo_demo/src/install/xgo_motion/share/xgo_motion/expression/guffaw/8.png
-- Installing: /home/sunrise/xgo_demo/src/install/xgo_motion/share/xgo_motion/expression/guffaw/3.png
-- Installing: /home/sunrise/xgo_demo/src/install/xgo_motion/share/xgo_motion/expression/guffaw/1.png
-- Installing: /home/sunrise/xgo_demo/src/install/xgo_motion/share/xgo_motion/expression/guffaw/5.png
-- Installing: /home/sunrise/xgo_demo/src/install/xgo_motion/share/xgo_motion/expression/guffaw/7.png
-- Installing: /home/sunrise/xgo_demo/src/install/xgo_motion/share/xgo_motion/expression/guffaw/2.png
-- Installing: /home/sunrise/xgo_demo/src/install/xgo_motion/share/xgo_motion/expression/guffaw/6.png
-- Installing: /home/sunrise/xgo_demo/src/install/xgo_motion/share/xgo_motion/expression/guffaw/4.png
-- Installing: /home/sunrise/xgo_demo/src/install/xgo_motion/share/xgo_motion/expression/angry_r
-- Installing: /home/sunrise/xgo_demo/src/install/xgo_motion/share/xgo_motion/expression/angry_r/8.png
-- Installing: /home/sunrise/xgo_demo/src/install/xgo_motion/share/xgo_motion/expression/angry_r/3.png
-- Installing: /home/sunrise/xgo_demo/src/install/xgo_motion/share/xgo_motion/expression/angry_r/1.png
-- Installing: /home/sunrise/xgo_demo/src/install/xgo_motion/share/xgo_motion/expression/angry_r/10.png
-- Installing: /home/sunrise/xgo_demo/src/install/xgo_motion/share/xgo_motion/expression/angry_r/9.png
-- Installing: /home/sunrise/xgo_demo/src/install/xgo_motion/share/xgo_motion/expression/angry_r/5.png
-- Installing: /home/sunrise/xgo_demo/src/install/xgo_motion/share/xgo_motion/expression/angry_r/7.png
-- Installing: /home/sunrise/xgo_demo/src/install/xgo_motion/share/xgo_motion/expression/angry_r/2.png
-- Installing: /home/sunrise/xgo_demo/src/install/xgo_motion/share/xgo_motion/expression/angry_r/12.png
-- Installing: /home/sunrise/xgo_demo/src/install/xgo_motion/share/xgo_motion/expression/angry_r/6.png
-- Installing: /home/sunrise/xgo_demo/src/install/xgo_motion/share/xgo_motion/expression/angry_r/4.png
-- Installing: /home/sunrise/xgo_demo/src/install/xgo_motion/share/xgo_motion/expression/angry_r/11.png
-- Installing: /home/sunrise/xgo_demo/src/install/xgo_motion/share/xgo_motion/expression/hate
-- Installing: /home/sunrise/xgo_demo/src/install/xgo_motion/share/xgo_motion/expression/hate/8.png
-- Installing: /home/sunrise/xgo_demo/src/install/xgo_motion/share/xgo_motion/expression/hate/3.png
-- Installing: /home/sunrise/xgo_demo/src/install/xgo_motion/share/xgo_motion/expression/hate/1.png
-- Installing: /home/sunrise/xgo_demo/src/install/xgo_motion/share/xgo_motion/expression/hate/10.png
-- Installing: /home/sunrise/xgo_demo/src/install/xgo_motion/share/xgo_motion/expression/hate/9.png
-- Installing: /home/sunrise/xgo_demo/src/install/xgo_motion/share/xgo_motion/expression/hate/5.png
-- Installing: /home/sunrise/xgo_demo/src/install/xgo_motion/share/xgo_motion/expression/hate/7.png
-- Installing: /home/sunrise/xgo_demo/src/install/xgo_motion/share/xgo_motion/expression/hate/2.png
-- Installing: /home/sunrise/xgo_demo/src/install/xgo_motion/share/xgo_motion/expression/hate/6.png
-- Installing: /home/sunrise/xgo_demo/src/install/xgo_motion/share/xgo_motion/expression/hate/4.png
-- Installing: /home/sunrise/xgo_demo/src/install/xgo_motion/share/xgo_motion/expression/shame_r
-- Installing: /home/sunrise/xgo_demo/src/install/xgo_motion/share/xgo_motion/expression/shame_r/8.png
-- Installing: /home/sunrise/xgo_demo/src/install/xgo_motion/share/xgo_motion/expression/shame_r/3.png
-- Installing: /home/sunrise/xgo_demo/src/install/xgo_motion/share/xgo_motion/expression/shame_r/1.png
-- Installing: /home/sunrise/xgo_demo/src/install/xgo_motion/share/xgo_motion/expression/shame_r/10.png
-- Installing: /home/sunrise/xgo_demo/src/install/xgo_motion/share/xgo_motion/expression/shame_r/9.png
-- Installing: /home/sunrise/xgo_demo/src/install/xgo_motion/share/xgo_motion/expression/shame_r/5.png
-- Installing: /home/sunrise/xgo_demo/src/install/xgo_motion/share/xgo_motion/expression/shame_r/7.png
-- Installing: /home/sunrise/xgo_demo/src/install/xgo_motion/share/xgo_motion/expression/shame_r/2.png
-- Installing: /home/sunrise/xgo_demo/src/install/xgo_motion/share/xgo_motion/expression/shame_r/6.png
-- Installing: /home/sunrise/xgo_demo/src/install/xgo_motion/share/xgo_motion/expression/shame_r/4.png
-- Installing: /home/sunrise/xgo_demo/src/install/xgo_motion/share/xgo_motion/expression/naughty_r
-- Installing: /home/sunrise/xgo_demo/src/install/xgo_motion/share/xgo_motion/expression/naughty_r/8.png
-- Installing: /home/sunrise/xgo_demo/src/install/xgo_motion/share/xgo_motion/expression/naughty_r/3.png
-- Installing: /home/sunrise/xgo_demo/src/install/xgo_motion/share/xgo_motion/expression/naughty_r/1.png
-- Installing: /home/sunrise/xgo_demo/src/install/xgo_motion/share/xgo_motion/expression/naughty_r/10.png
-- Installing: /home/sunrise/xgo_demo/src/install/xgo_motion/share/xgo_motion/expression/naughty_r/9.png
-- Installing: /home/sunrise/xgo_demo/src/install/xgo_motion/share/xgo_motion/expression/naughty_r/5.png
-- Installing: /home/sunrise/xgo_demo/src/install/xgo_motion/share/xgo_motion/expression/naughty_r/7.png
-- Installing: /home/sunrise/xgo_demo/src/install/xgo_motion/share/xgo_motion/expression/naughty_r/2.png
-- Installing: /home/sunrise/xgo_demo/src/install/xgo_motion/share/xgo_motion/expression/naughty_r/12.png
-- Installing: /home/sunrise/xgo_demo/src/install/xgo_motion/share/xgo_motion/expression/naughty_r/6.png
-- Installing: /home/sunrise/xgo_demo/src/install/xgo_motion/share/xgo_motion/expression/naughty_r/4.png
-- Installing: /home/sunrise/xgo_demo/src/install/xgo_motion/share/xgo_motion/expression/naughty_r/11.png
-- Installing: /home/sunrise/xgo_demo/src/install/xgo_motion/share/xgo_motion/expression/sleepy_r
-- Installing: /home/sunrise/xgo_demo/src/install/xgo_motion/share/xgo_motion/expression/sleepy_r/8.png
-- Installing: /home/sunrise/xgo_demo/src/install/xgo_motion/share/xgo_motion/expression/sleepy_r/3.png
-- Installing: /home/sunrise/xgo_demo/src/install/xgo_motion/share/xgo_motion/expression/sleepy_r/1.png
-- Installing: /home/sunrise/xgo_demo/src/install/xgo_motion/share/xgo_motion/expression/sleepy_r/10.png
-- Installing: /home/sunrise/xgo_demo/src/install/xgo_motion/share/xgo_motion/expression/sleepy_r/9.png
-- Installing: /home/sunrise/xgo_demo/src/install/xgo_motion/share/xgo_motion/expression/sleepy_r/5.png
-- Installing: /home/sunrise/xgo_demo/src/install/xgo_motion/share/xgo_motion/expression/sleepy_r/7.png
-- Installing: /home/sunrise/xgo_demo/src/install/xgo_motion/share/xgo_motion/expression/sleepy_r/2.png
-- Installing: /home/sunrise/xgo_demo/src/install/xgo_motion/share/xgo_motion/expression/sleepy_r/6.png
-- Installing: /home/sunrise/xgo_demo/src/install/xgo_motion/share/xgo_motion/expression/sleepy_r/4.png
-- Installing: /home/sunrise/xgo_demo/src/install/xgo_motion/share/xgo_motion/expression/sleepy_r/11.png
-- Installing: /home/sunrise/xgo_demo/src/install/xgo_motion/share/xgo_motion/music
-- Installing: /home/sunrise/xgo_demo/src/install/xgo_motion/share/xgo_motion/music/Dream.mp3
-- Installing: /home/sunrise/xgo_demo/src/install/xgo_motion/share/xgo_motion/music/Dream_48k_stereo.wav
-- Installing: /home/sunrise/xgo_demo/src/install/xgo_motion/share/ament_index/resource_index/package_run_dependencies/xgo_motion
-- Installing: /home/sunrise/xgo_demo/src/install/xgo_motion/share/ament_index/resource_index/parent_prefix_path/xgo_motion
-- Installing: /home/sunrise/xgo_demo/src/install/xgo_motion/share/xgo_motion/environment/ament_prefix_path.sh
-- Installing: /home/sunrise/xgo_demo/src/install/xgo_motion/share/xgo_motion/environment/ament_prefix_path.dsv
-- Installing: /home/sunrise/xgo_demo/src/install/xgo_motion/share/xgo_motion/environment/path.sh
-- Installing: /home/sunrise/xgo_demo/src/install/xgo_motion/share/xgo_motion/environment/path.dsv
-- Installing: /home/sunrise/xgo_demo/src/install/xgo_motion/share/xgo_motion/local_setup.bash
-- Installing: /home/sunrise/xgo_demo/src/install/xgo_motion/share/xgo_motion/local_setup.sh
-- Installing: /home/sunrise/xgo_demo/src/install/xgo_motion/share/xgo_motion/local_setup.zsh
-- Installing: /home/sunrise/xgo_demo/src/install/xgo_motion/share/xgo_motion/local_setup.dsv
-- Installing: /home/sunrise/xgo_demo/src/install/xgo_motion/share/xgo_motion/package.dsv
-- Installing: /home/sunrise/xgo_demo/src/install/xgo_motion/share/ament_index/resource_index/packages/xgo_motion
-- Installing: /home/sunrise/xgo_demo/src/install/xgo_motion/share/xgo_motion/cmake/xgo_motionConfig.cmake
-- Installing: /home/sunrise/xgo_demo/src/install/xgo_motion/share/xgo_motion/cmake/xgo_motionConfig-version.cmake
-- Installing: /home/sunrise/xgo_demo/src/install/xgo_motion/share/xgo_motion/package.xml
