[0.331s] Invoking command in '/home/sunrise/xgo_demo/src/build/xgo_motion': AMENT_PREFIX_PATH=/home/sunrise/xgo_demo/src/install/xgoscreen:/home/sunrise/xgo_demo/src/install/xgolib:${AMENT_PREFIX_PATH} CMAKE_PREFIX_PATH=/home/sunrise/xgo_demo/src/install/xgoscreen:/home/sunrise/xgo_demo/src/install/xgolib:/home/sunrise/xgo_demo/install/xgo_gesture_control:/home/sunrise/xgo_demo/install/hobot_audio:/home/sunrise/xgo_demo/install/xgo_motion:/home/sunrise/xgo_demo/install/xgo_head:/home/sunrise/xgo_demo/install/xgo_device:/home/sunrise/xgo_demo/install/xgoscreen:/home/sunrise/xgo_demo/install/xgolib:/home/sunrise/xgo_demo/install/xgo_display:/opt/tros/humble:/opt/ros/humble LD_LIBRARY_PATH=/home/sunrise/xgo_demo/src/install/xgoscreen/lib:/home/sunrise/xgo_demo/src/install/xgolib/lib:${LD_LIBRARY_PATH} /usr/bin/cmake /home/sunrise/xgo_demo/src/xgo_motion -DCMAKE_INSTALL_PREFIX=/home/sunrise/xgo_demo/src/install/xgo_motion
[0.990s] -- The C compiler identification is GNU 11.2.0
[1.343s] -- The CXX compiler identification is GNU 11.2.0
[1.400s] -- Detecting C compiler ABI info
[1.772s] -- Detecting C compiler ABI info - done
[1.827s] -- Check for working C compiler: /usr/bin/cc - skipped
[1.829s] -- Detecting C compile features
[1.834s] -- Detecting C compile features - done
[1.857s] -- Detecting CXX compiler ABI info
[2.273s] -- Detecting CXX compiler ABI info - done
[2.330s] -- Check for working CXX compiler: /usr/bin/c++ - skipped
[2.332s] -- Detecting CXX compile features
[2.335s] -- Detecting CXX compile features - done
[2.398s] -- Found ament_cmake: 1.3.11 (/opt/ros/humble/share/ament_cmake/cmake)
[3.804s] -- Found Python3: /usr/bin/python3 (found version "3.10.12") found components: Interpreter 
[4.794s] -- Found rclcpp: 16.0.12 (/opt/ros/humble/share/rclcpp/cmake)
[5.200s] -- Found rosidl_generator_c: 3.1.6 (/opt/ros/humble/share/rosidl_generator_c/cmake)
[5.257s] -- Found rosidl_adapter: 3.1.6 (/opt/ros/humble/share/rosidl_adapter/cmake)
[5.396s] -- Found rosidl_generator_cpp: 3.1.6 (/opt/ros/humble/share/rosidl_generator_cpp/cmake)
[5.622s] -- Using all available rosidl_typesupport_c: rosidl_typesupport_fastrtps_c;rosidl_typesupport_introspection_c
[5.770s] -- Using all available rosidl_typesupport_cpp: rosidl_typesupport_fastrtps_cpp;rosidl_typesupport_introspection_cpp
[6.180s] -- Found rmw_implementation_cmake: 6.1.2 (/opt/ros/humble/share/rmw_implementation_cmake/cmake)
[6.206s] -- Found rmw_fastrtps_cpp: 6.2.7 (/opt/ros/humble/share/rmw_fastrtps_cpp/cmake)
[6.730s] -- Found OpenSSL: /usr/lib/aarch64-linux-gnu/libcrypto.so (found version "3.0.2")  
[6.882s] -- Found FastRTPS: /opt/ros/humble/include  
[7.089s] -- Using RMW implementation 'rmw_fastrtps_cpp' as default
[7.173s] -- Looking for pthread.h
[7.566s] -- Looking for pthread.h - found
[7.567s] -- Performing Test CMAKE_HAVE_LIBC_PTHREAD
[9.388s] -- Performing Test CMAKE_HAVE_LIBC_PTHREAD - Success
[9.394s] -- Found Threads: TRUE  
[10.000s] -- Found xgolib: 1.0.0 (/home/sunrise/xgo_demo/src/install/xgolib/share/xgolib/cmake)
[10.024s] -- Found xgoscreen: 0.0.1 (/home/sunrise/xgo_demo/src/install/xgoscreen/share/xgoscreen/cmake)
[11.159s] -- Configuring done
[11.241s] -- Generating done
[11.265s] -- Build files have been written to: /home/sunrise/xgo_demo/src/build/xgo_motion
[11.343s] Invoked command in '/home/sunrise/xgo_demo/src/build/xgo_motion' returned '0': AMENT_PREFIX_PATH=/home/sunrise/xgo_demo/src/install/xgoscreen:/home/sunrise/xgo_demo/src/install/xgolib:${AMENT_PREFIX_PATH} CMAKE_PREFIX_PATH=/home/sunrise/xgo_demo/src/install/xgoscreen:/home/sunrise/xgo_demo/src/install/xgolib:/home/sunrise/xgo_demo/install/xgo_gesture_control:/home/sunrise/xgo_demo/install/hobot_audio:/home/sunrise/xgo_demo/install/xgo_motion:/home/sunrise/xgo_demo/install/xgo_head:/home/sunrise/xgo_demo/install/xgo_device:/home/sunrise/xgo_demo/install/xgoscreen:/home/sunrise/xgo_demo/install/xgolib:/home/sunrise/xgo_demo/install/xgo_display:/opt/tros/humble:/opt/ros/humble LD_LIBRARY_PATH=/home/sunrise/xgo_demo/src/install/xgoscreen/lib:/home/sunrise/xgo_demo/src/install/xgolib/lib:${LD_LIBRARY_PATH} /usr/bin/cmake /home/sunrise/xgo_demo/src/xgo_motion -DCMAKE_INSTALL_PREFIX=/home/sunrise/xgo_demo/src/install/xgo_motion
[11.369s] Invoking command in '/home/sunrise/xgo_demo/src/build/xgo_motion': AMENT_PREFIX_PATH=/home/sunrise/xgo_demo/src/install/xgoscreen:/home/sunrise/xgo_demo/src/install/xgolib:${AMENT_PREFIX_PATH} CMAKE_PREFIX_PATH=/home/sunrise/xgo_demo/src/install/xgoscreen:/home/sunrise/xgo_demo/src/install/xgolib:/home/sunrise/xgo_demo/install/xgo_gesture_control:/home/sunrise/xgo_demo/install/hobot_audio:/home/sunrise/xgo_demo/install/xgo_motion:/home/sunrise/xgo_demo/install/xgo_head:/home/sunrise/xgo_demo/install/xgo_device:/home/sunrise/xgo_demo/install/xgoscreen:/home/sunrise/xgo_demo/install/xgolib:/home/sunrise/xgo_demo/install/xgo_display:/opt/tros/humble:/opt/ros/humble LD_LIBRARY_PATH=/home/sunrise/xgo_demo/src/install/xgoscreen/lib:/home/sunrise/xgo_demo/src/install/xgolib/lib:${LD_LIBRARY_PATH} /usr/bin/cmake --build /home/sunrise/xgo_demo/src/build/xgo_motion -- -j4 -l4
[11.563s] [ 50%] [32mBuilding CXX object CMakeFiles/dog_show_combined.dir/src/dog_show_combined.cpp.o[0m
[200.400s] [100%] [32m[1mLinking CXX executable dog_show_combined[0m
[210.671s] [100%] Built target dog_show_combined
[210.833s] Invoked command in '/home/sunrise/xgo_demo/src/build/xgo_motion' returned '0': AMENT_PREFIX_PATH=/home/sunrise/xgo_demo/src/install/xgoscreen:/home/sunrise/xgo_demo/src/install/xgolib:${AMENT_PREFIX_PATH} CMAKE_PREFIX_PATH=/home/sunrise/xgo_demo/src/install/xgoscreen:/home/sunrise/xgo_demo/src/install/xgolib:/home/sunrise/xgo_demo/install/xgo_gesture_control:/home/sunrise/xgo_demo/install/hobot_audio:/home/sunrise/xgo_demo/install/xgo_motion:/home/sunrise/xgo_demo/install/xgo_head:/home/sunrise/xgo_demo/install/xgo_device:/home/sunrise/xgo_demo/install/xgoscreen:/home/sunrise/xgo_demo/install/xgolib:/home/sunrise/xgo_demo/install/xgo_display:/opt/tros/humble:/opt/ros/humble LD_LIBRARY_PATH=/home/sunrise/xgo_demo/src/install/xgoscreen/lib:/home/sunrise/xgo_demo/src/install/xgolib/lib:${LD_LIBRARY_PATH} /usr/bin/cmake --build /home/sunrise/xgo_demo/src/build/xgo_motion -- -j4 -l4
[210.947s] Invoking command in '/home/sunrise/xgo_demo/src/build/xgo_motion': AMENT_PREFIX_PATH=/home/sunrise/xgo_demo/src/install/xgoscreen:/home/sunrise/xgo_demo/src/install/xgolib:${AMENT_PREFIX_PATH} CMAKE_PREFIX_PATH=/home/sunrise/xgo_demo/src/install/xgoscreen:/home/sunrise/xgo_demo/src/install/xgolib:/home/sunrise/xgo_demo/install/xgo_gesture_control:/home/sunrise/xgo_demo/install/hobot_audio:/home/sunrise/xgo_demo/install/xgo_motion:/home/sunrise/xgo_demo/install/xgo_head:/home/sunrise/xgo_demo/install/xgo_device:/home/sunrise/xgo_demo/install/xgoscreen:/home/sunrise/xgo_demo/install/xgolib:/home/sunrise/xgo_demo/install/xgo_display:/opt/tros/humble:/opt/ros/humble LD_LIBRARY_PATH=/home/sunrise/xgo_demo/src/install/xgoscreen/lib:/home/sunrise/xgo_demo/src/install/xgolib/lib:${LD_LIBRARY_PATH} /usr/bin/cmake --install /home/sunrise/xgo_demo/src/build/xgo_motion
[211.010s] -- Install configuration: ""
[211.011s] -- Installing: /home/sunrise/xgo_demo/src/install/xgo_motion/lib/xgo_motion/dog_show_combined
[211.012s] -- Set runtime path of "/home/sunrise/xgo_demo/src/install/xgo_motion/lib/xgo_motion/dog_show_combined" to ""
[211.013s] -- Installing: /home/sunrise/xgo_demo/src/install/xgo_motion/share/xgo_motion/expression
[211.013s] -- Installing: /home/sunrise/xgo_demo/src/install/xgo_motion/share/xgo_motion/expression/awkwardness_r
[211.015s] -- Installing: /home/sunrise/xgo_demo/src/install/xgo_motion/share/xgo_motion/expression/awkwardness_r/8.png
[211.018s] -- Installing: /home/sunrise/xgo_demo/src/install/xgo_motion/share/xgo_motion/expression/awkwardness_r/3.png
[211.020s] -- Installing: /home/sunrise/xgo_demo/src/install/xgo_motion/share/xgo_motion/expression/awkwardness_r/1.png
[211.022s] -- Installing: /home/sunrise/xgo_demo/src/install/xgo_motion/share/xgo_motion/expression/awkwardness_r/10.png
[211.024s] -- Installing: /home/sunrise/xgo_demo/src/install/xgo_motion/share/xgo_motion/expression/awkwardness_r/9.png
[211.026s] -- Installing: /home/sunrise/xgo_demo/src/install/xgo_motion/share/xgo_motion/expression/awkwardness_r/5.png
[211.028s] -- Installing: /home/sunrise/xgo_demo/src/install/xgo_motion/share/xgo_motion/expression/awkwardness_r/7.png
[211.030s] -- Installing: /home/sunrise/xgo_demo/src/install/xgo_motion/share/xgo_motion/expression/awkwardness_r/2.png
[211.033s] -- Installing: /home/sunrise/xgo_demo/src/install/xgo_motion/share/xgo_motion/expression/awkwardness_r/12.png
[211.034s] -- Installing: /home/sunrise/xgo_demo/src/install/xgo_motion/share/xgo_motion/expression/awkwardness_r/6.png
[211.036s] -- Installing: /home/sunrise/xgo_demo/src/install/xgo_motion/share/xgo_motion/expression/awkwardness_r/4.png
[211.038s] -- Installing: /home/sunrise/xgo_demo/src/install/xgo_motion/share/xgo_motion/expression/awkwardness_r/11.png
[211.040s] -- Installing: /home/sunrise/xgo_demo/src/install/xgo_motion/share/xgo_motion/expression/pray
[211.042s] -- Installing: /home/sunrise/xgo_demo/src/install/xgo_motion/share/xgo_motion/expression/pray/8.png
[211.044s] -- Installing: /home/sunrise/xgo_demo/src/install/xgo_motion/share/xgo_motion/expression/pray/3.png
[211.045s] -- Installing: /home/sunrise/xgo_demo/src/install/xgo_motion/share/xgo_motion/expression/pray/1.png
[211.048s] -- Installing: /home/sunrise/xgo_demo/src/install/xgo_motion/share/xgo_motion/expression/pray/5.png
[211.050s] -- Installing: /home/sunrise/xgo_demo/src/install/xgo_motion/share/xgo_motion/expression/pray/7.png
[211.052s] -- Installing: /home/sunrise/xgo_demo/src/install/xgo_motion/share/xgo_motion/expression/pray/2.png
[211.053s] -- Installing: /home/sunrise/xgo_demo/src/install/xgo_motion/share/xgo_motion/expression/pray/6.png
[211.055s] -- Installing: /home/sunrise/xgo_demo/src/install/xgo_motion/share/xgo_motion/expression/pray/4.png
[211.057s] -- Installing: /home/sunrise/xgo_demo/src/install/xgo_motion/share/xgo_motion/expression/happy
[211.058s] -- Installing: /home/sunrise/xgo_demo/src/install/xgo_motion/share/xgo_motion/expression/happy/8.png
[211.060s] -- Installing: /home/sunrise/xgo_demo/src/install/xgo_motion/share/xgo_motion/expression/happy/3.png
[211.065s] -- Installing: /home/sunrise/xgo_demo/src/install/xgo_motion/share/xgo_motion/expression/happy/1.png
[211.066s] -- Installing: /home/sunrise/xgo_demo/src/install/xgo_motion/share/xgo_motion/expression/happy/10.png
[211.068s] -- Installing: /home/sunrise/xgo_demo/src/install/xgo_motion/share/xgo_motion/expression/happy/9.png
[211.071s] -- Installing: /home/sunrise/xgo_demo/src/install/xgo_motion/share/xgo_motion/expression/happy/5.png
[211.073s] -- Installing: /home/sunrise/xgo_demo/src/install/xgo_motion/share/xgo_motion/expression/happy/7.png
[211.074s] -- Installing: /home/sunrise/xgo_demo/src/install/xgo_motion/share/xgo_motion/expression/happy/2.png
[211.076s] -- Installing: /home/sunrise/xgo_demo/src/install/xgo_motion/share/xgo_motion/expression/happy/12.png
[211.080s] -- Installing: /home/sunrise/xgo_demo/src/install/xgo_motion/share/xgo_motion/expression/happy/6.png
[211.082s] -- Installing: /home/sunrise/xgo_demo/src/install/xgo_motion/share/xgo_motion/expression/happy/4.png
[211.085s] -- Installing: /home/sunrise/xgo_demo/src/install/xgo_motion/share/xgo_motion/expression/happy/11.png
[211.088s] -- Installing: /home/sunrise/xgo_demo/src/install/xgo_motion/share/xgo_motion/expression/cute_r
[211.089s] -- Installing: /home/sunrise/xgo_demo/src/install/xgo_motion/share/xgo_motion/expression/cute_r/8.png
[211.091s] -- Installing: /home/sunrise/xgo_demo/src/install/xgo_motion/share/xgo_motion/expression/cute_r/3.png
[211.093s] -- Installing: /home/sunrise/xgo_demo/src/install/xgo_motion/share/xgo_motion/expression/cute_r/1.png
[211.094s] -- Installing: /home/sunrise/xgo_demo/src/install/xgo_motion/share/xgo_motion/expression/cute_r/5.png
[211.097s] -- Installing: /home/sunrise/xgo_demo/src/install/xgo_motion/share/xgo_motion/expression/cute_r/7.png
[211.099s] -- Installing: /home/sunrise/xgo_demo/src/install/xgo_motion/share/xgo_motion/expression/cute_r/2.png
[211.110s] -- Installing: /home/sunrise/xgo_demo/src/install/xgo_motion/share/xgo_motion/expression/cute_r/6.png
[211.113s] -- Installing: /home/sunrise/xgo_demo/src/install/xgo_motion/share/xgo_motion/expression/cute_r/4.png
[211.114s] -- Installing: /home/sunrise/xgo_demo/src/install/xgo_motion/share/xgo_motion/expression/naughty
[211.115s] -- Installing: /home/sunrise/xgo_demo/src/install/xgo_motion/share/xgo_motion/expression/naughty/8.png
[211.116s] -- Installing: /home/sunrise/xgo_demo/src/install/xgo_motion/share/xgo_motion/expression/naughty/3.png
[211.119s] -- Installing: /home/sunrise/xgo_demo/src/install/xgo_motion/share/xgo_motion/expression/naughty/1.png
[211.121s] -- Installing: /home/sunrise/xgo_demo/src/install/xgo_motion/share/xgo_motion/expression/naughty/10.png
[211.125s] -- Installing: /home/sunrise/xgo_demo/src/install/xgo_motion/share/xgo_motion/expression/naughty/9.png
[211.129s] -- Installing: /home/sunrise/xgo_demo/src/install/xgo_motion/share/xgo_motion/expression/naughty/5.png
[211.130s] -- Installing: /home/sunrise/xgo_demo/src/install/xgo_motion/share/xgo_motion/expression/naughty/7.png
[211.132s] -- Installing: /home/sunrise/xgo_demo/src/install/xgo_motion/share/xgo_motion/expression/naughty/2.png
[211.134s] -- Installing: /home/sunrise/xgo_demo/src/install/xgo_motion/share/xgo_motion/expression/naughty/12.png
[211.136s] -- Installing: /home/sunrise/xgo_demo/src/install/xgo_motion/share/xgo_motion/expression/naughty/6.png
[211.144s] -- Installing: /home/sunrise/xgo_demo/src/install/xgo_motion/share/xgo_motion/expression/naughty/13.png
[211.150s] -- Installing: /home/sunrise/xgo_demo/src/install/xgo_motion/share/xgo_motion/expression/naughty/4.png
[211.159s] -- Installing: /home/sunrise/xgo_demo/src/install/xgo_motion/share/xgo_motion/expression/naughty/11.png
[211.165s] -- Installing: /home/sunrise/xgo_demo/src/install/xgo_motion/share/xgo_motion/expression/naughty/14.png
[211.171s] -- Installing: /home/sunrise/xgo_demo/src/install/xgo_motion/share/xgo_motion/expression/hate_r
[211.172s] -- Installing: /home/sunrise/xgo_demo/src/install/xgo_motion/share/xgo_motion/expression/hate_r/8.png
[211.179s] -- Installing: /home/sunrise/xgo_demo/src/install/xgo_motion/share/xgo_motion/expression/hate_r/16.png
[211.184s] -- Installing: /home/sunrise/xgo_demo/src/install/xgo_motion/share/xgo_motion/expression/hate_r/3.png
[211.187s] -- Installing: /home/sunrise/xgo_demo/src/install/xgo_motion/share/xgo_motion/expression/hate_r/1.png
[211.190s] -- Installing: /home/sunrise/xgo_demo/src/install/xgo_motion/share/xgo_motion/expression/hate_r/10.png
[211.192s] -- Installing: /home/sunrise/xgo_demo/src/install/xgo_motion/share/xgo_motion/expression/hate_r/9.png
[211.194s] -- Installing: /home/sunrise/xgo_demo/src/install/xgo_motion/share/xgo_motion/expression/hate_r/5.png
[211.197s] -- Installing: /home/sunrise/xgo_demo/src/install/xgo_motion/share/xgo_motion/expression/hate_r/7.png
[211.197s] -- Installing: /home/sunrise/xgo_demo/src/install/xgo_motion/share/xgo_motion/expression/hate_r/2.png
[211.199s] -- Installing: /home/sunrise/xgo_demo/src/install/xgo_motion/share/xgo_motion/expression/hate_r/12.png
[211.200s] -- Installing: /home/sunrise/xgo_demo/src/install/xgo_motion/share/xgo_motion/expression/hate_r/15.png
[211.201s] -- Installing: /home/sunrise/xgo_demo/src/install/xgo_motion/share/xgo_motion/expression/hate_r/6.png
[211.202s] -- Installing: /home/sunrise/xgo_demo/src/install/xgo_motion/share/xgo_motion/expression/hate_r/13.png
[211.203s] -- Installing: /home/sunrise/xgo_demo/src/install/xgo_motion/share/xgo_motion/expression/hate_r/4.png
[211.205s] -- Installing: /home/sunrise/xgo_demo/src/install/xgo_motion/share/xgo_motion/expression/hate_r/11.png
[211.208s] -- Installing: /home/sunrise/xgo_demo/src/install/xgo_motion/share/xgo_motion/expression/hate_r/14.png
[211.209s] -- Installing: /home/sunrise/xgo_demo/src/install/xgo_motion/share/xgo_motion/expression/boring
[211.211s] -- Installing: /home/sunrise/xgo_demo/src/install/xgo_motion/share/xgo_motion/expression/boring/8.png
[211.216s] -- Installing: /home/sunrise/xgo_demo/src/install/xgo_motion/share/xgo_motion/expression/boring/3.png
[211.219s] -- Installing: /home/sunrise/xgo_demo/src/install/xgo_motion/share/xgo_motion/expression/boring/1.png
[211.220s] -- Installing: /home/sunrise/xgo_demo/src/install/xgo_motion/share/xgo_motion/expression/boring/10.png
[211.225s] -- Installing: /home/sunrise/xgo_demo/src/install/xgo_motion/share/xgo_motion/expression/boring/9.png
[211.229s] -- Installing: /home/sunrise/xgo_demo/src/install/xgo_motion/share/xgo_motion/expression/boring/5.png
[211.231s] -- Installing: /home/sunrise/xgo_demo/src/install/xgo_motion/share/xgo_motion/expression/boring/7.png
[211.232s] -- Installing: /home/sunrise/xgo_demo/src/install/xgo_motion/share/xgo_motion/expression/boring/2.png
[211.233s] -- Installing: /home/sunrise/xgo_demo/src/install/xgo_motion/share/xgo_motion/expression/boring/12.png
[211.237s] -- Installing: /home/sunrise/xgo_demo/src/install/xgo_motion/share/xgo_motion/expression/boring/6.png
[211.239s] -- Installing: /home/sunrise/xgo_demo/src/install/xgo_motion/share/xgo_motion/expression/boring/13.png
[211.242s] -- Installing: /home/sunrise/xgo_demo/src/install/xgo_motion/share/xgo_motion/expression/boring/4.png
[211.244s] -- Installing: /home/sunrise/xgo_demo/src/install/xgo_motion/share/xgo_motion/expression/boring/11.png
[211.246s] -- Installing: /home/sunrise/xgo_demo/src/install/xgo_motion/share/xgo_motion/expression/boring/14.png
[211.249s] -- Installing: /home/sunrise/xgo_demo/src/install/xgo_motion/share/xgo_motion/expression/drool
[211.250s] -- Installing: /home/sunrise/xgo_demo/src/install/xgo_motion/share/xgo_motion/expression/drool/8.png
[211.252s] -- Installing: /home/sunrise/xgo_demo/src/install/xgo_motion/share/xgo_motion/expression/drool/3.png
[211.254s] -- Installing: /home/sunrise/xgo_demo/src/install/xgo_motion/share/xgo_motion/expression/drool/1.png
[211.255s] -- Installing: /home/sunrise/xgo_demo/src/install/xgo_motion/share/xgo_motion/expression/drool/5.png
[211.257s] -- Installing: /home/sunrise/xgo_demo/src/install/xgo_motion/share/xgo_motion/expression/drool/7.png
[211.259s] -- Installing: /home/sunrise/xgo_demo/src/install/xgo_motion/share/xgo_motion/expression/drool/2.png
[211.260s] -- Installing: /home/sunrise/xgo_demo/src/install/xgo_motion/share/xgo_motion/expression/drool/6.png
[211.262s] -- Installing: /home/sunrise/xgo_demo/src/install/xgo_motion/share/xgo_motion/expression/drool/4.png
[211.267s] -- Installing: /home/sunrise/xgo_demo/src/install/xgo_motion/share/xgo_motion/expression/shame
[211.272s] -- Installing: /home/sunrise/xgo_demo/src/install/xgo_motion/share/xgo_motion/expression/shame/8.png
[211.274s] -- Installing: /home/sunrise/xgo_demo/src/install/xgo_motion/share/xgo_motion/expression/shame/3.png
[211.275s] -- Installing: /home/sunrise/xgo_demo/src/install/xgo_motion/share/xgo_motion/expression/shame/1.png
[211.277s] -- Installing: /home/sunrise/xgo_demo/src/install/xgo_motion/share/xgo_motion/expression/shame/10.png
[211.279s] -- Installing: /home/sunrise/xgo_demo/src/install/xgo_motion/share/xgo_motion/expression/shame/9.png
[211.281s] -- Installing: /home/sunrise/xgo_demo/src/install/xgo_motion/share/xgo_motion/expression/shame/5.png
[211.283s] -- Installing: /home/sunrise/xgo_demo/src/install/xgo_motion/share/xgo_motion/expression/shame/7.png
[211.285s] -- Installing: /home/sunrise/xgo_demo/src/install/xgo_motion/share/xgo_motion/expression/shame/2.png
[211.288s] -- Installing: /home/sunrise/xgo_demo/src/install/xgo_motion/share/xgo_motion/expression/shame/6.png
[211.289s] -- Installing: /home/sunrise/xgo_demo/src/install/xgo_motion/share/xgo_motion/expression/shame/4.png
[211.291s] -- Installing: /home/sunrise/xgo_demo/src/install/xgo_motion/share/xgo_motion/expression/shame/11.png
[211.294s] -- Installing: /home/sunrise/xgo_demo/src/install/xgo_motion/share/xgo_motion/expression/Shakehead
[211.295s] -- Installing: /home/sunrise/xgo_demo/src/install/xgo_motion/share/xgo_motion/expression/Shakehead/3.png
[211.298s] -- Installing: /home/sunrise/xgo_demo/src/install/xgo_motion/share/xgo_motion/expression/Shakehead/1.png
[211.299s] -- Installing: /home/sunrise/xgo_demo/src/install/xgo_motion/share/xgo_motion/expression/Shakehead/5.png
[211.303s] -- Installing: /home/sunrise/xgo_demo/src/install/xgo_motion/share/xgo_motion/expression/Shakehead/7.png
[211.304s] -- Installing: /home/sunrise/xgo_demo/src/install/xgo_motion/share/xgo_motion/expression/Shakehead/2.png
[211.306s] -- Installing: /home/sunrise/xgo_demo/src/install/xgo_motion/share/xgo_motion/expression/Shakehead/6.png
[211.308s] -- Installing: /home/sunrise/xgo_demo/src/install/xgo_motion/share/xgo_motion/expression/Shakehead/4.png
[211.310s] -- Installing: /home/sunrise/xgo_demo/src/install/xgo_motion/share/xgo_motion/expression/Stun
[211.311s] -- Installing: /home/sunrise/xgo_demo/src/install/xgo_motion/share/xgo_motion/expression/Stun/8.png
[211.314s] -- Installing: /home/sunrise/xgo_demo/src/install/xgo_motion/share/xgo_motion/expression/Stun/3.png
[211.315s] -- Installing: /home/sunrise/xgo_demo/src/install/xgo_motion/share/xgo_motion/expression/Stun/1.png
[211.317s] -- Installing: /home/sunrise/xgo_demo/src/install/xgo_motion/share/xgo_motion/expression/Stun/5.png
[211.318s] -- Installing: /home/sunrise/xgo_demo/src/install/xgo_motion/share/xgo_motion/expression/Stun/7.png
[211.322s] -- Installing: /home/sunrise/xgo_demo/src/install/xgo_motion/share/xgo_motion/expression/Stun/2.png
[211.328s] -- Installing: /home/sunrise/xgo_demo/src/install/xgo_motion/share/xgo_motion/expression/Stun/6.png
[211.329s] -- Installing: /home/sunrise/xgo_demo/src/install/xgo_motion/share/xgo_motion/expression/Stun/4.png
[211.330s] -- Installing: /home/sunrise/xgo_demo/src/install/xgo_motion/share/xgo_motion/expression/wronged
[211.332s] -- Installing: /home/sunrise/xgo_demo/src/install/xgo_motion/share/xgo_motion/expression/wronged/8.png
[211.335s] -- Installing: /home/sunrise/xgo_demo/src/install/xgo_motion/share/xgo_motion/expression/wronged/3.png
[211.336s] -- Installing: /home/sunrise/xgo_demo/src/install/xgo_motion/share/xgo_motion/expression/wronged/1.png
[211.338s] -- Installing: /home/sunrise/xgo_demo/src/install/xgo_motion/share/xgo_motion/expression/wronged/10.png
[211.340s] -- Installing: /home/sunrise/xgo_demo/src/install/xgo_motion/share/xgo_motion/expression/wronged/9.png
[211.341s] -- Installing: /home/sunrise/xgo_demo/src/install/xgo_motion/share/xgo_motion/expression/wronged/5.png
[211.345s] -- Installing: /home/sunrise/xgo_demo/src/install/xgo_motion/share/xgo_motion/expression/wronged/7.png
[211.347s] -- Installing: /home/sunrise/xgo_demo/src/install/xgo_motion/share/xgo_motion/expression/wronged/2.png
[211.349s] -- Installing: /home/sunrise/xgo_demo/src/install/xgo_motion/share/xgo_motion/expression/wronged/12.png
[211.352s] -- Installing: /home/sunrise/xgo_demo/src/install/xgo_motion/share/xgo_motion/expression/wronged/6.png
[211.353s] -- Installing: /home/sunrise/xgo_demo/src/install/xgo_motion/share/xgo_motion/expression/wronged/13.png
[211.354s] -- Installing: /home/sunrise/xgo_demo/src/install/xgo_motion/share/xgo_motion/expression/wronged/4.png
[211.356s] -- Installing: /home/sunrise/xgo_demo/src/install/xgo_motion/share/xgo_motion/expression/wronged/11.png
[211.360s] -- Installing: /home/sunrise/xgo_demo/src/install/xgo_motion/share/xgo_motion/expression/wronged/14.png
[211.361s] -- Installing: /home/sunrise/xgo_demo/src/install/xgo_motion/share/xgo_motion/expression/surprise_r
[211.361s] -- Installing: /home/sunrise/xgo_demo/src/install/xgo_motion/share/xgo_motion/expression/surprise_r/8.png
[211.364s] -- Installing: /home/sunrise/xgo_demo/src/install/xgo_motion/share/xgo_motion/expression/surprise_r/3.png
[211.365s] -- Installing: /home/sunrise/xgo_demo/src/install/xgo_motion/share/xgo_motion/expression/surprise_r/1.png
[211.366s] -- Installing: /home/sunrise/xgo_demo/src/install/xgo_motion/share/xgo_motion/expression/surprise_r/10.png
[211.369s] -- Installing: /home/sunrise/xgo_demo/src/install/xgo_motion/share/xgo_motion/expression/surprise_r/9.png
[211.371s] -- Installing: /home/sunrise/xgo_demo/src/install/xgo_motion/share/xgo_motion/expression/surprise_r/5.png
[211.373s] -- Installing: /home/sunrise/xgo_demo/src/install/xgo_motion/share/xgo_motion/expression/surprise_r/7.png
[211.375s] -- Installing: /home/sunrise/xgo_demo/src/install/xgo_motion/share/xgo_motion/expression/surprise_r/2.png
[211.377s] -- Installing: /home/sunrise/xgo_demo/src/install/xgo_motion/share/xgo_motion/expression/surprise_r/12.png
[211.379s] -- Installing: /home/sunrise/xgo_demo/src/install/xgo_motion/share/xgo_motion/expression/surprise_r/6.png
[211.382s] -- Installing: /home/sunrise/xgo_demo/src/install/xgo_motion/share/xgo_motion/expression/surprise_r/4.png
[211.386s] -- Installing: /home/sunrise/xgo_demo/src/install/xgo_motion/share/xgo_motion/expression/surprise_r/11.png
[211.388s] -- Installing: /home/sunrise/xgo_demo/src/install/xgo_motion/share/xgo_motion/expression/awkwardness
[211.388s] -- Installing: /home/sunrise/xgo_demo/src/install/xgo_motion/share/xgo_motion/expression/awkwardness/8.png
[211.390s] -- Installing: /home/sunrise/xgo_demo/src/install/xgo_motion/share/xgo_motion/expression/awkwardness/3.png
[211.392s] -- Installing: /home/sunrise/xgo_demo/src/install/xgo_motion/share/xgo_motion/expression/awkwardness/1.png
[211.393s] -- Installing: /home/sunrise/xgo_demo/src/install/xgo_motion/share/xgo_motion/expression/awkwardness/10.png
[211.395s] -- Installing: /home/sunrise/xgo_demo/src/install/xgo_motion/share/xgo_motion/expression/awkwardness/9.png
[211.399s] -- Installing: /home/sunrise/xgo_demo/src/install/xgo_motion/share/xgo_motion/expression/awkwardness/5.png
[211.400s] -- Installing: /home/sunrise/xgo_demo/src/install/xgo_motion/share/xgo_motion/expression/awkwardness/7.png
[211.401s] -- Installing: /home/sunrise/xgo_demo/src/install/xgo_motion/share/xgo_motion/expression/awkwardness/2.png
[211.402s] -- Installing: /home/sunrise/xgo_demo/src/install/xgo_motion/share/xgo_motion/expression/awkwardness/6.png
[211.403s] -- Installing: /home/sunrise/xgo_demo/src/install/xgo_motion/share/xgo_motion/expression/awkwardness/4.png
[211.405s] -- Installing: /home/sunrise/xgo_demo/src/install/xgo_motion/share/xgo_motion/expression/awkwardness/11.png
[211.413s] -- Installing: /home/sunrise/xgo_demo/src/install/xgo_motion/share/xgo_motion/expression/query
[211.414s] -- Installing: /home/sunrise/xgo_demo/src/install/xgo_motion/share/xgo_motion/expression/query/3.png
[211.416s] -- Installing: /home/sunrise/xgo_demo/src/install/xgo_motion/share/xgo_motion/expression/query/1.png
[211.417s] -- Installing: /home/sunrise/xgo_demo/src/install/xgo_motion/share/xgo_motion/expression/query/5.png
[211.420s] -- Installing: /home/sunrise/xgo_demo/src/install/xgo_motion/share/xgo_motion/expression/query/7.png
[211.421s] -- Installing: /home/sunrise/xgo_demo/src/install/xgo_motion/share/xgo_motion/expression/query/2.png
[211.423s] -- Installing: /home/sunrise/xgo_demo/src/install/xgo_motion/share/xgo_motion/expression/query/6.png
[211.424s] -- Installing: /home/sunrise/xgo_demo/src/install/xgo_motion/share/xgo_motion/expression/query/4.png
[211.426s] -- Installing: /home/sunrise/xgo_demo/src/install/xgo_motion/share/xgo_motion/expression/eyes
[211.428s] -- Installing: /home/sunrise/xgo_demo/src/install/xgo_motion/share/xgo_motion/expression/eyes/8.png
[211.430s] -- Installing: /home/sunrise/xgo_demo/src/install/xgo_motion/share/xgo_motion/expression/eyes/3.png
[211.431s] -- Installing: /home/sunrise/xgo_demo/src/install/xgo_motion/share/xgo_motion/expression/eyes/1.png
[211.433s] -- Installing: /home/sunrise/xgo_demo/src/install/xgo_motion/share/xgo_motion/expression/eyes/10.png
[211.436s] -- Installing: /home/sunrise/xgo_demo/src/install/xgo_motion/share/xgo_motion/expression/eyes/9.png
[211.438s] -- Installing: /home/sunrise/xgo_demo/src/install/xgo_motion/share/xgo_motion/expression/eyes/5.png
[211.441s] -- Installing: /home/sunrise/xgo_demo/src/install/xgo_motion/share/xgo_motion/expression/eyes/7.png
[211.442s] -- Installing: /home/sunrise/xgo_demo/src/install/xgo_motion/share/xgo_motion/expression/eyes/2.png
[211.444s] -- Installing: /home/sunrise/xgo_demo/src/install/xgo_motion/share/xgo_motion/expression/eyes/12.png
[211.447s] -- Installing: /home/sunrise/xgo_demo/src/install/xgo_motion/share/xgo_motion/expression/eyes/15.png
[211.449s] -- Installing: /home/sunrise/xgo_demo/src/install/xgo_motion/share/xgo_motion/expression/eyes/6.png
[211.452s] -- Installing: /home/sunrise/xgo_demo/src/install/xgo_motion/share/xgo_motion/expression/eyes/13.png
[211.457s] -- Installing: /home/sunrise/xgo_demo/src/install/xgo_motion/share/xgo_motion/expression/eyes/4.png
[211.458s] -- Installing: /home/sunrise/xgo_demo/src/install/xgo_motion/share/xgo_motion/expression/eyes/11.png
[211.460s] -- Installing: /home/sunrise/xgo_demo/src/install/xgo_motion/share/xgo_motion/expression/eyes/14.png
[211.461s] -- Installing: /home/sunrise/xgo_demo/src/install/xgo_motion/share/xgo_motion/expression/rider
[211.466s] -- Installing: /home/sunrise/xgo_demo/src/install/xgo_motion/share/xgo_motion/expression/rider/doubt
[211.470s] -- Installing: /home/sunrise/xgo_demo/src/install/xgo_motion/share/xgo_motion/expression/rider/doubt/doubt7.png
[211.472s] -- Installing: /home/sunrise/xgo_demo/src/install/xgo_motion/share/xgo_motion/expression/rider/doubt/doubt25.png
[211.475s] -- Installing: /home/sunrise/xgo_demo/src/install/xgo_motion/share/xgo_motion/expression/rider/doubt/doubt36.png
[211.476s] -- Installing: /home/sunrise/xgo_demo/src/install/xgo_motion/share/xgo_motion/expression/rider/doubt/doubt17.png
[211.477s] -- Installing: /home/sunrise/xgo_demo/src/install/xgo_motion/share/xgo_motion/expression/rider/doubt/doubt50.png
[211.481s] -- Installing: /home/sunrise/xgo_demo/src/install/xgo_motion/share/xgo_motion/expression/rider/doubt/doubt47.png
[211.482s] -- Installing: /home/sunrise/xgo_demo/src/install/xgo_motion/share/xgo_motion/expression/rider/doubt/doubt28.png
[211.484s] -- Installing: /home/sunrise/xgo_demo/src/install/xgo_motion/share/xgo_motion/expression/rider/doubt/doubt62.png
[211.486s] -- Installing: /home/sunrise/xgo_demo/src/install/xgo_motion/share/xgo_motion/expression/rider/doubt/doubt19.png
[211.488s] -- Installing: /home/sunrise/xgo_demo/src/install/xgo_motion/share/xgo_motion/expression/rider/doubt/doubt20.png
[211.490s] -- Installing: /home/sunrise/xgo_demo/src/install/xgo_motion/share/xgo_motion/expression/rider/doubt/doubt51.png
[211.493s] -- Installing: /home/sunrise/xgo_demo/src/install/xgo_motion/share/xgo_motion/expression/rider/doubt/doubt56.png
[211.495s] -- Installing: /home/sunrise/xgo_demo/src/install/xgo_motion/share/xgo_motion/expression/rider/doubt/doubt31.png
[211.497s] -- Installing: /home/sunrise/xgo_demo/src/install/xgo_motion/share/xgo_motion/expression/rider/doubt/doubt59.png
[211.498s] -- Installing: /home/sunrise/xgo_demo/src/install/xgo_motion/share/xgo_motion/expression/rider/doubt/doubt1.png
[211.500s] -- Installing: /home/sunrise/xgo_demo/src/install/xgo_motion/share/xgo_motion/expression/rider/doubt/doubt15.png
[211.502s] -- Installing: /home/sunrise/xgo_demo/src/install/xgo_motion/share/xgo_motion/expression/rider/doubt/doubt45.png
[211.504s] -- Installing: /home/sunrise/xgo_demo/src/install/xgo_motion/share/xgo_motion/expression/rider/doubt/doubt3.png
[211.506s] -- Installing: /home/sunrise/xgo_demo/src/install/xgo_motion/share/xgo_motion/expression/rider/doubt/doubt27.png
[211.507s] -- Installing: /home/sunrise/xgo_demo/src/install/xgo_motion/share/xgo_motion/expression/rider/doubt/doubt10.png
[211.509s] -- Installing: /home/sunrise/xgo_demo/src/install/xgo_motion/share/xgo_motion/expression/rider/doubt/doubt8.png
[211.511s] -- Installing: /home/sunrise/xgo_demo/src/install/xgo_motion/share/xgo_motion/expression/rider/doubt/doubt41.png
[211.513s] -- Installing: /home/sunrise/xgo_demo/src/install/xgo_motion/share/xgo_motion/expression/rider/doubt/doubt39.png
[211.515s] -- Installing: /home/sunrise/xgo_demo/src/install/xgo_motion/share/xgo_motion/expression/rider/doubt/doubt24.png
[211.516s] -- Installing: /home/sunrise/xgo_demo/src/install/xgo_motion/share/xgo_motion/expression/rider/doubt/doubt23.png
[211.518s] -- Installing: /home/sunrise/xgo_demo/src/install/xgo_motion/share/xgo_motion/expression/rider/doubt/doubt40.png
[211.525s] -- Installing: /home/sunrise/xgo_demo/src/install/xgo_motion/share/xgo_motion/expression/rider/doubt/doubt44.png
[211.526s] -- Installing: /home/sunrise/xgo_demo/src/install/xgo_motion/share/xgo_motion/expression/rider/doubt/doubt6.png
[211.528s] -- Installing: /home/sunrise/xgo_demo/src/install/xgo_motion/share/xgo_motion/expression/rider/doubt/doubt48.png
[211.530s] -- Installing: /home/sunrise/xgo_demo/src/install/xgo_motion/share/xgo_motion/expression/rider/doubt/doubt49.png
[211.531s] -- Installing: /home/sunrise/xgo_demo/src/install/xgo_motion/share/xgo_motion/expression/rider/doubt/doubt58.png
[211.533s] -- Installing: /home/sunrise/xgo_demo/src/install/xgo_motion/share/xgo_motion/expression/rider/doubt/doubt2.png
[211.534s] -- Installing: /home/sunrise/xgo_demo/src/install/xgo_motion/share/xgo_motion/expression/rider/doubt/doubt9.png
[211.536s] -- Installing: /home/sunrise/xgo_demo/src/install/xgo_motion/share/xgo_motion/expression/rider/doubt/doubt42.png
[211.538s] -- Installing: /home/sunrise/xgo_demo/src/install/xgo_motion/share/xgo_motion/expression/rider/doubt/doubt32.png
[211.541s] -- Installing: /home/sunrise/xgo_demo/src/install/xgo_motion/share/xgo_motion/expression/rider/doubt/doubt46.png
[211.543s] -- Installing: /home/sunrise/xgo_demo/src/install/xgo_motion/share/xgo_motion/expression/rider/doubt/doubt57.png
[211.546s] -- Installing: /home/sunrise/xgo_demo/src/install/xgo_motion/share/xgo_motion/expression/rider/doubt/doubt22.png
[211.548s] -- Installing: /home/sunrise/xgo_demo/src/install/xgo_motion/share/xgo_motion/expression/rider/doubt/doubt12.png
[211.550s] -- Installing: /home/sunrise/xgo_demo/src/install/xgo_motion/share/xgo_motion/expression/rider/doubt/doubt18.png
[211.552s] -- Installing: /home/sunrise/xgo_demo/src/install/xgo_motion/share/xgo_motion/expression/rider/doubt/doubt60.png
[211.554s] -- Installing: /home/sunrise/xgo_demo/src/install/xgo_motion/share/xgo_motion/expression/rider/doubt/doubt16.png
[211.555s] -- Installing: /home/sunrise/xgo_demo/src/install/xgo_motion/share/xgo_motion/expression/rider/doubt/doubt52.png
[211.557s] -- Installing: /home/sunrise/xgo_demo/src/install/xgo_motion/share/xgo_motion/expression/rider/doubt/doubt13.png
[211.560s] -- Installing: /home/sunrise/xgo_demo/src/install/xgo_motion/share/xgo_motion/expression/rider/doubt/doubt53.png
[211.561s] -- Installing: /home/sunrise/xgo_demo/src/install/xgo_motion/share/xgo_motion/expression/rider/doubt/doubt33.png
[211.563s] -- Installing: /home/sunrise/xgo_demo/src/install/xgo_motion/share/xgo_motion/expression/rider/doubt/doubt5.png
[211.565s] -- Installing: /home/sunrise/xgo_demo/src/install/xgo_motion/share/xgo_motion/expression/rider/doubt/doubt4.png
[211.567s] -- Installing: /home/sunrise/xgo_demo/src/install/xgo_motion/share/xgo_motion/expression/rider/doubt/doubt63.png
[211.569s] -- Installing: /home/sunrise/xgo_demo/src/install/xgo_motion/share/xgo_motion/expression/rider/doubt/doubt21.png
[211.571s] -- Installing: /home/sunrise/xgo_demo/src/install/xgo_motion/share/xgo_motion/expression/rider/doubt/doubt61.png
[211.572s] -- Installing: /home/sunrise/xgo_demo/src/install/xgo_motion/share/xgo_motion/expression/rider/doubt/doubt55.png
[211.574s] -- Installing: /home/sunrise/xgo_demo/src/install/xgo_motion/share/xgo_motion/expression/rider/doubt/doubt26.png
[211.576s] -- Installing: /home/sunrise/xgo_demo/src/install/xgo_motion/share/xgo_motion/expression/rider/doubt/doubt30.png
[211.578s] -- Installing: /home/sunrise/xgo_demo/src/install/xgo_motion/share/xgo_motion/expression/rider/doubt/doubt64.png
[211.579s] -- Installing: /home/sunrise/xgo_demo/src/install/xgo_motion/share/xgo_motion/expression/rider/doubt/doubt34.png
[211.581s] -- Installing: /home/sunrise/xgo_demo/src/install/xgo_motion/share/xgo_motion/expression/rider/doubt/doubt54.png
[211.583s] -- Installing: /home/sunrise/xgo_demo/src/install/xgo_motion/share/xgo_motion/expression/rider/doubt/doubt35.png
[211.584s] -- Installing: /home/sunrise/xgo_demo/src/install/xgo_motion/share/xgo_motion/expression/rider/doubt/doubt14.png
[211.586s] -- Installing: /home/sunrise/xgo_demo/src/install/xgo_motion/share/xgo_motion/expression/rider/doubt/doubt37.png
[211.588s] -- Installing: /home/sunrise/xgo_demo/src/install/xgo_motion/share/xgo_motion/expression/rider/doubt/doubt38.png
[211.590s] -- Installing: /home/sunrise/xgo_demo/src/install/xgo_motion/share/xgo_motion/expression/rider/doubt/doubt43.png
[211.592s] -- Installing: /home/sunrise/xgo_demo/src/install/xgo_motion/share/xgo_motion/expression/rider/doubt/doubt29.png
[211.594s] -- Installing: /home/sunrise/xgo_demo/src/install/xgo_motion/share/xgo_motion/expression/rider/doubt/doubt11.png
[211.596s] -- Installing: /home/sunrise/xgo_demo/src/install/xgo_motion/share/xgo_motion/expression/rider/sleep
[211.598s] -- Installing: /home/sunrise/xgo_demo/src/install/xgo_motion/share/xgo_motion/expression/rider/sleep/sleep63.png
[211.601s] -- Installing: /home/sunrise/xgo_demo/src/install/xgo_motion/share/xgo_motion/expression/rider/sleep/sleep49.png
[211.602s] -- Installing: /home/sunrise/xgo_demo/src/install/xgo_motion/share/xgo_motion/expression/rider/sleep/sleep58.png
[211.604s] -- Installing: /home/sunrise/xgo_demo/src/install/xgo_motion/share/xgo_motion/expression/rider/sleep/sleep52.png
[211.605s] -- Installing: /home/sunrise/xgo_demo/src/install/xgo_motion/share/xgo_motion/expression/rider/sleep/sleep23.png
[211.607s] -- Installing: /home/sunrise/xgo_demo/src/install/xgo_motion/share/xgo_motion/expression/rider/sleep/sleep79.png
[211.608s] -- Installing: /home/sunrise/xgo_demo/src/install/xgo_motion/share/xgo_motion/expression/rider/sleep/sleep86.png
[211.611s] -- Installing: /home/sunrise/xgo_demo/src/install/xgo_motion/share/xgo_motion/expression/rider/sleep/sleep3.png
[211.612s] -- Installing: /home/sunrise/xgo_demo/src/install/xgo_motion/share/xgo_motion/expression/rider/sleep/sleep20.png
[211.613s] -- Installing: /home/sunrise/xgo_demo/src/install/xgo_motion/share/xgo_motion/expression/rider/sleep/sleep91.png
[211.615s] -- Installing: /home/sunrise/xgo_demo/src/install/xgo_motion/share/xgo_motion/expression/rider/sleep/sleep84.png
[211.616s] -- Installing: /home/sunrise/xgo_demo/src/install/xgo_motion/share/xgo_motion/expression/rider/sleep/sleep71.png
[211.617s] -- Installing: /home/sunrise/xgo_demo/src/install/xgo_motion/share/xgo_motion/expression/rider/sleep/sleep42.png
[211.619s] -- Installing: /home/sunrise/xgo_demo/src/install/xgo_motion/share/xgo_motion/expression/rider/sleep/sleep74.png
[211.620s] -- Installing: /home/sunrise/xgo_demo/src/install/xgo_motion/share/xgo_motion/expression/rider/sleep/sleep70.png
[211.622s] -- Installing: /home/sunrise/xgo_demo/src/install/xgo_motion/share/xgo_motion/expression/rider/sleep/sleep16.png
[211.624s] -- Installing: /home/sunrise/xgo_demo/src/install/xgo_motion/share/xgo_motion/expression/rider/sleep/sleep47.png
[211.625s] -- Installing: /home/sunrise/xgo_demo/src/install/xgo_motion/share/xgo_motion/expression/rider/sleep/sleep15.png
[211.626s] -- Installing: /home/sunrise/xgo_demo/src/install/xgo_motion/share/xgo_motion/expression/rider/sleep/sleep72.png
[211.628s] -- Installing: /home/sunrise/xgo_demo/src/install/xgo_motion/share/xgo_motion/expression/rider/sleep/sleep29.png
[211.629s] -- Installing: /home/sunrise/xgo_demo/src/install/xgo_motion/share/xgo_motion/expression/rider/sleep/sleep88.png
[211.635s] -- Installing: /home/sunrise/xgo_demo/src/install/xgo_motion/share/xgo_motion/expression/rider/sleep/sleep43.png
[211.637s] -- Installing: /home/sunrise/xgo_demo/src/install/xgo_motion/share/xgo_motion/expression/rider/sleep/sleep28.png
[211.638s] -- Installing: /home/sunrise/xgo_demo/src/install/xgo_motion/share/xgo_motion/expression/rider/sleep/sleep61.png
[211.638s] -- Installing: /home/sunrise/xgo_demo/src/install/xgo_motion/share/xgo_motion/expression/rider/sleep/sleep26.png
[211.640s] -- Installing: /home/sunrise/xgo_demo/src/install/xgo_motion/share/xgo_motion/expression/rider/sleep/sleep94.png
[211.641s] -- Installing: /home/sunrise/xgo_demo/src/install/xgo_motion/share/xgo_motion/expression/rider/sleep/sleep78.png
[211.642s] -- Installing: /home/sunrise/xgo_demo/src/install/xgo_motion/share/xgo_motion/expression/rider/sleep/sleep31.png
[211.643s] -- Installing: /home/sunrise/xgo_demo/src/install/xgo_motion/share/xgo_motion/expression/rider/sleep/sleep66.png
[211.644s] -- Installing: /home/sunrise/xgo_demo/src/install/xgo_motion/share/xgo_motion/expression/rider/sleep/sleep36.png
[211.645s] -- Installing: /home/sunrise/xgo_demo/src/install/xgo_motion/share/xgo_motion/expression/rider/sleep/sleep8.png
[211.647s] -- Installing: /home/sunrise/xgo_demo/src/install/xgo_motion/share/xgo_motion/expression/rider/sleep/sleep62.png
[211.648s] -- Installing: /home/sunrise/xgo_demo/src/install/xgo_motion/share/xgo_motion/expression/rider/sleep/sleep24.png
[211.650s] -- Installing: /home/sunrise/xgo_demo/src/install/xgo_motion/share/xgo_motion/expression/rider/sleep/sleep14.png
[211.651s] -- Installing: /home/sunrise/xgo_demo/src/install/xgo_motion/share/xgo_motion/expression/rider/sleep/sleep19.png
[211.653s] -- Installing: /home/sunrise/xgo_demo/src/install/xgo_motion/share/xgo_motion/expression/rider/sleep/sleep41.png
[211.654s] -- Installing: /home/sunrise/xgo_demo/src/install/xgo_motion/share/xgo_motion/expression/rider/sleep/sleep89.png
[211.656s] -- Installing: /home/sunrise/xgo_demo/src/install/xgo_motion/share/xgo_motion/expression/rider/sleep/sleep87.png
[211.657s] -- Installing: /home/sunrise/xgo_demo/src/install/xgo_motion/share/xgo_motion/expression/rider/sleep/sleep11.png
[211.659s] -- Installing: /home/sunrise/xgo_demo/src/install/xgo_motion/share/xgo_motion/expression/rider/sleep/sleep73.png
[211.661s] -- Installing: /home/sunrise/xgo_demo/src/install/xgo_motion/share/xgo_motion/expression/rider/sleep/sleep51.png
[211.662s] -- Installing: /home/sunrise/xgo_demo/src/install/xgo_motion/share/xgo_motion/expression/rider/sleep/sleep1.png
[211.663s] -- Installing: /home/sunrise/xgo_demo/src/install/xgo_motion/share/xgo_motion/expression/rider/sleep/sleep17.png
[211.665s] -- Installing: /home/sunrise/xgo_demo/src/install/xgo_motion/share/xgo_motion/expression/rider/sleep/sleep69.png
[211.666s] -- Installing: /home/sunrise/xgo_demo/src/install/xgo_motion/share/xgo_motion/expression/rider/sleep/sleep76.png
[211.668s] -- Installing: /home/sunrise/xgo_demo/src/install/xgo_motion/share/xgo_motion/expression/rider/sleep/sleep33.png
[211.670s] -- Installing: /home/sunrise/xgo_demo/src/install/xgo_motion/share/xgo_motion/expression/rider/sleep/sleep9.png
[211.672s] -- Installing: /home/sunrise/xgo_demo/src/install/xgo_motion/share/xgo_motion/expression/rider/sleep/sleep44.png
[211.674s] -- Installing: /home/sunrise/xgo_demo/src/install/xgo_motion/share/xgo_motion/expression/rider/sleep/sleep56.png
[211.675s] -- Installing: /home/sunrise/xgo_demo/src/install/xgo_motion/share/xgo_motion/expression/rider/sleep/sleep5.png
[211.676s] -- Installing: /home/sunrise/xgo_demo/src/install/xgo_motion/share/xgo_motion/expression/rider/sleep/sleep59.png
[211.677s] -- Installing: /home/sunrise/xgo_demo/src/install/xgo_motion/share/xgo_motion/expression/rider/sleep/sleep93.png
[211.679s] -- Installing: /home/sunrise/xgo_demo/src/install/xgo_motion/share/xgo_motion/expression/rider/sleep/sleep38.png
[211.681s] -- Installing: /home/sunrise/xgo_demo/src/install/xgo_motion/share/xgo_motion/expression/rider/sleep/sleep81.png
[211.682s] -- Installing: /home/sunrise/xgo_demo/src/install/xgo_motion/share/xgo_motion/expression/rider/sleep/sleep7.png
[211.684s] -- Installing: /home/sunrise/xgo_demo/src/install/xgo_motion/share/xgo_motion/expression/rider/sleep/sleep30.png
[211.686s] -- Installing: /home/sunrise/xgo_demo/src/install/xgo_motion/share/xgo_motion/expression/rider/sleep/sleep92.png
[211.687s] -- Installing: /home/sunrise/xgo_demo/src/install/xgo_motion/share/xgo_motion/expression/rider/sleep/sleep21.png
[211.689s] -- Installing: /home/sunrise/xgo_demo/src/install/xgo_motion/share/xgo_motion/expression/rider/sleep/sleep67.png
[211.691s] -- Installing: /home/sunrise/xgo_demo/src/install/xgo_motion/share/xgo_motion/expression/rider/sleep/sleep53.png
[211.692s] -- Installing: /home/sunrise/xgo_demo/src/install/xgo_motion/share/xgo_motion/expression/rider/sleep/sleep75.png
[211.693s] -- Installing: /home/sunrise/xgo_demo/src/install/xgo_motion/share/xgo_motion/expression/rider/sleep/sleep85.png
[211.695s] -- Installing: /home/sunrise/xgo_demo/src/install/xgo_motion/share/xgo_motion/expression/rider/sleep/sleep54.png
[211.697s] -- Installing: /home/sunrise/xgo_demo/src/install/xgo_motion/share/xgo_motion/expression/rider/sleep/sleep65.png
[211.700s] -- Installing: /home/sunrise/xgo_demo/src/install/xgo_motion/share/xgo_motion/expression/rider/sleep/sleep39.png
[211.701s] -- Installing: /home/sunrise/xgo_demo/src/install/xgo_motion/share/xgo_motion/expression/rider/sleep/sleep68.png
[211.703s] -- Installing: /home/sunrise/xgo_demo/src/install/xgo_motion/share/xgo_motion/expression/rider/sleep/sleep55.png
[211.706s] -- Installing: /home/sunrise/xgo_demo/src/install/xgo_motion/share/xgo_motion/expression/rider/sleep/sleep22.png
[211.709s] -- Installing: /home/sunrise/xgo_demo/src/install/xgo_motion/share/xgo_motion/expression/rider/sleep/sleep64.png
[211.713s] -- Installing: /home/sunrise/xgo_demo/src/install/xgo_motion/share/xgo_motion/expression/rider/sleep/sleep82.png
[211.715s] -- Installing: /home/sunrise/xgo_demo/src/install/xgo_motion/share/xgo_motion/expression/rider/sleep/sleep46.png
[211.717s] -- Installing: /home/sunrise/xgo_demo/src/install/xgo_motion/share/xgo_motion/expression/rider/sleep/sleep37.png
[211.719s] -- Installing: /home/sunrise/xgo_demo/src/install/xgo_motion/share/xgo_motion/expression/rider/sleep/sleep77.png
[211.721s] -- Installing: /home/sunrise/xgo_demo/src/install/xgo_motion/share/xgo_motion/expression/rider/sleep/sleep18.png
[211.723s] -- Installing: /home/sunrise/xgo_demo/src/install/xgo_motion/share/xgo_motion/expression/rider/sleep/sleep12.png
[211.724s] -- Installing: /home/sunrise/xgo_demo/src/install/xgo_motion/share/xgo_motion/expression/rider/sleep/sleep6.png
[211.726s] -- Installing: /home/sunrise/xgo_demo/src/install/xgo_motion/share/xgo_motion/expression/rider/sleep/sleep83.png
[211.728s] -- Installing: /home/sunrise/xgo_demo/src/install/xgo_motion/share/xgo_motion/expression/rider/sleep/sleep13.png
[211.730s] -- Installing: /home/sunrise/xgo_demo/src/install/xgo_motion/share/xgo_motion/expression/rider/sleep/sleep27.png
[211.732s] -- Installing: /home/sunrise/xgo_demo/src/install/xgo_motion/share/xgo_motion/expression/rider/sleep/sleep60.png
[211.734s] -- Installing: /home/sunrise/xgo_demo/src/install/xgo_motion/share/xgo_motion/expression/rider/sleep/sleep4.png
[211.736s] -- Installing: /home/sunrise/xgo_demo/src/install/xgo_motion/share/xgo_motion/expression/rider/sleep/sleep57.png
[211.737s] -- Installing: /home/sunrise/xgo_demo/src/install/xgo_motion/share/xgo_motion/expression/rider/sleep/sleep45.png
[211.740s] -- Installing: /home/sunrise/xgo_demo/src/install/xgo_motion/share/xgo_motion/expression/rider/sleep/sleep25.png
[211.743s] -- Installing: /home/sunrise/xgo_demo/src/install/xgo_motion/share/xgo_motion/expression/rider/sleep/sleep2.png
[211.744s] -- Installing: /home/sunrise/xgo_demo/src/install/xgo_motion/share/xgo_motion/expression/rider/sleep/sleep40.png
[211.746s] -- Installing: /home/sunrise/xgo_demo/src/install/xgo_motion/share/xgo_motion/expression/rider/sleep/sleep90.png
[211.749s] -- Installing: /home/sunrise/xgo_demo/src/install/xgo_motion/share/xgo_motion/expression/rider/sleep/sleep32.png
[211.751s] -- Installing: /home/sunrise/xgo_demo/src/install/xgo_motion/share/xgo_motion/expression/rider/sleep/sleep35.png
[211.752s] -- Installing: /home/sunrise/xgo_demo/src/install/xgo_motion/share/xgo_motion/expression/rider/sleep/sleep10.png
[211.754s] -- Installing: /home/sunrise/xgo_demo/src/install/xgo_motion/share/xgo_motion/expression/rider/sleep/sleep50.png
[211.756s] -- Installing: /home/sunrise/xgo_demo/src/install/xgo_motion/share/xgo_motion/expression/rider/sleep/sleep80.png
[211.758s] -- Installing: /home/sunrise/xgo_demo/src/install/xgo_motion/share/xgo_motion/expression/rider/sleep/sleep34.png
[211.760s] -- Installing: /home/sunrise/xgo_demo/src/install/xgo_motion/share/xgo_motion/expression/rider/sleep/sleep48.png
[211.762s] -- Installing: /home/sunrise/xgo_demo/src/install/xgo_motion/share/xgo_motion/expression/rider/grievance
[211.763s] -- Installing: /home/sunrise/xgo_demo/src/install/xgo_motion/share/xgo_motion/expression/rider/grievance/grievance35.png
[211.765s] -- Installing: /home/sunrise/xgo_demo/src/install/xgo_motion/share/xgo_motion/expression/rider/grievance/grievance5.png
[211.767s] -- Installing: /home/sunrise/xgo_demo/src/install/xgo_motion/share/xgo_motion/expression/rider/grievance/grievance37.png
[211.772s] -- Installing: /home/sunrise/xgo_demo/src/install/xgo_motion/share/xgo_motion/expression/rider/grievance/grievance57.png
[211.773s] -- Installing: /home/sunrise/xgo_demo/src/install/xgo_motion/share/xgo_motion/expression/rider/grievance/grievance4.png
[211.774s] -- Installing: /home/sunrise/xgo_demo/src/install/xgo_motion/share/xgo_motion/expression/rider/grievance/grievance51.png
[211.775s] -- Installing: /home/sunrise/xgo_demo/src/install/xgo_motion/share/xgo_motion/expression/rider/grievance/grievance18.png
[211.776s] -- Installing: /home/sunrise/xgo_demo/src/install/xgo_motion/share/xgo_motion/expression/rider/grievance/grievance17.png
[211.779s] -- Installing: /home/sunrise/xgo_demo/src/install/xgo_motion/share/xgo_motion/expression/rider/grievance/grievance42.png
[211.780s] -- Installing: /home/sunrise/xgo_demo/src/install/xgo_motion/share/xgo_motion/expression/rider/grievance/grievance72.png
[211.783s] -- Installing: /home/sunrise/xgo_demo/src/install/xgo_motion/share/xgo_motion/expression/rider/grievance/grievance43.png
[211.784s] -- Installing: /home/sunrise/xgo_demo/src/install/xgo_motion/share/xgo_motion/expression/rider/grievance/grievance20.png
[211.786s] -- Installing: /home/sunrise/xgo_demo/src/install/xgo_motion/share/xgo_motion/expression/rider/grievance/grievance11.png
[211.788s] -- Installing: /home/sunrise/xgo_demo/src/install/xgo_motion/share/xgo_motion/expression/rider/grievance/grievance14.png
[211.790s] -- Installing: /home/sunrise/xgo_demo/src/install/xgo_motion/share/xgo_motion/expression/rider/grievance/grievance54.png
[211.792s] -- Installing: /home/sunrise/xgo_demo/src/install/xgo_motion/share/xgo_motion/expression/rider/grievance/grievance40.png
[211.794s] -- Installing: /home/sunrise/xgo_demo/src/install/xgo_motion/share/xgo_motion/expression/rider/grievance/grievance70.png
[211.795s] -- Installing: /home/sunrise/xgo_demo/src/install/xgo_motion/share/xgo_motion/expression/rider/grievance/grievance63.png
[211.797s] -- Installing: /home/sunrise/xgo_demo/src/install/xgo_motion/share/xgo_motion/expression/rider/grievance/grievance48.png
[211.799s] -- Installing: /home/sunrise/xgo_demo/src/install/xgo_motion/share/xgo_motion/expression/rider/grievance/grievance39.png
[211.800s] -- Installing: /home/sunrise/xgo_demo/src/install/xgo_motion/share/xgo_motion/expression/rider/grievance/grievance60.png
[211.801s] -- Installing: /home/sunrise/xgo_demo/src/install/xgo_motion/share/xgo_motion/expression/rider/grievance/grievance15.png
[211.804s] -- Installing: /home/sunrise/xgo_demo/src/install/xgo_motion/share/xgo_motion/expression/rider/grievance/grievance71.png
[211.805s] -- Installing: /home/sunrise/xgo_demo/src/install/xgo_motion/share/xgo_motion/expression/rider/grievance/grievance61.png
[211.808s] -- Installing: /home/sunrise/xgo_demo/src/install/xgo_motion/share/xgo_motion/expression/rider/grievance/grievance47.png
[211.810s] -- Installing: /home/sunrise/xgo_demo/src/install/xgo_motion/share/xgo_motion/expression/rider/grievance/grievance34.png
[211.812s] -- Installing: /home/sunrise/xgo_demo/src/install/xgo_motion/share/xgo_motion/expression/rider/grievance/grievance55.png
[211.814s] -- Installing: /home/sunrise/xgo_demo/src/install/xgo_motion/share/xgo_motion/expression/rider/grievance/grievance56.png
[211.815s] -- Installing: /home/sunrise/xgo_demo/src/install/xgo_motion/share/xgo_motion/expression/rider/grievance/grievance67.png
[211.817s] -- Installing: /home/sunrise/xgo_demo/src/install/xgo_motion/share/xgo_motion/expression/rider/grievance/grievance3.png
[211.820s] -- Installing: /home/sunrise/xgo_demo/src/install/xgo_motion/share/xgo_motion/expression/rider/grievance/grievance25.png
[211.822s] -- Installing: /home/sunrise/xgo_demo/src/install/xgo_motion/share/xgo_motion/expression/rider/grievance/grievance33.png
[211.825s] -- Installing: /home/sunrise/xgo_demo/src/install/xgo_motion/share/xgo_motion/expression/rider/grievance/grievance13.png
[211.826s] -- Installing: /home/sunrise/xgo_demo/src/install/xgo_motion/share/xgo_motion/expression/rider/grievance/grievance52.png
[211.828s] -- Installing: /home/sunrise/xgo_demo/src/install/xgo_motion/share/xgo_motion/expression/rider/grievance/grievance2.png
[211.829s] -- Installing: /home/sunrise/xgo_demo/src/install/xgo_motion/share/xgo_motion/expression/rider/grievance/grievance53.png
[211.832s] -- Installing: /home/sunrise/xgo_demo/src/install/xgo_motion/share/xgo_motion/expression/rider/grievance/grievance41.png
[211.833s] -- Installing: /home/sunrise/xgo_demo/src/install/xgo_motion/share/xgo_motion/expression/rider/grievance/grievance28.png
[211.836s] -- Installing: /home/sunrise/xgo_demo/src/install/xgo_motion/share/xgo_motion/expression/rider/grievance/grievance10.png
[211.837s] -- Installing: /home/sunrise/xgo_demo/src/install/xgo_motion/share/xgo_motion/expression/rider/grievance/grievance49.png
[211.840s] -- Installing: /home/sunrise/xgo_demo/src/install/xgo_motion/share/xgo_motion/expression/rider/grievance/grievance69.png
[211.841s] -- Installing: /home/sunrise/xgo_demo/src/install/xgo_motion/share/xgo_motion/expression/rider/grievance/grievance32.png
[211.844s] -- Installing: /home/sunrise/xgo_demo/src/install/xgo_motion/share/xgo_motion/expression/rider/grievance/grievance9.png
[211.845s] -- Installing: /home/sunrise/xgo_demo/src/install/xgo_motion/share/xgo_motion/expression/rider/grievance/grievance36.png
[211.847s] -- Installing: /home/sunrise/xgo_demo/src/install/xgo_motion/share/xgo_motion/expression/rider/grievance/grievance31.png
[211.848s] -- Installing: /home/sunrise/xgo_demo/src/install/xgo_motion/share/xgo_motion/expression/rider/grievance/grievance50.png
[211.850s] -- Installing: /home/sunrise/xgo_demo/src/install/xgo_motion/share/xgo_motion/expression/rider/grievance/grievance30.png
[211.851s] -- Installing: /home/sunrise/xgo_demo/src/install/xgo_motion/share/xgo_motion/expression/rider/grievance/grievance62.png
[211.853s] -- Installing: /home/sunrise/xgo_demo/src/install/xgo_motion/share/xgo_motion/expression/rider/grievance/grievance64.png
[211.856s] -- Installing: /home/sunrise/xgo_demo/src/install/xgo_motion/share/xgo_motion/expression/rider/grievance/grievance7.png
[211.858s] -- Installing: /home/sunrise/xgo_demo/src/install/xgo_motion/share/xgo_motion/expression/rider/grievance/grievance65.png
[211.860s] -- Installing: /home/sunrise/xgo_demo/src/install/xgo_motion/share/xgo_motion/expression/rider/grievance/grievance21.png
[211.862s] -- Installing: /home/sunrise/xgo_demo/src/install/xgo_motion/share/xgo_motion/expression/rider/grievance/grievance29.png
[211.864s] -- Installing: /home/sunrise/xgo_demo/src/install/xgo_motion/share/xgo_motion/expression/rider/grievance/grievance44.png
[211.866s] -- Installing: /home/sunrise/xgo_demo/src/install/xgo_motion/share/xgo_motion/expression/rider/grievance/grievance27.png
[211.868s] -- Installing: /home/sunrise/xgo_demo/src/install/xgo_motion/share/xgo_motion/expression/rider/grievance/grievance24.png
[211.870s] -- Installing: /home/sunrise/xgo_demo/src/install/xgo_motion/share/xgo_motion/expression/rider/grievance/grievance16.png
[211.871s] -- Installing: /home/sunrise/xgo_demo/src/install/xgo_motion/share/xgo_motion/expression/rider/grievance/grievance66.png
[211.873s] -- Installing: /home/sunrise/xgo_demo/src/install/xgo_motion/share/xgo_motion/expression/rider/grievance/grievance59.png
[211.874s] -- Installing: /home/sunrise/xgo_demo/src/install/xgo_motion/share/xgo_motion/expression/rider/grievance/grievance22.png
[211.877s] -- Installing: /home/sunrise/xgo_demo/src/install/xgo_motion/share/xgo_motion/expression/rider/grievance/grievance45.png
[211.879s] -- Installing: /home/sunrise/xgo_demo/src/install/xgo_motion/share/xgo_motion/expression/rider/grievance/grievance68.png
[211.882s] -- Installing: /home/sunrise/xgo_demo/src/install/xgo_motion/share/xgo_motion/expression/rider/grievance/grievance38.png
[211.883s] -- Installing: /home/sunrise/xgo_demo/src/install/xgo_motion/share/xgo_motion/expression/rider/grievance/grievance19.png
[211.885s] -- Installing: /home/sunrise/xgo_demo/src/install/xgo_motion/share/xgo_motion/expression/rider/grievance/grievance23.png
[211.887s] -- Installing: /home/sunrise/xgo_demo/src/install/xgo_motion/share/xgo_motion/expression/rider/grievance/grievance46.png
[211.889s] -- Installing: /home/sunrise/xgo_demo/src/install/xgo_motion/share/xgo_motion/expression/rider/grievance/grievance58.png
[211.890s] -- Installing: /home/sunrise/xgo_demo/src/install/xgo_motion/share/xgo_motion/expression/rider/grievance/grievance12.png
[211.894s] -- Installing: /home/sunrise/xgo_demo/src/install/xgo_motion/share/xgo_motion/expression/rider/grievance/grievance26.png
[211.896s] -- Installing: /home/sunrise/xgo_demo/src/install/xgo_motion/share/xgo_motion/expression/rider/grievance/grievance8.png
[211.899s] -- Installing: /home/sunrise/xgo_demo/src/install/xgo_motion/share/xgo_motion/expression/rider/grievance/grievance6.png
[211.900s] -- Installing: /home/sunrise/xgo_demo/src/install/xgo_motion/share/xgo_motion/expression/rider/grievance/grievance1.png
[211.902s] -- Installing: /home/sunrise/xgo_demo/src/install/xgo_motion/share/xgo_motion/expression/rider/cute
[211.903s] -- Installing: /home/sunrise/xgo_demo/src/install/xgo_motion/share/xgo_motion/expression/rider/cute/cute20.png
[211.905s] -- Installing: /home/sunrise/xgo_demo/src/install/xgo_motion/share/xgo_motion/expression/rider/cute/cute67.png
[211.906s] -- Installing: /home/sunrise/xgo_demo/src/install/xgo_motion/share/xgo_motion/expression/rider/cute/cute41.png
[211.908s] -- Installing: /home/sunrise/xgo_demo/src/install/xgo_motion/share/xgo_motion/expression/rider/cute/cute49.png
[211.910s] -- Installing: /home/sunrise/xgo_demo/src/install/xgo_motion/share/xgo_motion/expression/rider/cute/cute5.png
[211.912s] -- Installing: /home/sunrise/xgo_demo/src/install/xgo_motion/share/xgo_motion/expression/rider/cute/cute35.png
[211.914s] -- Installing: /home/sunrise/xgo_demo/src/install/xgo_motion/share/xgo_motion/expression/rider/cute/cute42.png
[211.916s] -- Installing: /home/sunrise/xgo_demo/src/install/xgo_motion/share/xgo_motion/expression/rider/cute/cute21.png
[211.920s] -- Installing: /home/sunrise/xgo_demo/src/install/xgo_motion/share/xgo_motion/expression/rider/cute/cute33.png
[211.922s] -- Installing: /home/sunrise/xgo_demo/src/install/xgo_motion/share/xgo_motion/expression/rider/cute/cute73.png
[211.923s] -- Installing: /home/sunrise/xgo_demo/src/install/xgo_motion/share/xgo_motion/expression/rider/cute/cute8.png
[211.924s] -- Installing: /home/sunrise/xgo_demo/src/install/xgo_motion/share/xgo_motion/expression/rider/cute/cute34.png
[211.927s] -- Installing: /home/sunrise/xgo_demo/src/install/xgo_motion/share/xgo_motion/expression/rider/cute/cute66.png
[211.929s] -- Installing: /home/sunrise/xgo_demo/src/install/xgo_motion/share/xgo_motion/expression/rider/cute/cute75.png
[211.930s] -- Installing: /home/sunrise/xgo_demo/src/install/xgo_motion/share/xgo_motion/expression/rider/cute/cute14.png
[211.932s] -- Installing: /home/sunrise/xgo_demo/src/install/xgo_motion/share/xgo_motion/expression/rider/cute/cute9.png
[211.934s] -- Installing: /home/sunrise/xgo_demo/src/install/xgo_motion/share/xgo_motion/expression/rider/cute/cute12.png
[211.938s] -- Installing: /home/sunrise/xgo_demo/src/install/xgo_motion/share/xgo_motion/expression/rider/cute/cute43.png
[211.940s] -- Installing: /home/sunrise/xgo_demo/src/install/xgo_motion/share/xgo_motion/expression/rider/cute/cute56.png
[211.942s] -- Installing: /home/sunrise/xgo_demo/src/install/xgo_motion/share/xgo_motion/expression/rider/cute/cute58.png
[211.944s] -- Installing: /home/sunrise/xgo_demo/src/install/xgo_motion/share/xgo_motion/expression/rider/cute/cute36.png
[211.946s] -- Installing: /home/sunrise/xgo_demo/src/install/xgo_motion/share/xgo_motion/expression/rider/cute/cute59.png
[211.949s] -- Installing: /home/sunrise/xgo_demo/src/install/xgo_motion/share/xgo_motion/expression/rider/cute/cute18.png
[211.951s] -- Installing: /home/sunrise/xgo_demo/src/install/xgo_motion/share/xgo_motion/expression/rider/cute/cute31.png
[211.952s] -- Installing: /home/sunrise/xgo_demo/src/install/xgo_motion/share/xgo_motion/expression/rider/cute/cute38.png
[211.954s] -- Installing: /home/sunrise/xgo_demo/src/install/xgo_motion/share/xgo_motion/expression/rider/cute/cute28.png
[211.956s] -- Installing: /home/sunrise/xgo_demo/src/install/xgo_motion/share/xgo_motion/expression/rider/cute/cute48.png
[211.957s] -- Installing: /home/sunrise/xgo_demo/src/install/xgo_motion/share/xgo_motion/expression/rider/cute/cute30.png
[211.960s] -- Installing: /home/sunrise/xgo_demo/src/install/xgo_motion/share/xgo_motion/expression/rider/cute/cute4.png
[211.962s] -- Installing: /home/sunrise/xgo_demo/src/install/xgo_motion/share/xgo_motion/expression/rider/cute/cute1.png
[211.964s] -- Installing: /home/sunrise/xgo_demo/src/install/xgo_motion/share/xgo_motion/expression/rider/cute/cute57.png
[211.966s] -- Installing: /home/sunrise/xgo_demo/src/install/xgo_motion/share/xgo_motion/expression/rider/cute/cute64.png
[211.968s] -- Installing: /home/sunrise/xgo_demo/src/install/xgo_motion/share/xgo_motion/expression/rider/cute/cute13.png
[211.971s] -- Installing: /home/sunrise/xgo_demo/src/install/xgo_motion/share/xgo_motion/expression/rider/cute/cute22.png
[211.972s] -- Installing: /home/sunrise/xgo_demo/src/install/xgo_motion/share/xgo_motion/expression/rider/cute/cute52.png
[211.973s] -- Installing: /home/sunrise/xgo_demo/src/install/xgo_motion/share/xgo_motion/expression/rider/cute/cute71.png
[211.975s] -- Installing: /home/sunrise/xgo_demo/src/install/xgo_motion/share/xgo_motion/expression/rider/cute/cute37.png
[211.977s] -- Installing: /home/sunrise/xgo_demo/src/install/xgo_motion/share/xgo_motion/expression/rider/cute/cute3.png
[211.979s] -- Installing: /home/sunrise/xgo_demo/src/install/xgo_motion/share/xgo_motion/expression/rider/cute/cute10.png
[211.981s] -- Installing: /home/sunrise/xgo_demo/src/install/xgo_motion/share/xgo_motion/expression/rider/cute/cute17.png
[211.982s] -- Installing: /home/sunrise/xgo_demo/src/install/xgo_motion/share/xgo_motion/expression/rider/cute/cute23.png
[211.984s] -- Installing: /home/sunrise/xgo_demo/src/install/xgo_motion/share/xgo_motion/expression/rider/cute/cute39.png
[211.988s] -- Installing: /home/sunrise/xgo_demo/src/install/xgo_motion/share/xgo_motion/expression/rider/cute/cute65.png
[211.989s] -- Installing: /home/sunrise/xgo_demo/src/install/xgo_motion/share/xgo_motion/expression/rider/cute/cute62.png
[211.990s] -- Installing: /home/sunrise/xgo_demo/src/install/xgo_motion/share/xgo_motion/expression/rider/cute/cute46.png
[211.992s] -- Installing: /home/sunrise/xgo_demo/src/install/xgo_motion/share/xgo_motion/expression/rider/cute/cute2.png
[211.993s] -- Installing: /home/sunrise/xgo_demo/src/install/xgo_motion/share/xgo_motion/expression/rider/cute/cute54.png
[211.996s] -- Installing: /home/sunrise/xgo_demo/src/install/xgo_motion/share/xgo_motion/expression/rider/cute/cute68.png
[211.998s] -- Installing: /home/sunrise/xgo_demo/src/install/xgo_motion/share/xgo_motion/expression/rider/cute/cute60.png
[212.001s] -- Installing: /home/sunrise/xgo_demo/src/install/xgo_motion/share/xgo_motion/expression/rider/cute/cute11.png
[212.003s] -- Installing: /home/sunrise/xgo_demo/src/install/xgo_motion/share/xgo_motion/expression/rider/cute/cute51.png
[212.006s] -- Installing: /home/sunrise/xgo_demo/src/install/xgo_motion/share/xgo_motion/expression/rider/cute/cute55.png
[212.008s] -- Installing: /home/sunrise/xgo_demo/src/install/xgo_motion/share/xgo_motion/expression/rider/cute/cute25.png
[212.010s] -- Installing: /home/sunrise/xgo_demo/src/install/xgo_motion/share/xgo_motion/expression/rider/cute/cute72.png
[212.012s] -- Installing: /home/sunrise/xgo_demo/src/install/xgo_motion/share/xgo_motion/expression/rider/cute/cute7.png
[212.013s] -- Installing: /home/sunrise/xgo_demo/src/install/xgo_motion/share/xgo_motion/expression/rider/cute/cute45.png
[212.016s] -- Installing: /home/sunrise/xgo_demo/src/install/xgo_motion/share/xgo_motion/expression/rider/cute/cute76.png
[212.017s] -- Installing: /home/sunrise/xgo_demo/src/install/xgo_motion/share/xgo_motion/expression/rider/cute/cute16.png
[212.020s] -- Installing: /home/sunrise/xgo_demo/src/install/xgo_motion/share/xgo_motion/expression/rider/cute/cute26.png
[212.021s] -- Installing: /home/sunrise/xgo_demo/src/install/xgo_motion/share/xgo_motion/expression/rider/cute/cute19.png
[212.024s] -- Installing: /home/sunrise/xgo_demo/src/install/xgo_motion/share/xgo_motion/expression/rider/cute/cute70.png
[212.026s] -- Installing: /home/sunrise/xgo_demo/src/install/xgo_motion/share/xgo_motion/expression/rider/cute/cute61.png
[212.028s] -- Installing: /home/sunrise/xgo_demo/src/install/xgo_motion/share/xgo_motion/expression/rider/cute/cute15.png
[212.030s] -- Installing: /home/sunrise/xgo_demo/src/install/xgo_motion/share/xgo_motion/expression/rider/cute/cute63.png
[212.032s] -- Installing: /home/sunrise/xgo_demo/src/install/xgo_motion/share/xgo_motion/expression/rider/cute/cute40.png
[212.034s] -- Installing: /home/sunrise/xgo_demo/src/install/xgo_motion/share/xgo_motion/expression/rider/cute/cute50.png
[212.036s] -- Installing: /home/sunrise/xgo_demo/src/install/xgo_motion/share/xgo_motion/expression/rider/cute/cute47.png
[212.038s] -- Installing: /home/sunrise/xgo_demo/src/install/xgo_motion/share/xgo_motion/expression/rider/cute/cute27.png
[212.040s] -- Installing: /home/sunrise/xgo_demo/src/install/xgo_motion/share/xgo_motion/expression/rider/cute/cute29.png
[212.042s] -- Installing: /home/sunrise/xgo_demo/src/install/xgo_motion/share/xgo_motion/expression/rider/cute/cute74.png
[212.044s] -- Installing: /home/sunrise/xgo_demo/src/install/xgo_motion/share/xgo_motion/expression/rider/cute/cute24.png
[212.046s] -- Installing: /home/sunrise/xgo_demo/src/install/xgo_motion/share/xgo_motion/expression/rider/cute/cute44.png
[212.048s] -- Installing: /home/sunrise/xgo_demo/src/install/xgo_motion/share/xgo_motion/expression/rider/cute/cute53.png
[212.050s] -- Installing: /home/sunrise/xgo_demo/src/install/xgo_motion/share/xgo_motion/expression/rider/cute/cute69.png
[212.052s] -- Installing: /home/sunrise/xgo_demo/src/install/xgo_motion/share/xgo_motion/expression/rider/cute/cute32.png
[212.054s] -- Installing: /home/sunrise/xgo_demo/src/install/xgo_motion/share/xgo_motion/expression/rider/cute/cute6.png
[212.055s] -- Installing: /home/sunrise/xgo_demo/src/install/xgo_motion/share/xgo_motion/expression/rider/vertigo
[212.057s] -- Installing: /home/sunrise/xgo_demo/src/install/xgo_motion/share/xgo_motion/expression/rider/vertigo/vertigo56.png
[212.060s] -- Installing: /home/sunrise/xgo_demo/src/install/xgo_motion/share/xgo_motion/expression/rider/vertigo/vertigo29.png
[212.062s] -- Installing: /home/sunrise/xgo_demo/src/install/xgo_motion/share/xgo_motion/expression/rider/vertigo/vertigo12.png
[212.065s] -- Installing: /home/sunrise/xgo_demo/src/install/xgo_motion/share/xgo_motion/expression/rider/vertigo/vertigo8.png
[212.068s] -- Installing: /home/sunrise/xgo_demo/src/install/xgo_motion/share/xgo_motion/expression/rider/vertigo/vertigo15.png
[212.071s] -- Installing: /home/sunrise/xgo_demo/src/install/xgo_motion/share/xgo_motion/expression/rider/vertigo/vertigo41.png
[212.074s] -- Installing: /home/sunrise/xgo_demo/src/install/xgo_motion/share/xgo_motion/expression/rider/vertigo/vertigo14.png
[212.078s] -- Installing: /home/sunrise/xgo_demo/src/install/xgo_motion/share/xgo_motion/expression/rider/vertigo/vertigo10.png
[212.081s] -- Installing: /home/sunrise/xgo_demo/src/install/xgo_motion/share/xgo_motion/expression/rider/vertigo/vertigo32.png
[212.084s] -- Installing: /home/sunrise/xgo_demo/src/install/xgo_motion/share/xgo_motion/expression/rider/vertigo/vertigo51.png
[212.087s] -- Installing: /home/sunrise/xgo_demo/src/install/xgo_motion/share/xgo_motion/expression/rider/vertigo/vertigo2.png
[212.090s] -- Installing: /home/sunrise/xgo_demo/src/install/xgo_motion/share/xgo_motion/expression/rider/vertigo/vertigo19.png
[212.093s] -- Installing: /home/sunrise/xgo_demo/src/install/xgo_motion/share/xgo_motion/expression/rider/vertigo/vertigo53.png
[212.098s] -- Installing: /home/sunrise/xgo_demo/src/install/xgo_motion/share/xgo_motion/expression/rider/vertigo/vertigo16.png
[212.102s] -- Installing: /home/sunrise/xgo_demo/src/install/xgo_motion/share/xgo_motion/expression/rider/vertigo/vertigo18.png
[212.104s] -- Installing: /home/sunrise/xgo_demo/src/install/xgo_motion/share/xgo_motion/expression/rider/vertigo/vertigo6.png
[212.107s] -- Installing: /home/sunrise/xgo_demo/src/install/xgo_motion/share/xgo_motion/expression/rider/vertigo/vertigo26.png
[212.111s] -- Installing: /home/sunrise/xgo_demo/src/install/xgo_motion/share/xgo_motion/expression/rider/vertigo/vertigo23.png
[212.114s] -- Installing: /home/sunrise/xgo_demo/src/install/xgo_motion/share/xgo_motion/expression/rider/vertigo/vertigo20.png
[212.117s] -- Installing: /home/sunrise/xgo_demo/src/install/xgo_motion/share/xgo_motion/expression/rider/vertigo/vertigo34.png
[212.121s] -- Installing: /home/sunrise/xgo_demo/src/install/xgo_motion/share/xgo_motion/expression/rider/vertigo/vertigo11.png
[212.125s] -- Installing: /home/sunrise/xgo_demo/src/install/xgo_motion/share/xgo_motion/expression/rider/vertigo/vertigo27.png
[212.128s] -- Installing: /home/sunrise/xgo_demo/src/install/xgo_motion/share/xgo_motion/expression/rider/vertigo/vertigo48.png
[212.131s] -- Installing: /home/sunrise/xgo_demo/src/install/xgo_motion/share/xgo_motion/expression/rider/vertigo/vertigo37.png
[212.135s] -- Installing: /home/sunrise/xgo_demo/src/install/xgo_motion/share/xgo_motion/expression/rider/vertigo/vertigo24.png
[212.138s] -- Installing: /home/sunrise/xgo_demo/src/install/xgo_motion/share/xgo_motion/expression/rider/vertigo/vertigo43.png
[212.142s] -- Installing: /home/sunrise/xgo_demo/src/install/xgo_motion/share/xgo_motion/expression/rider/vertigo/vertigo38.png
[212.144s] -- Installing: /home/sunrise/xgo_demo/src/install/xgo_motion/share/xgo_motion/expression/rider/vertigo/vertigo7.png
[212.146s] -- Installing: /home/sunrise/xgo_demo/src/install/xgo_motion/share/xgo_motion/expression/rider/vertigo/vertigo39.png
[212.148s] -- Installing: /home/sunrise/xgo_demo/src/install/xgo_motion/share/xgo_motion/expression/rider/vertigo/vertigo50.png
[212.151s] -- Installing: /home/sunrise/xgo_demo/src/install/xgo_motion/share/xgo_motion/expression/rider/vertigo/vertigo57.png
[212.153s] -- Installing: /home/sunrise/xgo_demo/src/install/xgo_motion/share/xgo_motion/expression/rider/vertigo/vertigo13.png
[212.156s] -- Installing: /home/sunrise/xgo_demo/src/install/xgo_motion/share/xgo_motion/expression/rider/vertigo/vertigo28.png
[212.158s] -- Installing: /home/sunrise/xgo_demo/src/install/xgo_motion/share/xgo_motion/expression/rider/vertigo/vertigo36.png
[212.161s] -- Installing: /home/sunrise/xgo_demo/src/install/xgo_motion/share/xgo_motion/expression/rider/vertigo/vertigo54.png
[212.163s] -- Installing: /home/sunrise/xgo_demo/src/install/xgo_motion/share/xgo_motion/expression/rider/vertigo/vertigo30.png
[212.166s] -- Installing: /home/sunrise/xgo_demo/src/install/xgo_motion/share/xgo_motion/expression/rider/vertigo/vertigo40.png
[212.168s] -- Installing: /home/sunrise/xgo_demo/src/install/xgo_motion/share/xgo_motion/expression/rider/vertigo/vertigo52.png
[212.171s] -- Installing: /home/sunrise/xgo_demo/src/install/xgo_motion/share/xgo_motion/expression/rider/vertigo/vertigo55.png
[212.174s] -- Installing: /home/sunrise/xgo_demo/src/install/xgo_motion/share/xgo_motion/expression/rider/vertigo/vertigo21.png
[212.176s] -- Installing: /home/sunrise/xgo_demo/src/install/xgo_motion/share/xgo_motion/expression/rider/vertigo/vertigo9.png
[212.179s] -- Installing: /home/sunrise/xgo_demo/src/install/xgo_motion/share/xgo_motion/expression/rider/vertigo/vertigo31.png
[212.182s] -- Installing: /home/sunrise/xgo_demo/src/install/xgo_motion/share/xgo_motion/expression/rider/vertigo/vertigo17.png
[212.184s] -- Installing: /home/sunrise/xgo_demo/src/install/xgo_motion/share/xgo_motion/expression/rider/vertigo/vertigo46.png
[212.187s] -- Installing: /home/sunrise/xgo_demo/src/install/xgo_motion/share/xgo_motion/expression/rider/vertigo/vertigo5.png
[212.189s] -- Installing: /home/sunrise/xgo_demo/src/install/xgo_motion/share/xgo_motion/expression/rider/vertigo/vertigo3.png
[212.191s] -- Installing: /home/sunrise/xgo_demo/src/install/xgo_motion/share/xgo_motion/expression/rider/vertigo/vertigo35.png
[212.194s] -- Installing: /home/sunrise/xgo_demo/src/install/xgo_motion/share/xgo_motion/expression/rider/vertigo/vertigo1.png
[212.196s] -- Installing: /home/sunrise/xgo_demo/src/install/xgo_motion/share/xgo_motion/expression/rider/vertigo/vertigo49.png
[212.199s] -- Installing: /home/sunrise/xgo_demo/src/install/xgo_motion/share/xgo_motion/expression/rider/vertigo/vertigo58.png
[212.201s] -- Installing: /home/sunrise/xgo_demo/src/install/xgo_motion/share/xgo_motion/expression/rider/vertigo/vertigo45.png
[212.204s] -- Installing: /home/sunrise/xgo_demo/src/install/xgo_motion/share/xgo_motion/expression/rider/vertigo/vertigo44.png
[212.207s] -- Installing: /home/sunrise/xgo_demo/src/install/xgo_motion/share/xgo_motion/expression/rider/vertigo/vertigo33.png
[212.210s] -- Installing: /home/sunrise/xgo_demo/src/install/xgo_motion/share/xgo_motion/expression/rider/vertigo/vertigo4.png
[212.212s] -- Installing: /home/sunrise/xgo_demo/src/install/xgo_motion/share/xgo_motion/expression/rider/vertigo/vertigo42.png
[212.215s] -- Installing: /home/sunrise/xgo_demo/src/install/xgo_motion/share/xgo_motion/expression/rider/vertigo/vertigo59.png
[212.217s] -- Installing: /home/sunrise/xgo_demo/src/install/xgo_motion/share/xgo_motion/expression/rider/vertigo/vertigo22.png
[212.221s] -- Installing: /home/sunrise/xgo_demo/src/install/xgo_motion/share/xgo_motion/expression/rider/vertigo/vertigo47.png
[212.225s] -- Installing: /home/sunrise/xgo_demo/src/install/xgo_motion/share/xgo_motion/expression/rider/vertigo/vertigo25.png
[212.228s] -- Installing: /home/sunrise/xgo_demo/src/install/xgo_motion/share/xgo_motion/expression/rider/like
[212.229s] -- Installing: /home/sunrise/xgo_demo/src/install/xgo_motion/share/xgo_motion/expression/rider/like/like39.png
[212.231s] -- Installing: /home/sunrise/xgo_demo/src/install/xgo_motion/share/xgo_motion/expression/rider/like/like31.png
[212.233s] -- Installing: /home/sunrise/xgo_demo/src/install/xgo_motion/share/xgo_motion/expression/rider/like/like7.png
[212.235s] -- Installing: /home/sunrise/xgo_demo/src/install/xgo_motion/share/xgo_motion/expression/rider/like/like78.png
[212.237s] -- Installing: /home/sunrise/xgo_demo/src/install/xgo_motion/share/xgo_motion/expression/rider/like/like37.png
[212.239s] -- Installing: /home/sunrise/xgo_demo/src/install/xgo_motion/share/xgo_motion/expression/rider/like/like73.png
[212.241s] -- Installing: /home/sunrise/xgo_demo/src/install/xgo_motion/share/xgo_motion/expression/rider/like/like29.png
[212.243s] -- Installing: /home/sunrise/xgo_demo/src/install/xgo_motion/share/xgo_motion/expression/rider/like/like51.png
[212.244s] -- Installing: /home/sunrise/xgo_demo/src/install/xgo_motion/share/xgo_motion/expression/rider/like/like20.png
[212.247s] -- Installing: /home/sunrise/xgo_demo/src/install/xgo_motion/share/xgo_motion/expression/rider/like/like81.png
[212.248s] -- Installing: /home/sunrise/xgo_demo/src/install/xgo_motion/share/xgo_motion/expression/rider/like/like65.png
[212.250s] -- Installing: /home/sunrise/xgo_demo/src/install/xgo_motion/share/xgo_motion/expression/rider/like/like66.png
[212.252s] -- Installing: /home/sunrise/xgo_demo/src/install/xgo_motion/share/xgo_motion/expression/rider/like/like30.png
[212.253s] -- Installing: /home/sunrise/xgo_demo/src/install/xgo_motion/share/xgo_motion/expression/rider/like/like28.png
[212.255s] -- Installing: /home/sunrise/xgo_demo/src/install/xgo_motion/share/xgo_motion/expression/rider/like/like 47.png
[212.257s] -- Installing: /home/sunrise/xgo_demo/src/install/xgo_motion/share/xgo_motion/expression/rider/like/like57.png
[212.259s] -- Installing: /home/sunrise/xgo_demo/src/install/xgo_motion/share/xgo_motion/expression/rider/like/like80.png
[212.261s] -- Installing: /home/sunrise/xgo_demo/src/install/xgo_motion/share/xgo_motion/expression/rider/like/like77.png
[212.263s] -- Installing: /home/sunrise/xgo_demo/src/install/xgo_motion/share/xgo_motion/expression/rider/like/like9.png
[212.266s] -- Installing: /home/sunrise/xgo_demo/src/install/xgo_motion/share/xgo_motion/expression/rider/like/like50.png
[212.268s] -- Installing: /home/sunrise/xgo_demo/src/install/xgo_motion/share/xgo_motion/expression/rider/like/like67.png
[212.271s] -- Installing: /home/sunrise/xgo_demo/src/install/xgo_motion/share/xgo_motion/expression/rider/like/like4.png
[212.272s] -- Installing: /home/sunrise/xgo_demo/src/install/xgo_motion/share/xgo_motion/expression/rider/like/like82.png
[212.274s] -- Installing: /home/sunrise/xgo_demo/src/install/xgo_motion/share/xgo_motion/expression/rider/like/like46.png
[212.276s] -- Installing: /home/sunrise/xgo_demo/src/install/xgo_motion/share/xgo_motion/expression/rider/like/like12.png
[212.278s] -- Installing: /home/sunrise/xgo_demo/src/install/xgo_motion/share/xgo_motion/expression/rider/like/like52.png
[212.280s] -- Installing: /home/sunrise/xgo_demo/src/install/xgo_motion/share/xgo_motion/expression/rider/like/like16.png
[212.282s] -- Installing: /home/sunrise/xgo_demo/src/install/xgo_motion/share/xgo_motion/expression/rider/like/like63.png
[212.284s] -- Installing: /home/sunrise/xgo_demo/src/install/xgo_motion/share/xgo_motion/expression/rider/like/like33.png
[212.285s] -- Installing: /home/sunrise/xgo_demo/src/install/xgo_motion/share/xgo_motion/expression/rider/like/like75.png
[212.288s] -- Installing: /home/sunrise/xgo_demo/src/install/xgo_motion/share/xgo_motion/expression/rider/like/like11.png
[212.290s] -- Installing: /home/sunrise/xgo_demo/src/install/xgo_motion/share/xgo_motion/expression/rider/like/like54.png
[212.292s] -- Installing: /home/sunrise/xgo_demo/src/install/xgo_motion/share/xgo_motion/expression/rider/like/like21.png
[212.294s] -- Installing: /home/sunrise/xgo_demo/src/install/xgo_motion/share/xgo_motion/expression/rider/like/like1.png
[212.296s] -- Installing: /home/sunrise/xgo_demo/src/install/xgo_motion/share/xgo_motion/expression/rider/like/like27.png
[212.298s] -- Installing: /home/sunrise/xgo_demo/src/install/xgo_motion/share/xgo_motion/expression/rider/like/like44.png
[212.299s] -- Installing: /home/sunrise/xgo_demo/src/install/xgo_motion/share/xgo_motion/expression/rider/like/like22.png
[212.301s] -- Installing: /home/sunrise/xgo_demo/src/install/xgo_motion/share/xgo_motion/expression/rider/like/like69.png
[212.303s] -- Installing: /home/sunrise/xgo_demo/src/install/xgo_motion/share/xgo_motion/expression/rider/like/like43.png
[212.305s] -- Installing: /home/sunrise/xgo_demo/src/install/xgo_motion/share/xgo_motion/expression/rider/like/like71.png
[212.307s] -- Installing: /home/sunrise/xgo_demo/src/install/xgo_motion/share/xgo_motion/expression/rider/like/like6.png
[212.309s] -- Installing: /home/sunrise/xgo_demo/src/install/xgo_motion/share/xgo_motion/expression/rider/like/like70.png
[212.311s] -- Installing: /home/sunrise/xgo_demo/src/install/xgo_motion/share/xgo_motion/expression/rider/like/like60.png
[212.313s] -- Installing: /home/sunrise/xgo_demo/src/install/xgo_motion/share/xgo_motion/expression/rider/like/like72.png
[212.315s] -- Installing: /home/sunrise/xgo_demo/src/install/xgo_motion/share/xgo_motion/expression/rider/like/like48.png
[212.317s] -- Installing: /home/sunrise/xgo_demo/src/install/xgo_motion/share/xgo_motion/expression/rider/like/like18.png
[212.319s] -- Installing: /home/sunrise/xgo_demo/src/install/xgo_motion/share/xgo_motion/expression/rider/like/like41.png
[212.321s] -- Installing: /home/sunrise/xgo_demo/src/install/xgo_motion/share/xgo_motion/expression/rider/like/like15.png
[212.324s] -- Installing: /home/sunrise/xgo_demo/src/install/xgo_motion/share/xgo_motion/expression/rider/like/like61.png
[212.326s] -- Installing: /home/sunrise/xgo_demo/src/install/xgo_motion/share/xgo_motion/expression/rider/like/like23.png
[212.328s] -- Installing: /home/sunrise/xgo_demo/src/install/xgo_motion/share/xgo_motion/expression/rider/like/like58.png
[212.330s] -- Installing: /home/sunrise/xgo_demo/src/install/xgo_motion/share/xgo_motion/expression/rider/like/like49.png
[212.331s] -- Installing: /home/sunrise/xgo_demo/src/install/xgo_motion/share/xgo_motion/expression/rider/like/like17.png
[212.333s] -- Installing: /home/sunrise/xgo_demo/src/install/xgo_motion/share/xgo_motion/expression/rider/like/like64.png
[212.336s] -- Installing: /home/sunrise/xgo_demo/src/install/xgo_motion/share/xgo_motion/expression/rider/like/like13.png
[212.338s] -- Installing: /home/sunrise/xgo_demo/src/install/xgo_motion/share/xgo_motion/expression/rider/like/like42.png
[212.340s] -- Installing: /home/sunrise/xgo_demo/src/install/xgo_motion/share/xgo_motion/expression/rider/like/like34.png
[212.341s] -- Installing: /home/sunrise/xgo_demo/src/install/xgo_motion/share/xgo_motion/expression/rider/like/like59.png
[212.343s] -- Installing: /home/sunrise/xgo_demo/src/install/xgo_motion/share/xgo_motion/expression/rider/like/like5.png
[212.345s] -- Installing: /home/sunrise/xgo_demo/src/install/xgo_motion/share/xgo_motion/expression/rider/like/like32.png
[212.348s] -- Installing: /home/sunrise/xgo_demo/src/install/xgo_motion/share/xgo_motion/expression/rider/like/like45.png
[212.349s] -- Installing: /home/sunrise/xgo_demo/src/install/xgo_motion/share/xgo_motion/expression/rider/like/like25.png
[212.351s] -- Installing: /home/sunrise/xgo_demo/src/install/xgo_motion/share/xgo_motion/expression/rider/like/like74.png
[212.353s] -- Installing: /home/sunrise/xgo_demo/src/install/xgo_motion/share/xgo_motion/expression/rider/like/like76.png
[212.355s] -- Installing: /home/sunrise/xgo_demo/src/install/xgo_motion/share/xgo_motion/expression/rider/like/like47.png
[212.357s] -- Installing: /home/sunrise/xgo_demo/src/install/xgo_motion/share/xgo_motion/expression/rider/like/like53.png
[212.359s] -- Installing: /home/sunrise/xgo_demo/src/install/xgo_motion/share/xgo_motion/expression/rider/like/like8.png
[212.361s] -- Installing: /home/sunrise/xgo_demo/src/install/xgo_motion/share/xgo_motion/expression/rider/like/like62.png
[212.363s] -- Installing: /home/sunrise/xgo_demo/src/install/xgo_motion/share/xgo_motion/expression/rider/like/like38.png
[212.364s] -- Installing: /home/sunrise/xgo_demo/src/install/xgo_motion/share/xgo_motion/expression/rider/like/like2.png
[212.366s] -- Installing: /home/sunrise/xgo_demo/src/install/xgo_motion/share/xgo_motion/expression/rider/like/like55.png
[212.369s] -- Installing: /home/sunrise/xgo_demo/src/install/xgo_motion/share/xgo_motion/expression/rider/like/like24.png
[212.372s] -- Installing: /home/sunrise/xgo_demo/src/install/xgo_motion/share/xgo_motion/expression/rider/like/like79.png
[212.374s] -- Installing: /home/sunrise/xgo_demo/src/install/xgo_motion/share/xgo_motion/expression/rider/like/like3.png
[212.376s] -- Installing: /home/sunrise/xgo_demo/src/install/xgo_motion/share/xgo_motion/expression/rider/like/like68.png
[212.378s] -- Installing: /home/sunrise/xgo_demo/src/install/xgo_motion/share/xgo_motion/expression/rider/like/like40.png
[212.381s] -- Installing: /home/sunrise/xgo_demo/src/install/xgo_motion/share/xgo_motion/expression/rider/like/like26.png
[212.382s] -- Installing: /home/sunrise/xgo_demo/src/install/xgo_motion/share/xgo_motion/expression/rider/like/like36.png
[212.384s] -- Installing: /home/sunrise/xgo_demo/src/install/xgo_motion/share/xgo_motion/expression/rider/like/like83.png
[212.386s] -- Installing: /home/sunrise/xgo_demo/src/install/xgo_motion/share/xgo_motion/expression/rider/like/like10.png
[212.389s] -- Installing: /home/sunrise/xgo_demo/src/install/xgo_motion/share/xgo_motion/expression/rider/like/like14.png
[212.391s] -- Installing: /home/sunrise/xgo_demo/src/install/xgo_motion/share/xgo_motion/expression/rider/like/like19.png
[212.393s] -- Installing: /home/sunrise/xgo_demo/src/install/xgo_motion/share/xgo_motion/expression/rider/like/like35.png
[212.395s] -- Installing: /home/sunrise/xgo_demo/src/install/xgo_motion/share/xgo_motion/expression/rider/like/like56.png
[212.396s] -- Installing: /home/sunrise/xgo_demo/src/install/xgo_motion/share/xgo_motion/expression/rider/Angry
[212.398s] -- Installing: /home/sunrise/xgo_demo/src/install/xgo_motion/share/xgo_motion/expression/rider/Angry/Angry49.png
[212.400s] -- Installing: /home/sunrise/xgo_demo/src/install/xgo_motion/share/xgo_motion/expression/rider/Angry/Angry35.png
[212.402s] -- Installing: /home/sunrise/xgo_demo/src/install/xgo_motion/share/xgo_motion/expression/rider/Angry/Angry4.png
[212.405s] -- Installing: /home/sunrise/xgo_demo/src/install/xgo_motion/share/xgo_motion/expression/rider/Angry/Angry50.png
[212.406s] -- Installing: /home/sunrise/xgo_demo/src/install/xgo_motion/share/xgo_motion/expression/rider/Angry/Angry17.png
[212.409s] -- Installing: /home/sunrise/xgo_demo/src/install/xgo_motion/share/xgo_motion/expression/rider/Angry/Angry8.png
[212.411s] -- Installing: /home/sunrise/xgo_demo/src/install/xgo_motion/share/xgo_motion/expression/rider/Angry/Angry24.png
[212.413s] -- Installing: /home/sunrise/xgo_demo/src/install/xgo_motion/share/xgo_motion/expression/rider/Angry/Angry32.png
[212.415s] -- Installing: /home/sunrise/xgo_demo/src/install/xgo_motion/share/xgo_motion/expression/rider/Angry/Angry34.png
[212.416s] -- Installing: /home/sunrise/xgo_demo/src/install/xgo_motion/share/xgo_motion/expression/rider/Angry/Angry13.png
[212.418s] -- Installing: /home/sunrise/xgo_demo/src/install/xgo_motion/share/xgo_motion/expression/rider/Angry/Angry55.png
[212.420s] -- Installing: /home/sunrise/xgo_demo/src/install/xgo_motion/share/xgo_motion/expression/rider/Angry/Angry3.png
[212.421s] -- Installing: /home/sunrise/xgo_demo/src/install/xgo_motion/share/xgo_motion/expression/rider/Angry/Angry44.png
[212.423s] -- Installing: /home/sunrise/xgo_demo/src/install/xgo_motion/share/xgo_motion/expression/rider/Angry/Angry11.png
[212.425s] -- Installing: /home/sunrise/xgo_demo/src/install/xgo_motion/share/xgo_motion/expression/rider/Angry/Angry38.png
[212.427s] -- Installing: /home/sunrise/xgo_demo/src/install/xgo_motion/share/xgo_motion/expression/rider/Angry/Angry42.png
[212.429s] -- Installing: /home/sunrise/xgo_demo/src/install/xgo_motion/share/xgo_motion/expression/rider/Angry/Angry6.png
[212.430s] -- Installing: /home/sunrise/xgo_demo/src/install/xgo_motion/share/xgo_motion/expression/rider/Angry/Angry31.png
[212.434s] -- Installing: /home/sunrise/xgo_demo/src/install/xgo_motion/share/xgo_motion/expression/rider/Angry/Angry14.png
[212.435s] -- Installing: /home/sunrise/xgo_demo/src/install/xgo_motion/share/xgo_motion/expression/rider/Angry/Angry28.png
[212.437s] -- Installing: /home/sunrise/xgo_demo/src/install/xgo_motion/share/xgo_motion/expression/rider/Angry/Angry40.png
[212.439s] -- Installing: /home/sunrise/xgo_demo/src/install/xgo_motion/share/xgo_motion/expression/rider/Angry/Angry27.png
[212.441s] -- Installing: /home/sunrise/xgo_demo/src/install/xgo_motion/share/xgo_motion/expression/rider/Angry/Angry21.png
[212.443s] -- Installing: /home/sunrise/xgo_demo/src/install/xgo_motion/share/xgo_motion/expression/rider/Angry/Angry12.png
[212.444s] -- Installing: /home/sunrise/xgo_demo/src/install/xgo_motion/share/xgo_motion/expression/rider/Angry/Angry53.png
[212.446s] -- Installing: /home/sunrise/xgo_demo/src/install/xgo_motion/share/xgo_motion/expression/rider/Angry/Angry25.png
[212.448s] -- Installing: /home/sunrise/xgo_demo/src/install/xgo_motion/share/xgo_motion/expression/rider/Angry/Angry26.png
[212.450s] -- Installing: /home/sunrise/xgo_demo/src/install/xgo_motion/share/xgo_motion/expression/rider/Angry/Angry54.png
[212.453s] -- Installing: /home/sunrise/xgo_demo/src/install/xgo_motion/share/xgo_motion/expression/rider/Angry/Angry23.png
[212.454s] -- Installing: /home/sunrise/xgo_demo/src/install/xgo_motion/share/xgo_motion/expression/rider/Angry/Angry15.png
[212.457s] -- Installing: /home/sunrise/xgo_demo/src/install/xgo_motion/share/xgo_motion/expression/rider/Angry/Angry39.png
[212.458s] -- Installing: /home/sunrise/xgo_demo/src/install/xgo_motion/share/xgo_motion/expression/rider/Angry/Angry37.png
[212.460s] -- Installing: /home/sunrise/xgo_demo/src/install/xgo_motion/share/xgo_motion/expression/rider/Angry/Angry19.png
[212.462s] -- Installing: /home/sunrise/xgo_demo/src/install/xgo_motion/share/xgo_motion/expression/rider/Angry/Angry16.png
[212.464s] -- Installing: /home/sunrise/xgo_demo/src/install/xgo_motion/share/xgo_motion/expression/rider/Angry/Angry48.png
[212.466s] -- Installing: /home/sunrise/xgo_demo/src/install/xgo_motion/share/xgo_motion/expression/rider/Angry/Angry2.png
[212.467s] -- Installing: /home/sunrise/xgo_demo/src/install/xgo_motion/share/xgo_motion/expression/rider/Angry/Angry30.png
[212.469s] -- Installing: /home/sunrise/xgo_demo/src/install/xgo_motion/share/xgo_motion/expression/rider/Angry/Angry20.png
[212.473s] -- Installing: /home/sunrise/xgo_demo/src/install/xgo_motion/share/xgo_motion/expression/rider/Angry/Angry36.png
[212.475s] -- Installing: /home/sunrise/xgo_demo/src/install/xgo_motion/share/xgo_motion/expression/rider/Angry/Angry1.png
[212.476s] -- Installing: /home/sunrise/xgo_demo/src/install/xgo_motion/share/xgo_motion/expression/rider/Angry/Angry47.png
[212.477s] -- Installing: /home/sunrise/xgo_demo/src/install/xgo_motion/share/xgo_motion/expression/rider/Angry/Angry52.png
[212.479s] -- Installing: /home/sunrise/xgo_demo/src/install/xgo_motion/share/xgo_motion/expression/rider/Angry/Angry7.png
[212.481s] -- Installing: /home/sunrise/xgo_demo/src/install/xgo_motion/share/xgo_motion/expression/rider/Angry/Angry5.png
[212.483s] -- Installing: /home/sunrise/xgo_demo/src/install/xgo_motion/share/xgo_motion/expression/rider/Angry/Angry29.png
[212.485s] -- Installing: /home/sunrise/xgo_demo/src/install/xgo_motion/share/xgo_motion/expression/rider/Angry/Angry41.png
[212.487s] -- Installing: /home/sunrise/xgo_demo/src/install/xgo_motion/share/xgo_motion/expression/rider/Angry/Angry51.png
[212.489s] -- Installing: /home/sunrise/xgo_demo/src/install/xgo_motion/share/xgo_motion/expression/rider/Angry/Angry46.png
[212.491s] -- Installing: /home/sunrise/xgo_demo/src/install/xgo_motion/share/xgo_motion/expression/rider/Angry/Angry9.png
[212.493s] -- Installing: /home/sunrise/xgo_demo/src/install/xgo_motion/share/xgo_motion/expression/rider/Angry/Angry18.png
[212.495s] -- Installing: /home/sunrise/xgo_demo/src/install/xgo_motion/share/xgo_motion/expression/rider/Angry/Angry43.png
[212.498s] -- Installing: /home/sunrise/xgo_demo/src/install/xgo_motion/share/xgo_motion/expression/rider/Angry/Angry45.png
[212.499s] -- Installing: /home/sunrise/xgo_demo/src/install/xgo_motion/share/xgo_motion/expression/rider/Angry/Angry22.png
[212.502s] -- Installing: /home/sunrise/xgo_demo/src/install/xgo_motion/share/xgo_motion/expression/rider/Angry/Angry10.png
[212.505s] -- Installing: /home/sunrise/xgo_demo/src/install/xgo_motion/share/xgo_motion/expression/rider/Angry/Angry33.png
[212.506s] -- Installing: /home/sunrise/xgo_demo/src/install/xgo_motion/share/xgo_motion/expression/rider/surprised
[212.508s] -- Installing: /home/sunrise/xgo_demo/src/install/xgo_motion/share/xgo_motion/expression/rider/surprised/surprised19.png
[212.510s] -- Installing: /home/sunrise/xgo_demo/src/install/xgo_motion/share/xgo_motion/expression/rider/surprised/surprised14.png
[212.512s] -- Installing: /home/sunrise/xgo_demo/src/install/xgo_motion/share/xgo_motion/expression/rider/surprised/surprised54.png
[212.514s] -- Installing: /home/sunrise/xgo_demo/src/install/xgo_motion/share/xgo_motion/expression/rider/surprised/surprised58.png
[212.516s] -- Installing: /home/sunrise/xgo_demo/src/install/xgo_motion/share/xgo_motion/expression/rider/surprised/surprised41.png
[212.517s] -- Installing: /home/sunrise/xgo_demo/src/install/xgo_motion/share/xgo_motion/expression/rider/surprised/surprised7.png
[212.520s] -- Installing: /home/sunrise/xgo_demo/src/install/xgo_motion/share/xgo_motion/expression/rider/surprised/surprised40.png
[212.522s] -- Installing: /home/sunrise/xgo_demo/src/install/xgo_motion/share/xgo_motion/expression/rider/surprised/surprised34.png
[212.524s] -- Installing: /home/sunrise/xgo_demo/src/install/xgo_motion/share/xgo_motion/expression/rider/surprised/surprised67.png
[212.525s] -- Installing: /home/sunrise/xgo_demo/src/install/xgo_motion/share/xgo_motion/expression/rider/surprised/surprised68.png
[212.527s] -- Installing: /home/sunrise/xgo_demo/src/install/xgo_motion/share/xgo_motion/expression/rider/surprised/surprised49.png
[212.529s] -- Installing: /home/sunrise/xgo_demo/src/install/xgo_motion/share/xgo_motion/expression/rider/surprised/surprised18.png
[212.533s] -- Installing: /home/sunrise/xgo_demo/src/install/xgo_motion/share/xgo_motion/expression/rider/surprised/surprised25.png
[212.536s] -- Installing: /home/sunrise/xgo_demo/src/install/xgo_motion/share/xgo_motion/expression/rider/surprised/surprised13.png
[212.538s] -- Installing: /home/sunrise/xgo_demo/src/install/xgo_motion/share/xgo_motion/expression/rider/surprised/surprised71.png
[212.540s] -- Installing: /home/sunrise/xgo_demo/src/install/xgo_motion/share/xgo_motion/expression/rider/surprised/surprised62.png
[212.542s] -- Installing: /home/sunrise/xgo_demo/src/install/xgo_motion/share/xgo_motion/expression/rider/surprised/surprised20.png
[212.543s] -- Installing: /home/sunrise/xgo_demo/src/install/xgo_motion/share/xgo_motion/expression/rider/surprised/surprised32.png
[212.545s] -- Installing: /home/sunrise/xgo_demo/src/install/xgo_motion/share/xgo_motion/expression/rider/surprised/surprised65.png
[212.547s] -- Installing: /home/sunrise/xgo_demo/src/install/xgo_motion/share/xgo_motion/expression/rider/surprised/surprised11.png
[212.550s] -- Installing: /home/sunrise/xgo_demo/src/install/xgo_motion/share/xgo_motion/expression/rider/surprised/surprised23.png
[212.551s] -- Installing: /home/sunrise/xgo_demo/src/install/xgo_motion/share/xgo_motion/expression/rider/surprised/surprised9.png
[212.553s] -- Installing: /home/sunrise/xgo_demo/src/install/xgo_motion/share/xgo_motion/expression/rider/surprised/surprised57.png
[212.555s] -- Installing: /home/sunrise/xgo_demo/src/install/xgo_motion/share/xgo_motion/expression/rider/surprised/surprised56.png
[212.557s] -- Installing: /home/sunrise/xgo_demo/src/install/xgo_motion/share/xgo_motion/expression/rider/surprised/surprised45.png
[212.559s] -- Installing: /home/sunrise/xgo_demo/src/install/xgo_motion/share/xgo_motion/expression/rider/surprised/surprised31.png
[212.561s] -- Installing: /home/sunrise/xgo_demo/src/install/xgo_motion/share/xgo_motion/expression/rider/surprised/surprised50.png
[212.563s] -- Installing: /home/sunrise/xgo_demo/src/install/xgo_motion/share/xgo_motion/expression/rider/surprised/surprised70.png
[212.565s] -- Installing: /home/sunrise/xgo_demo/src/install/xgo_motion/share/xgo_motion/expression/rider/surprised/surprised52.png
[212.567s] -- Installing: /home/sunrise/xgo_demo/src/install/xgo_motion/share/xgo_motion/expression/rider/surprised/surprised63.png
[212.568s] -- Installing: /home/sunrise/xgo_demo/src/install/xgo_motion/share/xgo_motion/expression/rider/surprised/surprised27.png
[212.570s] -- Installing: /home/sunrise/xgo_demo/src/install/xgo_motion/share/xgo_motion/expression/rider/surprised/surprised51.png
[212.572s] -- Installing: /home/sunrise/xgo_demo/src/install/xgo_motion/share/xgo_motion/expression/rider/surprised/surprised6.png
[212.574s] -- Installing: /home/sunrise/xgo_demo/src/install/xgo_motion/share/xgo_motion/expression/rider/surprised/surprised1.png
[212.576s] -- Installing: /home/sunrise/xgo_demo/src/install/xgo_motion/share/xgo_motion/expression/rider/surprised/surprised10.png
[212.577s] -- Installing: /home/sunrise/xgo_demo/src/install/xgo_motion/share/xgo_motion/expression/rider/surprised/surprised33.png
[212.579s] -- Installing: /home/sunrise/xgo_demo/src/install/xgo_motion/share/xgo_motion/expression/rider/surprised/surprised24.png
[212.581s] -- Installing: /home/sunrise/xgo_demo/src/install/xgo_motion/share/xgo_motion/expression/rider/surprised/surprised30.png
[212.582s] -- Installing: /home/sunrise/xgo_demo/src/install/xgo_motion/share/xgo_motion/expression/rider/surprised/surprised17.png
[212.584s] -- Installing: /home/sunrise/xgo_demo/src/install/xgo_motion/share/xgo_motion/expression/rider/surprised/surprised48.png
[212.586s] -- Installing: /home/sunrise/xgo_demo/src/install/xgo_motion/share/xgo_motion/expression/rider/surprised/surprised42.png
[212.588s] -- Installing: /home/sunrise/xgo_demo/src/install/xgo_motion/share/xgo_motion/expression/rider/surprised/surprised37.png
[212.590s] -- Installing: /home/sunrise/xgo_demo/src/install/xgo_motion/share/xgo_motion/expression/rider/surprised/surprised5.png
[212.592s] -- Installing: /home/sunrise/xgo_demo/src/install/xgo_motion/share/xgo_motion/expression/rider/surprised/surprised3.png
[212.593s] -- Installing: /home/sunrise/xgo_demo/src/install/xgo_motion/share/xgo_motion/expression/rider/surprised/surprised43.png
[212.596s] -- Installing: /home/sunrise/xgo_demo/src/install/xgo_motion/share/xgo_motion/expression/rider/surprised/surprised55.png
[212.599s] -- Installing: /home/sunrise/xgo_demo/src/install/xgo_motion/share/xgo_motion/expression/rider/surprised/surprised59.png
[212.601s] -- Installing: /home/sunrise/xgo_demo/src/install/xgo_motion/share/xgo_motion/expression/rider/surprised/surprised38.png
[212.604s] -- Installing: /home/sunrise/xgo_demo/src/install/xgo_motion/share/xgo_motion/expression/rider/surprised/surprised53.png
[212.606s] -- Installing: /home/sunrise/xgo_demo/src/install/xgo_motion/share/xgo_motion/expression/rider/surprised/surprised73.png
[212.609s] -- Installing: /home/sunrise/xgo_demo/src/install/xgo_motion/share/xgo_motion/expression/rider/surprised/surprised21.png
[212.612s] -- Installing: /home/sunrise/xgo_demo/src/install/xgo_motion/share/xgo_motion/expression/rider/surprised/surprised69.png
[212.614s] -- Installing: /home/sunrise/xgo_demo/src/install/xgo_motion/share/xgo_motion/expression/rider/surprised/surprised74.png
[212.616s] -- Installing: /home/sunrise/xgo_demo/src/install/xgo_motion/share/xgo_motion/expression/rider/surprised/surprised16.png
[212.619s] -- Installing: /home/sunrise/xgo_demo/src/install/xgo_motion/share/xgo_motion/expression/rider/surprised/surprised22.png
[212.621s] -- Installing: /home/sunrise/xgo_demo/src/install/xgo_motion/share/xgo_motion/expression/rider/surprised/surprised64.png
[212.624s] -- Installing: /home/sunrise/xgo_demo/src/install/xgo_motion/share/xgo_motion/expression/rider/surprised/surprised28.png
[212.626s] -- Installing: /home/sunrise/xgo_demo/src/install/xgo_motion/share/xgo_motion/expression/rider/surprised/surprised44.png
[212.628s] -- Installing: /home/sunrise/xgo_demo/src/install/xgo_motion/share/xgo_motion/expression/rider/surprised/surprised72.png
[212.630s] -- Installing: /home/sunrise/xgo_demo/src/install/xgo_motion/share/xgo_motion/expression/rider/surprised/surprised29.png
[212.634s] -- Installing: /home/sunrise/xgo_demo/src/install/xgo_motion/share/xgo_motion/expression/rider/surprised/surprised35.png
[212.637s] -- Installing: /home/sunrise/xgo_demo/src/install/xgo_motion/share/xgo_motion/expression/rider/surprised/surprised26.png
[212.639s] -- Installing: /home/sunrise/xgo_demo/src/install/xgo_motion/share/xgo_motion/expression/rider/surprised/surprised4.png
[212.641s] -- Installing: /home/sunrise/xgo_demo/src/install/xgo_motion/share/xgo_motion/expression/rider/surprised/surprised66.png
[212.643s] -- Installing: /home/sunrise/xgo_demo/src/install/xgo_motion/share/xgo_motion/expression/rider/surprised/surprised61.png
[212.645s] -- Installing: /home/sunrise/xgo_demo/src/install/xgo_motion/share/xgo_motion/expression/rider/surprised/surprised8.png
[212.646s] -- Installing: /home/sunrise/xgo_demo/src/install/xgo_motion/share/xgo_motion/expression/rider/surprised/surprised36.png
[212.648s] -- Installing: /home/sunrise/xgo_demo/src/install/xgo_motion/share/xgo_motion/expression/rider/surprised/surprised15.png
[212.650s] -- Installing: /home/sunrise/xgo_demo/src/install/xgo_motion/share/xgo_motion/expression/rider/surprised/surprised46.png
[212.652s] -- Installing: /home/sunrise/xgo_demo/src/install/xgo_motion/share/xgo_motion/expression/rider/surprised/surprised2.png
[212.654s] -- Installing: /home/sunrise/xgo_demo/src/install/xgo_motion/share/xgo_motion/expression/rider/surprised/surprised60.png
[212.656s] -- Installing: /home/sunrise/xgo_demo/src/install/xgo_motion/share/xgo_motion/expression/rider/surprised/surprised39.png
[212.658s] -- Installing: /home/sunrise/xgo_demo/src/install/xgo_motion/share/xgo_motion/expression/rider/surprised/surprised47.png
[212.660s] -- Installing: /home/sunrise/xgo_demo/src/install/xgo_motion/share/xgo_motion/expression/rider/surprised/surprised12.png
[212.661s] -- Installing: /home/sunrise/xgo_demo/src/install/xgo_motion/share/xgo_motion/expression/rider/embarrassed
[212.664s] -- Installing: /home/sunrise/xgo_demo/src/install/xgo_motion/share/xgo_motion/expression/rider/embarrassed/embarrassed49.png
[212.666s] -- Installing: /home/sunrise/xgo_demo/src/install/xgo_motion/share/xgo_motion/expression/rider/embarrassed/embarrassed50.png
[212.668s] -- Installing: /home/sunrise/xgo_demo/src/install/xgo_motion/share/xgo_motion/expression/rider/embarrassed/embarrassed26.png
[212.670s] -- Installing: /home/sunrise/xgo_demo/src/install/xgo_motion/share/xgo_motion/expression/rider/embarrassed/embarrassed63.png
[212.672s] -- Installing: /home/sunrise/xgo_demo/src/install/xgo_motion/share/xgo_motion/expression/rider/embarrassed/embarrassed39.png
[212.674s] -- Installing: /home/sunrise/xgo_demo/src/install/xgo_motion/share/xgo_motion/expression/rider/embarrassed/embarrassed27.png
[212.676s] -- Installing: /home/sunrise/xgo_demo/src/install/xgo_motion/share/xgo_motion/expression/rider/embarrassed/embarrassed10.png
[212.678s] -- Installing: /home/sunrise/xgo_demo/src/install/xgo_motion/share/xgo_motion/expression/rider/embarrassed/embarrassed38.png
[212.680s] -- Installing: /home/sunrise/xgo_demo/src/install/xgo_motion/share/xgo_motion/expression/rider/embarrassed/embarrassed42.png
[212.681s] -- Installing: /home/sunrise/xgo_demo/src/install/xgo_motion/share/xgo_motion/expression/rider/embarrassed/embarrassed30.png
[212.683s] -- Installing: /home/sunrise/xgo_demo/src/install/xgo_motion/share/xgo_motion/expression/rider/embarrassed/embarrassed2.png
[212.685s] -- Installing: /home/sunrise/xgo_demo/src/install/xgo_motion/share/xgo_motion/expression/rider/embarrassed/embarrassed41.png
[212.687s] -- Installing: /home/sunrise/xgo_demo/src/install/xgo_motion/share/xgo_motion/expression/rider/embarrassed/embarrassed34.png
[212.689s] -- Installing: /home/sunrise/xgo_demo/src/install/xgo_motion/share/xgo_motion/expression/rider/embarrassed/embarrassed33.png
[212.692s] -- Installing: /home/sunrise/xgo_demo/src/install/xgo_motion/share/xgo_motion/expression/rider/embarrassed/embarrassed47.png
[212.693s] -- Installing: /home/sunrise/xgo_demo/src/install/xgo_motion/share/xgo_motion/expression/rider/embarrassed/embarrassed23.png
[212.694s] -- Installing: /home/sunrise/xgo_demo/src/install/xgo_motion/share/xgo_motion/expression/rider/embarrassed/embarrassed9.png
[212.696s] -- Installing: /home/sunrise/xgo_demo/src/install/xgo_motion/share/xgo_motion/expression/rider/embarrassed/embarrassed62.png
[212.699s] -- Installing: /home/sunrise/xgo_demo/src/install/xgo_motion/share/xgo_motion/expression/rider/embarrassed/embarrassed51.png
[212.700s] -- Installing: /home/sunrise/xgo_demo/src/install/xgo_motion/share/xgo_motion/expression/rider/embarrassed/embarrassed13.png
[212.702s] -- Installing: /home/sunrise/xgo_demo/src/install/xgo_motion/share/xgo_motion/expression/rider/embarrassed/embarrassed48.png
[212.704s] -- Installing: /home/sunrise/xgo_demo/src/install/xgo_motion/share/xgo_motion/expression/rider/embarrassed/embarrassed1.png
[212.706s] -- Installing: /home/sunrise/xgo_demo/src/install/xgo_motion/share/xgo_motion/expression/rider/embarrassed/embarrassed57.png
[212.709s] -- Installing: /home/sunrise/xgo_demo/src/install/xgo_motion/share/xgo_motion/expression/rider/embarrassed/embarrassed37.png
[212.710s] -- Installing: /home/sunrise/xgo_demo/src/install/xgo_motion/share/xgo_motion/expression/rider/embarrassed/embarrassed17.png
[212.712s] -- Installing: /home/sunrise/xgo_demo/src/install/xgo_motion/share/xgo_motion/expression/rider/embarrassed/embarrassed56.png
[212.714s] -- Installing: /home/sunrise/xgo_demo/src/install/xgo_motion/share/xgo_motion/expression/rider/embarrassed/embarrassed20.png
[212.717s] -- Installing: /home/sunrise/xgo_demo/src/install/xgo_motion/share/xgo_motion/expression/rider/embarrassed/embarrassed3.png
[212.718s] -- Installing: /home/sunrise/xgo_demo/src/install/xgo_motion/share/xgo_motion/expression/rider/embarrassed/embarrassed4.png
[212.720s] -- Installing: /home/sunrise/xgo_demo/src/install/xgo_motion/share/xgo_motion/expression/rider/embarrassed/embarrassed36.png
[212.722s] -- Installing: /home/sunrise/xgo_demo/src/install/xgo_motion/share/xgo_motion/expression/rider/embarrassed/embarrassed59.png
[212.724s] -- Installing: /home/sunrise/xgo_demo/src/install/xgo_motion/share/xgo_motion/expression/rider/embarrassed/embarrassed15.png
[212.726s] -- Installing: /home/sunrise/xgo_demo/src/install/xgo_motion/share/xgo_motion/expression/rider/embarrassed/embarrassed21.png
[212.728s] -- Installing: /home/sunrise/xgo_demo/src/install/xgo_motion/share/xgo_motion/expression/rider/embarrassed/embarrassed11.png
[212.730s] -- Installing: /home/sunrise/xgo_demo/src/install/xgo_motion/share/xgo_motion/expression/rider/embarrassed/embarrassed7.png
[212.731s] -- Installing: /home/sunrise/xgo_demo/src/install/xgo_motion/share/xgo_motion/expression/rider/embarrassed/embarrassed25.png
[212.733s] -- Installing: /home/sunrise/xgo_demo/src/install/xgo_motion/share/xgo_motion/expression/rider/embarrassed/embarrassed45.png
[212.735s] -- Installing: /home/sunrise/xgo_demo/src/install/xgo_motion/share/xgo_motion/expression/rider/embarrassed/embarrassed5.png
[212.737s] -- Installing: /home/sunrise/xgo_demo/src/install/xgo_motion/share/xgo_motion/expression/rider/embarrassed/embarrassed65.png
[212.739s] -- Installing: /home/sunrise/xgo_demo/src/install/xgo_motion/share/xgo_motion/expression/rider/embarrassed/embarrassed14.png
[212.741s] -- Installing: /home/sunrise/xgo_demo/src/install/xgo_motion/share/xgo_motion/expression/rider/embarrassed/embarrassed44.png
[212.743s] -- Installing: /home/sunrise/xgo_demo/src/install/xgo_motion/share/xgo_motion/expression/rider/embarrassed/embarrassed43.png
[212.745s] -- Installing: /home/sunrise/xgo_demo/src/install/xgo_motion/share/xgo_motion/expression/rider/embarrassed/embarrassed60.png
[212.747s] -- Installing: /home/sunrise/xgo_demo/src/install/xgo_motion/share/xgo_motion/expression/rider/embarrassed/embarrassed19.png
[212.749s] -- Installing: /home/sunrise/xgo_demo/src/install/xgo_motion/share/xgo_motion/expression/rider/embarrassed/embarrassed29.png
[212.751s] -- Installing: /home/sunrise/xgo_demo/src/install/xgo_motion/share/xgo_motion/expression/rider/embarrassed/embarrassed54.png
[212.753s] -- Installing: /home/sunrise/xgo_demo/src/install/xgo_motion/share/xgo_motion/expression/rider/embarrassed/embarrassed31.png
[212.755s] -- Installing: /home/sunrise/xgo_demo/src/install/xgo_motion/share/xgo_motion/expression/rider/embarrassed/embarrassed8.png
[212.758s] -- Installing: /home/sunrise/xgo_demo/src/install/xgo_motion/share/xgo_motion/expression/rider/embarrassed/embarrassed22.png
[212.760s] -- Installing: /home/sunrise/xgo_demo/src/install/xgo_motion/share/xgo_motion/expression/rider/embarrassed/embarrassed32.png
[212.763s] -- Installing: /home/sunrise/xgo_demo/src/install/xgo_motion/share/xgo_motion/expression/rider/embarrassed/embarrassed28.png
[212.765s] -- Installing: /home/sunrise/xgo_demo/src/install/xgo_motion/share/xgo_motion/expression/rider/embarrassed/embarrassed64.png
[212.766s] -- Installing: /home/sunrise/xgo_demo/src/install/xgo_motion/share/xgo_motion/expression/rider/embarrassed/embarrassed66.png
[212.768s] -- Installing: /home/sunrise/xgo_demo/src/install/xgo_motion/share/xgo_motion/expression/rider/embarrassed/embarrassed52.png
[212.770s] -- Installing: /home/sunrise/xgo_demo/src/install/xgo_motion/share/xgo_motion/expression/rider/embarrassed/embarrassed40.png
[212.771s] -- Installing: /home/sunrise/xgo_demo/src/install/xgo_motion/share/xgo_motion/expression/rider/embarrassed/embarrassed53.png
[212.774s] -- Installing: /home/sunrise/xgo_demo/src/install/xgo_motion/share/xgo_motion/expression/rider/embarrassed/embarrassed61.png
[212.777s] -- Installing: /home/sunrise/xgo_demo/src/install/xgo_motion/share/xgo_motion/expression/rider/embarrassed/embarrassed6.png
[212.778s] -- Installing: /home/sunrise/xgo_demo/src/install/xgo_motion/share/xgo_motion/expression/rider/embarrassed/embarrassed16.png
[212.780s] -- Installing: /home/sunrise/xgo_demo/src/install/xgo_motion/share/xgo_motion/expression/rider/embarrassed/embarrassed12.png
[212.783s] -- Installing: /home/sunrise/xgo_demo/src/install/xgo_motion/share/xgo_motion/expression/rider/embarrassed/embarrassed35.png
[212.784s] -- Installing: /home/sunrise/xgo_demo/src/install/xgo_motion/share/xgo_motion/expression/rider/embarrassed/embarrassed46.png
[212.786s] -- Installing: /home/sunrise/xgo_demo/src/install/xgo_motion/share/xgo_motion/expression/rider/embarrassed/embarrassed18.png
[212.787s] -- Installing: /home/sunrise/xgo_demo/src/install/xgo_motion/share/xgo_motion/expression/rider/embarrassed/embarrassed58.png
[212.789s] -- Installing: /home/sunrise/xgo_demo/src/install/xgo_motion/share/xgo_motion/expression/rider/embarrassed/embarrassed55.png
[212.792s] -- Installing: /home/sunrise/xgo_demo/src/install/xgo_motion/share/xgo_motion/expression/rider/embarrassed/embarrassed24.png
[212.794s] -- Installing: /home/sunrise/xgo_demo/src/install/xgo_motion/share/xgo_motion/expression/rider/sad
[212.796s] -- Installing: /home/sunrise/xgo_demo/src/install/xgo_motion/share/xgo_motion/expression/rider/sad/sad32.png
[212.798s] -- Installing: /home/sunrise/xgo_demo/src/install/xgo_motion/share/xgo_motion/expression/rider/sad/sad35.png
[212.800s] -- Installing: /home/sunrise/xgo_demo/src/install/xgo_motion/share/xgo_motion/expression/rider/sad/sad3.png
[212.802s] -- Installing: /home/sunrise/xgo_demo/src/install/xgo_motion/share/xgo_motion/expression/rider/sad/sad50.png
[212.804s] -- Installing: /home/sunrise/xgo_demo/src/install/xgo_motion/share/xgo_motion/expression/rider/sad/sad41.png
[212.806s] -- Installing: /home/sunrise/xgo_demo/src/install/xgo_motion/share/xgo_motion/expression/rider/sad/sad38.png
[212.808s] -- Installing: /home/sunrise/xgo_demo/src/install/xgo_motion/share/xgo_motion/expression/rider/sad/sad36.png
[212.810s] -- Installing: /home/sunrise/xgo_demo/src/install/xgo_motion/share/xgo_motion/expression/rider/sad/sad29.png
[212.811s] -- Installing: /home/sunrise/xgo_demo/src/install/xgo_motion/share/xgo_motion/expression/rider/sad/sad43.png
[212.813s] -- Installing: /home/sunrise/xgo_demo/src/install/xgo_motion/share/xgo_motion/expression/rider/sad/sad28.png
[212.815s] -- Installing: /home/sunrise/xgo_demo/src/install/xgo_motion/share/xgo_motion/expression/rider/sad/sad56.png
[212.817s] -- Installing: /home/sunrise/xgo_demo/src/install/xgo_motion/share/xgo_motion/expression/rider/sad/sad26.png
[212.819s] -- Installing: /home/sunrise/xgo_demo/src/install/xgo_motion/share/xgo_motion/expression/rider/sad/sad8.png
[212.821s] -- Installing: /home/sunrise/xgo_demo/src/install/xgo_motion/share/xgo_motion/expression/rider/sad/sad9.png
[212.824s] -- Installing: /home/sunrise/xgo_demo/src/install/xgo_motion/share/xgo_motion/expression/rider/sad/sad25.png
[212.825s] -- Installing: /home/sunrise/xgo_demo/src/install/xgo_motion/share/xgo_motion/expression/rider/sad/sad45.png
[212.828s] -- Installing: /home/sunrise/xgo_demo/src/install/xgo_motion/share/xgo_motion/expression/rider/sad/sad55.png
[212.830s] -- Installing: /home/sunrise/xgo_demo/src/install/xgo_motion/share/xgo_motion/expression/rider/sad/sad22.png
[212.832s] -- Installing: /home/sunrise/xgo_demo/src/install/xgo_motion/share/xgo_motion/expression/rider/sad/sad39.png
[212.834s] -- Installing: /home/sunrise/xgo_demo/src/install/xgo_motion/share/xgo_motion/expression/rider/sad/sad59.png
[212.836s] -- Installing: /home/sunrise/xgo_demo/src/install/xgo_motion/share/xgo_motion/expression/rider/sad/sad20.png
[212.839s] -- Installing: /home/sunrise/xgo_demo/src/install/xgo_motion/share/xgo_motion/expression/rider/sad/sad57.png
[212.841s] -- Installing: /home/sunrise/xgo_demo/src/install/xgo_motion/share/xgo_motion/expression/rider/sad/sad34.png
[212.843s] -- Installing: /home/sunrise/xgo_demo/src/install/xgo_motion/share/xgo_motion/expression/rider/sad/sad48.png
[212.845s] -- Installing: /home/sunrise/xgo_demo/src/install/xgo_motion/share/xgo_motion/expression/rider/sad/sad65.png
[212.847s] -- Installing: /home/sunrise/xgo_demo/src/install/xgo_motion/share/xgo_motion/expression/rider/sad/sad14.png
[212.850s] -- Installing: /home/sunrise/xgo_demo/src/install/xgo_motion/share/xgo_motion/expression/rider/sad/sad1.png
[212.852s] -- Installing: /home/sunrise/xgo_demo/src/install/xgo_motion/share/xgo_motion/expression/rider/sad/sad24.png
[212.854s] -- Installing: /home/sunrise/xgo_demo/src/install/xgo_motion/share/xgo_motion/expression/rider/sad/sad7.png
[212.856s] -- Installing: /home/sunrise/xgo_demo/src/install/xgo_motion/share/xgo_motion/expression/rider/sad/sad13.png
[212.858s] -- Installing: /home/sunrise/xgo_demo/src/install/xgo_motion/share/xgo_motion/expression/rider/sad/sad6.png
[212.860s] -- Installing: /home/sunrise/xgo_demo/src/install/xgo_motion/share/xgo_motion/expression/rider/sad/sad27.png
[212.862s] -- Installing: /home/sunrise/xgo_demo/src/install/xgo_motion/share/xgo_motion/expression/rider/sad/sad52.png
[212.865s] -- Installing: /home/sunrise/xgo_demo/src/install/xgo_motion/share/xgo_motion/expression/rider/sad/sad61.png
[212.866s] -- Installing: /home/sunrise/xgo_demo/src/install/xgo_motion/share/xgo_motion/expression/rider/sad/sad18.png
[212.869s] -- Installing: /home/sunrise/xgo_demo/src/install/xgo_motion/share/xgo_motion/expression/rider/sad/sad60.png
[212.871s] -- Installing: /home/sunrise/xgo_demo/src/install/xgo_motion/share/xgo_motion/expression/rider/sad/sad37.png
[212.874s] -- Installing: /home/sunrise/xgo_demo/src/install/xgo_motion/share/xgo_motion/expression/rider/sad/sad54.png
[212.876s] -- Installing: /home/sunrise/xgo_demo/src/install/xgo_motion/share/xgo_motion/expression/rider/sad/sad51.png
[212.878s] -- Installing: /home/sunrise/xgo_demo/src/install/xgo_motion/share/xgo_motion/expression/rider/sad/sad19.png
[212.880s] -- Installing: /home/sunrise/xgo_demo/src/install/xgo_motion/share/xgo_motion/expression/rider/sad/sad10.png
[212.882s] -- Installing: /home/sunrise/xgo_demo/src/install/xgo_motion/share/xgo_motion/expression/rider/sad/sad2.png
[212.884s] -- Installing: /home/sunrise/xgo_demo/src/install/xgo_motion/share/xgo_motion/expression/rider/sad/sad33.png
[212.886s] -- Installing: /home/sunrise/xgo_demo/src/install/xgo_motion/share/xgo_motion/expression/rider/sad/sad17.png
[212.889s] -- Installing: /home/sunrise/xgo_demo/src/install/xgo_motion/share/xgo_motion/expression/rider/sad/sad42.png
[212.891s] -- Installing: /home/sunrise/xgo_demo/src/install/xgo_motion/share/xgo_motion/expression/rider/sad/sad62.png
[212.893s] -- Installing: /home/sunrise/xgo_demo/src/install/xgo_motion/share/xgo_motion/expression/rider/sad/sad23.png
[212.896s] -- Installing: /home/sunrise/xgo_demo/src/install/xgo_motion/share/xgo_motion/expression/rider/sad/sad21.png
[212.898s] -- Installing: /home/sunrise/xgo_demo/src/install/xgo_motion/share/xgo_motion/expression/rider/sad/sad5.png
[212.900s] -- Installing: /home/sunrise/xgo_demo/src/install/xgo_motion/share/xgo_motion/expression/rider/sad/sad40.png
[212.904s] -- Installing: /home/sunrise/xgo_demo/src/install/xgo_motion/share/xgo_motion/expression/rider/sad/sad46.png
[212.905s] -- Installing: /home/sunrise/xgo_demo/src/install/xgo_motion/share/xgo_motion/expression/rider/sad/sad16.png
[212.907s] -- Installing: /home/sunrise/xgo_demo/src/install/xgo_motion/share/xgo_motion/expression/rider/sad/sad63.png
[212.909s] -- Installing: /home/sunrise/xgo_demo/src/install/xgo_motion/share/xgo_motion/expression/rider/sad/sad53.png
[212.911s] -- Installing: /home/sunrise/xgo_demo/src/install/xgo_motion/share/xgo_motion/expression/rider/sad/sad12.png
[212.913s] -- Installing: /home/sunrise/xgo_demo/src/install/xgo_motion/share/xgo_motion/expression/rider/sad/sad30.png
[212.916s] -- Installing: /home/sunrise/xgo_demo/src/install/xgo_motion/share/xgo_motion/expression/rider/sad/sad47.png
[212.917s] -- Installing: /home/sunrise/xgo_demo/src/install/xgo_motion/share/xgo_motion/expression/rider/sad/sad49.png
[212.920s] -- Installing: /home/sunrise/xgo_demo/src/install/xgo_motion/share/xgo_motion/expression/rider/sad/sad11.png
[212.922s] -- Installing: /home/sunrise/xgo_demo/src/install/xgo_motion/share/xgo_motion/expression/rider/sad/sad58.png
[212.924s] -- Installing: /home/sunrise/xgo_demo/src/install/xgo_motion/share/xgo_motion/expression/rider/sad/sad44.png
[212.926s] -- Installing: /home/sunrise/xgo_demo/src/install/xgo_motion/share/xgo_motion/expression/rider/sad/sad64.png
[212.929s] -- Installing: /home/sunrise/xgo_demo/src/install/xgo_motion/share/xgo_motion/expression/rider/sad/sad31.png
[212.932s] -- Installing: /home/sunrise/xgo_demo/src/install/xgo_motion/share/xgo_motion/expression/rider/sad/sad15.png
[212.935s] -- Installing: /home/sunrise/xgo_demo/src/install/xgo_motion/share/xgo_motion/expression/rider/sad/sad4.png
[212.937s] -- Installing: /home/sunrise/xgo_demo/src/install/xgo_motion/share/xgo_motion/expression/rider/laugh
[212.939s] -- Installing: /home/sunrise/xgo_demo/src/install/xgo_motion/share/xgo_motion/expression/rider/laugh/laugh14.png
[212.941s] -- Installing: /home/sunrise/xgo_demo/src/install/xgo_motion/share/xgo_motion/expression/rider/laugh/laugh21.png
[212.943s] -- Installing: /home/sunrise/xgo_demo/src/install/xgo_motion/share/xgo_motion/expression/rider/laugh/laugh10.png
[212.945s] -- Installing: /home/sunrise/xgo_demo/src/install/xgo_motion/share/xgo_motion/expression/rider/laugh/laugh49.png
[212.947s] -- Installing: /home/sunrise/xgo_demo/src/install/xgo_motion/share/xgo_motion/expression/rider/laugh/laugh13.png
[212.948s] -- Installing: /home/sunrise/xgo_demo/src/install/xgo_motion/share/xgo_motion/expression/rider/laugh/laugh41.png
[212.950s] -- Installing: /home/sunrise/xgo_demo/src/install/xgo_motion/share/xgo_motion/expression/rider/laugh/laugh20.png
[212.952s] -- Installing: /home/sunrise/xgo_demo/src/install/xgo_motion/share/xgo_motion/expression/rider/laugh/laugh24.png
[212.953s] -- Installing: /home/sunrise/xgo_demo/src/install/xgo_motion/share/xgo_motion/expression/rider/laugh/laugh25.png
[212.956s] -- Installing: /home/sunrise/xgo_demo/src/install/xgo_motion/share/xgo_motion/expression/rider/laugh/laugh9.png
[212.957s] -- Installing: /home/sunrise/xgo_demo/src/install/xgo_motion/share/xgo_motion/expression/rider/laugh/laugh33.png
[212.960s] -- Installing: /home/sunrise/xgo_demo/src/install/xgo_motion/share/xgo_motion/expression/rider/laugh/laugh31.png
[212.962s] -- Installing: /home/sunrise/xgo_demo/src/install/xgo_motion/share/xgo_motion/expression/rider/laugh/laugh46.png
[212.964s] -- Installing: /home/sunrise/xgo_demo/src/install/xgo_motion/share/xgo_motion/expression/rider/laugh/laugh44.png
[212.966s] -- Installing: /home/sunrise/xgo_demo/src/install/xgo_motion/share/xgo_motion/expression/rider/laugh/laugh29.png
[212.968s] -- Installing: /home/sunrise/xgo_demo/src/install/xgo_motion/share/xgo_motion/expression/rider/laugh/laugh39.png
[212.969s] -- Installing: /home/sunrise/xgo_demo/src/install/xgo_motion/share/xgo_motion/expression/rider/laugh/laugh8.png
[212.971s] -- Installing: /home/sunrise/xgo_demo/src/install/xgo_motion/share/xgo_motion/expression/rider/laugh/laugh16.png
[212.972s] -- Installing: /home/sunrise/xgo_demo/src/install/xgo_motion/share/xgo_motion/expression/rider/laugh/laugh34.png
[212.974s] -- Installing: /home/sunrise/xgo_demo/src/install/xgo_motion/share/xgo_motion/expression/rider/laugh/laugh51.png
[212.977s] -- Installing: /home/sunrise/xgo_demo/src/install/xgo_motion/share/xgo_motion/expression/rider/laugh/laugh43.png
[212.979s] -- Installing: /home/sunrise/xgo_demo/src/install/xgo_motion/share/xgo_motion/expression/rider/laugh/laugh40.png
[212.981s] -- Installing: /home/sunrise/xgo_demo/src/install/xgo_motion/share/xgo_motion/expression/rider/laugh/laugh5.png
[212.982s] -- Installing: /home/sunrise/xgo_demo/src/install/xgo_motion/share/xgo_motion/expression/rider/laugh/laugh37.png
[212.984s] -- Installing: /home/sunrise/xgo_demo/src/install/xgo_motion/share/xgo_motion/expression/rider/laugh/laugh36.png
[212.986s] -- Installing: /home/sunrise/xgo_demo/src/install/xgo_motion/share/xgo_motion/expression/rider/laugh/laugh11.png
[212.987s] -- Installing: /home/sunrise/xgo_demo/src/install/xgo_motion/share/xgo_motion/expression/rider/laugh/laugh3.png
[212.989s] -- Installing: /home/sunrise/xgo_demo/src/install/xgo_motion/share/xgo_motion/expression/rider/laugh/laugh19.png
[212.991s] -- Installing: /home/sunrise/xgo_demo/src/install/xgo_motion/share/xgo_motion/expression/rider/laugh/laugh7.png
[212.994s] -- Installing: /home/sunrise/xgo_demo/src/install/xgo_motion/share/xgo_motion/expression/rider/laugh/laugh2.png
[212.995s] -- Installing: /home/sunrise/xgo_demo/src/install/xgo_motion/share/xgo_motion/expression/rider/laugh/laugh17.png
[212.997s] -- Installing: /home/sunrise/xgo_demo/src/install/xgo_motion/share/xgo_motion/expression/rider/laugh/laugh38.png
[213.000s] -- Installing: /home/sunrise/xgo_demo/src/install/xgo_motion/share/xgo_motion/expression/rider/laugh/laugh4.png
[213.001s] -- Installing: /home/sunrise/xgo_demo/src/install/xgo_motion/share/xgo_motion/expression/rider/laugh/laugh6.png
[213.003s] -- Installing: /home/sunrise/xgo_demo/src/install/xgo_motion/share/xgo_motion/expression/rider/laugh/laugh22.png
[213.005s] -- Installing: /home/sunrise/xgo_demo/src/install/xgo_motion/share/xgo_motion/expression/rider/laugh/laugh48.png
[213.006s] -- Installing: /home/sunrise/xgo_demo/src/install/xgo_motion/share/xgo_motion/expression/rider/laugh/laugh26.png
[213.008s] -- Installing: /home/sunrise/xgo_demo/src/install/xgo_motion/share/xgo_motion/expression/rider/laugh/laugh15.png
[213.010s] -- Installing: /home/sunrise/xgo_demo/src/install/xgo_motion/share/xgo_motion/expression/rider/laugh/laugh47.png
[213.012s] -- Installing: /home/sunrise/xgo_demo/src/install/xgo_motion/share/xgo_motion/expression/rider/laugh/laugh30.png
[213.014s] -- Installing: /home/sunrise/xgo_demo/src/install/xgo_motion/share/xgo_motion/expression/rider/laugh/laugh12.png
[213.016s] -- Installing: /home/sunrise/xgo_demo/src/install/xgo_motion/share/xgo_motion/expression/rider/laugh/laugh28.png
[213.018s] -- Installing: /home/sunrise/xgo_demo/src/install/xgo_motion/share/xgo_motion/expression/rider/laugh/laugh23.png
[213.021s] -- Installing: /home/sunrise/xgo_demo/src/install/xgo_motion/share/xgo_motion/expression/rider/laugh/laugh32.png
[213.023s] -- Installing: /home/sunrise/xgo_demo/src/install/xgo_motion/share/xgo_motion/expression/rider/laugh/laugh27.png
[213.025s] -- Installing: /home/sunrise/xgo_demo/src/install/xgo_motion/share/xgo_motion/expression/rider/laugh/laugh18.png
[213.027s] -- Installing: /home/sunrise/xgo_demo/src/install/xgo_motion/share/xgo_motion/expression/rider/laugh/laugh50.png
[213.029s] -- Installing: /home/sunrise/xgo_demo/src/install/xgo_motion/share/xgo_motion/expression/rider/laugh/laugh45.png
[213.031s] -- Installing: /home/sunrise/xgo_demo/src/install/xgo_motion/share/xgo_motion/expression/rider/laugh/laugh42.png
[213.033s] -- Installing: /home/sunrise/xgo_demo/src/install/xgo_motion/share/xgo_motion/expression/rider/laugh/laugh1.png
[213.034s] -- Installing: /home/sunrise/xgo_demo/src/install/xgo_motion/share/xgo_motion/expression/rider/laugh/laugh35.png
[213.036s] -- Installing: /home/sunrise/xgo_demo/src/install/xgo_motion/share/xgo_motion/expression/rider/hate
[213.039s] -- Installing: /home/sunrise/xgo_demo/src/install/xgo_motion/share/xgo_motion/expression/rider/hate/hate13.png
[213.040s] -- Installing: /home/sunrise/xgo_demo/src/install/xgo_motion/share/xgo_motion/expression/rider/hate/hate54.png
[213.042s] -- Installing: /home/sunrise/xgo_demo/src/install/xgo_motion/share/xgo_motion/expression/rider/hate/hate31.png
[213.044s] -- Installing: /home/sunrise/xgo_demo/src/install/xgo_motion/share/xgo_motion/expression/rider/hate/hate1.png
[213.045s] -- Installing: /home/sunrise/xgo_demo/src/install/xgo_motion/share/xgo_motion/expression/rider/hate/hate55.png
[213.048s] -- Installing: /home/sunrise/xgo_demo/src/install/xgo_motion/share/xgo_motion/expression/rider/hate/hate60.png
[213.049s] -- Installing: /home/sunrise/xgo_demo/src/install/xgo_motion/share/xgo_motion/expression/rider/hate/hate44.png
[213.052s] -- Installing: /home/sunrise/xgo_demo/src/install/xgo_motion/share/xgo_motion/expression/rider/hate/hate11.png
[213.053s] -- Installing: /home/sunrise/xgo_demo/src/install/xgo_motion/share/xgo_motion/expression/rider/hate/hate37.png
[213.056s] -- Installing: /home/sunrise/xgo_demo/src/install/xgo_motion/share/xgo_motion/expression/rider/hate/hate16.png
[213.058s] -- Installing: /home/sunrise/xgo_demo/src/install/xgo_motion/share/xgo_motion/expression/rider/hate/hate5.png
[213.059s] -- Installing: /home/sunrise/xgo_demo/src/install/xgo_motion/share/xgo_motion/expression/rider/hate/hate72.png
[213.062s] -- Installing: /home/sunrise/xgo_demo/src/install/xgo_motion/share/xgo_motion/expression/rider/hate/hate75.png
[213.063s] -- Installing: /home/sunrise/xgo_demo/src/install/xgo_motion/share/xgo_motion/expression/rider/hate/hate15.png
[213.066s] -- Installing: /home/sunrise/xgo_demo/src/install/xgo_motion/share/xgo_motion/expression/rider/hate/hate48.png
[213.068s] -- Installing: /home/sunrise/xgo_demo/src/install/xgo_motion/share/xgo_motion/expression/rider/hate/hate67.png
[213.070s] -- Installing: /home/sunrise/xgo_demo/src/install/xgo_motion/share/xgo_motion/expression/rider/hate/hate10.png
[213.072s] -- Installing: /home/sunrise/xgo_demo/src/install/xgo_motion/share/xgo_motion/expression/rider/hate/hate14.png
[213.073s] -- Installing: /home/sunrise/xgo_demo/src/install/xgo_motion/share/xgo_motion/expression/rider/hate/hate47.png
[213.076s] -- Installing: /home/sunrise/xgo_demo/src/install/xgo_motion/share/xgo_motion/expression/rider/hate/hate17.png
[213.078s] -- Installing: /home/sunrise/xgo_demo/src/install/xgo_motion/share/xgo_motion/expression/rider/hate/hate53.png
[213.080s] -- Installing: /home/sunrise/xgo_demo/src/install/xgo_motion/share/xgo_motion/expression/rider/hate/hate52.png
[213.082s] -- Installing: /home/sunrise/xgo_demo/src/install/xgo_motion/share/xgo_motion/expression/rider/hate/hate39.png
[213.084s] -- Installing: /home/sunrise/xgo_demo/src/install/xgo_motion/share/xgo_motion/expression/rider/hate/hate20.png
[213.085s] -- Installing: /home/sunrise/xgo_demo/src/install/xgo_motion/share/xgo_motion/expression/rider/hate/hate49.png
[213.088s] -- Installing: /home/sunrise/xgo_demo/src/install/xgo_motion/share/xgo_motion/expression/rider/hate/hate64.png
[213.090s] -- Installing: /home/sunrise/xgo_demo/src/install/xgo_motion/share/xgo_motion/expression/rider/hate/hate46.png
[213.091s] -- Installing: /home/sunrise/xgo_demo/src/install/xgo_motion/share/xgo_motion/expression/rider/hate/hate12.png
[213.093s] -- Installing: /home/sunrise/xgo_demo/src/install/xgo_motion/share/xgo_motion/expression/rider/hate/hate35.png
[213.096s] -- Installing: /home/sunrise/xgo_demo/src/install/xgo_motion/share/xgo_motion/expression/rider/hate/hate69.png
[213.098s] -- Installing: /home/sunrise/xgo_demo/src/install/xgo_motion/share/xgo_motion/expression/rider/hate/hate42.png
[213.101s] -- Installing: /home/sunrise/xgo_demo/src/install/xgo_motion/share/xgo_motion/expression/rider/hate/hate33.png
[213.102s] -- Installing: /home/sunrise/xgo_demo/src/install/xgo_motion/share/xgo_motion/expression/rider/hate/hate63.png
[213.105s] -- Installing: /home/sunrise/xgo_demo/src/install/xgo_motion/share/xgo_motion/expression/rider/hate/hate45.png
[213.108s] -- Installing: /home/sunrise/xgo_demo/src/install/xgo_motion/share/xgo_motion/expression/rider/hate/hate61.png
[213.110s] -- Installing: /home/sunrise/xgo_demo/src/install/xgo_motion/share/xgo_motion/expression/rider/hate/hate28.png
[213.112s] -- Installing: /home/sunrise/xgo_demo/src/install/xgo_motion/share/xgo_motion/expression/rider/hate/hate27.png
[213.114s] -- Installing: /home/sunrise/xgo_demo/src/install/xgo_motion/share/xgo_motion/expression/rider/hate/hate21.png
[213.117s] -- Installing: /home/sunrise/xgo_demo/src/install/xgo_motion/share/xgo_motion/expression/rider/hate/hate70.png
[213.119s] -- Installing: /home/sunrise/xgo_demo/src/install/xgo_motion/share/xgo_motion/expression/rider/hate/hate32.png
[213.120s] -- Installing: /home/sunrise/xgo_demo/src/install/xgo_motion/share/xgo_motion/expression/rider/hate/hate68.png
[213.123s] -- Installing: /home/sunrise/xgo_demo/src/install/xgo_motion/share/xgo_motion/expression/rider/hate/hate40.png
[213.125s] -- Installing: /home/sunrise/xgo_demo/src/install/xgo_motion/share/xgo_motion/expression/rider/hate/hate30.png
[213.127s] -- Installing: /home/sunrise/xgo_demo/src/install/xgo_motion/share/xgo_motion/expression/rider/hate/hate81.png
[213.129s] -- Installing: /home/sunrise/xgo_demo/src/install/xgo_motion/share/xgo_motion/expression/rider/hate/hate57.png
[213.131s] -- Installing: /home/sunrise/xgo_demo/src/install/xgo_motion/share/xgo_motion/expression/rider/hate/hate59.png
[213.133s] -- Installing: /home/sunrise/xgo_demo/src/install/xgo_motion/share/xgo_motion/expression/rider/hate/hate26.png
[213.136s] -- Installing: /home/sunrise/xgo_demo/src/install/xgo_motion/share/xgo_motion/expression/rider/hate/hate25.png
[213.137s] -- Installing: /home/sunrise/xgo_demo/src/install/xgo_motion/share/xgo_motion/expression/rider/hate/hate62.png
[213.140s] -- Installing: /home/sunrise/xgo_demo/src/install/xgo_motion/share/xgo_motion/expression/rider/hate/hate6.png
[213.141s] -- Installing: /home/sunrise/xgo_demo/src/install/xgo_motion/share/xgo_motion/expression/rider/hate/hate80.png
[213.144s] -- Installing: /home/sunrise/xgo_demo/src/install/xgo_motion/share/xgo_motion/expression/rider/hate/hate9.png
[213.146s] -- Installing: /home/sunrise/xgo_demo/src/install/xgo_motion/share/xgo_motion/expression/rider/hate/hate29.png
[213.148s] -- Installing: /home/sunrise/xgo_demo/src/install/xgo_motion/share/xgo_motion/expression/rider/hate/hate51.png
[213.150s] -- Installing: /home/sunrise/xgo_demo/src/install/xgo_motion/share/xgo_motion/expression/rider/hate/hate24.png
[213.151s] -- Installing: /home/sunrise/xgo_demo/src/install/xgo_motion/share/xgo_motion/expression/rider/hate/hate22.png
[213.153s] -- Installing: /home/sunrise/xgo_demo/src/install/xgo_motion/share/xgo_motion/expression/rider/hate/hate8.png
[213.155s] -- Installing: /home/sunrise/xgo_demo/src/install/xgo_motion/share/xgo_motion/expression/rider/hate/hate77.png
[213.158s] -- Installing: /home/sunrise/xgo_demo/src/install/xgo_motion/share/xgo_motion/expression/rider/hate/hate34.png
[213.159s] -- Installing: /home/sunrise/xgo_demo/src/install/xgo_motion/share/xgo_motion/expression/rider/hate/hate19.png
[213.161s] -- Installing: /home/sunrise/xgo_demo/src/install/xgo_motion/share/xgo_motion/expression/rider/hate/hate36.png
[213.163s] -- Installing: /home/sunrise/xgo_demo/src/install/xgo_motion/share/xgo_motion/expression/rider/hate/hate23.png
[213.164s] -- Installing: /home/sunrise/xgo_demo/src/install/xgo_motion/share/xgo_motion/expression/rider/hate/hate78.png
[213.167s] -- Installing: /home/sunrise/xgo_demo/src/install/xgo_motion/share/xgo_motion/expression/rider/hate/hate3.png
[213.169s] -- Installing: /home/sunrise/xgo_demo/src/install/xgo_motion/share/xgo_motion/expression/rider/hate/hate58.png
[213.171s] -- Installing: /home/sunrise/xgo_demo/src/install/xgo_motion/share/xgo_motion/expression/rider/hate/hate4.png
[213.174s] -- Installing: /home/sunrise/xgo_demo/src/install/xgo_motion/share/xgo_motion/expression/rider/hate/hate41.png
[213.176s] -- Installing: /home/sunrise/xgo_demo/src/install/xgo_motion/share/xgo_motion/expression/rider/hate/hate74.png
[213.178s] -- Installing: /home/sunrise/xgo_demo/src/install/xgo_motion/share/xgo_motion/expression/rider/hate/hate7.png
[213.180s] -- Installing: /home/sunrise/xgo_demo/src/install/xgo_motion/share/xgo_motion/expression/rider/hate/hate38.png
[213.184s] -- Installing: /home/sunrise/xgo_demo/src/install/xgo_motion/share/xgo_motion/expression/rider/hate/hate73.png
[213.185s] -- Installing: /home/sunrise/xgo_demo/src/install/xgo_motion/share/xgo_motion/expression/rider/hate/hate71.png
[213.187s] -- Installing: /home/sunrise/xgo_demo/src/install/xgo_motion/share/xgo_motion/expression/rider/hate/hate2.png
[213.189s] -- Installing: /home/sunrise/xgo_demo/src/install/xgo_motion/share/xgo_motion/expression/rider/hate/hate50.png
[213.191s] -- Installing: /home/sunrise/xgo_demo/src/install/xgo_motion/share/xgo_motion/expression/rider/hate/hate56.png
[213.194s] -- Installing: /home/sunrise/xgo_demo/src/install/xgo_motion/share/xgo_motion/expression/rider/hate/hate66.png
[213.196s] -- Installing: /home/sunrise/xgo_demo/src/install/xgo_motion/share/xgo_motion/expression/rider/hate/hate43.png
[213.197s] -- Installing: /home/sunrise/xgo_demo/src/install/xgo_motion/share/xgo_motion/expression/rider/hate/hate79.png
[213.200s] -- Installing: /home/sunrise/xgo_demo/src/install/xgo_motion/share/xgo_motion/expression/rider/hate/hate76.png
[213.202s] -- Installing: /home/sunrise/xgo_demo/src/install/xgo_motion/share/xgo_motion/expression/rider/hate/hate65.png
[213.204s] -- Installing: /home/sunrise/xgo_demo/src/install/xgo_motion/share/xgo_motion/expression/rider/hate/hate18.png
[213.206s] -- Installing: /home/sunrise/xgo_demo/src/install/xgo_motion/share/xgo_motion/expression/rider/shy
[213.207s] -- Installing: /home/sunrise/xgo_demo/src/install/xgo_motion/share/xgo_motion/expression/rider/shy/shy7.png
[213.210s] -- Installing: /home/sunrise/xgo_demo/src/install/xgo_motion/share/xgo_motion/expression/rider/shy/shy29.png
[213.212s] -- Installing: /home/sunrise/xgo_demo/src/install/xgo_motion/share/xgo_motion/expression/rider/shy/shy5.png
[213.213s] -- Installing: /home/sunrise/xgo_demo/src/install/xgo_motion/share/xgo_motion/expression/rider/shy/shy19.png
[213.216s] -- Installing: /home/sunrise/xgo_demo/src/install/xgo_motion/share/xgo_motion/expression/rider/shy/shy10.png
[213.217s] -- Installing: /home/sunrise/xgo_demo/src/install/xgo_motion/share/xgo_motion/expression/rider/shy/shy40.png
[213.219s] -- Installing: /home/sunrise/xgo_demo/src/install/xgo_motion/share/xgo_motion/expression/rider/shy/shy12.png
[213.220s] -- Installing: /home/sunrise/xgo_demo/src/install/xgo_motion/share/xgo_motion/expression/rider/shy/shy56.png
[213.222s] -- Installing: /home/sunrise/xgo_demo/src/install/xgo_motion/share/xgo_motion/expression/rider/shy/shy36.png
[213.224s] -- Installing: /home/sunrise/xgo_demo/src/install/xgo_motion/share/xgo_motion/expression/rider/shy/shy20.png
[213.227s] -- Installing: /home/sunrise/xgo_demo/src/install/xgo_motion/share/xgo_motion/expression/rider/shy/shy26.png
[213.229s] -- Installing: /home/sunrise/xgo_demo/src/install/xgo_motion/share/xgo_motion/expression/rider/shy/shy48.png
[213.230s] -- Installing: /home/sunrise/xgo_demo/src/install/xgo_motion/share/xgo_motion/expression/rider/shy/shy30.png
[213.232s] -- Installing: /home/sunrise/xgo_demo/src/install/xgo_motion/share/xgo_motion/expression/rider/shy/shy42.png
[213.234s] -- Installing: /home/sunrise/xgo_demo/src/install/xgo_motion/share/xgo_motion/expression/rider/shy/shy1.png
[213.235s] -- Installing: /home/sunrise/xgo_demo/src/install/xgo_motion/share/xgo_motion/expression/rider/shy/shy17.png
[213.237s] -- Installing: /home/sunrise/xgo_demo/src/install/xgo_motion/share/xgo_motion/expression/rider/shy/shy53.png
[213.238s] -- Installing: /home/sunrise/xgo_demo/src/install/xgo_motion/share/xgo_motion/expression/rider/shy/shy59.png
[213.240s] -- Installing: /home/sunrise/xgo_demo/src/install/xgo_motion/share/xgo_motion/expression/rider/shy/shy11.png
[213.241s] -- Installing: /home/sunrise/xgo_demo/src/install/xgo_motion/share/xgo_motion/expression/rider/shy/shy23.png
[213.243s] -- Installing: /home/sunrise/xgo_demo/src/install/xgo_motion/share/xgo_motion/expression/rider/shy/shy35.png
[213.245s] -- Installing: /home/sunrise/xgo_demo/src/install/xgo_motion/share/xgo_motion/expression/rider/shy/shy49.png
[213.247s] -- Installing: /home/sunrise/xgo_demo/src/install/xgo_motion/share/xgo_motion/expression/rider/shy/shy47.png
[213.249s] -- Installing: /home/sunrise/xgo_demo/src/install/xgo_motion/share/xgo_motion/expression/rider/shy/shy41.png
[213.251s] -- Installing: /home/sunrise/xgo_demo/src/install/xgo_motion/share/xgo_motion/expression/rider/shy/shy3.png
[213.252s] -- Installing: /home/sunrise/xgo_demo/src/install/xgo_motion/share/xgo_motion/expression/rider/shy/shy52.png
[213.254s] -- Installing: /home/sunrise/xgo_demo/src/install/xgo_motion/share/xgo_motion/expression/rider/shy/shy32.png
[213.256s] -- Installing: /home/sunrise/xgo_demo/src/install/xgo_motion/share/xgo_motion/expression/rider/shy/shy13.png
[213.258s] -- Installing: /home/sunrise/xgo_demo/src/install/xgo_motion/share/xgo_motion/expression/rider/shy/shy8.png
[213.260s] -- Installing: /home/sunrise/xgo_demo/src/install/xgo_motion/share/xgo_motion/expression/rider/shy/shy28.png
[213.262s] -- Installing: /home/sunrise/xgo_demo/src/install/xgo_motion/share/xgo_motion/expression/rider/shy/shy37.png
[213.265s] -- Installing: /home/sunrise/xgo_demo/src/install/xgo_motion/share/xgo_motion/expression/rider/shy/shy22.png
[213.266s] -- Installing: /home/sunrise/xgo_demo/src/install/xgo_motion/share/xgo_motion/expression/rider/shy/shy58.png
[213.268s] -- Installing: /home/sunrise/xgo_demo/src/install/xgo_motion/share/xgo_motion/expression/rider/shy/shy31.png
[213.271s] -- Installing: /home/sunrise/xgo_demo/src/install/xgo_motion/share/xgo_motion/expression/rider/shy/shy55.png
[213.273s] -- Installing: /home/sunrise/xgo_demo/src/install/xgo_motion/share/xgo_motion/expression/rider/shy/shy27.png
[213.274s] -- Installing: /home/sunrise/xgo_demo/src/install/xgo_motion/share/xgo_motion/expression/rider/shy/shy24.png
[213.277s] -- Installing: /home/sunrise/xgo_demo/src/install/xgo_motion/share/xgo_motion/expression/rider/shy/shy54.png
[213.279s] -- Installing: /home/sunrise/xgo_demo/src/install/xgo_motion/share/xgo_motion/expression/rider/shy/shy18.png
[213.281s] -- Installing: /home/sunrise/xgo_demo/src/install/xgo_motion/share/xgo_motion/expression/rider/shy/shy33.png
[213.285s] -- Installing: /home/sunrise/xgo_demo/src/install/xgo_motion/share/xgo_motion/expression/rider/shy/shy14.png
[213.287s] -- Installing: /home/sunrise/xgo_demo/src/install/xgo_motion/share/xgo_motion/expression/rider/shy/shy25.png
[213.288s] -- Installing: /home/sunrise/xgo_demo/src/install/xgo_motion/share/xgo_motion/expression/rider/shy/shy38.png
[213.291s] -- Installing: /home/sunrise/xgo_demo/src/install/xgo_motion/share/xgo_motion/expression/rider/shy/shy4.png
[213.293s] -- Installing: /home/sunrise/xgo_demo/src/install/xgo_motion/share/xgo_motion/expression/rider/shy/shy57.png
[213.295s] -- Installing: /home/sunrise/xgo_demo/src/install/xgo_motion/share/xgo_motion/expression/rider/shy/shy60.png
[213.296s] -- Installing: /home/sunrise/xgo_demo/src/install/xgo_motion/share/xgo_motion/expression/rider/shy/shy44.png
[213.298s] -- Installing: /home/sunrise/xgo_demo/src/install/xgo_motion/share/xgo_motion/expression/rider/shy/shy9.png
[213.300s] -- Installing: /home/sunrise/xgo_demo/src/install/xgo_motion/share/xgo_motion/expression/rider/shy/shy21.png
[213.302s] -- Installing: /home/sunrise/xgo_demo/src/install/xgo_motion/share/xgo_motion/expression/rider/shy/shy34.png
[213.304s] -- Installing: /home/sunrise/xgo_demo/src/install/xgo_motion/share/xgo_motion/expression/rider/shy/shy16.png
[213.305s] -- Installing: /home/sunrise/xgo_demo/src/install/xgo_motion/share/xgo_motion/expression/rider/shy/shy45.png
[213.307s] -- Installing: /home/sunrise/xgo_demo/src/install/xgo_motion/share/xgo_motion/expression/rider/shy/shy51.png
[213.309s] -- Installing: /home/sunrise/xgo_demo/src/install/xgo_motion/share/xgo_motion/expression/rider/shy/shy43.png
[213.311s] -- Installing: /home/sunrise/xgo_demo/src/install/xgo_motion/share/xgo_motion/expression/rider/shy/shy6.png
[213.313s] -- Installing: /home/sunrise/xgo_demo/src/install/xgo_motion/share/xgo_motion/expression/rider/shy/shy39.png
[213.315s] -- Installing: /home/sunrise/xgo_demo/src/install/xgo_motion/share/xgo_motion/expression/rider/shy/shy46.png
[213.317s] -- Installing: /home/sunrise/xgo_demo/src/install/xgo_motion/share/xgo_motion/expression/rider/shy/shy2.png
[213.318s] -- Installing: /home/sunrise/xgo_demo/src/install/xgo_motion/share/xgo_motion/expression/rider/shy/shy15.png
[213.321s] -- Installing: /home/sunrise/xgo_demo/src/install/xgo_motion/share/xgo_motion/expression/rider/shy/shy50.png
[213.323s] -- Installing: /home/sunrise/xgo_demo/src/install/xgo_motion/share/xgo_motion/expression/query_r
[213.325s] -- Installing: /home/sunrise/xgo_demo/src/install/xgo_motion/share/xgo_motion/expression/query_r/8.png
[213.326s] -- Installing: /home/sunrise/xgo_demo/src/install/xgo_motion/share/xgo_motion/expression/query_r/3.png
[213.329s] -- Installing: /home/sunrise/xgo_demo/src/install/xgo_motion/share/xgo_motion/expression/query_r/1.png
[213.331s] -- Installing: /home/sunrise/xgo_demo/src/install/xgo_motion/share/xgo_motion/expression/query_r/10.png
[213.332s] -- Installing: /home/sunrise/xgo_demo/src/install/xgo_motion/share/xgo_motion/expression/query_r/9.png
[213.334s] -- Installing: /home/sunrise/xgo_demo/src/install/xgo_motion/share/xgo_motion/expression/query_r/5.png
[213.336s] -- Installing: /home/sunrise/xgo_demo/src/install/xgo_motion/share/xgo_motion/expression/query_r/7.png
[213.338s] -- Installing: /home/sunrise/xgo_demo/src/install/xgo_motion/share/xgo_motion/expression/query_r/2.png
[213.341s] -- Installing: /home/sunrise/xgo_demo/src/install/xgo_motion/share/xgo_motion/expression/query_r/6.png
[213.342s] -- Installing: /home/sunrise/xgo_demo/src/install/xgo_motion/share/xgo_motion/expression/query_r/4.png
[213.344s] -- Installing: /home/sunrise/xgo_demo/src/install/xgo_motion/share/xgo_motion/expression/query_r/11.png
[213.348s] -- Installing: /home/sunrise/xgo_demo/src/install/xgo_motion/share/xgo_motion/expression/love_r
[213.349s] -- Installing: /home/sunrise/xgo_demo/src/install/xgo_motion/share/xgo_motion/expression/love_r/8.png
[213.351s] -- Installing: /home/sunrise/xgo_demo/src/install/xgo_motion/share/xgo_motion/expression/love_r/3.png
[213.353s] -- Installing: /home/sunrise/xgo_demo/src/install/xgo_motion/share/xgo_motion/expression/love_r/1.png
[213.355s] -- Installing: /home/sunrise/xgo_demo/src/install/xgo_motion/share/xgo_motion/expression/love_r/10.png
[213.357s] -- Installing: /home/sunrise/xgo_demo/src/install/xgo_motion/share/xgo_motion/expression/love_r/9.png
[213.359s] -- Installing: /home/sunrise/xgo_demo/src/install/xgo_motion/share/xgo_motion/expression/love_r/5.png
[213.361s] -- Installing: /home/sunrise/xgo_demo/src/install/xgo_motion/share/xgo_motion/expression/love_r/7.png
[213.363s] -- Installing: /home/sunrise/xgo_demo/src/install/xgo_motion/share/xgo_motion/expression/love_r/2.png
[213.364s] -- Installing: /home/sunrise/xgo_demo/src/install/xgo_motion/share/xgo_motion/expression/love_r/6.png
[213.366s] -- Installing: /home/sunrise/xgo_demo/src/install/xgo_motion/share/xgo_motion/expression/love_r/4.png
[213.368s] -- Installing: /home/sunrise/xgo_demo/src/install/xgo_motion/share/xgo_motion/expression/love_r/11.png
[213.370s] -- Installing: /home/sunrise/xgo_demo/src/install/xgo_motion/share/xgo_motion/expression/sad_r
[213.372s] -- Installing: /home/sunrise/xgo_demo/src/install/xgo_motion/share/xgo_motion/expression/sad_r/8.png
[213.375s] -- Installing: /home/sunrise/xgo_demo/src/install/xgo_motion/share/xgo_motion/expression/sad_r/3.png
[213.377s] -- Installing: /home/sunrise/xgo_demo/src/install/xgo_motion/share/xgo_motion/expression/sad_r/1.png
[213.379s] -- Installing: /home/sunrise/xgo_demo/src/install/xgo_motion/share/xgo_motion/expression/sad_r/10.png
[213.381s] -- Installing: /home/sunrise/xgo_demo/src/install/xgo_motion/share/xgo_motion/expression/sad_r/9.png
[213.382s] -- Installing: /home/sunrise/xgo_demo/src/install/xgo_motion/share/xgo_motion/expression/sad_r/5.png
[213.385s] -- Installing: /home/sunrise/xgo_demo/src/install/xgo_motion/share/xgo_motion/expression/sad_r/7.png
[213.387s] -- Installing: /home/sunrise/xgo_demo/src/install/xgo_motion/share/xgo_motion/expression/sad_r/2.png
[213.389s] -- Installing: /home/sunrise/xgo_demo/src/install/xgo_motion/share/xgo_motion/expression/sad_r/12.png
[213.390s] -- Installing: /home/sunrise/xgo_demo/src/install/xgo_motion/share/xgo_motion/expression/sad_r/6.png
[213.392s] -- Installing: /home/sunrise/xgo_demo/src/install/xgo_motion/share/xgo_motion/expression/sad_r/4.png
[213.395s] -- Installing: /home/sunrise/xgo_demo/src/install/xgo_motion/share/xgo_motion/expression/sad_r/11.png
[213.397s] -- Installing: /home/sunrise/xgo_demo/src/install/xgo_motion/share/xgo_motion/expression/grievance_r
[213.398s] -- Installing: /home/sunrise/xgo_demo/src/install/xgo_motion/share/xgo_motion/expression/grievance_r/8.png
[213.401s] -- Installing: /home/sunrise/xgo_demo/src/install/xgo_motion/share/xgo_motion/expression/grievance_r/3.png
[213.402s] -- Installing: /home/sunrise/xgo_demo/src/install/xgo_motion/share/xgo_motion/expression/grievance_r/1.png
[213.404s] -- Installing: /home/sunrise/xgo_demo/src/install/xgo_motion/share/xgo_motion/expression/grievance_r/10.png
[213.406s] -- Installing: /home/sunrise/xgo_demo/src/install/xgo_motion/share/xgo_motion/expression/grievance_r/9.png
[213.408s] -- Installing: /home/sunrise/xgo_demo/src/install/xgo_motion/share/xgo_motion/expression/grievance_r/5.png
[213.411s] -- Installing: /home/sunrise/xgo_demo/src/install/xgo_motion/share/xgo_motion/expression/grievance_r/7.png
[213.412s] -- Installing: /home/sunrise/xgo_demo/src/install/xgo_motion/share/xgo_motion/expression/grievance_r/2.png
[213.414s] -- Installing: /home/sunrise/xgo_demo/src/install/xgo_motion/share/xgo_motion/expression/grievance_r/12.png
[213.416s] -- Installing: /home/sunrise/xgo_demo/src/install/xgo_motion/share/xgo_motion/expression/grievance_r/6.png
[213.417s] -- Installing: /home/sunrise/xgo_demo/src/install/xgo_motion/share/xgo_motion/expression/grievance_r/4.png
[213.419s] -- Installing: /home/sunrise/xgo_demo/src/install/xgo_motion/share/xgo_motion/expression/grievance_r/11.png
[213.421s] -- Installing: /home/sunrise/xgo_demo/src/install/xgo_motion/share/xgo_motion/expression/Stun_r
[213.422s] -- Installing: /home/sunrise/xgo_demo/src/install/xgo_motion/share/xgo_motion/expression/Stun_r/8.png
[213.425s] -- Installing: /home/sunrise/xgo_demo/src/install/xgo_motion/share/xgo_motion/expression/Stun_r/3.png
[213.429s] -- Installing: /home/sunrise/xgo_demo/src/install/xgo_motion/share/xgo_motion/expression/Stun_r/1.png
[213.433s] -- Installing: /home/sunrise/xgo_demo/src/install/xgo_motion/share/xgo_motion/expression/Stun_r/10.png
[213.438s] -- Installing: /home/sunrise/xgo_demo/src/install/xgo_motion/share/xgo_motion/expression/Stun_r/9.png
[213.442s] -- Installing: /home/sunrise/xgo_demo/src/install/xgo_motion/share/xgo_motion/expression/Stun_r/5.png
[213.445s] -- Installing: /home/sunrise/xgo_demo/src/install/xgo_motion/share/xgo_motion/expression/Stun_r/7.png
[213.448s] -- Installing: /home/sunrise/xgo_demo/src/install/xgo_motion/share/xgo_motion/expression/Stun_r/2.png
[213.451s] -- Installing: /home/sunrise/xgo_demo/src/install/xgo_motion/share/xgo_motion/expression/Stun_r/12.png
[213.454s] -- Installing: /home/sunrise/xgo_demo/src/install/xgo_motion/share/xgo_motion/expression/Stun_r/6.png
[213.457s] -- Installing: /home/sunrise/xgo_demo/src/install/xgo_motion/share/xgo_motion/expression/Stun_r/4.png
[213.461s] -- Installing: /home/sunrise/xgo_demo/src/install/xgo_motion/share/xgo_motion/expression/Stun_r/11.png
[213.463s] -- Installing: /home/sunrise/xgo_demo/src/install/xgo_motion/share/xgo_motion/expression/lookaround
[213.465s] -- Installing: /home/sunrise/xgo_demo/src/install/xgo_motion/share/xgo_motion/expression/lookaround/8.png
[213.467s] -- Installing: /home/sunrise/xgo_demo/src/install/xgo_motion/share/xgo_motion/expression/lookaround/3.png
[213.468s] -- Installing: /home/sunrise/xgo_demo/src/install/xgo_motion/share/xgo_motion/expression/lookaround/1.png
[213.471s] -- Installing: /home/sunrise/xgo_demo/src/install/xgo_motion/share/xgo_motion/expression/lookaround/10.png
[213.473s] -- Installing: /home/sunrise/xgo_demo/src/install/xgo_motion/share/xgo_motion/expression/lookaround/9.png
[213.475s] -- Installing: /home/sunrise/xgo_demo/src/install/xgo_motion/share/xgo_motion/expression/lookaround/5.png
[213.476s] -- Installing: /home/sunrise/xgo_demo/src/install/xgo_motion/share/xgo_motion/expression/lookaround/7.png
[213.479s] -- Installing: /home/sunrise/xgo_demo/src/install/xgo_motion/share/xgo_motion/expression/lookaround/2.png
[213.480s] -- Installing: /home/sunrise/xgo_demo/src/install/xgo_motion/share/xgo_motion/expression/lookaround/12.png
[213.482s] -- Installing: /home/sunrise/xgo_demo/src/install/xgo_motion/share/xgo_motion/expression/lookaround/6.png
[213.484s] -- Installing: /home/sunrise/xgo_demo/src/install/xgo_motion/share/xgo_motion/expression/lookaround/4.png
[213.486s] -- Installing: /home/sunrise/xgo_demo/src/install/xgo_motion/share/xgo_motion/expression/lookaround/11.png
[213.488s] -- Installing: /home/sunrise/xgo_demo/src/install/xgo_motion/share/xgo_motion/expression/seek
[213.489s] -- Installing: /home/sunrise/xgo_demo/src/install/xgo_motion/share/xgo_motion/expression/seek/8.png
[213.491s] -- Installing: /home/sunrise/xgo_demo/src/install/xgo_motion/share/xgo_motion/expression/seek/3.png
[213.493s] -- Installing: /home/sunrise/xgo_demo/src/install/xgo_motion/share/xgo_motion/expression/seek/1.png
[213.495s] -- Installing: /home/sunrise/xgo_demo/src/install/xgo_motion/share/xgo_motion/expression/seek/10.png
[213.497s] -- Installing: /home/sunrise/xgo_demo/src/install/xgo_motion/share/xgo_motion/expression/seek/9.png
[213.498s] -- Installing: /home/sunrise/xgo_demo/src/install/xgo_motion/share/xgo_motion/expression/seek/5.png
[213.500s] -- Installing: /home/sunrise/xgo_demo/src/install/xgo_motion/share/xgo_motion/expression/seek/7.png
[213.502s] -- Installing: /home/sunrise/xgo_demo/src/install/xgo_motion/share/xgo_motion/expression/seek/2.png
[213.504s] -- Installing: /home/sunrise/xgo_demo/src/install/xgo_motion/share/xgo_motion/expression/seek/12.png
[213.506s] -- Installing: /home/sunrise/xgo_demo/src/install/xgo_motion/share/xgo_motion/expression/seek/6.png
[213.508s] -- Installing: /home/sunrise/xgo_demo/src/install/xgo_motion/share/xgo_motion/expression/seek/4.png
[213.510s] -- Installing: /home/sunrise/xgo_demo/src/install/xgo_motion/share/xgo_motion/expression/seek/11.png
[213.513s] -- Installing: /home/sunrise/xgo_demo/src/install/xgo_motion/share/xgo_motion/expression/angry
[213.515s] -- Installing: /home/sunrise/xgo_demo/src/install/xgo_motion/share/xgo_motion/expression/angry/8.png
[213.517s] -- Installing: /home/sunrise/xgo_demo/src/install/xgo_motion/share/xgo_motion/expression/angry/3.png
[213.519s] -- Installing: /home/sunrise/xgo_demo/src/install/xgo_motion/share/xgo_motion/expression/angry/1.png
[213.522s] -- Installing: /home/sunrise/xgo_demo/src/install/xgo_motion/share/xgo_motion/expression/angry/10.png
[213.524s] -- Installing: /home/sunrise/xgo_demo/src/install/xgo_motion/share/xgo_motion/expression/angry/9.png
[213.529s] -- Installing: /home/sunrise/xgo_demo/src/install/xgo_motion/share/xgo_motion/expression/angry/5.png
[213.532s] -- Installing: /home/sunrise/xgo_demo/src/install/xgo_motion/share/xgo_motion/expression/angry/7.png
[213.533s] -- Installing: /home/sunrise/xgo_demo/src/install/xgo_motion/share/xgo_motion/expression/angry/2.png
[213.536s] -- Installing: /home/sunrise/xgo_demo/src/install/xgo_motion/share/xgo_motion/expression/angry/12.png
[213.538s] -- Installing: /home/sunrise/xgo_demo/src/install/xgo_motion/share/xgo_motion/expression/angry/6.png
[213.540s] -- Installing: /home/sunrise/xgo_demo/src/install/xgo_motion/share/xgo_motion/expression/angry/13.png
[213.543s] -- Installing: /home/sunrise/xgo_demo/src/install/xgo_motion/share/xgo_motion/expression/angry/4.png
[213.544s] -- Installing: /home/sunrise/xgo_demo/src/install/xgo_motion/share/xgo_motion/expression/angry/11.png
[213.547s] -- Installing: /home/sunrise/xgo_demo/src/install/xgo_motion/share/xgo_motion/expression/sleepy
[213.548s] -- Installing: /home/sunrise/xgo_demo/src/install/xgo_motion/share/xgo_motion/expression/sleepy/8.png
[213.551s] -- Installing: /home/sunrise/xgo_demo/src/install/xgo_motion/share/xgo_motion/expression/sleepy/16.png
[213.552s] -- Installing: /home/sunrise/xgo_demo/src/install/xgo_motion/share/xgo_motion/expression/sleepy/3.png
[213.554s] -- Installing: /home/sunrise/xgo_demo/src/install/xgo_motion/share/xgo_motion/expression/sleepy/1.png
[213.556s] -- Installing: /home/sunrise/xgo_demo/src/install/xgo_motion/share/xgo_motion/expression/sleepy/10.png
[213.557s] -- Installing: /home/sunrise/xgo_demo/src/install/xgo_motion/share/xgo_motion/expression/sleepy/9.png
[213.560s] -- Installing: /home/sunrise/xgo_demo/src/install/xgo_motion/share/xgo_motion/expression/sleepy/19.png
[213.562s] -- Installing: /home/sunrise/xgo_demo/src/install/xgo_motion/share/xgo_motion/expression/sleepy/5.png
[213.564s] -- Installing: /home/sunrise/xgo_demo/src/install/xgo_motion/share/xgo_motion/expression/sleepy/7.png
[213.566s] -- Installing: /home/sunrise/xgo_demo/src/install/xgo_motion/share/xgo_motion/expression/sleepy/17.png
[213.568s] -- Installing: /home/sunrise/xgo_demo/src/install/xgo_motion/share/xgo_motion/expression/sleepy/2.png
[213.569s] -- Installing: /home/sunrise/xgo_demo/src/install/xgo_motion/share/xgo_motion/expression/sleepy/12.png
[213.571s] -- Installing: /home/sunrise/xgo_demo/src/install/xgo_motion/share/xgo_motion/expression/sleepy/15.png
[213.572s] -- Installing: /home/sunrise/xgo_demo/src/install/xgo_motion/share/xgo_motion/expression/sleepy/6.png
[213.575s] -- Installing: /home/sunrise/xgo_demo/src/install/xgo_motion/share/xgo_motion/expression/sleepy/13.png
[213.577s] -- Installing: /home/sunrise/xgo_demo/src/install/xgo_motion/share/xgo_motion/expression/sleepy/4.png
[213.579s] -- Installing: /home/sunrise/xgo_demo/src/install/xgo_motion/share/xgo_motion/expression/sleepy/18.png
[213.581s] -- Installing: /home/sunrise/xgo_demo/src/install/xgo_motion/share/xgo_motion/expression/sleepy/11.png
[213.582s] -- Installing: /home/sunrise/xgo_demo/src/install/xgo_motion/share/xgo_motion/expression/sleepy/14.png
[213.584s] -- Installing: /home/sunrise/xgo_demo/src/install/xgo_motion/share/xgo_motion/expression/surprise
[213.585s] -- Installing: /home/sunrise/xgo_demo/src/install/xgo_motion/share/xgo_motion/expression/surprise/8.png
[213.587s] -- Installing: /home/sunrise/xgo_demo/src/install/xgo_motion/share/xgo_motion/expression/surprise/3.png
[213.589s] -- Installing: /home/sunrise/xgo_demo/src/install/xgo_motion/share/xgo_motion/expression/surprise/1.png
[213.591s] -- Installing: /home/sunrise/xgo_demo/src/install/xgo_motion/share/xgo_motion/expression/surprise/10.png
[213.592s] -- Installing: /home/sunrise/xgo_demo/src/install/xgo_motion/share/xgo_motion/expression/surprise/9.png
[213.594s] -- Installing: /home/sunrise/xgo_demo/src/install/xgo_motion/share/xgo_motion/expression/surprise/5.png
[213.596s] -- Installing: /home/sunrise/xgo_demo/src/install/xgo_motion/share/xgo_motion/expression/surprise/7.png
[213.597s] -- Installing: /home/sunrise/xgo_demo/src/install/xgo_motion/share/xgo_motion/expression/surprise/2.png
[213.600s] -- Installing: /home/sunrise/xgo_demo/src/install/xgo_motion/share/xgo_motion/expression/surprise/12.png
[213.602s] -- Installing: /home/sunrise/xgo_demo/src/install/xgo_motion/share/xgo_motion/expression/surprise/15.png
[213.605s] -- Installing: /home/sunrise/xgo_demo/src/install/xgo_motion/share/xgo_motion/expression/surprise/6.png
[213.606s] -- Installing: /home/sunrise/xgo_demo/src/install/xgo_motion/share/xgo_motion/expression/surprise/13.png
[213.609s] -- Installing: /home/sunrise/xgo_demo/src/install/xgo_motion/share/xgo_motion/expression/surprise/4.png
[213.611s] -- Installing: /home/sunrise/xgo_demo/src/install/xgo_motion/share/xgo_motion/expression/surprise/11.png
[213.614s] -- Installing: /home/sunrise/xgo_demo/src/install/xgo_motion/share/xgo_motion/expression/surprise/14.png
[213.617s] -- Installing: /home/sunrise/xgo_demo/src/install/xgo_motion/share/xgo_motion/expression/love
[213.619s] -- Installing: /home/sunrise/xgo_demo/src/install/xgo_motion/share/xgo_motion/expression/love/8.png
[213.622s] -- Installing: /home/sunrise/xgo_demo/src/install/xgo_motion/share/xgo_motion/expression/love/3.png
[213.624s] -- Installing: /home/sunrise/xgo_demo/src/install/xgo_motion/share/xgo_motion/expression/love/1.png
[213.626s] -- Installing: /home/sunrise/xgo_demo/src/install/xgo_motion/share/xgo_motion/expression/love/10.png
[213.628s] -- Installing: /home/sunrise/xgo_demo/src/install/xgo_motion/share/xgo_motion/expression/love/9.png
[213.629s] -- Installing: /home/sunrise/xgo_demo/src/install/xgo_motion/share/xgo_motion/expression/love/5.png
[213.631s] -- Installing: /home/sunrise/xgo_demo/src/install/xgo_motion/share/xgo_motion/expression/love/7.png
[213.632s] -- Installing: /home/sunrise/xgo_demo/src/install/xgo_motion/share/xgo_motion/expression/love/2.png
[213.634s] -- Installing: /home/sunrise/xgo_demo/src/install/xgo_motion/share/xgo_motion/expression/love/12.png
[213.637s] -- Installing: /home/sunrise/xgo_demo/src/install/xgo_motion/share/xgo_motion/expression/love/6.png
[213.640s] -- Installing: /home/sunrise/xgo_demo/src/install/xgo_motion/share/xgo_motion/expression/love/13.png
[213.641s] -- Installing: /home/sunrise/xgo_demo/src/install/xgo_motion/share/xgo_motion/expression/love/4.png
[213.643s] -- Installing: /home/sunrise/xgo_demo/src/install/xgo_motion/share/xgo_motion/expression/love/11.png
[213.644s] -- Installing: /home/sunrise/xgo_demo/src/install/xgo_motion/share/xgo_motion/expression/guffaw_r
[213.646s] -- Installing: /home/sunrise/xgo_demo/src/install/xgo_motion/share/xgo_motion/expression/guffaw_r/8.png
[213.648s] -- Installing: /home/sunrise/xgo_demo/src/install/xgo_motion/share/xgo_motion/expression/guffaw_r/3.png
[213.649s] -- Installing: /home/sunrise/xgo_demo/src/install/xgo_motion/share/xgo_motion/expression/guffaw_r/1.png
[213.651s] -- Installing: /home/sunrise/xgo_demo/src/install/xgo_motion/share/xgo_motion/expression/guffaw_r/10.png
[213.652s] -- Installing: /home/sunrise/xgo_demo/src/install/xgo_motion/share/xgo_motion/expression/guffaw_r/9.png
[213.653s] -- Installing: /home/sunrise/xgo_demo/src/install/xgo_motion/share/xgo_motion/expression/guffaw_r/5.png
[213.655s] -- Installing: /home/sunrise/xgo_demo/src/install/xgo_motion/share/xgo_motion/expression/guffaw_r/7.png
[213.657s] -- Installing: /home/sunrise/xgo_demo/src/install/xgo_motion/share/xgo_motion/expression/guffaw_r/2.png
[213.659s] -- Installing: /home/sunrise/xgo_demo/src/install/xgo_motion/share/xgo_motion/expression/guffaw_r/6.png
[213.660s] -- Installing: /home/sunrise/xgo_demo/src/install/xgo_motion/share/xgo_motion/expression/guffaw_r/4.png
[213.662s] -- Installing: /home/sunrise/xgo_demo/src/install/xgo_motion/share/xgo_motion/expression/sad
[213.664s] -- Installing: /home/sunrise/xgo_demo/src/install/xgo_motion/share/xgo_motion/expression/sad/8.png
[213.667s] -- Installing: /home/sunrise/xgo_demo/src/install/xgo_motion/share/xgo_motion/expression/sad/3.png
[213.669s] -- Installing: /home/sunrise/xgo_demo/src/install/xgo_motion/share/xgo_motion/expression/sad/1.png
[213.671s] -- Installing: /home/sunrise/xgo_demo/src/install/xgo_motion/share/xgo_motion/expression/sad/10.png
[213.674s] -- Installing: /home/sunrise/xgo_demo/src/install/xgo_motion/share/xgo_motion/expression/sad/9.png
[213.677s] -- Installing: /home/sunrise/xgo_demo/src/install/xgo_motion/share/xgo_motion/expression/sad/5.png
[213.679s] -- Installing: /home/sunrise/xgo_demo/src/install/xgo_motion/share/xgo_motion/expression/sad/7.png
[213.680s] -- Installing: /home/sunrise/xgo_demo/src/install/xgo_motion/share/xgo_motion/expression/sad/2.png
[213.683s] -- Installing: /home/sunrise/xgo_demo/src/install/xgo_motion/share/xgo_motion/expression/sad/12.png
[213.686s] -- Installing: /home/sunrise/xgo_demo/src/install/xgo_motion/share/xgo_motion/expression/sad/6.png
[213.687s] -- Installing: /home/sunrise/xgo_demo/src/install/xgo_motion/share/xgo_motion/expression/sad/13.png
[213.691s] -- Installing: /home/sunrise/xgo_demo/src/install/xgo_motion/share/xgo_motion/expression/sad/4.png
[213.692s] -- Installing: /home/sunrise/xgo_demo/src/install/xgo_motion/share/xgo_motion/expression/sad/11.png
[213.695s] -- Installing: /home/sunrise/xgo_demo/src/install/xgo_motion/share/xgo_motion/expression/sad/14.png
[213.699s] -- Installing: /home/sunrise/xgo_demo/src/install/xgo_motion/share/xgo_motion/expression/guffaw
[213.700s] -- Installing: /home/sunrise/xgo_demo/src/install/xgo_motion/share/xgo_motion/expression/guffaw/8.png
[213.703s] -- Installing: /home/sunrise/xgo_demo/src/install/xgo_motion/share/xgo_motion/expression/guffaw/3.png
[213.705s] -- Installing: /home/sunrise/xgo_demo/src/install/xgo_motion/share/xgo_motion/expression/guffaw/1.png
[213.708s] -- Installing: /home/sunrise/xgo_demo/src/install/xgo_motion/share/xgo_motion/expression/guffaw/5.png
[213.711s] -- Installing: /home/sunrise/xgo_demo/src/install/xgo_motion/share/xgo_motion/expression/guffaw/7.png
[213.713s] -- Installing: /home/sunrise/xgo_demo/src/install/xgo_motion/share/xgo_motion/expression/guffaw/2.png
[213.715s] -- Installing: /home/sunrise/xgo_demo/src/install/xgo_motion/share/xgo_motion/expression/guffaw/6.png
[213.717s] -- Installing: /home/sunrise/xgo_demo/src/install/xgo_motion/share/xgo_motion/expression/guffaw/4.png
[213.719s] -- Installing: /home/sunrise/xgo_demo/src/install/xgo_motion/share/xgo_motion/expression/angry_r
[213.721s] -- Installing: /home/sunrise/xgo_demo/src/install/xgo_motion/share/xgo_motion/expression/angry_r/8.png
[213.723s] -- Installing: /home/sunrise/xgo_demo/src/install/xgo_motion/share/xgo_motion/expression/angry_r/3.png
[213.725s] -- Installing: /home/sunrise/xgo_demo/src/install/xgo_motion/share/xgo_motion/expression/angry_r/1.png
[213.727s] -- Installing: /home/sunrise/xgo_demo/src/install/xgo_motion/share/xgo_motion/expression/angry_r/10.png
[213.731s] -- Installing: /home/sunrise/xgo_demo/src/install/xgo_motion/share/xgo_motion/expression/angry_r/9.png
[213.733s] -- Installing: /home/sunrise/xgo_demo/src/install/xgo_motion/share/xgo_motion/expression/angry_r/5.png
[213.736s] -- Installing: /home/sunrise/xgo_demo/src/install/xgo_motion/share/xgo_motion/expression/angry_r/7.png
[213.738s] -- Installing: /home/sunrise/xgo_demo/src/install/xgo_motion/share/xgo_motion/expression/angry_r/2.png
[213.740s] -- Installing: /home/sunrise/xgo_demo/src/install/xgo_motion/share/xgo_motion/expression/angry_r/12.png
[213.744s] -- Installing: /home/sunrise/xgo_demo/src/install/xgo_motion/share/xgo_motion/expression/angry_r/6.png
[213.747s] -- Installing: /home/sunrise/xgo_demo/src/install/xgo_motion/share/xgo_motion/expression/angry_r/4.png
[213.749s] -- Installing: /home/sunrise/xgo_demo/src/install/xgo_motion/share/xgo_motion/expression/angry_r/11.png
[213.751s] -- Installing: /home/sunrise/xgo_demo/src/install/xgo_motion/share/xgo_motion/expression/hate
[213.753s] -- Installing: /home/sunrise/xgo_demo/src/install/xgo_motion/share/xgo_motion/expression/hate/8.png
[213.755s] -- Installing: /home/sunrise/xgo_demo/src/install/xgo_motion/share/xgo_motion/expression/hate/3.png
[213.758s] -- Installing: /home/sunrise/xgo_demo/src/install/xgo_motion/share/xgo_motion/expression/hate/1.png
[213.759s] -- Installing: /home/sunrise/xgo_demo/src/install/xgo_motion/share/xgo_motion/expression/hate/10.png
[213.761s] -- Installing: /home/sunrise/xgo_demo/src/install/xgo_motion/share/xgo_motion/expression/hate/9.png
[213.763s] -- Installing: /home/sunrise/xgo_demo/src/install/xgo_motion/share/xgo_motion/expression/hate/5.png
[213.765s] -- Installing: /home/sunrise/xgo_demo/src/install/xgo_motion/share/xgo_motion/expression/hate/7.png
[213.766s] -- Installing: /home/sunrise/xgo_demo/src/install/xgo_motion/share/xgo_motion/expression/hate/2.png
[213.768s] -- Installing: /home/sunrise/xgo_demo/src/install/xgo_motion/share/xgo_motion/expression/hate/6.png
[213.769s] -- Installing: /home/sunrise/xgo_demo/src/install/xgo_motion/share/xgo_motion/expression/hate/4.png
[213.772s] -- Installing: /home/sunrise/xgo_demo/src/install/xgo_motion/share/xgo_motion/expression/shame_r
[213.773s] -- Installing: /home/sunrise/xgo_demo/src/install/xgo_motion/share/xgo_motion/expression/shame_r/8.png
[213.775s] -- Installing: /home/sunrise/xgo_demo/src/install/xgo_motion/share/xgo_motion/expression/shame_r/3.png
[213.778s] -- Installing: /home/sunrise/xgo_demo/src/install/xgo_motion/share/xgo_motion/expression/shame_r/1.png
[213.779s] -- Installing: /home/sunrise/xgo_demo/src/install/xgo_motion/share/xgo_motion/expression/shame_r/10.png
[213.781s] -- Installing: /home/sunrise/xgo_demo/src/install/xgo_motion/share/xgo_motion/expression/shame_r/9.png
[213.783s] -- Installing: /home/sunrise/xgo_demo/src/install/xgo_motion/share/xgo_motion/expression/shame_r/5.png
[213.785s] -- Installing: /home/sunrise/xgo_demo/src/install/xgo_motion/share/xgo_motion/expression/shame_r/7.png
[213.787s] -- Installing: /home/sunrise/xgo_demo/src/install/xgo_motion/share/xgo_motion/expression/shame_r/2.png
[213.788s] -- Installing: /home/sunrise/xgo_demo/src/install/xgo_motion/share/xgo_motion/expression/shame_r/6.png
[213.790s] -- Installing: /home/sunrise/xgo_demo/src/install/xgo_motion/share/xgo_motion/expression/shame_r/4.png
[213.792s] -- Installing: /home/sunrise/xgo_demo/src/install/xgo_motion/share/xgo_motion/expression/naughty_r
[213.794s] -- Installing: /home/sunrise/xgo_demo/src/install/xgo_motion/share/xgo_motion/expression/naughty_r/8.png
[213.796s] -- Installing: /home/sunrise/xgo_demo/src/install/xgo_motion/share/xgo_motion/expression/naughty_r/3.png
[213.797s] -- Installing: /home/sunrise/xgo_demo/src/install/xgo_motion/share/xgo_motion/expression/naughty_r/1.png
[213.799s] -- Installing: /home/sunrise/xgo_demo/src/install/xgo_motion/share/xgo_motion/expression/naughty_r/10.png
[213.801s] -- Installing: /home/sunrise/xgo_demo/src/install/xgo_motion/share/xgo_motion/expression/naughty_r/9.png
[213.803s] -- Installing: /home/sunrise/xgo_demo/src/install/xgo_motion/share/xgo_motion/expression/naughty_r/5.png
[213.805s] -- Installing: /home/sunrise/xgo_demo/src/install/xgo_motion/share/xgo_motion/expression/naughty_r/7.png
[213.807s] -- Installing: /home/sunrise/xgo_demo/src/install/xgo_motion/share/xgo_motion/expression/naughty_r/2.png
[213.809s] -- Installing: /home/sunrise/xgo_demo/src/install/xgo_motion/share/xgo_motion/expression/naughty_r/12.png
[213.811s] -- Installing: /home/sunrise/xgo_demo/src/install/xgo_motion/share/xgo_motion/expression/naughty_r/6.png
[213.813s] -- Installing: /home/sunrise/xgo_demo/src/install/xgo_motion/share/xgo_motion/expression/naughty_r/4.png
[213.815s] -- Installing: /home/sunrise/xgo_demo/src/install/xgo_motion/share/xgo_motion/expression/naughty_r/11.png
[213.817s] -- Installing: /home/sunrise/xgo_demo/src/install/xgo_motion/share/xgo_motion/expression/sleepy_r
[213.818s] -- Installing: /home/sunrise/xgo_demo/src/install/xgo_motion/share/xgo_motion/expression/sleepy_r/8.png
[213.820s] -- Installing: /home/sunrise/xgo_demo/src/install/xgo_motion/share/xgo_motion/expression/sleepy_r/3.png
[213.822s] -- Installing: /home/sunrise/xgo_demo/src/install/xgo_motion/share/xgo_motion/expression/sleepy_r/1.png
[213.824s] -- Installing: /home/sunrise/xgo_demo/src/install/xgo_motion/share/xgo_motion/expression/sleepy_r/10.png
[213.826s] -- Installing: /home/sunrise/xgo_demo/src/install/xgo_motion/share/xgo_motion/expression/sleepy_r/9.png
[213.828s] -- Installing: /home/sunrise/xgo_demo/src/install/xgo_motion/share/xgo_motion/expression/sleepy_r/5.png
[213.830s] -- Installing: /home/sunrise/xgo_demo/src/install/xgo_motion/share/xgo_motion/expression/sleepy_r/7.png
[213.832s] -- Installing: /home/sunrise/xgo_demo/src/install/xgo_motion/share/xgo_motion/expression/sleepy_r/2.png
[213.833s] -- Installing: /home/sunrise/xgo_demo/src/install/xgo_motion/share/xgo_motion/expression/sleepy_r/6.png
[213.836s] -- Installing: /home/sunrise/xgo_demo/src/install/xgo_motion/share/xgo_motion/expression/sleepy_r/4.png
[213.838s] -- Installing: /home/sunrise/xgo_demo/src/install/xgo_motion/share/xgo_motion/expression/sleepy_r/11.png
[213.842s] -- Installing: /home/sunrise/xgo_demo/src/install/xgo_motion/share/xgo_motion/music
[213.844s] -- Installing: /home/sunrise/xgo_demo/src/install/xgo_motion/share/xgo_motion/music/Dream.mp3
[214.575s] -- Installing: /home/sunrise/xgo_demo/src/install/xgo_motion/share/xgo_motion/music/Dream_48k_stereo.wav
[216.989s] -- Installing: /home/sunrise/xgo_demo/src/install/xgo_motion/share/ament_index/resource_index/package_run_dependencies/xgo_motion
[217.005s] -- Installing: /home/sunrise/xgo_demo/src/install/xgo_motion/share/ament_index/resource_index/parent_prefix_path/xgo_motion
[217.183s] -- Installing: /home/sunrise/xgo_demo/src/install/xgo_motion/share/xgo_motion/environment/ament_prefix_path.sh
[217.293s] -- Installing: /home/sunrise/xgo_demo/src/install/xgo_motion/share/xgo_motion/environment/ament_prefix_path.dsv
[217.299s] -- Installing: /home/sunrise/xgo_demo/src/install/xgo_motion/share/xgo_motion/environment/path.sh
[217.337s] -- Installing: /home/sunrise/xgo_demo/src/install/xgo_motion/share/xgo_motion/environment/path.dsv
[217.375s] -- Installing: /home/sunrise/xgo_demo/src/install/xgo_motion/share/xgo_motion/local_setup.bash
[217.410s] -- Installing: /home/sunrise/xgo_demo/src/install/xgo_motion/share/xgo_motion/local_setup.sh
[217.475s] -- Installing: /home/sunrise/xgo_demo/src/install/xgo_motion/share/xgo_motion/local_setup.zsh
[217.481s] -- Installing: /home/sunrise/xgo_demo/src/install/xgo_motion/share/xgo_motion/local_setup.dsv
[217.486s] -- Installing: /home/sunrise/xgo_demo/src/install/xgo_motion/share/xgo_motion/package.dsv
[217.590s] -- Installing: /home/sunrise/xgo_demo/src/install/xgo_motion/share/ament_index/resource_index/packages/xgo_motion
[217.657s] -- Installing: /home/sunrise/xgo_demo/src/install/xgo_motion/share/xgo_motion/cmake/xgo_motionConfig.cmake
[217.695s] -- Installing: /home/sunrise/xgo_demo/src/install/xgo_motion/share/xgo_motion/cmake/xgo_motionConfig-version.cmake
[217.735s] -- Installing: /home/sunrise/xgo_demo/src/install/xgo_motion/share/xgo_motion/package.xml
[217.869s] Invoked command in '/home/sunrise/xgo_demo/src/build/xgo_motion' returned '0': AMENT_PREFIX_PATH=/home/sunrise/xgo_demo/src/install/xgoscreen:/home/sunrise/xgo_demo/src/install/xgolib:${AMENT_PREFIX_PATH} CMAKE_PREFIX_PATH=/home/sunrise/xgo_demo/src/install/xgoscreen:/home/sunrise/xgo_demo/src/install/xgolib:/home/sunrise/xgo_demo/install/xgo_gesture_control:/home/sunrise/xgo_demo/install/hobot_audio:/home/sunrise/xgo_demo/install/xgo_motion:/home/sunrise/xgo_demo/install/xgo_head:/home/sunrise/xgo_demo/install/xgo_device:/home/sunrise/xgo_demo/install/xgoscreen:/home/sunrise/xgo_demo/install/xgolib:/home/sunrise/xgo_demo/install/xgo_display:/opt/tros/humble:/opt/ros/humble LD_LIBRARY_PATH=/home/sunrise/xgo_demo/src/install/xgoscreen/lib:/home/sunrise/xgo_demo/src/install/xgolib/lib:${LD_LIBRARY_PATH} /usr/bin/cmake --install /home/sunrise/xgo_demo/src/build/xgo_motion
