[0.000000] (-) TimerEvent: {}
[0.001310] (xgolib) JobQueued: {'identifier': 'xgolib', 'dependencies': OrderedDict()}
[0.002850] (xgoscreen) JobQueued: {'identifier': 'xgoscreen', 'dependencies': OrderedDict()}
[0.003675] (hobot_audio) JobQueued: {'identifier': 'hobot_audio', 'dependencies': OrderedDict([('xgolib', '/home/sunrise/xgo_demo/src/install/xgolib')])}
[0.004553] (xgo_device) JobQueued: {'identifier': 'xgo_device', 'dependencies': OrderedDict([('xgolib', '/home/sunrise/xgo_demo/src/install/xgolib'), ('xgoscreen', '/home/sunrise/xgo_demo/src/install/xgoscreen')])}
[0.004858] (xgo_face_control) JobQueued: {'identifier': 'xgo_face_control', 'dependencies': OrderedDict([('xgolib', '/home/sunrise/xgo_demo/src/install/xgolib')])}
[0.005095] (xgo_gesture_control) JobQueued: {'identifier': 'xgo_gesture_control', 'dependencies': OrderedDict([('xgolib', '/home/sunrise/xgo_demo/src/install/xgolib')])}
[0.005300] (xgo_head) JobQueued: {'identifier': 'xgo_head', 'dependencies': OrderedDict([('xgolib', '/home/sunrise/xgo_demo/src/install/xgolib'), ('xgoscreen', '/home/sunrise/xgo_demo/src/install/xgoscreen')])}
[0.005545] (xgo_motion) JobQueued: {'identifier': 'xgo_motion', 'dependencies': OrderedDict([('xgolib', '/home/sunrise/xgo_demo/src/install/xgolib'), ('xgoscreen', '/home/sunrise/xgo_demo/src/install/xgoscreen')])}
[0.005762] (xgolib) JobStarted: {'identifier': 'xgolib'}
[0.045603] (xgoscreen) JobStarted: {'identifier': 'xgoscreen'}
[0.074760] (xgolib) JobProgress: {'identifier': 'xgolib', 'progress': 'cmake'}
[0.076757] (xgolib) Command: {'cmd': ['/usr/bin/cmake', '/home/sunrise/xgo_demo/src/xgolib', '-DCMAKE_INSTALL_PREFIX=/home/sunrise/xgo_demo/src/install/xgolib'], 'cwd': '/home/sunrise/xgo_demo/src/build/xgolib', 'env': OrderedDict([('LANGUAGE', 'en_US.UTF-8'), ('USER', 'sunrise'), ('SSH_CLIENT', '192.168.66.221 5121 22'), ('XDG_SESSION_TYPE', 'tty'), ('SHLVL', '1'), ('LD_LIBRARY_PATH', '/home/sunrise/xgo_demo/install/hobot_audio/lib:/home/sunrise/xgo_demo/install/xgoscreen/lib:/home/sunrise/xgo_demo/install/xgolib/lib:/opt/tros/humble/lib/aarch64-linux-gnu:/opt/tros/humble/lib:/opt/ros/humble/lib/aarch64-linux-gnu:/opt/ros/humble/lib'), ('MOTD_SHOWN', 'pam'), ('HOME', '/home/sunrise'), ('OLDPWD', '/home/sunrise/xgo_demo'), ('SSH_TTY', '/dev/pts/0'), ('ROS_PYTHON_VERSION', '3'), ('DBUS_SESSION_BUS_ADDRESS', 'unix:path=/run/user/1000/bus'), ('TROS_DISTRO', 'humble'), ('COLCON_PREFIX_PATH', '/home/sunrise/xgo_demo/install'), ('ROS_DISTRO', 'humble'), ('LOGNAME', 'sunrise'), ('_', '/home/sunrise/.local/bin/colcon'), ('ROS_VERSION', '2'), ('XDG_SESSION_CLASS', 'user'), ('TERM', 'xterm'), ('XDG_SESSION_ID', '2'), ('ROS_LOCALHOST_ONLY', '0'), ('PATH', '/home/sunrise/xgo_demo/install/hobot_audio/bin:/home/sunrise/.local/bin:/home/sunrise/.local/bin:/opt/tros/humble/bin:/opt/ros/humble/bin:/usr/local/sbin:/usr/local/bin:/usr/sbin:/usr/bin:/sbin:/bin:/usr/games:/usr/local/games:/snap/bin'), ('XDG_RUNTIME_DIR', '/run/user/1000'), ('DISPLAY', 'localhost:10.0'), ('LANG', 'en_US.UTF-8'), ('LS_COLORS', 'rs=0:di=01;34:ln=01;36:mh=00:pi=40;33:so=01;35:do=01;35:bd=40;33;01:cd=40;33;01:or=40;31;01:mi=00:su=37;41:sg=30;43:ca=30;41:tw=30;42:ow=34;42:st=37;44:ex=01;32:*.tar=01;31:*.tgz=01;31:*.arc=01;31:*.arj=01;31:*.taz=01;31:*.lha=01;31:*.lz4=01;31:*.lzh=01;31:*.lzma=01;31:*.tlz=01;31:*.txz=01;31:*.tzo=01;31:*.t7z=01;31:*.zip=01;31:*.z=01;31:*.dz=01;31:*.gz=01;31:*.lrz=01;31:*.lz=01;31:*.lzo=01;31:*.xz=01;31:*.zst=01;31:*.tzst=01;31:*.bz2=01;31:*.bz=01;31:*.tbz=01;31:*.tbz2=01;31:*.tz=01;31:*.deb=01;31:*.rpm=01;31:*.jar=01;31:*.war=01;31:*.ear=01;31:*.sar=01;31:*.rar=01;31:*.alz=01;31:*.ace=01;31:*.zoo=01;31:*.cpio=01;31:*.7z=01;31:*.rz=01;31:*.cab=01;31:*.wim=01;31:*.swm=01;31:*.dwm=01;31:*.esd=01;31:*.jpg=01;35:*.jpeg=01;35:*.mjpg=01;35:*.mjpeg=01;35:*.gif=01;35:*.bmp=01;35:*.pbm=01;35:*.pgm=01;35:*.ppm=01;35:*.tga=01;35:*.xbm=01;35:*.xpm=01;35:*.tif=01;35:*.tiff=01;35:*.png=01;35:*.svg=01;35:*.svgz=01;35:*.mng=01;35:*.pcx=01;35:*.mov=01;35:*.mpg=01;35:*.mpeg=01;35:*.m2v=01;35:*.mkv=01;35:*.webm=01;35:*.webp=01;35:*.ogm=01;35:*.mp4=01;35:*.m4v=01;35:*.mp4v=01;35:*.vob=01;35:*.qt=01;35:*.nuv=01;35:*.wmv=01;35:*.asf=01;35:*.rm=01;35:*.rmvb=01;35:*.flc=01;35:*.avi=01;35:*.fli=01;35:*.flv=01;35:*.gl=01;35:*.dl=01;35:*.xcf=01;35:*.xwd=01;35:*.yuv=01;35:*.cgm=01;35:*.emf=01;35:*.ogv=01;35:*.ogx=01;35:*.aac=00;36:*.au=00;36:*.flac=00;36:*.m4a=00;36:*.mid=00;36:*.midi=00;36:*.mka=00;36:*.mp3=00;36:*.mpc=00;36:*.ogg=00;36:*.ra=00;36:*.wav=00;36:*.oga=00;36:*.opus=00;36:*.spx=00;36:*.xspf=00;36:'), ('AMENT_PREFIX_PATH', '/home/sunrise/xgo_demo/install/xgo_gesture_control:/home/sunrise/xgo_demo/install/hobot_audio:/home/sunrise/xgo_demo/install/xgo_motion:/home/sunrise/xgo_demo/install/xgo_head:/home/sunrise/xgo_demo/install/xgo_device:/home/sunrise/xgo_demo/install/xgoscreen:/home/sunrise/xgo_demo/install/xgolib:/home/sunrise/xgo_demo/install/xgo_display:/opt/tros/humble:/opt/ros/humble'), ('SHELL', '/bin/bash'), ('PWD', '/home/sunrise/xgo_demo/src/build/xgolib'), ('SSH_CONNECTION', '192.168.66.221 5121 192.168.66.94 22'), ('PYTHONPATH', '/home/sunrise/xgo_demo/install/xgo_display/lib/python3.10/site-packages:/opt/tros/humble/lib/python3.10/site-packages:/opt/tros/humble/local/lib/python3.10/dist-packages:/opt/ros/humble/lib/python3.10/site-packages:/opt/ros/humble/local/lib/python3.10/dist-packages'), ('COLCON', '1'), ('CMAKE_PREFIX_PATH', '/home/sunrise/xgo_demo/install/xgo_gesture_control:/home/sunrise/xgo_demo/install/hobot_audio:/home/sunrise/xgo_demo/install/xgo_motion:/home/sunrise/xgo_demo/install/xgo_head:/home/sunrise/xgo_demo/install/xgo_device:/home/sunrise/xgo_demo/install/xgoscreen:/home/sunrise/xgo_demo/install/xgolib:/home/sunrise/xgo_demo/install/xgo_display:/opt/tros/humble:/opt/ros/humble')]), 'shell': False}
[0.088969] (xgoscreen) JobProgress: {'identifier': 'xgoscreen', 'progress': 'cmake'}
[0.091621] (xgoscreen) Command: {'cmd': ['/usr/bin/cmake', '/home/sunrise/xgo_demo/src/xgoscreen', '-DCMAKE_INSTALL_PREFIX=/home/sunrise/xgo_demo/src/install/xgoscreen'], 'cwd': '/home/sunrise/xgo_demo/src/build/xgoscreen', 'env': OrderedDict([('LANGUAGE', 'en_US.UTF-8'), ('USER', 'sunrise'), ('SSH_CLIENT', '192.168.66.221 5121 22'), ('XDG_SESSION_TYPE', 'tty'), ('SHLVL', '1'), ('LD_LIBRARY_PATH', '/home/sunrise/xgo_demo/install/hobot_audio/lib:/home/sunrise/xgo_demo/install/xgoscreen/lib:/home/sunrise/xgo_demo/install/xgolib/lib:/opt/tros/humble/lib/aarch64-linux-gnu:/opt/tros/humble/lib:/opt/ros/humble/lib/aarch64-linux-gnu:/opt/ros/humble/lib'), ('MOTD_SHOWN', 'pam'), ('HOME', '/home/sunrise'), ('OLDPWD', '/home/sunrise/xgo_demo'), ('SSH_TTY', '/dev/pts/0'), ('ROS_PYTHON_VERSION', '3'), ('DBUS_SESSION_BUS_ADDRESS', 'unix:path=/run/user/1000/bus'), ('TROS_DISTRO', 'humble'), ('COLCON_PREFIX_PATH', '/home/sunrise/xgo_demo/install'), ('ROS_DISTRO', 'humble'), ('LOGNAME', 'sunrise'), ('_', '/home/sunrise/.local/bin/colcon'), ('ROS_VERSION', '2'), ('XDG_SESSION_CLASS', 'user'), ('TERM', 'xterm'), ('XDG_SESSION_ID', '2'), ('ROS_LOCALHOST_ONLY', '0'), ('PATH', '/home/sunrise/xgo_demo/install/hobot_audio/bin:/home/sunrise/.local/bin:/home/sunrise/.local/bin:/opt/tros/humble/bin:/opt/ros/humble/bin:/usr/local/sbin:/usr/local/bin:/usr/sbin:/usr/bin:/sbin:/bin:/usr/games:/usr/local/games:/snap/bin'), ('XDG_RUNTIME_DIR', '/run/user/1000'), ('DISPLAY', 'localhost:10.0'), ('LANG', 'en_US.UTF-8'), ('LS_COLORS', 'rs=0:di=01;34:ln=01;36:mh=00:pi=40;33:so=01;35:do=01;35:bd=40;33;01:cd=40;33;01:or=40;31;01:mi=00:su=37;41:sg=30;43:ca=30;41:tw=30;42:ow=34;42:st=37;44:ex=01;32:*.tar=01;31:*.tgz=01;31:*.arc=01;31:*.arj=01;31:*.taz=01;31:*.lha=01;31:*.lz4=01;31:*.lzh=01;31:*.lzma=01;31:*.tlz=01;31:*.txz=01;31:*.tzo=01;31:*.t7z=01;31:*.zip=01;31:*.z=01;31:*.dz=01;31:*.gz=01;31:*.lrz=01;31:*.lz=01;31:*.lzo=01;31:*.xz=01;31:*.zst=01;31:*.tzst=01;31:*.bz2=01;31:*.bz=01;31:*.tbz=01;31:*.tbz2=01;31:*.tz=01;31:*.deb=01;31:*.rpm=01;31:*.jar=01;31:*.war=01;31:*.ear=01;31:*.sar=01;31:*.rar=01;31:*.alz=01;31:*.ace=01;31:*.zoo=01;31:*.cpio=01;31:*.7z=01;31:*.rz=01;31:*.cab=01;31:*.wim=01;31:*.swm=01;31:*.dwm=01;31:*.esd=01;31:*.jpg=01;35:*.jpeg=01;35:*.mjpg=01;35:*.mjpeg=01;35:*.gif=01;35:*.bmp=01;35:*.pbm=01;35:*.pgm=01;35:*.ppm=01;35:*.tga=01;35:*.xbm=01;35:*.xpm=01;35:*.tif=01;35:*.tiff=01;35:*.png=01;35:*.svg=01;35:*.svgz=01;35:*.mng=01;35:*.pcx=01;35:*.mov=01;35:*.mpg=01;35:*.mpeg=01;35:*.m2v=01;35:*.mkv=01;35:*.webm=01;35:*.webp=01;35:*.ogm=01;35:*.mp4=01;35:*.m4v=01;35:*.mp4v=01;35:*.vob=01;35:*.qt=01;35:*.nuv=01;35:*.wmv=01;35:*.asf=01;35:*.rm=01;35:*.rmvb=01;35:*.flc=01;35:*.avi=01;35:*.fli=01;35:*.flv=01;35:*.gl=01;35:*.dl=01;35:*.xcf=01;35:*.xwd=01;35:*.yuv=01;35:*.cgm=01;35:*.emf=01;35:*.ogv=01;35:*.ogx=01;35:*.aac=00;36:*.au=00;36:*.flac=00;36:*.m4a=00;36:*.mid=00;36:*.midi=00;36:*.mka=00;36:*.mp3=00;36:*.mpc=00;36:*.ogg=00;36:*.ra=00;36:*.wav=00;36:*.oga=00;36:*.opus=00;36:*.spx=00;36:*.xspf=00;36:'), ('AMENT_PREFIX_PATH', '/home/sunrise/xgo_demo/install/xgo_gesture_control:/home/sunrise/xgo_demo/install/hobot_audio:/home/sunrise/xgo_demo/install/xgo_motion:/home/sunrise/xgo_demo/install/xgo_head:/home/sunrise/xgo_demo/install/xgo_device:/home/sunrise/xgo_demo/install/xgoscreen:/home/sunrise/xgo_demo/install/xgolib:/home/sunrise/xgo_demo/install/xgo_display:/opt/tros/humble:/opt/ros/humble'), ('SHELL', '/bin/bash'), ('PWD', '/home/sunrise/xgo_demo/src/build/xgoscreen'), ('SSH_CONNECTION', '192.168.66.221 5121 192.168.66.94 22'), ('PYTHONPATH', '/home/sunrise/xgo_demo/install/xgo_display/lib/python3.10/site-packages:/opt/tros/humble/lib/python3.10/site-packages:/opt/tros/humble/local/lib/python3.10/dist-packages:/opt/ros/humble/lib/python3.10/site-packages:/opt/ros/humble/local/lib/python3.10/dist-packages'), ('COLCON', '1'), ('CMAKE_PREFIX_PATH', '/home/sunrise/xgo_demo/install/xgo_gesture_control:/home/sunrise/xgo_demo/install/hobot_audio:/home/sunrise/xgo_demo/install/xgo_motion:/home/sunrise/xgo_demo/install/xgo_head:/home/sunrise/xgo_demo/install/xgo_device:/home/sunrise/xgo_demo/install/xgoscreen:/home/sunrise/xgo_demo/install/xgolib:/home/sunrise/xgo_demo/install/xgo_display:/opt/tros/humble:/opt/ros/humble')]), 'shell': False}
[0.099220] (-) TimerEvent: {}
[0.200349] (-) TimerEvent: {}
[0.301342] (-) TimerEvent: {}
[0.402450] (-) TimerEvent: {}
[0.503350] (-) TimerEvent: {}
[0.604236] (-) TimerEvent: {}
[0.705185] (-) TimerEvent: {}
[0.806308] (-) TimerEvent: {}
[0.854290] (xgoscreen) StdoutLine: {'line': b'-- The C compiler identification is GNU 11.2.0\n'}
[0.855496] (xgolib) StdoutLine: {'line': b'-- The C compiler identification is GNU 11.2.0\n'}
[0.906512] (-) TimerEvent: {}
[1.007829] (-) TimerEvent: {}
[1.109153] (-) TimerEvent: {}
[1.180635] (xgolib) StdoutLine: {'line': b'-- The CXX compiler identification is GNU 11.2.0\n'}
[1.181890] (xgoscreen) StdoutLine: {'line': b'-- The CXX compiler identification is GNU 11.2.0\n'}
[1.209337] (-) TimerEvent: {}
[1.231916] (xgolib) StdoutLine: {'line': b'-- Detecting C compiler ABI info\n'}
[1.232844] (xgoscreen) StdoutLine: {'line': b'-- Detecting C compiler ABI info\n'}
[1.309667] (-) TimerEvent: {}
[1.410833] (-) TimerEvent: {}
[1.512087] (-) TimerEvent: {}
[1.588276] (xgolib) StdoutLine: {'line': b'-- Detecting C compiler ABI info - done\n'}
[1.589067] (xgoscreen) StdoutLine: {'line': b'-- Detecting C compiler ABI info - done\n'}
[1.612227] (-) TimerEvent: {}
[1.639426] (xgoscreen) StdoutLine: {'line': b'-- Check for working C compiler: /usr/bin/cc - skipped\n'}
[1.640152] (xgolib) StdoutLine: {'line': b'-- Check for working C compiler: /usr/bin/cc - skipped\n'}
[1.642326] (xgolib) StdoutLine: {'line': b'-- Detecting C compile features\n'}
[1.643060] (xgoscreen) StdoutLine: {'line': b'-- Detecting C compile features\n'}
[1.651422] (xgoscreen) StdoutLine: {'line': b'-- Detecting C compile features - done\n'}
[1.652400] (xgolib) StdoutLine: {'line': b'-- Detecting C compile features - done\n'}
[1.669963] (xgolib) StdoutLine: {'line': b'-- Detecting CXX compiler ABI info\n'}
[1.670966] (xgoscreen) StdoutLine: {'line': b'-- Detecting CXX compiler ABI info\n'}
[1.712466] (-) TimerEvent: {}
[1.813602] (-) TimerEvent: {}
[1.914837] (-) TimerEvent: {}
[2.015944] (-) TimerEvent: {}
[2.065940] (xgolib) StdoutLine: {'line': b'-- Detecting CXX compiler ABI info - done\n'}
[2.066669] (xgoscreen) StdoutLine: {'line': b'-- Detecting CXX compiler ABI info - done\n'}
[2.116139] (-) TimerEvent: {}
[2.118513] (xgoscreen) StdoutLine: {'line': b'-- Check for working CXX compiler: /usr/bin/c++ - skipped\n'}
[2.119402] (xgolib) StdoutLine: {'line': b'-- Check for working CXX compiler: /usr/bin/c++ - skipped\n'}
[2.120467] (xgoscreen) StdoutLine: {'line': b'-- Detecting CXX compile features\n'}
[2.121121] (xgolib) StdoutLine: {'line': b'-- Detecting CXX compile features\n'}
[2.122904] (xgolib) StdoutLine: {'line': b'-- Detecting CXX compile features - done\n'}
[2.123760] (xgoscreen) StdoutLine: {'line': b'-- Detecting CXX compile features - done\n'}
[2.147258] (xgolib) StdoutLine: {'line': b'-- Found ament_cmake: 1.3.11 (/opt/ros/humble/share/ament_cmake/cmake)\n'}
[2.148073] (xgoscreen) StdoutLine: {'line': b'-- Found ament_cmake: 1.3.11 (/opt/ros/humble/share/ament_cmake/cmake)\n'}
[2.216359] (-) TimerEvent: {}
[2.318081] (-) TimerEvent: {}
[2.419191] (-) TimerEvent: {}
[2.520245] (-) TimerEvent: {}
[2.621246] (-) TimerEvent: {}
[2.722435] (-) TimerEvent: {}
[2.823562] (-) TimerEvent: {}
[2.924665] (-) TimerEvent: {}
[3.025964] (-) TimerEvent: {}
[3.127060] (-) TimerEvent: {}
[3.224390] (xgolib) StdoutLine: {'line': b'-- Found Python3: /usr/bin/python3 (found version "3.10.12") found components: Interpreter \n'}
[3.225375] (xgoscreen) StdoutLine: {'line': b'-- Found Python3: /usr/bin/python3 (found version "3.10.12") found components: Interpreter \n'}
[3.227338] (-) TimerEvent: {}
[3.328295] (-) TimerEvent: {}
[3.429352] (-) TimerEvent: {}
[3.531088] (-) TimerEvent: {}
[3.632184] (-) TimerEvent: {}
[3.733294] (-) TimerEvent: {}
[3.835321] (-) TimerEvent: {}
[3.883701] (xgolib) StdoutLine: {'line': b'-- Looking for pthread.h\n'}
[3.889096] (xgoscreen) StdoutLine: {'line': b'-- Found rclcpp: 16.0.12 (/opt/ros/humble/share/rclcpp/cmake)\n'}
[3.935525] (-) TimerEvent: {}
[4.036571] (-) TimerEvent: {}
[4.137667] (-) TimerEvent: {}
[4.164134] (xgoscreen) StdoutLine: {'line': b'-- Found rosidl_generator_c: 3.1.6 (/opt/ros/humble/share/rosidl_generator_c/cmake)\n'}
[4.222655] (xgoscreen) StdoutLine: {'line': b'-- Found rosidl_adapter: 3.1.6 (/opt/ros/humble/share/rosidl_adapter/cmake)\n'}
[4.237830] (-) TimerEvent: {}
[4.252442] (xgolib) StdoutLine: {'line': b'-- Looking for pthread.h - found\n'}
[4.253587] (xgolib) StdoutLine: {'line': b'-- Performing Test CMAKE_HAVE_LIBC_PTHREAD\n'}
[4.306445] (xgoscreen) StdoutLine: {'line': b'-- Found rosidl_generator_cpp: 3.1.6 (/opt/ros/humble/share/rosidl_generator_cpp/cmake)\n'}
[4.338067] (-) TimerEvent: {}
[4.402751] (xgoscreen) StdoutLine: {'line': b'-- Using all available rosidl_typesupport_c: rosidl_typesupport_fastrtps_c;rosidl_typesupport_introspection_c\n'}
[4.438306] (-) TimerEvent: {}
[4.528383] (xgoscreen) StdoutLine: {'line': b'-- Using all available rosidl_typesupport_cpp: rosidl_typesupport_fastrtps_cpp;rosidl_typesupport_introspection_cpp\n'}
[4.538547] (-) TimerEvent: {}
[4.601796] (xgolib) StdoutLine: {'line': b'-- Performing Test CMAKE_HAVE_LIBC_PTHREAD - Success\n'}
[4.606271] (xgolib) StdoutLine: {'line': b'-- Found Threads: TRUE  \n'}
[4.638718] (-) TimerEvent: {}
[4.739640] (-) TimerEvent: {}
[4.840657] (-) TimerEvent: {}
[4.863630] (xgoscreen) StdoutLine: {'line': b'-- Found rmw_implementation_cmake: 6.1.2 (/opt/ros/humble/share/rmw_implementation_cmake/cmake)\n'}
[4.884196] (xgoscreen) StdoutLine: {'line': b'-- Found rmw_fastrtps_cpp: 6.2.7 (/opt/ros/humble/share/rmw_fastrtps_cpp/cmake)\n'}
[4.940881] (-) TimerEvent: {}
[5.041933] (-) TimerEvent: {}
[5.108065] (xgolib) StdoutLine: {'line': b'-- Configuring done\n'}
[5.125506] (xgolib) StdoutLine: {'line': b'-- Generating done\n'}
[5.138460] (xgolib) StdoutLine: {'line': b'-- Build files have been written to: /home/sunrise/xgo_demo/src/build/xgolib\n'}
[5.142175] (-) TimerEvent: {}
[5.163394] (xgolib) CommandEnded: {'returncode': 0}
[5.166056] (xgolib) JobProgress: {'identifier': 'xgolib', 'progress': 'build'}
[5.170269] (xgolib) Command: {'cmd': ['/usr/bin/cmake', '--build', '/home/sunrise/xgo_demo/src/build/xgolib', '--', '-j4', '-l4'], 'cwd': '/home/sunrise/xgo_demo/src/build/xgolib', 'env': OrderedDict([('LANGUAGE', 'en_US.UTF-8'), ('USER', 'sunrise'), ('SSH_CLIENT', '192.168.66.221 5121 22'), ('XDG_SESSION_TYPE', 'tty'), ('SHLVL', '1'), ('LD_LIBRARY_PATH', '/home/sunrise/xgo_demo/install/hobot_audio/lib:/home/sunrise/xgo_demo/install/xgoscreen/lib:/home/sunrise/xgo_demo/install/xgolib/lib:/opt/tros/humble/lib/aarch64-linux-gnu:/opt/tros/humble/lib:/opt/ros/humble/lib/aarch64-linux-gnu:/opt/ros/humble/lib'), ('MOTD_SHOWN', 'pam'), ('HOME', '/home/sunrise'), ('OLDPWD', '/home/sunrise/xgo_demo'), ('SSH_TTY', '/dev/pts/0'), ('ROS_PYTHON_VERSION', '3'), ('DBUS_SESSION_BUS_ADDRESS', 'unix:path=/run/user/1000/bus'), ('TROS_DISTRO', 'humble'), ('COLCON_PREFIX_PATH', '/home/sunrise/xgo_demo/install'), ('ROS_DISTRO', 'humble'), ('LOGNAME', 'sunrise'), ('_', '/home/sunrise/.local/bin/colcon'), ('ROS_VERSION', '2'), ('XDG_SESSION_CLASS', 'user'), ('TERM', 'xterm'), ('XDG_SESSION_ID', '2'), ('ROS_LOCALHOST_ONLY', '0'), ('PATH', '/home/sunrise/xgo_demo/install/hobot_audio/bin:/home/sunrise/.local/bin:/home/sunrise/.local/bin:/opt/tros/humble/bin:/opt/ros/humble/bin:/usr/local/sbin:/usr/local/bin:/usr/sbin:/usr/bin:/sbin:/bin:/usr/games:/usr/local/games:/snap/bin'), ('XDG_RUNTIME_DIR', '/run/user/1000'), ('DISPLAY', 'localhost:10.0'), ('LANG', 'en_US.UTF-8'), ('LS_COLORS', 'rs=0:di=01;34:ln=01;36:mh=00:pi=40;33:so=01;35:do=01;35:bd=40;33;01:cd=40;33;01:or=40;31;01:mi=00:su=37;41:sg=30;43:ca=30;41:tw=30;42:ow=34;42:st=37;44:ex=01;32:*.tar=01;31:*.tgz=01;31:*.arc=01;31:*.arj=01;31:*.taz=01;31:*.lha=01;31:*.lz4=01;31:*.lzh=01;31:*.lzma=01;31:*.tlz=01;31:*.txz=01;31:*.tzo=01;31:*.t7z=01;31:*.zip=01;31:*.z=01;31:*.dz=01;31:*.gz=01;31:*.lrz=01;31:*.lz=01;31:*.lzo=01;31:*.xz=01;31:*.zst=01;31:*.tzst=01;31:*.bz2=01;31:*.bz=01;31:*.tbz=01;31:*.tbz2=01;31:*.tz=01;31:*.deb=01;31:*.rpm=01;31:*.jar=01;31:*.war=01;31:*.ear=01;31:*.sar=01;31:*.rar=01;31:*.alz=01;31:*.ace=01;31:*.zoo=01;31:*.cpio=01;31:*.7z=01;31:*.rz=01;31:*.cab=01;31:*.wim=01;31:*.swm=01;31:*.dwm=01;31:*.esd=01;31:*.jpg=01;35:*.jpeg=01;35:*.mjpg=01;35:*.mjpeg=01;35:*.gif=01;35:*.bmp=01;35:*.pbm=01;35:*.pgm=01;35:*.ppm=01;35:*.tga=01;35:*.xbm=01;35:*.xpm=01;35:*.tif=01;35:*.tiff=01;35:*.png=01;35:*.svg=01;35:*.svgz=01;35:*.mng=01;35:*.pcx=01;35:*.mov=01;35:*.mpg=01;35:*.mpeg=01;35:*.m2v=01;35:*.mkv=01;35:*.webm=01;35:*.webp=01;35:*.ogm=01;35:*.mp4=01;35:*.m4v=01;35:*.mp4v=01;35:*.vob=01;35:*.qt=01;35:*.nuv=01;35:*.wmv=01;35:*.asf=01;35:*.rm=01;35:*.rmvb=01;35:*.flc=01;35:*.avi=01;35:*.fli=01;35:*.flv=01;35:*.gl=01;35:*.dl=01;35:*.xcf=01;35:*.xwd=01;35:*.yuv=01;35:*.cgm=01;35:*.emf=01;35:*.ogv=01;35:*.ogx=01;35:*.aac=00;36:*.au=00;36:*.flac=00;36:*.m4a=00;36:*.mid=00;36:*.midi=00;36:*.mka=00;36:*.mp3=00;36:*.mpc=00;36:*.ogg=00;36:*.ra=00;36:*.wav=00;36:*.oga=00;36:*.opus=00;36:*.spx=00;36:*.xspf=00;36:'), ('AMENT_PREFIX_PATH', '/home/sunrise/xgo_demo/install/xgo_gesture_control:/home/sunrise/xgo_demo/install/hobot_audio:/home/sunrise/xgo_demo/install/xgo_motion:/home/sunrise/xgo_demo/install/xgo_head:/home/sunrise/xgo_demo/install/xgo_device:/home/sunrise/xgo_demo/install/xgoscreen:/home/sunrise/xgo_demo/install/xgolib:/home/sunrise/xgo_demo/install/xgo_display:/opt/tros/humble:/opt/ros/humble'), ('SHELL', '/bin/bash'), ('PWD', '/home/sunrise/xgo_demo/src/build/xgolib'), ('SSH_CONNECTION', '192.168.66.221 5121 192.168.66.94 22'), ('PYTHONPATH', '/home/sunrise/xgo_demo/install/xgo_display/lib/python3.10/site-packages:/opt/tros/humble/lib/python3.10/site-packages:/opt/tros/humble/local/lib/python3.10/dist-packages:/opt/ros/humble/lib/python3.10/site-packages:/opt/ros/humble/local/lib/python3.10/dist-packages'), ('COLCON', '1'), ('CMAKE_PREFIX_PATH', '/home/sunrise/xgo_demo/install/xgo_gesture_control:/home/sunrise/xgo_demo/install/hobot_audio:/home/sunrise/xgo_demo/install/xgo_motion:/home/sunrise/xgo_demo/install/xgo_head:/home/sunrise/xgo_demo/install/xgo_device:/home/sunrise/xgo_demo/install/xgoscreen:/home/sunrise/xgo_demo/install/xgolib:/home/sunrise/xgo_demo/install/xgo_display:/opt/tros/humble:/opt/ros/humble')]), 'shell': False}
[5.242449] (-) TimerEvent: {}
[5.335133] (xgoscreen) StdoutLine: {'line': b'-- Found OpenSSL: /usr/lib/aarch64-linux-gnu/libcrypto.so (found version "3.0.2")  \n'}
[5.342647] (-) TimerEvent: {}
[5.347084] (xgolib) StdoutLine: {'line': b'[ 50%] \x1b[32mBuilding CXX object CMakeFiles/XGO.dir/src/XGO.cpp.o\x1b[0m\n'}
[5.442851] (-) TimerEvent: {}
[5.465899] (xgoscreen) StdoutLine: {'line': b'-- Found FastRTPS: /opt/ros/humble/include  \n'}
[5.543069] (-) TimerEvent: {}
[5.644069] (-) TimerEvent: {}
[5.645786] (xgoscreen) StdoutLine: {'line': b"-- Using RMW implementation 'rmw_fastrtps_cpp' as default\n"}
[5.695420] (xgoscreen) StdoutLine: {'line': b'-- Looking for pthread.h\n'}
[5.744343] (-) TimerEvent: {}
[5.845599] (-) TimerEvent: {}
[5.946676] (-) TimerEvent: {}
[6.033193] (xgoscreen) StdoutLine: {'line': b'-- Looking for pthread.h - found\n'}
[6.035039] (xgoscreen) StdoutLine: {'line': b'-- Performing Test CMAKE_HAVE_LIBC_PTHREAD\n'}
[6.046868] (-) TimerEvent: {}
[6.147929] (-) TimerEvent: {}
[6.248976] (-) TimerEvent: {}
[6.350089] (-) TimerEvent: {}
[6.386254] (xgoscreen) StdoutLine: {'line': b'-- Performing Test CMAKE_HAVE_LIBC_PTHREAD - Success\n'}
[6.391559] (xgoscreen) StdoutLine: {'line': b'-- Found Threads: TRUE  \n'}
[6.450312] (-) TimerEvent: {}
[6.551405] (-) TimerEvent: {}
[6.652435] (-) TimerEvent: {}
[6.753514] (-) TimerEvent: {}
[6.826623] (xgoscreen) StdoutLine: {'line': b'-- Found sensor_msgs: 4.8.0 (/opt/ros/humble/share/sensor_msgs/cmake)\n'}
[6.853678] (-) TimerEvent: {}
[6.954718] (-) TimerEvent: {}
[7.055725] (-) TimerEvent: {}
[7.157336] (-) TimerEvent: {}
[7.258432] (-) TimerEvent: {}
[7.359482] (-) TimerEvent: {}
[7.460536] (-) TimerEvent: {}
[7.561626] (-) TimerEvent: {}
[7.662752] (-) TimerEvent: {}
[7.731016] (xgoscreen) StdoutLine: {'line': b'-- Configuring done\n'}
[7.762963] (-) TimerEvent: {}
[7.807442] (xgoscreen) StdoutLine: {'line': b'-- Generating done\n'}
[7.833848] (xgoscreen) StdoutLine: {'line': b'-- Build files have been written to: /home/sunrise/xgo_demo/src/build/xgoscreen\n'}
[7.863274] (-) TimerEvent: {}
[7.911136] (xgoscreen) CommandEnded: {'returncode': 0}
[7.914350] (xgoscreen) JobProgress: {'identifier': 'xgoscreen', 'progress': 'build'}
[7.916246] (xgoscreen) Command: {'cmd': ['/usr/bin/cmake', '--build', '/home/sunrise/xgo_demo/src/build/xgoscreen', '--', '-j4', '-l4'], 'cwd': '/home/sunrise/xgo_demo/src/build/xgoscreen', 'env': OrderedDict([('LANGUAGE', 'en_US.UTF-8'), ('USER', 'sunrise'), ('SSH_CLIENT', '192.168.66.221 5121 22'), ('XDG_SESSION_TYPE', 'tty'), ('SHLVL', '1'), ('LD_LIBRARY_PATH', '/home/sunrise/xgo_demo/install/hobot_audio/lib:/home/sunrise/xgo_demo/install/xgoscreen/lib:/home/sunrise/xgo_demo/install/xgolib/lib:/opt/tros/humble/lib/aarch64-linux-gnu:/opt/tros/humble/lib:/opt/ros/humble/lib/aarch64-linux-gnu:/opt/ros/humble/lib'), ('MOTD_SHOWN', 'pam'), ('HOME', '/home/sunrise'), ('OLDPWD', '/home/sunrise/xgo_demo'), ('SSH_TTY', '/dev/pts/0'), ('ROS_PYTHON_VERSION', '3'), ('DBUS_SESSION_BUS_ADDRESS', 'unix:path=/run/user/1000/bus'), ('TROS_DISTRO', 'humble'), ('COLCON_PREFIX_PATH', '/home/sunrise/xgo_demo/install'), ('ROS_DISTRO', 'humble'), ('LOGNAME', 'sunrise'), ('_', '/home/sunrise/.local/bin/colcon'), ('ROS_VERSION', '2'), ('XDG_SESSION_CLASS', 'user'), ('TERM', 'xterm'), ('XDG_SESSION_ID', '2'), ('ROS_LOCALHOST_ONLY', '0'), ('PATH', '/home/sunrise/xgo_demo/install/hobot_audio/bin:/home/sunrise/.local/bin:/home/sunrise/.local/bin:/opt/tros/humble/bin:/opt/ros/humble/bin:/usr/local/sbin:/usr/local/bin:/usr/sbin:/usr/bin:/sbin:/bin:/usr/games:/usr/local/games:/snap/bin'), ('XDG_RUNTIME_DIR', '/run/user/1000'), ('DISPLAY', 'localhost:10.0'), ('LANG', 'en_US.UTF-8'), ('LS_COLORS', 'rs=0:di=01;34:ln=01;36:mh=00:pi=40;33:so=01;35:do=01;35:bd=40;33;01:cd=40;33;01:or=40;31;01:mi=00:su=37;41:sg=30;43:ca=30;41:tw=30;42:ow=34;42:st=37;44:ex=01;32:*.tar=01;31:*.tgz=01;31:*.arc=01;31:*.arj=01;31:*.taz=01;31:*.lha=01;31:*.lz4=01;31:*.lzh=01;31:*.lzma=01;31:*.tlz=01;31:*.txz=01;31:*.tzo=01;31:*.t7z=01;31:*.zip=01;31:*.z=01;31:*.dz=01;31:*.gz=01;31:*.lrz=01;31:*.lz=01;31:*.lzo=01;31:*.xz=01;31:*.zst=01;31:*.tzst=01;31:*.bz2=01;31:*.bz=01;31:*.tbz=01;31:*.tbz2=01;31:*.tz=01;31:*.deb=01;31:*.rpm=01;31:*.jar=01;31:*.war=01;31:*.ear=01;31:*.sar=01;31:*.rar=01;31:*.alz=01;31:*.ace=01;31:*.zoo=01;31:*.cpio=01;31:*.7z=01;31:*.rz=01;31:*.cab=01;31:*.wim=01;31:*.swm=01;31:*.dwm=01;31:*.esd=01;31:*.jpg=01;35:*.jpeg=01;35:*.mjpg=01;35:*.mjpeg=01;35:*.gif=01;35:*.bmp=01;35:*.pbm=01;35:*.pgm=01;35:*.ppm=01;35:*.tga=01;35:*.xbm=01;35:*.xpm=01;35:*.tif=01;35:*.tiff=01;35:*.png=01;35:*.svg=01;35:*.svgz=01;35:*.mng=01;35:*.pcx=01;35:*.mov=01;35:*.mpg=01;35:*.mpeg=01;35:*.m2v=01;35:*.mkv=01;35:*.webm=01;35:*.webp=01;35:*.ogm=01;35:*.mp4=01;35:*.m4v=01;35:*.mp4v=01;35:*.vob=01;35:*.qt=01;35:*.nuv=01;35:*.wmv=01;35:*.asf=01;35:*.rm=01;35:*.rmvb=01;35:*.flc=01;35:*.avi=01;35:*.fli=01;35:*.flv=01;35:*.gl=01;35:*.dl=01;35:*.xcf=01;35:*.xwd=01;35:*.yuv=01;35:*.cgm=01;35:*.emf=01;35:*.ogv=01;35:*.ogx=01;35:*.aac=00;36:*.au=00;36:*.flac=00;36:*.m4a=00;36:*.mid=00;36:*.midi=00;36:*.mka=00;36:*.mp3=00;36:*.mpc=00;36:*.ogg=00;36:*.ra=00;36:*.wav=00;36:*.oga=00;36:*.opus=00;36:*.spx=00;36:*.xspf=00;36:'), ('AMENT_PREFIX_PATH', '/home/sunrise/xgo_demo/install/xgo_gesture_control:/home/sunrise/xgo_demo/install/hobot_audio:/home/sunrise/xgo_demo/install/xgo_motion:/home/sunrise/xgo_demo/install/xgo_head:/home/sunrise/xgo_demo/install/xgo_device:/home/sunrise/xgo_demo/install/xgoscreen:/home/sunrise/xgo_demo/install/xgolib:/home/sunrise/xgo_demo/install/xgo_display:/opt/tros/humble:/opt/ros/humble'), ('SHELL', '/bin/bash'), ('PWD', '/home/sunrise/xgo_demo/src/build/xgoscreen'), ('SSH_CONNECTION', '192.168.66.221 5121 192.168.66.94 22'), ('PYTHONPATH', '/home/sunrise/xgo_demo/install/xgo_display/lib/python3.10/site-packages:/opt/tros/humble/lib/python3.10/site-packages:/opt/tros/humble/local/lib/python3.10/dist-packages:/opt/ros/humble/lib/python3.10/site-packages:/opt/ros/humble/local/lib/python3.10/dist-packages'), ('COLCON', '1'), ('CMAKE_PREFIX_PATH', '/home/sunrise/xgo_demo/install/xgo_gesture_control:/home/sunrise/xgo_demo/install/hobot_audio:/home/sunrise/xgo_demo/install/xgo_motion:/home/sunrise/xgo_demo/install/xgo_head:/home/sunrise/xgo_demo/install/xgo_device:/home/sunrise/xgo_demo/install/xgoscreen:/home/sunrise/xgo_demo/install/xgolib:/home/sunrise/xgo_demo/install/xgo_display:/opt/tros/humble:/opt/ros/humble')]), 'shell': False}
[7.963560] (-) TimerEvent: {}
[8.064717] (-) TimerEvent: {}
[8.077770] (xgoscreen) StdoutLine: {'line': b'[ 10%] \x1b[34m\x1b[1mGenerating include/xgoscreen/moc_TGpioUtil.cpp\x1b[0m\n'}
[8.079386] (xgoscreen) StdoutLine: {'line': b'[ 10%] \x1b[34m\x1b[1mGenerating include/xgoscreen/moc_XgoScreenManager.cpp\x1b[0m\n'}
[8.093660] (xgoscreen) StdoutLine: {'line': b'[ 15%] \x1b[34m\x1b[1mGenerating include/xgoscreen/moc_TLog.cpp\x1b[0m\n'}
[8.101589] (xgoscreen) StdoutLine: {'line': b'[ 21%] \x1b[34m\x1b[1mGenerating include/xgoscreen/moc_SpiScreen2Inch.cpp\x1b[0m\n'}
[8.113675] (xgoscreen) StderrLine: {'line': b'/home/sunrise/xgo_demo/src/xgoscreen/include/xgoscreen/TGpioUtil.h:26: Note: No relevant classes found. No output generated.\n'}
[8.115795] (xgoscreen) StderrLine: {'line': b'/home/sunrise/xgo_demo/src/xgoscreen/include/xgoscreen/TLog.h:33: Note: No relevant classes found. No output generated.\n'}
[8.148634] (xgoscreen) StdoutLine: {'line': b'[ 31%] \x1b[34m\x1b[1mGenerating include/xgoscreen/moc_TSpiUtil.cpp\x1b[0m\n'}
[8.149905] (xgoscreen) StdoutLine: {'line': b'[ 31%] \x1b[34m\x1b[1mGenerating include/xgoscreen/moc_TUtil.cpp\x1b[0m\n'}
[8.160399] (xgoscreen) StderrLine: {'line': b'/home/sunrise/xgo_demo/src/xgoscreen/include/xgoscreen/TUtil.h:16: Note: No relevant classes found. No output generated.\n'}
[8.161861] (xgoscreen) StderrLine: {'line': b'/home/sunrise/xgo_demo/src/xgoscreen/include/xgoscreen/TSpiUtil.h:34: Note: No relevant classes found. No output generated.\n'}
[8.164931] (-) TimerEvent: {}
[8.235834] (xgoscreen) StdoutLine: {'line': b'[ 36%] \x1b[32mBuilding CXX object CMakeFiles/xgoscreen.dir/src/SpiScreen2Inch.cpp.o\x1b[0m\n'}
[8.252108] (xgoscreen) StdoutLine: {'line': b'[ 42%] \x1b[32mBuilding CXX object CMakeFiles/xgoscreen.dir/src/TLog.cpp.o\x1b[0m\n'}
[8.253805] (xgoscreen) StdoutLine: {'line': b'[ 47%] \x1b[32mBuilding CXX object CMakeFiles/xgoscreen.dir/src/TSpiUtil.cpp.o\x1b[0m\n'}
[8.258142] (xgoscreen) StdoutLine: {'line': b'[ 52%] \x1b[32mBuilding CXX object CMakeFiles/xgoscreen.dir/src/TGpioUtil.cpp.o\x1b[0m\n'}
[8.265229] (-) TimerEvent: {}
[8.367642] (-) TimerEvent: {}
[8.469684] (-) TimerEvent: {}
[8.571638] (-) TimerEvent: {}
[8.672784] (-) TimerEvent: {}
[8.775288] (-) TimerEvent: {}
[8.877352] (-) TimerEvent: {}
[8.995444] (-) TimerEvent: {}
[9.097728] (-) TimerEvent: {}
[9.199704] (-) TimerEvent: {}
[9.301571] (-) TimerEvent: {}
[9.403406] (-) TimerEvent: {}
[9.505571] (-) TimerEvent: {}
[9.607634] (-) TimerEvent: {}
[9.709832] (-) TimerEvent: {}
[9.812193] (-) TimerEvent: {}
[9.914300] (-) TimerEvent: {}
[10.016763] (-) TimerEvent: {}
[10.118998] (-) TimerEvent: {}
[10.221158] (-) TimerEvent: {}
[10.323428] (-) TimerEvent: {}
[10.425701] (-) TimerEvent: {}
[10.528072] (-) TimerEvent: {}
[10.630405] (-) TimerEvent: {}
[10.732481] (-) TimerEvent: {}
[10.835084] (-) TimerEvent: {}
[10.893952] (xgoscreen) StdoutLine: {'line': b'[ 57%] \x1b[32mBuilding CXX object CMakeFiles/xgoscreen.dir/src/TUtil.cpp.o\x1b[0m\n'}
[10.935354] (-) TimerEvent: {}
[11.037669] (-) TimerEvent: {}
[11.139885] (-) TimerEvent: {}
[11.242299] (-) TimerEvent: {}
[11.344406] (-) TimerEvent: {}
[11.446582] (-) TimerEvent: {}
[11.548748] (-) TimerEvent: {}
[11.650843] (-) TimerEvent: {}
[11.752919] (-) TimerEvent: {}
[11.855095] (-) TimerEvent: {}
[11.957290] (-) TimerEvent: {}
[12.059592] (-) TimerEvent: {}
[12.161800] (-) TimerEvent: {}
[12.264070] (-) TimerEvent: {}
[12.366352] (-) TimerEvent: {}
[12.468640] (-) TimerEvent: {}
[12.570974] (-) TimerEvent: {}
[12.673284] (-) TimerEvent: {}
[12.775546] (-) TimerEvent: {}
[12.877678] (-) TimerEvent: {}
[12.979967] (-) TimerEvent: {}
[13.082294] (-) TimerEvent: {}
[13.184635] (-) TimerEvent: {}
[13.286909] (-) TimerEvent: {}
[13.389188] (-) TimerEvent: {}
[13.491600] (-) TimerEvent: {}
[13.593845] (-) TimerEvent: {}
[13.696248] (-) TimerEvent: {}
[13.798591] (-) TimerEvent: {}
[13.900743] (-) TimerEvent: {}
[14.002902] (-) TimerEvent: {}
[14.105191] (-) TimerEvent: {}
[14.207316] (-) TimerEvent: {}
[14.309550] (-) TimerEvent: {}
[14.411690] (-) TimerEvent: {}
[14.513872] (-) TimerEvent: {}
[14.616015] (-) TimerEvent: {}
[14.718157] (-) TimerEvent: {}
[14.820581] (-) TimerEvent: {}
[14.920692] (xgolib) StdoutLine: {'line': b'[100%] \x1b[32m\x1b[1mLinking CXX static library libXGO.a\x1b[0m\n'}
[14.922099] (-) TimerEvent: {}
[15.024434] (-) TimerEvent: {}
[15.126259] (-) TimerEvent: {}
[15.227512] (-) TimerEvent: {}
[15.241404] (xgolib) StdoutLine: {'line': b'[100%] Built target XGO\n'}
[15.327779] (-) TimerEvent: {}
[15.390300] (xgolib) CommandEnded: {'returncode': 0}
[15.395636] (xgolib) JobProgress: {'identifier': 'xgolib', 'progress': 'install'}
[15.428058] (-) TimerEvent: {}
[15.489306] (xgolib) Command: {'cmd': ['/usr/bin/cmake', '--install', '/home/sunrise/xgo_demo/src/build/xgolib'], 'cwd': '/home/sunrise/xgo_demo/src/build/xgolib', 'env': OrderedDict([('LANGUAGE', 'en_US.UTF-8'), ('USER', 'sunrise'), ('SSH_CLIENT', '192.168.66.221 5121 22'), ('XDG_SESSION_TYPE', 'tty'), ('SHLVL', '1'), ('LD_LIBRARY_PATH', '/home/sunrise/xgo_demo/install/hobot_audio/lib:/home/sunrise/xgo_demo/install/xgoscreen/lib:/home/sunrise/xgo_demo/install/xgolib/lib:/opt/tros/humble/lib/aarch64-linux-gnu:/opt/tros/humble/lib:/opt/ros/humble/lib/aarch64-linux-gnu:/opt/ros/humble/lib'), ('MOTD_SHOWN', 'pam'), ('HOME', '/home/sunrise'), ('OLDPWD', '/home/sunrise/xgo_demo'), ('SSH_TTY', '/dev/pts/0'), ('ROS_PYTHON_VERSION', '3'), ('DBUS_SESSION_BUS_ADDRESS', 'unix:path=/run/user/1000/bus'), ('TROS_DISTRO', 'humble'), ('COLCON_PREFIX_PATH', '/home/sunrise/xgo_demo/install'), ('ROS_DISTRO', 'humble'), ('LOGNAME', 'sunrise'), ('_', '/home/sunrise/.local/bin/colcon'), ('ROS_VERSION', '2'), ('XDG_SESSION_CLASS', 'user'), ('TERM', 'xterm'), ('XDG_SESSION_ID', '2'), ('ROS_LOCALHOST_ONLY', '0'), ('PATH', '/home/sunrise/xgo_demo/install/hobot_audio/bin:/home/sunrise/.local/bin:/home/sunrise/.local/bin:/opt/tros/humble/bin:/opt/ros/humble/bin:/usr/local/sbin:/usr/local/bin:/usr/sbin:/usr/bin:/sbin:/bin:/usr/games:/usr/local/games:/snap/bin'), ('XDG_RUNTIME_DIR', '/run/user/1000'), ('DISPLAY', 'localhost:10.0'), ('LANG', 'en_US.UTF-8'), ('LS_COLORS', 'rs=0:di=01;34:ln=01;36:mh=00:pi=40;33:so=01;35:do=01;35:bd=40;33;01:cd=40;33;01:or=40;31;01:mi=00:su=37;41:sg=30;43:ca=30;41:tw=30;42:ow=34;42:st=37;44:ex=01;32:*.tar=01;31:*.tgz=01;31:*.arc=01;31:*.arj=01;31:*.taz=01;31:*.lha=01;31:*.lz4=01;31:*.lzh=01;31:*.lzma=01;31:*.tlz=01;31:*.txz=01;31:*.tzo=01;31:*.t7z=01;31:*.zip=01;31:*.z=01;31:*.dz=01;31:*.gz=01;31:*.lrz=01;31:*.lz=01;31:*.lzo=01;31:*.xz=01;31:*.zst=01;31:*.tzst=01;31:*.bz2=01;31:*.bz=01;31:*.tbz=01;31:*.tbz2=01;31:*.tz=01;31:*.deb=01;31:*.rpm=01;31:*.jar=01;31:*.war=01;31:*.ear=01;31:*.sar=01;31:*.rar=01;31:*.alz=01;31:*.ace=01;31:*.zoo=01;31:*.cpio=01;31:*.7z=01;31:*.rz=01;31:*.cab=01;31:*.wim=01;31:*.swm=01;31:*.dwm=01;31:*.esd=01;31:*.jpg=01;35:*.jpeg=01;35:*.mjpg=01;35:*.mjpeg=01;35:*.gif=01;35:*.bmp=01;35:*.pbm=01;35:*.pgm=01;35:*.ppm=01;35:*.tga=01;35:*.xbm=01;35:*.xpm=01;35:*.tif=01;35:*.tiff=01;35:*.png=01;35:*.svg=01;35:*.svgz=01;35:*.mng=01;35:*.pcx=01;35:*.mov=01;35:*.mpg=01;35:*.mpeg=01;35:*.m2v=01;35:*.mkv=01;35:*.webm=01;35:*.webp=01;35:*.ogm=01;35:*.mp4=01;35:*.m4v=01;35:*.mp4v=01;35:*.vob=01;35:*.qt=01;35:*.nuv=01;35:*.wmv=01;35:*.asf=01;35:*.rm=01;35:*.rmvb=01;35:*.flc=01;35:*.avi=01;35:*.fli=01;35:*.flv=01;35:*.gl=01;35:*.dl=01;35:*.xcf=01;35:*.xwd=01;35:*.yuv=01;35:*.cgm=01;35:*.emf=01;35:*.ogv=01;35:*.ogx=01;35:*.aac=00;36:*.au=00;36:*.flac=00;36:*.m4a=00;36:*.mid=00;36:*.midi=00;36:*.mka=00;36:*.mp3=00;36:*.mpc=00;36:*.ogg=00;36:*.ra=00;36:*.wav=00;36:*.oga=00;36:*.opus=00;36:*.spx=00;36:*.xspf=00;36:'), ('AMENT_PREFIX_PATH', '/home/sunrise/xgo_demo/install/xgo_gesture_control:/home/sunrise/xgo_demo/install/hobot_audio:/home/sunrise/xgo_demo/install/xgo_motion:/home/sunrise/xgo_demo/install/xgo_head:/home/sunrise/xgo_demo/install/xgo_device:/home/sunrise/xgo_demo/install/xgoscreen:/home/sunrise/xgo_demo/install/xgolib:/home/sunrise/xgo_demo/install/xgo_display:/opt/tros/humble:/opt/ros/humble'), ('SHELL', '/bin/bash'), ('PWD', '/home/sunrise/xgo_demo/src/build/xgolib'), ('SSH_CONNECTION', '192.168.66.221 5121 192.168.66.94 22'), ('PYTHONPATH', '/home/sunrise/xgo_demo/install/xgo_display/lib/python3.10/site-packages:/opt/tros/humble/lib/python3.10/site-packages:/opt/tros/humble/local/lib/python3.10/dist-packages:/opt/ros/humble/lib/python3.10/site-packages:/opt/ros/humble/local/lib/python3.10/dist-packages'), ('COLCON', '1'), ('CMAKE_PREFIX_PATH', '/home/sunrise/xgo_demo/install/xgo_gesture_control:/home/sunrise/xgo_demo/install/hobot_audio:/home/sunrise/xgo_demo/install/xgo_motion:/home/sunrise/xgo_demo/install/xgo_head:/home/sunrise/xgo_demo/install/xgo_device:/home/sunrise/xgo_demo/install/xgoscreen:/home/sunrise/xgo_demo/install/xgolib:/home/sunrise/xgo_demo/install/xgo_display:/opt/tros/humble:/opt/ros/humble')]), 'shell': False}
[15.528346] (-) TimerEvent: {}
[15.579056] (xgolib) StdoutLine: {'line': b'-- Install configuration: ""\n'}
[15.580484] (xgolib) StdoutLine: {'line': b'-- Installing: /home/sunrise/xgo_demo/src/install/xgolib/share/xgolib/environment/library_path.sh\n'}
[15.582009] (xgolib) StdoutLine: {'line': b'-- Installing: /home/sunrise/xgo_demo/src/install/xgolib/share/xgolib/environment/library_path.dsv\n'}
[15.594391] (xgolib) StdoutLine: {'line': b'-- Installing: /home/sunrise/xgo_demo/src/install/xgolib/lib/libXGO.a\n'}
[15.598739] (xgolib) StdoutLine: {'line': b'-- Installing: /home/sunrise/xgo_demo/src/install/xgolib/include/XGO.h\n'}
[15.600085] (xgolib) StdoutLine: {'line': b'-- Installing: /home/sunrise/xgo_demo/src/install/xgolib/share/ament_index/resource_index/package_run_dependencies/xgolib\n'}
[15.601532] (xgolib) StdoutLine: {'line': b'-- Installing: /home/sunrise/xgo_demo/src/install/xgolib/share/ament_index/resource_index/parent_prefix_path/xgolib\n'}
[15.603475] (xgolib) StdoutLine: {'line': b'-- Installing: /home/sunrise/xgo_demo/src/install/xgolib/share/xgolib/environment/ament_prefix_path.sh\n'}
[15.605221] (xgolib) StdoutLine: {'line': b'-- Installing: /home/sunrise/xgo_demo/src/install/xgolib/share/xgolib/environment/ament_prefix_path.dsv\n'}
[15.606744] (xgolib) StdoutLine: {'line': b'-- Installing: /home/sunrise/xgo_demo/src/install/xgolib/share/xgolib/environment/path.sh\n'}
[15.608196] (xgolib) StdoutLine: {'line': b'-- Installing: /home/sunrise/xgo_demo/src/install/xgolib/share/xgolib/environment/path.dsv\n'}
[15.610404] (xgolib) StdoutLine: {'line': b'-- Installing: /home/sunrise/xgo_demo/src/install/xgolib/share/xgolib/local_setup.bash\n'}
[15.611515] (xgolib) StdoutLine: {'line': b'-- Installing: /home/sunrise/xgo_demo/src/install/xgolib/share/xgolib/local_setup.sh\n'}
[15.612567] (xgolib) StdoutLine: {'line': b'-- Installing: /home/sunrise/xgo_demo/src/install/xgolib/share/xgolib/local_setup.zsh\n'}
[15.617859] (xgolib) StdoutLine: {'line': b'-- Installing: /home/sunrise/xgo_demo/src/install/xgolib/share/xgolib/local_setup.dsv\n'}
[15.618961] (xgolib) StdoutLine: {'line': b'-- Installing: /home/sunrise/xgo_demo/src/install/xgolib/share/xgolib/package.dsv\n'}
[15.620062] (xgolib) StdoutLine: {'line': b'-- Installing: /home/sunrise/xgo_demo/src/install/xgolib/share/ament_index/resource_index/packages/xgolib\n'}
[15.621172] (xgolib) StdoutLine: {'line': b'-- Installing: /home/sunrise/xgo_demo/src/install/xgolib/share/xgolib/cmake/export_XGOExport.cmake\n'}
[15.628842] (-) TimerEvent: {}
[15.631667] (xgolib) StdoutLine: {'line': b'-- Installing: /home/sunrise/xgo_demo/src/install/xgolib/share/xgolib/cmake/export_XGOExport-noconfig.cmake\n'}
[15.634727] (xgolib) StdoutLine: {'line': b'-- Installing: /home/sunrise/xgo_demo/src/install/xgolib/share/xgolib/cmake/ament_cmake_export_targets-extras.cmake\n'}
[15.642455] (xgolib) StdoutLine: {'line': b'-- Installing: /home/sunrise/xgo_demo/src/install/xgolib/share/xgolib/cmake/ament_cmake_export_include_directories-extras.cmake\n'}
[15.643711] (xgolib) StdoutLine: {'line': b'-- Installing: /home/sunrise/xgo_demo/src/install/xgolib/share/xgolib/cmake/ament_cmake_export_libraries-extras.cmake\n'}
[15.644918] (xgolib) StdoutLine: {'line': b'-- Installing: /home/sunrise/xgo_demo/src/install/xgolib/share/xgolib/cmake/ament_cmake_export_dependencies-extras.cmake\n'}
[15.646256] (xgolib) StdoutLine: {'line': b'-- Installing: /home/sunrise/xgo_demo/src/install/xgolib/share/xgolib/cmake/xgolibConfig.cmake\n'}
[15.647449] (xgolib) StdoutLine: {'line': b'-- Installing: /home/sunrise/xgo_demo/src/install/xgolib/share/xgolib/cmake/xgolibConfig-version.cmake\n'}
[15.655353] (xgolib) StdoutLine: {'line': b'-- Installing: /home/sunrise/xgo_demo/src/install/xgolib/share/xgolib/package.xml\n'}
[15.658412] (xgolib) CommandEnded: {'returncode': 0}
[15.730356] (-) TimerEvent: {}
[15.833032] (-) TimerEvent: {}
[15.936521] (-) TimerEvent: {}
[15.948890] (xgolib) JobEnded: {'identifier': 'xgolib', 'rc': 0}
[15.955349] (hobot_audio) JobStarted: {'identifier': 'hobot_audio'}
[16.026460] (xgo_face_control) JobStarted: {'identifier': 'xgo_face_control'}
[16.036835] (-) TimerEvent: {}
[16.086298] (xgo_gesture_control) JobStarted: {'identifier': 'xgo_gesture_control'}
[16.137126] (-) TimerEvent: {}
[16.193736] (hobot_audio) JobProgress: {'identifier': 'hobot_audio', 'progress': 'cmake'}
[16.201977] (hobot_audio) Command: {'cmd': ['/usr/bin/cmake', '/home/sunrise/xgo_demo/src/hobot_audio', '-DCMAKE_INSTALL_PREFIX=/home/sunrise/xgo_demo/src/install/hobot_audio'], 'cwd': '/home/sunrise/xgo_demo/src/build/hobot_audio', 'env': OrderedDict([('LANGUAGE', 'en_US.UTF-8'), ('USER', 'sunrise'), ('SSH_CLIENT', '192.168.66.221 5121 22'), ('XDG_SESSION_TYPE', 'tty'), ('SHLVL', '1'), ('LD_LIBRARY_PATH', '/home/sunrise/xgo_demo/src/install/xgolib/lib:/home/sunrise/xgo_demo/install/hobot_audio/lib:/home/sunrise/xgo_demo/install/xgoscreen/lib:/home/sunrise/xgo_demo/install/xgolib/lib:/opt/tros/humble/lib/aarch64-linux-gnu:/opt/tros/humble/lib:/opt/ros/humble/lib/aarch64-linux-gnu:/opt/ros/humble/lib'), ('MOTD_SHOWN', 'pam'), ('HOME', '/home/sunrise'), ('OLDPWD', '/home/sunrise/xgo_demo'), ('SSH_TTY', '/dev/pts/0'), ('ROS_PYTHON_VERSION', '3'), ('DBUS_SESSION_BUS_ADDRESS', 'unix:path=/run/user/1000/bus'), ('TROS_DISTRO', 'humble'), ('COLCON_PREFIX_PATH', '/home/sunrise/xgo_demo/install'), ('ROS_DISTRO', 'humble'), ('LOGNAME', 'sunrise'), ('_', '/home/sunrise/.local/bin/colcon'), ('ROS_VERSION', '2'), ('XDG_SESSION_CLASS', 'user'), ('TERM', 'xterm'), ('XDG_SESSION_ID', '2'), ('ROS_LOCALHOST_ONLY', '0'), ('PATH', '/home/sunrise/xgo_demo/install/hobot_audio/bin:/home/sunrise/.local/bin:/home/sunrise/.local/bin:/opt/tros/humble/bin:/opt/ros/humble/bin:/usr/local/sbin:/usr/local/bin:/usr/sbin:/usr/bin:/sbin:/bin:/usr/games:/usr/local/games:/snap/bin'), ('XDG_RUNTIME_DIR', '/run/user/1000'), ('DISPLAY', 'localhost:10.0'), ('LANG', 'en_US.UTF-8'), ('LS_COLORS', 'rs=0:di=01;34:ln=01;36:mh=00:pi=40;33:so=01;35:do=01;35:bd=40;33;01:cd=40;33;01:or=40;31;01:mi=00:su=37;41:sg=30;43:ca=30;41:tw=30;42:ow=34;42:st=37;44:ex=01;32:*.tar=01;31:*.tgz=01;31:*.arc=01;31:*.arj=01;31:*.taz=01;31:*.lha=01;31:*.lz4=01;31:*.lzh=01;31:*.lzma=01;31:*.tlz=01;31:*.txz=01;31:*.tzo=01;31:*.t7z=01;31:*.zip=01;31:*.z=01;31:*.dz=01;31:*.gz=01;31:*.lrz=01;31:*.lz=01;31:*.lzo=01;31:*.xz=01;31:*.zst=01;31:*.tzst=01;31:*.bz2=01;31:*.bz=01;31:*.tbz=01;31:*.tbz2=01;31:*.tz=01;31:*.deb=01;31:*.rpm=01;31:*.jar=01;31:*.war=01;31:*.ear=01;31:*.sar=01;31:*.rar=01;31:*.alz=01;31:*.ace=01;31:*.zoo=01;31:*.cpio=01;31:*.7z=01;31:*.rz=01;31:*.cab=01;31:*.wim=01;31:*.swm=01;31:*.dwm=01;31:*.esd=01;31:*.jpg=01;35:*.jpeg=01;35:*.mjpg=01;35:*.mjpeg=01;35:*.gif=01;35:*.bmp=01;35:*.pbm=01;35:*.pgm=01;35:*.ppm=01;35:*.tga=01;35:*.xbm=01;35:*.xpm=01;35:*.tif=01;35:*.tiff=01;35:*.png=01;35:*.svg=01;35:*.svgz=01;35:*.mng=01;35:*.pcx=01;35:*.mov=01;35:*.mpg=01;35:*.mpeg=01;35:*.m2v=01;35:*.mkv=01;35:*.webm=01;35:*.webp=01;35:*.ogm=01;35:*.mp4=01;35:*.m4v=01;35:*.mp4v=01;35:*.vob=01;35:*.qt=01;35:*.nuv=01;35:*.wmv=01;35:*.asf=01;35:*.rm=01;35:*.rmvb=01;35:*.flc=01;35:*.avi=01;35:*.fli=01;35:*.flv=01;35:*.gl=01;35:*.dl=01;35:*.xcf=01;35:*.xwd=01;35:*.yuv=01;35:*.cgm=01;35:*.emf=01;35:*.ogv=01;35:*.ogx=01;35:*.aac=00;36:*.au=00;36:*.flac=00;36:*.m4a=00;36:*.mid=00;36:*.midi=00;36:*.mka=00;36:*.mp3=00;36:*.mpc=00;36:*.ogg=00;36:*.ra=00;36:*.wav=00;36:*.oga=00;36:*.opus=00;36:*.spx=00;36:*.xspf=00;36:'), ('AMENT_PREFIX_PATH', '/home/sunrise/xgo_demo/src/install/xgolib:/home/sunrise/xgo_demo/install/xgo_gesture_control:/home/sunrise/xgo_demo/install/hobot_audio:/home/sunrise/xgo_demo/install/xgo_motion:/home/sunrise/xgo_demo/install/xgo_head:/home/sunrise/xgo_demo/install/xgo_device:/home/sunrise/xgo_demo/install/xgoscreen:/home/sunrise/xgo_demo/install/xgolib:/home/sunrise/xgo_demo/install/xgo_display:/opt/tros/humble:/opt/ros/humble'), ('SHELL', '/bin/bash'), ('PWD', '/home/sunrise/xgo_demo/src/build/hobot_audio'), ('SSH_CONNECTION', '192.168.66.221 5121 192.168.66.94 22'), ('PYTHONPATH', '/home/sunrise/xgo_demo/install/xgo_display/lib/python3.10/site-packages:/opt/tros/humble/lib/python3.10/site-packages:/opt/tros/humble/local/lib/python3.10/dist-packages:/opt/ros/humble/lib/python3.10/site-packages:/opt/ros/humble/local/lib/python3.10/dist-packages'), ('COLCON', '1'), ('CMAKE_PREFIX_PATH', '/home/sunrise/xgo_demo/src/install/xgolib:/home/sunrise/xgo_demo/install/xgo_gesture_control:/home/sunrise/xgo_demo/install/hobot_audio:/home/sunrise/xgo_demo/install/xgo_motion:/home/sunrise/xgo_demo/install/xgo_head:/home/sunrise/xgo_demo/install/xgo_device:/home/sunrise/xgo_demo/install/xgoscreen:/home/sunrise/xgo_demo/install/xgolib:/home/sunrise/xgo_demo/install/xgo_display:/opt/tros/humble:/opt/ros/humble')]), 'shell': False}
[16.234096] (xgo_face_control) JobProgress: {'identifier': 'xgo_face_control', 'progress': 'cmake'}
[16.236723] (xgo_face_control) Command: {'cmd': ['/usr/bin/cmake', '/home/sunrise/xgo_demo/src/xgo_face_control', '-DCMAKE_INSTALL_PREFIX=/home/sunrise/xgo_demo/src/install/xgo_face_control'], 'cwd': '/home/sunrise/xgo_demo/src/build/xgo_face_control', 'env': OrderedDict([('LANGUAGE', 'en_US.UTF-8'), ('USER', 'sunrise'), ('SSH_CLIENT', '192.168.66.221 5121 22'), ('XDG_SESSION_TYPE', 'tty'), ('SHLVL', '1'), ('LD_LIBRARY_PATH', '/home/sunrise/xgo_demo/src/install/xgolib/lib:/home/sunrise/xgo_demo/install/hobot_audio/lib:/home/sunrise/xgo_demo/install/xgoscreen/lib:/home/sunrise/xgo_demo/install/xgolib/lib:/opt/tros/humble/lib/aarch64-linux-gnu:/opt/tros/humble/lib:/opt/ros/humble/lib/aarch64-linux-gnu:/opt/ros/humble/lib'), ('MOTD_SHOWN', 'pam'), ('HOME', '/home/sunrise'), ('OLDPWD', '/home/sunrise/xgo_demo'), ('SSH_TTY', '/dev/pts/0'), ('ROS_PYTHON_VERSION', '3'), ('DBUS_SESSION_BUS_ADDRESS', 'unix:path=/run/user/1000/bus'), ('TROS_DISTRO', 'humble'), ('COLCON_PREFIX_PATH', '/home/sunrise/xgo_demo/install'), ('ROS_DISTRO', 'humble'), ('LOGNAME', 'sunrise'), ('_', '/home/sunrise/.local/bin/colcon'), ('ROS_VERSION', '2'), ('XDG_SESSION_CLASS', 'user'), ('TERM', 'xterm'), ('XDG_SESSION_ID', '2'), ('ROS_LOCALHOST_ONLY', '0'), ('PATH', '/home/sunrise/xgo_demo/install/hobot_audio/bin:/home/sunrise/.local/bin:/home/sunrise/.local/bin:/opt/tros/humble/bin:/opt/ros/humble/bin:/usr/local/sbin:/usr/local/bin:/usr/sbin:/usr/bin:/sbin:/bin:/usr/games:/usr/local/games:/snap/bin'), ('XDG_RUNTIME_DIR', '/run/user/1000'), ('DISPLAY', 'localhost:10.0'), ('LANG', 'en_US.UTF-8'), ('LS_COLORS', 'rs=0:di=01;34:ln=01;36:mh=00:pi=40;33:so=01;35:do=01;35:bd=40;33;01:cd=40;33;01:or=40;31;01:mi=00:su=37;41:sg=30;43:ca=30;41:tw=30;42:ow=34;42:st=37;44:ex=01;32:*.tar=01;31:*.tgz=01;31:*.arc=01;31:*.arj=01;31:*.taz=01;31:*.lha=01;31:*.lz4=01;31:*.lzh=01;31:*.lzma=01;31:*.tlz=01;31:*.txz=01;31:*.tzo=01;31:*.t7z=01;31:*.zip=01;31:*.z=01;31:*.dz=01;31:*.gz=01;31:*.lrz=01;31:*.lz=01;31:*.lzo=01;31:*.xz=01;31:*.zst=01;31:*.tzst=01;31:*.bz2=01;31:*.bz=01;31:*.tbz=01;31:*.tbz2=01;31:*.tz=01;31:*.deb=01;31:*.rpm=01;31:*.jar=01;31:*.war=01;31:*.ear=01;31:*.sar=01;31:*.rar=01;31:*.alz=01;31:*.ace=01;31:*.zoo=01;31:*.cpio=01;31:*.7z=01;31:*.rz=01;31:*.cab=01;31:*.wim=01;31:*.swm=01;31:*.dwm=01;31:*.esd=01;31:*.jpg=01;35:*.jpeg=01;35:*.mjpg=01;35:*.mjpeg=01;35:*.gif=01;35:*.bmp=01;35:*.pbm=01;35:*.pgm=01;35:*.ppm=01;35:*.tga=01;35:*.xbm=01;35:*.xpm=01;35:*.tif=01;35:*.tiff=01;35:*.png=01;35:*.svg=01;35:*.svgz=01;35:*.mng=01;35:*.pcx=01;35:*.mov=01;35:*.mpg=01;35:*.mpeg=01;35:*.m2v=01;35:*.mkv=01;35:*.webm=01;35:*.webp=01;35:*.ogm=01;35:*.mp4=01;35:*.m4v=01;35:*.mp4v=01;35:*.vob=01;35:*.qt=01;35:*.nuv=01;35:*.wmv=01;35:*.asf=01;35:*.rm=01;35:*.rmvb=01;35:*.flc=01;35:*.avi=01;35:*.fli=01;35:*.flv=01;35:*.gl=01;35:*.dl=01;35:*.xcf=01;35:*.xwd=01;35:*.yuv=01;35:*.cgm=01;35:*.emf=01;35:*.ogv=01;35:*.ogx=01;35:*.aac=00;36:*.au=00;36:*.flac=00;36:*.m4a=00;36:*.mid=00;36:*.midi=00;36:*.mka=00;36:*.mp3=00;36:*.mpc=00;36:*.ogg=00;36:*.ra=00;36:*.wav=00;36:*.oga=00;36:*.opus=00;36:*.spx=00;36:*.xspf=00;36:'), ('AMENT_PREFIX_PATH', '/home/sunrise/xgo_demo/src/install/xgolib:/home/sunrise/xgo_demo/install/xgo_gesture_control:/home/sunrise/xgo_demo/install/hobot_audio:/home/sunrise/xgo_demo/install/xgo_motion:/home/sunrise/xgo_demo/install/xgo_head:/home/sunrise/xgo_demo/install/xgo_device:/home/sunrise/xgo_demo/install/xgoscreen:/home/sunrise/xgo_demo/install/xgolib:/home/sunrise/xgo_demo/install/xgo_display:/opt/tros/humble:/opt/ros/humble'), ('SHELL', '/bin/bash'), ('PWD', '/home/sunrise/xgo_demo/src/build/xgo_face_control'), ('SSH_CONNECTION', '192.168.66.221 5121 192.168.66.94 22'), ('PYTHONPATH', '/home/sunrise/xgo_demo/install/xgo_display/lib/python3.10/site-packages:/opt/tros/humble/lib/python3.10/site-packages:/opt/tros/humble/local/lib/python3.10/dist-packages:/opt/ros/humble/lib/python3.10/site-packages:/opt/ros/humble/local/lib/python3.10/dist-packages'), ('COLCON', '1'), ('CMAKE_PREFIX_PATH', '/home/sunrise/xgo_demo/src/install/xgolib:/home/sunrise/xgo_demo/install/xgo_gesture_control:/home/sunrise/xgo_demo/install/hobot_audio:/home/sunrise/xgo_demo/install/xgo_motion:/home/sunrise/xgo_demo/install/xgo_head:/home/sunrise/xgo_demo/install/xgo_device:/home/sunrise/xgo_demo/install/xgoscreen:/home/sunrise/xgo_demo/install/xgolib:/home/sunrise/xgo_demo/install/xgo_display:/opt/tros/humble:/opt/ros/humble')]), 'shell': False}
[16.242686] (-) TimerEvent: {}
[16.293820] (xgo_gesture_control) JobProgress: {'identifier': 'xgo_gesture_control', 'progress': 'cmake'}
[16.298034] (xgo_gesture_control) Command: {'cmd': ['/usr/bin/cmake', '/home/sunrise/xgo_demo/src/xgo_gesture_control', '-DCMAKE_INSTALL_PREFIX=/home/sunrise/xgo_demo/src/install/xgo_gesture_control'], 'cwd': '/home/sunrise/xgo_demo/src/build/xgo_gesture_control', 'env': OrderedDict([('LANGUAGE', 'en_US.UTF-8'), ('USER', 'sunrise'), ('SSH_CLIENT', '192.168.66.221 5121 22'), ('XDG_SESSION_TYPE', 'tty'), ('SHLVL', '1'), ('LD_LIBRARY_PATH', '/home/sunrise/xgo_demo/src/install/xgolib/lib:/home/sunrise/xgo_demo/install/hobot_audio/lib:/home/sunrise/xgo_demo/install/xgoscreen/lib:/home/sunrise/xgo_demo/install/xgolib/lib:/opt/tros/humble/lib/aarch64-linux-gnu:/opt/tros/humble/lib:/opt/ros/humble/lib/aarch64-linux-gnu:/opt/ros/humble/lib'), ('MOTD_SHOWN', 'pam'), ('HOME', '/home/sunrise'), ('OLDPWD', '/home/sunrise/xgo_demo'), ('SSH_TTY', '/dev/pts/0'), ('ROS_PYTHON_VERSION', '3'), ('DBUS_SESSION_BUS_ADDRESS', 'unix:path=/run/user/1000/bus'), ('TROS_DISTRO', 'humble'), ('COLCON_PREFIX_PATH', '/home/sunrise/xgo_demo/install'), ('ROS_DISTRO', 'humble'), ('LOGNAME', 'sunrise'), ('_', '/home/sunrise/.local/bin/colcon'), ('ROS_VERSION', '2'), ('XDG_SESSION_CLASS', 'user'), ('TERM', 'xterm'), ('XDG_SESSION_ID', '2'), ('ROS_LOCALHOST_ONLY', '0'), ('PATH', '/home/sunrise/xgo_demo/install/hobot_audio/bin:/home/sunrise/.local/bin:/home/sunrise/.local/bin:/opt/tros/humble/bin:/opt/ros/humble/bin:/usr/local/sbin:/usr/local/bin:/usr/sbin:/usr/bin:/sbin:/bin:/usr/games:/usr/local/games:/snap/bin'), ('XDG_RUNTIME_DIR', '/run/user/1000'), ('DISPLAY', 'localhost:10.0'), ('LANG', 'en_US.UTF-8'), ('LS_COLORS', 'rs=0:di=01;34:ln=01;36:mh=00:pi=40;33:so=01;35:do=01;35:bd=40;33;01:cd=40;33;01:or=40;31;01:mi=00:su=37;41:sg=30;43:ca=30;41:tw=30;42:ow=34;42:st=37;44:ex=01;32:*.tar=01;31:*.tgz=01;31:*.arc=01;31:*.arj=01;31:*.taz=01;31:*.lha=01;31:*.lz4=01;31:*.lzh=01;31:*.lzma=01;31:*.tlz=01;31:*.txz=01;31:*.tzo=01;31:*.t7z=01;31:*.zip=01;31:*.z=01;31:*.dz=01;31:*.gz=01;31:*.lrz=01;31:*.lz=01;31:*.lzo=01;31:*.xz=01;31:*.zst=01;31:*.tzst=01;31:*.bz2=01;31:*.bz=01;31:*.tbz=01;31:*.tbz2=01;31:*.tz=01;31:*.deb=01;31:*.rpm=01;31:*.jar=01;31:*.war=01;31:*.ear=01;31:*.sar=01;31:*.rar=01;31:*.alz=01;31:*.ace=01;31:*.zoo=01;31:*.cpio=01;31:*.7z=01;31:*.rz=01;31:*.cab=01;31:*.wim=01;31:*.swm=01;31:*.dwm=01;31:*.esd=01;31:*.jpg=01;35:*.jpeg=01;35:*.mjpg=01;35:*.mjpeg=01;35:*.gif=01;35:*.bmp=01;35:*.pbm=01;35:*.pgm=01;35:*.ppm=01;35:*.tga=01;35:*.xbm=01;35:*.xpm=01;35:*.tif=01;35:*.tiff=01;35:*.png=01;35:*.svg=01;35:*.svgz=01;35:*.mng=01;35:*.pcx=01;35:*.mov=01;35:*.mpg=01;35:*.mpeg=01;35:*.m2v=01;35:*.mkv=01;35:*.webm=01;35:*.webp=01;35:*.ogm=01;35:*.mp4=01;35:*.m4v=01;35:*.mp4v=01;35:*.vob=01;35:*.qt=01;35:*.nuv=01;35:*.wmv=01;35:*.asf=01;35:*.rm=01;35:*.rmvb=01;35:*.flc=01;35:*.avi=01;35:*.fli=01;35:*.flv=01;35:*.gl=01;35:*.dl=01;35:*.xcf=01;35:*.xwd=01;35:*.yuv=01;35:*.cgm=01;35:*.emf=01;35:*.ogv=01;35:*.ogx=01;35:*.aac=00;36:*.au=00;36:*.flac=00;36:*.m4a=00;36:*.mid=00;36:*.midi=00;36:*.mka=00;36:*.mp3=00;36:*.mpc=00;36:*.ogg=00;36:*.ra=00;36:*.wav=00;36:*.oga=00;36:*.opus=00;36:*.spx=00;36:*.xspf=00;36:'), ('AMENT_PREFIX_PATH', '/home/sunrise/xgo_demo/src/install/xgolib:/home/sunrise/xgo_demo/install/xgo_gesture_control:/home/sunrise/xgo_demo/install/hobot_audio:/home/sunrise/xgo_demo/install/xgo_motion:/home/sunrise/xgo_demo/install/xgo_head:/home/sunrise/xgo_demo/install/xgo_device:/home/sunrise/xgo_demo/install/xgoscreen:/home/sunrise/xgo_demo/install/xgolib:/home/sunrise/xgo_demo/install/xgo_display:/opt/tros/humble:/opt/ros/humble'), ('SHELL', '/bin/bash'), ('PWD', '/home/sunrise/xgo_demo/src/build/xgo_gesture_control'), ('SSH_CONNECTION', '192.168.66.221 5121 192.168.66.94 22'), ('PYTHONPATH', '/home/sunrise/xgo_demo/install/xgo_display/lib/python3.10/site-packages:/opt/tros/humble/lib/python3.10/site-packages:/opt/tros/humble/local/lib/python3.10/dist-packages:/opt/ros/humble/lib/python3.10/site-packages:/opt/ros/humble/local/lib/python3.10/dist-packages'), ('COLCON', '1'), ('CMAKE_PREFIX_PATH', '/home/sunrise/xgo_demo/src/install/xgolib:/home/sunrise/xgo_demo/install/xgo_gesture_control:/home/sunrise/xgo_demo/install/hobot_audio:/home/sunrise/xgo_demo/install/xgo_motion:/home/sunrise/xgo_demo/install/xgo_head:/home/sunrise/xgo_demo/install/xgo_device:/home/sunrise/xgo_demo/install/xgoscreen:/home/sunrise/xgo_demo/install/xgolib:/home/sunrise/xgo_demo/install/xgo_display:/opt/tros/humble:/opt/ros/humble')]), 'shell': False}
[16.345039] (-) TimerEvent: {}
[16.447558] (-) TimerEvent: {}
[16.549998] (-) TimerEvent: {}
[16.652388] (-) TimerEvent: {}
[16.754728] (-) TimerEvent: {}
[16.856929] (-) TimerEvent: {}
[16.959459] (-) TimerEvent: {}
[17.061680] (-) TimerEvent: {}
[17.068599] (xgoscreen) StdoutLine: {'line': b'[ 63%] \x1b[32mBuilding CXX object CMakeFiles/xgoscreen.dir/src/XgoScreenManager.cpp.o\x1b[0m\n'}
[17.077686] (xgo_face_control) StdoutLine: {'line': b'-- The C compiler identification is GNU 11.2.0\n'}
[17.080023] (hobot_audio) StdoutLine: {'line': b'-- The C compiler identification is GNU 11.2.0\n'}
[17.161937] (-) TimerEvent: {}
[17.185804] (xgo_gesture_control) StdoutLine: {'line': b'-- The C compiler identification is GNU 11.2.0\n'}
[17.262172] (-) TimerEvent: {}
[17.364450] (-) TimerEvent: {}
[17.466746] (-) TimerEvent: {}
[17.569776] (-) TimerEvent: {}
[17.671998] (-) TimerEvent: {}
[17.774278] (-) TimerEvent: {}
[17.820762] (hobot_audio) StdoutLine: {'line': b'-- The CXX compiler identification is GNU 11.2.0\n'}
[17.872444] (xgo_face_control) StdoutLine: {'line': b'-- The CXX compiler identification is GNU 11.2.0\n'}
[17.874504] (-) TimerEvent: {}
[17.895242] (hobot_audio) StdoutLine: {'line': b'-- Detecting C compiler ABI info\n'}
[17.944075] (xgo_face_control) StdoutLine: {'line': b'-- Detecting C compiler ABI info\n'}
[17.956127] (xgo_gesture_control) StdoutLine: {'line': b'-- The CXX compiler identification is GNU 11.2.0\n'}
[17.974774] (-) TimerEvent: {}
[18.067992] (xgo_gesture_control) StdoutLine: {'line': b'-- Detecting C compiler ABI info\n'}
[18.075051] (-) TimerEvent: {}
[18.177270] (-) TimerEvent: {}
[18.279549] (-) TimerEvent: {}
[18.381986] (-) TimerEvent: {}
[18.484204] (-) TimerEvent: {}
[18.587052] (-) TimerEvent: {}
[18.659815] (hobot_audio) StdoutLine: {'line': b'-- Detecting C compiler ABI info - done\n'}
[18.687239] (-) TimerEvent: {}
[18.780570] (xgo_face_control) StdoutLine: {'line': b'-- Detecting C compiler ABI info - done\n'}
[18.787529] (-) TimerEvent: {}
[18.789989] (hobot_audio) StdoutLine: {'line': b'-- Check for working C compiler: /usr/bin/cc - skipped\n'}
[18.792655] (hobot_audio) StdoutLine: {'line': b'-- Detecting C compile features\n'}
[18.800511] (hobot_audio) StdoutLine: {'line': b'-- Detecting C compile features - done\n'}
[18.836115] (hobot_audio) StdoutLine: {'line': b'-- Detecting CXX compiler ABI info\n'}
[18.884052] (xgo_gesture_control) StdoutLine: {'line': b'-- Detecting C compiler ABI info - done\n'}
[18.887784] (-) TimerEvent: {}
[18.912313] (xgo_face_control) StdoutLine: {'line': b'-- Check for working C compiler: /usr/bin/cc - skipped\n'}
[18.913853] (xgo_face_control) StdoutLine: {'line': b'-- Detecting C compile features\n'}
[18.916394] (xgo_face_control) StdoutLine: {'line': b'-- Detecting C compile features - done\n'}
[18.956097] (xgo_face_control) StdoutLine: {'line': b'-- Detecting CXX compiler ABI info\n'}
[18.966769] (xgo_gesture_control) StdoutLine: {'line': b'-- Check for working C compiler: /usr/bin/cc - skipped\n'}
[18.968292] (xgo_gesture_control) StdoutLine: {'line': b'-- Detecting C compile features\n'}
[18.971063] (xgo_gesture_control) StdoutLine: {'line': b'-- Detecting C compile features - done\n'}
[18.988061] (-) TimerEvent: {}
[19.016572] (xgo_gesture_control) StdoutLine: {'line': b'-- Detecting CXX compiler ABI info\n'}
[19.088358] (-) TimerEvent: {}
[19.190975] (-) TimerEvent: {}
[19.293616] (-) TimerEvent: {}
[19.395910] (-) TimerEvent: {}
[19.498512] (-) TimerEvent: {}
[19.600857] (-) TimerEvent: {}
[19.702385] (-) TimerEvent: {}
[19.742947] (hobot_audio) StdoutLine: {'line': b'-- Detecting CXX compiler ABI info - done\n'}
[19.802663] (-) TimerEvent: {}
[19.905036] (-) TimerEvent: {}
[19.937945] (hobot_audio) StdoutLine: {'line': b'-- Check for working CXX compiler: /usr/bin/c++ - skipped\n'}
[19.941868] (hobot_audio) StdoutLine: {'line': b'-- Detecting CXX compile features\n'}
[19.957914] (hobot_audio) StdoutLine: {'line': b'-- Detecting CXX compile features - done\n'}
[19.990396] (hobot_audio) StdoutLine: {'line': b'-- Found ament_cmake: 1.3.11 (/opt/ros/humble/share/ament_cmake/cmake)\n'}
[19.998091] (xgo_face_control) StdoutLine: {'line': b'-- Detecting CXX compiler ABI info - done\n'}
[20.005270] (-) TimerEvent: {}
[20.060382] (xgo_gesture_control) StdoutLine: {'line': b'-- Detecting CXX compiler ABI info - done\n'}
[20.105787] (-) TimerEvent: {}
[20.112830] (xgo_face_control) StdoutLine: {'line': b'-- Check for working CXX compiler: /usr/bin/c++ - skipped\n'}
[20.116202] (xgo_face_control) StdoutLine: {'line': b'-- Detecting CXX compile features\n'}
[20.121274] (xgo_face_control) StdoutLine: {'line': b'-- Detecting CXX compile features - done\n'}
[20.149949] (xgo_face_control) StdoutLine: {'line': b'-- Found ament_cmake: 1.3.11 (/opt/ros/humble/share/ament_cmake/cmake)\n'}
[20.153972] (xgo_gesture_control) StdoutLine: {'line': b'-- Check for working CXX compiler: /usr/bin/c++ - skipped\n'}
[20.161948] (xgo_gesture_control) StdoutLine: {'line': b'-- Detecting CXX compile features\n'}
[20.166654] (xgo_gesture_control) StdoutLine: {'line': b'-- Detecting CXX compile features - done\n'}
[20.197930] (xgo_gesture_control) StdoutLine: {'line': b'-- Found ament_cmake: 1.3.11 (/opt/ros/humble/share/ament_cmake/cmake)\n'}
[20.206046] (-) TimerEvent: {}
[20.308355] (-) TimerEvent: {}
[20.413657] (-) TimerEvent: {}
[20.515882] (-) TimerEvent: {}
[20.547909] (xgoscreen) StderrLine: {'line': b'\x1b[01m\x1b[K/home/sunrise/xgo_demo/src/xgoscreen/src/SpiScreen2Inch.cpp:\x1b[m\x1b[K In constructor \xe2\x80\x98\x1b[01m\x1b[KSpiScreen2Inch::SpiScreen2Inch(int, int, int, int, int, int, bool)\x1b[m\x1b[K\xe2\x80\x99:\n'}
[20.549139] (xgoscreen) StderrLine: {'line': b'\x1b[01m\x1b[K/home/sunrise/xgo_demo/src/xgoscreen/src/SpiScreen2Inch.cpp:6:92:\x1b[m\x1b[K \x1b[01;35m\x1b[Kwarning: \x1b[m\x1b[Kunused parameter \xe2\x80\x98\x1b[01m\x1b[KgpioCS\x1b[m\x1b[K\xe2\x80\x99 [\x1b[01;35m\x1b[K-Wunused-parameter\x1b[m\x1b[K]\n'}
[20.550519] (xgoscreen) StderrLine: {'line': b'    6 | SpiScreen2Inch::SpiScreen2Inch(int controllerIndex, int deviceIndex, int spiFrequency, \x1b[01;35m\x1b[Kint gpioCS\x1b[m\x1b[K, int gpioRest, int gpioDC, bool fast_startup)\n'}
[20.551717] (xgoscreen) StderrLine: {'line': b'      |                                                                                        \x1b[01;35m\x1b[K~~~~^~~~~~\x1b[m\x1b[K\n'}
[20.616163] (-) TimerEvent: {}
[20.718411] (-) TimerEvent: {}
[20.820763] (-) TimerEvent: {}
[20.923104] (-) TimerEvent: {}
[21.025283] (-) TimerEvent: {}
[21.127541] (-) TimerEvent: {}
[21.229790] (-) TimerEvent: {}
[21.331902] (-) TimerEvent: {}
[21.434144] (-) TimerEvent: {}
[21.536668] (-) TimerEvent: {}
[21.638971] (-) TimerEvent: {}
[21.741189] (-) TimerEvent: {}
[21.843593] (-) TimerEvent: {}
[21.945999] (-) TimerEvent: {}
[22.048496] (-) TimerEvent: {}
[22.150814] (-) TimerEvent: {}
[22.253061] (-) TimerEvent: {}
[22.355476] (-) TimerEvent: {}
[22.457706] (-) TimerEvent: {}
[22.508328] (hobot_audio) StdoutLine: {'line': b'-- Found Python3: /usr/bin/python3 (found version "3.10.12") found components: Interpreter \n'}
[22.557996] (-) TimerEvent: {}
[22.577935] (xgoscreen) StdoutLine: {'line': b'[ 68%] \x1b[32mBuilding CXX object CMakeFiles/xgoscreen.dir/include/xgoscreen/moc_SpiScreen2Inch.cpp.o\x1b[0m\n'}
[22.658254] (-) TimerEvent: {}
[22.760436] (-) TimerEvent: {}
[22.827083] (xgo_gesture_control) StdoutLine: {'line': b'-- Found Python3: /usr/bin/python3 (found version "3.10.12") found components: Interpreter \n'}
[22.860707] (-) TimerEvent: {}
[22.909970] (xgo_face_control) StdoutLine: {'line': b'-- Found Python3: /usr/bin/python3 (found version "3.10.12") found components: Interpreter \n'}
[22.960965] (-) TimerEvent: {}
[23.063345] (-) TimerEvent: {}
[23.165754] (-) TimerEvent: {}
[23.268019] (-) TimerEvent: {}
[23.370445] (-) TimerEvent: {}
[23.472729] (-) TimerEvent: {}
[23.574994] (-) TimerEvent: {}
[23.677220] (-) TimerEvent: {}
[23.779545] (-) TimerEvent: {}
[23.881870] (-) TimerEvent: {}
[23.983900] (-) TimerEvent: {}
[24.037375] (hobot_audio) StdoutLine: {'line': b'-- Found rclcpp: 16.0.12 (/opt/ros/humble/share/rclcpp/cmake)\n'}
[24.048802] (xgo_face_control) StdoutLine: {'line': b'-- Found rclcpp: 16.0.12 (/opt/ros/humble/share/rclcpp/cmake)\n'}
[24.050301] (xgo_gesture_control) StdoutLine: {'line': b'-- Found rclcpp: 16.0.12 (/opt/ros/humble/share/rclcpp/cmake)\n'}
[24.084159] (-) TimerEvent: {}
[24.185383] (-) TimerEvent: {}
[24.287439] (-) TimerEvent: {}
[24.389655] (-) TimerEvent: {}
[24.414277] (xgoscreen) StdoutLine: {'line': b'[ 73%] \x1b[32mBuilding CXX object CMakeFiles/xgoscreen.dir/include/xgoscreen/moc_TGpioUtil.cpp.o\x1b[0m\n'}
[24.489911] (-) TimerEvent: {}
[24.532036] (xgo_face_control) StdoutLine: {'line': b'-- Found rosidl_generator_c: 3.1.6 (/opt/ros/humble/share/rosidl_generator_c/cmake)\n'}
[24.538908] (hobot_audio) StdoutLine: {'line': b'-- Found rosidl_generator_c: 3.1.6 (/opt/ros/humble/share/rosidl_generator_c/cmake)\n'}
[24.550057] (xgo_gesture_control) StdoutLine: {'line': b'-- Found rosidl_generator_c: 3.1.6 (/opt/ros/humble/share/rosidl_generator_c/cmake)\n'}
[24.590181] (-) TimerEvent: {}
[24.610152] (xgo_face_control) StdoutLine: {'line': b'-- Found rosidl_adapter: 3.1.6 (/opt/ros/humble/share/rosidl_adapter/cmake)\n'}
[24.612829] (hobot_audio) StdoutLine: {'line': b'-- Found rosidl_adapter: 3.1.6 (/opt/ros/humble/share/rosidl_adapter/cmake)\n'}
[24.614018] (xgo_gesture_control) StdoutLine: {'line': b'-- Found rosidl_adapter: 3.1.6 (/opt/ros/humble/share/rosidl_adapter/cmake)\n'}
[24.658428] (xgoscreen) StdoutLine: {'line': b'[ 78%] \x1b[32mBuilding CXX object CMakeFiles/xgoscreen.dir/include/xgoscreen/moc_TLog.cpp.o\x1b[0m\n'}
[24.690462] (-) TimerEvent: {}
[24.726990] (xgo_gesture_control) StdoutLine: {'line': b'-- Found rosidl_generator_cpp: 3.1.6 (/opt/ros/humble/share/rosidl_generator_cpp/cmake)\n'}
[24.730383] (xgo_face_control) StdoutLine: {'line': b'-- Found rosidl_generator_cpp: 3.1.6 (/opt/ros/humble/share/rosidl_generator_cpp/cmake)\n'}
[24.746163] (hobot_audio) StdoutLine: {'line': b'-- Found rosidl_generator_cpp: 3.1.6 (/opt/ros/humble/share/rosidl_generator_cpp/cmake)\n'}
[24.790697] (-) TimerEvent: {}
[24.860025] (xgoscreen) StdoutLine: {'line': b'[ 84%] \x1b[32mBuilding CXX object CMakeFiles/xgoscreen.dir/include/xgoscreen/moc_TSpiUtil.cpp.o\x1b[0m\n'}
[24.890945] (-) TimerEvent: {}
[24.903703] (xgo_gesture_control) StdoutLine: {'line': b'-- Using all available rosidl_typesupport_c: rosidl_typesupport_fastrtps_c;rosidl_typesupport_introspection_c\n'}
[24.906023] (xgo_face_control) StdoutLine: {'line': b'-- Using all available rosidl_typesupport_c: rosidl_typesupport_fastrtps_c;rosidl_typesupport_introspection_c\n'}
[24.919359] (hobot_audio) StdoutLine: {'line': b'-- Using all available rosidl_typesupport_c: rosidl_typesupport_fastrtps_c;rosidl_typesupport_introspection_c\n'}
[24.976521] (xgoscreen) StdoutLine: {'line': b'[ 89%] \x1b[32mBuilding CXX object CMakeFiles/xgoscreen.dir/include/xgoscreen/moc_TUtil.cpp.o\x1b[0m\n'}
[24.991298] (-) TimerEvent: {}
[25.093302] (-) TimerEvent: {}
[25.096509] (xgoscreen) StdoutLine: {'line': b'[ 94%] \x1b[32mBuilding CXX object CMakeFiles/xgoscreen.dir/include/xgoscreen/moc_XgoScreenManager.cpp.o\x1b[0m\n'}
[25.133966] (hobot_audio) StdoutLine: {'line': b'-- Using all available rosidl_typesupport_cpp: rosidl_typesupport_fastrtps_cpp;rosidl_typesupport_introspection_cpp\n'}
[25.143395] (xgo_gesture_control) StdoutLine: {'line': b'-- Using all available rosidl_typesupport_cpp: rosidl_typesupport_fastrtps_cpp;rosidl_typesupport_introspection_cpp\n'}
[25.149942] (xgo_face_control) StdoutLine: {'line': b'-- Using all available rosidl_typesupport_cpp: rosidl_typesupport_fastrtps_cpp;rosidl_typesupport_introspection_cpp\n'}
[25.193708] (-) TimerEvent: {}
[25.295044] (-) TimerEvent: {}
[25.396308] (-) TimerEvent: {}
[25.497692] (-) TimerEvent: {}
[25.599911] (-) TimerEvent: {}
[25.702582] (-) TimerEvent: {}
[25.783329] (xgo_gesture_control) StdoutLine: {'line': b'-- Found rmw_implementation_cmake: 6.1.2 (/opt/ros/humble/share/rmw_implementation_cmake/cmake)\n'}
[25.796121] (xgo_face_control) StdoutLine: {'line': b'-- Found rmw_implementation_cmake: 6.1.2 (/opt/ros/humble/share/rmw_implementation_cmake/cmake)\n'}
[25.799222] (hobot_audio) StdoutLine: {'line': b'-- Found rmw_implementation_cmake: 6.1.2 (/opt/ros/humble/share/rmw_implementation_cmake/cmake)\n'}
[25.802857] (-) TimerEvent: {}
[25.815111] (xgo_gesture_control) StdoutLine: {'line': b'-- Found rmw_fastrtps_cpp: 6.2.7 (/opt/ros/humble/share/rmw_fastrtps_cpp/cmake)\n'}
[25.829573] (hobot_audio) StdoutLine: {'line': b'-- Found rmw_fastrtps_cpp: 6.2.7 (/opt/ros/humble/share/rmw_fastrtps_cpp/cmake)\n'}
[25.832323] (xgo_face_control) StdoutLine: {'line': b'-- Found rmw_fastrtps_cpp: 6.2.7 (/opt/ros/humble/share/rmw_fastrtps_cpp/cmake)\n'}
[25.903177] (-) TimerEvent: {}
[26.005562] (-) TimerEvent: {}
[26.107853] (-) TimerEvent: {}
[26.210303] (-) TimerEvent: {}
[26.321772] (-) TimerEvent: {}
[26.423977] (-) TimerEvent: {}
[26.526556] (-) TimerEvent: {}
[26.628688] (-) TimerEvent: {}
[26.730826] (-) TimerEvent: {}
[26.806196] (hobot_audio) StdoutLine: {'line': b'-- Found OpenSSL: /usr/lib/aarch64-linux-gnu/libcrypto.so (found version "3.0.2")  \n'}
[26.807209] (xgo_face_control) StdoutLine: {'line': b'-- Found OpenSSL: /usr/lib/aarch64-linux-gnu/libcrypto.so (found version "3.0.2")  \n'}
[26.820615] (xgo_gesture_control) StdoutLine: {'line': b'-- Found OpenSSL: /usr/lib/aarch64-linux-gnu/libcrypto.so (found version "3.0.2")  \n'}
[26.831099] (-) TimerEvent: {}
[26.933303] (-) TimerEvent: {}
[27.035497] (-) TimerEvent: {}
[27.101949] (hobot_audio) StdoutLine: {'line': b'-- Found FastRTPS: /opt/ros/humble/include  \n'}
[27.110890] (xgo_face_control) StdoutLine: {'line': b'-- Found FastRTPS: /opt/ros/humble/include  \n'}
[27.114592] (xgo_gesture_control) StdoutLine: {'line': b'-- Found FastRTPS: /opt/ros/humble/include  \n'}
[27.135773] (-) TimerEvent: {}
[27.238189] (-) TimerEvent: {}
[27.340440] (-) TimerEvent: {}
[27.442962] (-) TimerEvent: {}
[27.476080] (xgo_gesture_control) StdoutLine: {'line': b"-- Using RMW implementation 'rmw_fastrtps_cpp' as default\n"}
[27.543215] (-) TimerEvent: {}
[27.545836] (hobot_audio) StdoutLine: {'line': b"-- Using RMW implementation 'rmw_fastrtps_cpp' as default\n"}
[27.549967] (xgo_face_control) StdoutLine: {'line': b"-- Using RMW implementation 'rmw_fastrtps_cpp' as default\n"}
[27.612426] (xgo_gesture_control) StdoutLine: {'line': b'-- Looking for pthread.h\n'}
[27.643510] (-) TimerEvent: {}
[27.669972] (xgo_face_control) StdoutLine: {'line': b'-- Looking for pthread.h\n'}
[27.674063] (hobot_audio) StdoutLine: {'line': b'-- Looking for pthread.h\n'}
[27.743794] (-) TimerEvent: {}
[27.846243] (-) TimerEvent: {}
[27.948613] (-) TimerEvent: {}
[28.051055] (-) TimerEvent: {}
[28.153288] (-) TimerEvent: {}
[28.255631] (-) TimerEvent: {}
[28.358320] (-) TimerEvent: {}
[28.423395] (xgo_face_control) StdoutLine: {'line': b'-- Looking for pthread.h - found\n'}
[28.427553] (xgo_face_control) StdoutLine: {'line': b'-- Performing Test CMAKE_HAVE_LIBC_PTHREAD\n'}
[28.458569] (-) TimerEvent: {}
[28.524350] (xgo_gesture_control) StdoutLine: {'line': b'-- Looking for pthread.h - found\n'}
[28.528419] (xgo_gesture_control) StdoutLine: {'line': b'-- Performing Test CMAKE_HAVE_LIBC_PTHREAD\n'}
[28.539014] (hobot_audio) StdoutLine: {'line': b'-- Looking for pthread.h - found\n'}
[28.542891] (hobot_audio) StdoutLine: {'line': b'-- Performing Test CMAKE_HAVE_LIBC_PTHREAD\n'}
[28.558860] (-) TimerEvent: {}
[28.661470] (-) TimerEvent: {}
[28.763918] (-) TimerEvent: {}
[28.866409] (-) TimerEvent: {}
[28.969100] (-) TimerEvent: {}
[29.071532] (-) TimerEvent: {}
[29.173852] (-) TimerEvent: {}
[29.276717] (-) TimerEvent: {}
[29.379046] (-) TimerEvent: {}
[29.481722] (-) TimerEvent: {}
[29.584483] (-) TimerEvent: {}
[29.647743] (xgo_gesture_control) StdoutLine: {'line': b'-- Performing Test CMAKE_HAVE_LIBC_PTHREAD - Success\n'}
[29.651438] (hobot_audio) StdoutLine: {'line': b'-- Performing Test CMAKE_HAVE_LIBC_PTHREAD - Success\n'}
[29.652763] (xgo_face_control) StdoutLine: {'line': b'-- Performing Test CMAKE_HAVE_LIBC_PTHREAD - Success\n'}
[29.662061] (hobot_audio) StdoutLine: {'line': b'-- Found Threads: TRUE  \n'}
[29.663694] (xgo_gesture_control) StdoutLine: {'line': b'-- Found Threads: TRUE  \n'}
[29.666084] (xgo_face_control) StdoutLine: {'line': b'-- Found Threads: TRUE  \n'}
[29.684778] (-) TimerEvent: {}
[29.787402] (-) TimerEvent: {}
[29.889686] (-) TimerEvent: {}
[29.992515] (-) TimerEvent: {}
[30.094870] (-) TimerEvent: {}
[30.197724] (-) TimerEvent: {}
[30.299697] (-) TimerEvent: {}
[30.383956] (xgo_face_control) StdoutLine: {'line': b'-- Found ai_msgs: 2.0.1 (/opt/tros/humble/share/ai_msgs/cmake)\n'}
[30.399948] (-) TimerEvent: {}
[30.475633] (xgo_gesture_control) StdoutLine: {'line': b'-- Found ai_msgs: 2.0.1 (/opt/tros/humble/share/ai_msgs/cmake)\n'}
[30.500221] (-) TimerEvent: {}
[30.508906] (hobot_audio) StdoutLine: {'line': b'-- Found geometry_msgs: 4.8.0 (/opt/ros/humble/share/geometry_msgs/cmake)\n'}
[30.600508] (-) TimerEvent: {}
[30.635581] (hobot_audio) StdoutLine: {'line': b'-- Found audio_msg: 2.0.0 (/opt/tros/humble/share/audio_msg/cmake)\n'}
[30.700808] (-) TimerEvent: {}
[30.803110] (-) TimerEvent: {}
[30.905408] (-) TimerEvent: {}
[30.911149] (hobot_audio) StdoutLine: {'line': b'-- Found xgolib: 1.0.0 (/home/sunrise/xgo_demo/src/install/xgolib/share/xgolib/cmake)\n'}
[30.938559] (hobot_audio) StderrLine: {'line': b'\x1b[0minvalid platform, build platform X3 default\x1b[0m\n'}
[30.939800] (hobot_audio) StderrLine: {'line': b'\x1b[0mPREFIX_PATH: x3\x1b[0m\n'}
[30.940788] (hobot_audio) StderrLine: {'line': b'\x1b[0mSYS_ROOT is \x1b[0m\n'}
[31.005669] (-) TimerEvent: {}
[31.099167] (xgo_face_control) StdoutLine: {'line': b'-- Found xgolib: 1.0.0 (/home/sunrise/xgo_demo/src/install/xgolib/share/xgolib/cmake)\n'}
[31.105913] (-) TimerEvent: {}
[31.110297] (xgo_gesture_control) StdoutLine: {'line': b'-- Found xgolib: 1.0.0 (/home/sunrise/xgo_demo/src/install/xgolib/share/xgolib/cmake)\n'}
[31.206152] (-) TimerEvent: {}
[31.308452] (-) TimerEvent: {}
[31.410729] (-) TimerEvent: {}
[31.513027] (-) TimerEvent: {}
[31.615479] (-) TimerEvent: {}
[31.717501] (-) TimerEvent: {}
[31.819720] (-) TimerEvent: {}
[31.921993] (-) TimerEvent: {}
[31.965246] (xgo_face_control) StdoutLine: {'line': b'-- Configuring done\n'}
[32.018808] (hobot_audio) StdoutLine: {'line': b'-- Configuring done\n'}
[32.022253] (-) TimerEvent: {}
[32.092883] (xgo_face_control) StdoutLine: {'line': b'-- Generating done\n'}
[32.094708] (xgo_gesture_control) StdoutLine: {'line': b'-- Configuring done\n'}
[32.122524] (-) TimerEvent: {}
[32.154233] (xgo_face_control) StdoutLine: {'line': b'-- Build files have been written to: /home/sunrise/xgo_demo/src/build/xgo_face_control\n'}
[32.187183] (hobot_audio) StdoutLine: {'line': b'-- Generating done\n'}
[32.222799] (-) TimerEvent: {}
[32.227323] (xgo_gesture_control) StdoutLine: {'line': b'-- Generating done\n'}
[32.248347] (hobot_audio) StdoutLine: {'line': b'-- Build files have been written to: /home/sunrise/xgo_demo/src/build/hobot_audio\n'}
[32.292496] (xgo_gesture_control) StdoutLine: {'line': b'-- Build files have been written to: /home/sunrise/xgo_demo/src/build/xgo_gesture_control\n'}
[32.323122] (-) TimerEvent: {}
[32.338529] (xgo_face_control) CommandEnded: {'returncode': 0}
[32.362039] (xgo_face_control) JobProgress: {'identifier': 'xgo_face_control', 'progress': 'build'}
[32.362536] (xgo_face_control) Command: {'cmd': ['/usr/bin/cmake', '--build', '/home/sunrise/xgo_demo/src/build/xgo_face_control', '--', '-j4', '-l4'], 'cwd': '/home/sunrise/xgo_demo/src/build/xgo_face_control', 'env': OrderedDict([('LANGUAGE', 'en_US.UTF-8'), ('USER', 'sunrise'), ('SSH_CLIENT', '192.168.66.221 5121 22'), ('XDG_SESSION_TYPE', 'tty'), ('SHLVL', '1'), ('LD_LIBRARY_PATH', '/home/sunrise/xgo_demo/src/install/xgolib/lib:/home/sunrise/xgo_demo/install/hobot_audio/lib:/home/sunrise/xgo_demo/install/xgoscreen/lib:/home/sunrise/xgo_demo/install/xgolib/lib:/opt/tros/humble/lib/aarch64-linux-gnu:/opt/tros/humble/lib:/opt/ros/humble/lib/aarch64-linux-gnu:/opt/ros/humble/lib'), ('MOTD_SHOWN', 'pam'), ('HOME', '/home/sunrise'), ('OLDPWD', '/home/sunrise/xgo_demo'), ('SSH_TTY', '/dev/pts/0'), ('ROS_PYTHON_VERSION', '3'), ('DBUS_SESSION_BUS_ADDRESS', 'unix:path=/run/user/1000/bus'), ('TROS_DISTRO', 'humble'), ('COLCON_PREFIX_PATH', '/home/sunrise/xgo_demo/install'), ('ROS_DISTRO', 'humble'), ('LOGNAME', 'sunrise'), ('_', '/home/sunrise/.local/bin/colcon'), ('ROS_VERSION', '2'), ('XDG_SESSION_CLASS', 'user'), ('TERM', 'xterm'), ('XDG_SESSION_ID', '2'), ('ROS_LOCALHOST_ONLY', '0'), ('PATH', '/home/sunrise/xgo_demo/install/hobot_audio/bin:/home/sunrise/.local/bin:/home/sunrise/.local/bin:/opt/tros/humble/bin:/opt/ros/humble/bin:/usr/local/sbin:/usr/local/bin:/usr/sbin:/usr/bin:/sbin:/bin:/usr/games:/usr/local/games:/snap/bin'), ('XDG_RUNTIME_DIR', '/run/user/1000'), ('DISPLAY', 'localhost:10.0'), ('LANG', 'en_US.UTF-8'), ('LS_COLORS', 'rs=0:di=01;34:ln=01;36:mh=00:pi=40;33:so=01;35:do=01;35:bd=40;33;01:cd=40;33;01:or=40;31;01:mi=00:su=37;41:sg=30;43:ca=30;41:tw=30;42:ow=34;42:st=37;44:ex=01;32:*.tar=01;31:*.tgz=01;31:*.arc=01;31:*.arj=01;31:*.taz=01;31:*.lha=01;31:*.lz4=01;31:*.lzh=01;31:*.lzma=01;31:*.tlz=01;31:*.txz=01;31:*.tzo=01;31:*.t7z=01;31:*.zip=01;31:*.z=01;31:*.dz=01;31:*.gz=01;31:*.lrz=01;31:*.lz=01;31:*.lzo=01;31:*.xz=01;31:*.zst=01;31:*.tzst=01;31:*.bz2=01;31:*.bz=01;31:*.tbz=01;31:*.tbz2=01;31:*.tz=01;31:*.deb=01;31:*.rpm=01;31:*.jar=01;31:*.war=01;31:*.ear=01;31:*.sar=01;31:*.rar=01;31:*.alz=01;31:*.ace=01;31:*.zoo=01;31:*.cpio=01;31:*.7z=01;31:*.rz=01;31:*.cab=01;31:*.wim=01;31:*.swm=01;31:*.dwm=01;31:*.esd=01;31:*.jpg=01;35:*.jpeg=01;35:*.mjpg=01;35:*.mjpeg=01;35:*.gif=01;35:*.bmp=01;35:*.pbm=01;35:*.pgm=01;35:*.ppm=01;35:*.tga=01;35:*.xbm=01;35:*.xpm=01;35:*.tif=01;35:*.tiff=01;35:*.png=01;35:*.svg=01;35:*.svgz=01;35:*.mng=01;35:*.pcx=01;35:*.mov=01;35:*.mpg=01;35:*.mpeg=01;35:*.m2v=01;35:*.mkv=01;35:*.webm=01;35:*.webp=01;35:*.ogm=01;35:*.mp4=01;35:*.m4v=01;35:*.mp4v=01;35:*.vob=01;35:*.qt=01;35:*.nuv=01;35:*.wmv=01;35:*.asf=01;35:*.rm=01;35:*.rmvb=01;35:*.flc=01;35:*.avi=01;35:*.fli=01;35:*.flv=01;35:*.gl=01;35:*.dl=01;35:*.xcf=01;35:*.xwd=01;35:*.yuv=01;35:*.cgm=01;35:*.emf=01;35:*.ogv=01;35:*.ogx=01;35:*.aac=00;36:*.au=00;36:*.flac=00;36:*.m4a=00;36:*.mid=00;36:*.midi=00;36:*.mka=00;36:*.mp3=00;36:*.mpc=00;36:*.ogg=00;36:*.ra=00;36:*.wav=00;36:*.oga=00;36:*.opus=00;36:*.spx=00;36:*.xspf=00;36:'), ('AMENT_PREFIX_PATH', '/home/sunrise/xgo_demo/src/install/xgolib:/home/sunrise/xgo_demo/install/xgo_gesture_control:/home/sunrise/xgo_demo/install/hobot_audio:/home/sunrise/xgo_demo/install/xgo_motion:/home/sunrise/xgo_demo/install/xgo_head:/home/sunrise/xgo_demo/install/xgo_device:/home/sunrise/xgo_demo/install/xgoscreen:/home/sunrise/xgo_demo/install/xgolib:/home/sunrise/xgo_demo/install/xgo_display:/opt/tros/humble:/opt/ros/humble'), ('SHELL', '/bin/bash'), ('PWD', '/home/sunrise/xgo_demo/src/build/xgo_face_control'), ('SSH_CONNECTION', '192.168.66.221 5121 192.168.66.94 22'), ('PYTHONPATH', '/home/sunrise/xgo_demo/install/xgo_display/lib/python3.10/site-packages:/opt/tros/humble/lib/python3.10/site-packages:/opt/tros/humble/local/lib/python3.10/dist-packages:/opt/ros/humble/lib/python3.10/site-packages:/opt/ros/humble/local/lib/python3.10/dist-packages'), ('COLCON', '1'), ('CMAKE_PREFIX_PATH', '/home/sunrise/xgo_demo/src/install/xgolib:/home/sunrise/xgo_demo/install/xgo_gesture_control:/home/sunrise/xgo_demo/install/hobot_audio:/home/sunrise/xgo_demo/install/xgo_motion:/home/sunrise/xgo_demo/install/xgo_head:/home/sunrise/xgo_demo/install/xgo_device:/home/sunrise/xgo_demo/install/xgoscreen:/home/sunrise/xgo_demo/install/xgolib:/home/sunrise/xgo_demo/install/xgo_display:/opt/tros/humble:/opt/ros/humble')]), 'shell': False}
[32.390820] (hobot_audio) CommandEnded: {'returncode': 0}
[32.393855] (hobot_audio) JobProgress: {'identifier': 'hobot_audio', 'progress': 'build'}
[32.394302] (hobot_audio) Command: {'cmd': ['/usr/bin/cmake', '--build', '/home/sunrise/xgo_demo/src/build/hobot_audio', '--', '-j4', '-l4'], 'cwd': '/home/sunrise/xgo_demo/src/build/hobot_audio', 'env': OrderedDict([('LANGUAGE', 'en_US.UTF-8'), ('USER', 'sunrise'), ('SSH_CLIENT', '192.168.66.221 5121 22'), ('XDG_SESSION_TYPE', 'tty'), ('SHLVL', '1'), ('LD_LIBRARY_PATH', '/home/sunrise/xgo_demo/src/install/xgolib/lib:/home/sunrise/xgo_demo/install/hobot_audio/lib:/home/sunrise/xgo_demo/install/xgoscreen/lib:/home/sunrise/xgo_demo/install/xgolib/lib:/opt/tros/humble/lib/aarch64-linux-gnu:/opt/tros/humble/lib:/opt/ros/humble/lib/aarch64-linux-gnu:/opt/ros/humble/lib'), ('MOTD_SHOWN', 'pam'), ('HOME', '/home/sunrise'), ('OLDPWD', '/home/sunrise/xgo_demo'), ('SSH_TTY', '/dev/pts/0'), ('ROS_PYTHON_VERSION', '3'), ('DBUS_SESSION_BUS_ADDRESS', 'unix:path=/run/user/1000/bus'), ('TROS_DISTRO', 'humble'), ('COLCON_PREFIX_PATH', '/home/sunrise/xgo_demo/install'), ('ROS_DISTRO', 'humble'), ('LOGNAME', 'sunrise'), ('_', '/home/sunrise/.local/bin/colcon'), ('ROS_VERSION', '2'), ('XDG_SESSION_CLASS', 'user'), ('TERM', 'xterm'), ('XDG_SESSION_ID', '2'), ('ROS_LOCALHOST_ONLY', '0'), ('PATH', '/home/sunrise/xgo_demo/install/hobot_audio/bin:/home/sunrise/.local/bin:/home/sunrise/.local/bin:/opt/tros/humble/bin:/opt/ros/humble/bin:/usr/local/sbin:/usr/local/bin:/usr/sbin:/usr/bin:/sbin:/bin:/usr/games:/usr/local/games:/snap/bin'), ('XDG_RUNTIME_DIR', '/run/user/1000'), ('DISPLAY', 'localhost:10.0'), ('LANG', 'en_US.UTF-8'), ('LS_COLORS', 'rs=0:di=01;34:ln=01;36:mh=00:pi=40;33:so=01;35:do=01;35:bd=40;33;01:cd=40;33;01:or=40;31;01:mi=00:su=37;41:sg=30;43:ca=30;41:tw=30;42:ow=34;42:st=37;44:ex=01;32:*.tar=01;31:*.tgz=01;31:*.arc=01;31:*.arj=01;31:*.taz=01;31:*.lha=01;31:*.lz4=01;31:*.lzh=01;31:*.lzma=01;31:*.tlz=01;31:*.txz=01;31:*.tzo=01;31:*.t7z=01;31:*.zip=01;31:*.z=01;31:*.dz=01;31:*.gz=01;31:*.lrz=01;31:*.lz=01;31:*.lzo=01;31:*.xz=01;31:*.zst=01;31:*.tzst=01;31:*.bz2=01;31:*.bz=01;31:*.tbz=01;31:*.tbz2=01;31:*.tz=01;31:*.deb=01;31:*.rpm=01;31:*.jar=01;31:*.war=01;31:*.ear=01;31:*.sar=01;31:*.rar=01;31:*.alz=01;31:*.ace=01;31:*.zoo=01;31:*.cpio=01;31:*.7z=01;31:*.rz=01;31:*.cab=01;31:*.wim=01;31:*.swm=01;31:*.dwm=01;31:*.esd=01;31:*.jpg=01;35:*.jpeg=01;35:*.mjpg=01;35:*.mjpeg=01;35:*.gif=01;35:*.bmp=01;35:*.pbm=01;35:*.pgm=01;35:*.ppm=01;35:*.tga=01;35:*.xbm=01;35:*.xpm=01;35:*.tif=01;35:*.tiff=01;35:*.png=01;35:*.svg=01;35:*.svgz=01;35:*.mng=01;35:*.pcx=01;35:*.mov=01;35:*.mpg=01;35:*.mpeg=01;35:*.m2v=01;35:*.mkv=01;35:*.webm=01;35:*.webp=01;35:*.ogm=01;35:*.mp4=01;35:*.m4v=01;35:*.mp4v=01;35:*.vob=01;35:*.qt=01;35:*.nuv=01;35:*.wmv=01;35:*.asf=01;35:*.rm=01;35:*.rmvb=01;35:*.flc=01;35:*.avi=01;35:*.fli=01;35:*.flv=01;35:*.gl=01;35:*.dl=01;35:*.xcf=01;35:*.xwd=01;35:*.yuv=01;35:*.cgm=01;35:*.emf=01;35:*.ogv=01;35:*.ogx=01;35:*.aac=00;36:*.au=00;36:*.flac=00;36:*.m4a=00;36:*.mid=00;36:*.midi=00;36:*.mka=00;36:*.mp3=00;36:*.mpc=00;36:*.ogg=00;36:*.ra=00;36:*.wav=00;36:*.oga=00;36:*.opus=00;36:*.spx=00;36:*.xspf=00;36:'), ('AMENT_PREFIX_PATH', '/home/sunrise/xgo_demo/src/install/xgolib:/home/sunrise/xgo_demo/install/xgo_gesture_control:/home/sunrise/xgo_demo/install/hobot_audio:/home/sunrise/xgo_demo/install/xgo_motion:/home/sunrise/xgo_demo/install/xgo_head:/home/sunrise/xgo_demo/install/xgo_device:/home/sunrise/xgo_demo/install/xgoscreen:/home/sunrise/xgo_demo/install/xgolib:/home/sunrise/xgo_demo/install/xgo_display:/opt/tros/humble:/opt/ros/humble'), ('SHELL', '/bin/bash'), ('PWD', '/home/sunrise/xgo_demo/src/build/hobot_audio'), ('SSH_CONNECTION', '192.168.66.221 5121 192.168.66.94 22'), ('PYTHONPATH', '/home/sunrise/xgo_demo/install/xgo_display/lib/python3.10/site-packages:/opt/tros/humble/lib/python3.10/site-packages:/opt/tros/humble/local/lib/python3.10/dist-packages:/opt/ros/humble/lib/python3.10/site-packages:/opt/ros/humble/local/lib/python3.10/dist-packages'), ('COLCON', '1'), ('CMAKE_PREFIX_PATH', '/home/sunrise/xgo_demo/src/install/xgolib:/home/sunrise/xgo_demo/install/xgo_gesture_control:/home/sunrise/xgo_demo/install/hobot_audio:/home/sunrise/xgo_demo/install/xgo_motion:/home/sunrise/xgo_demo/install/xgo_head:/home/sunrise/xgo_demo/install/xgo_device:/home/sunrise/xgo_demo/install/xgoscreen:/home/sunrise/xgo_demo/install/xgolib:/home/sunrise/xgo_demo/install/xgo_display:/opt/tros/humble:/opt/ros/humble')]), 'shell': False}
[32.423433] (-) TimerEvent: {}
[32.438209] (xgo_gesture_control) CommandEnded: {'returncode': 0}
[32.442675] (xgo_gesture_control) JobProgress: {'identifier': 'xgo_gesture_control', 'progress': 'build'}
[32.445039] (xgo_gesture_control) Command: {'cmd': ['/usr/bin/cmake', '--build', '/home/sunrise/xgo_demo/src/build/xgo_gesture_control', '--', '-j4', '-l4'], 'cwd': '/home/sunrise/xgo_demo/src/build/xgo_gesture_control', 'env': OrderedDict([('LANGUAGE', 'en_US.UTF-8'), ('USER', 'sunrise'), ('SSH_CLIENT', '192.168.66.221 5121 22'), ('XDG_SESSION_TYPE', 'tty'), ('SHLVL', '1'), ('LD_LIBRARY_PATH', '/home/sunrise/xgo_demo/src/install/xgolib/lib:/home/sunrise/xgo_demo/install/hobot_audio/lib:/home/sunrise/xgo_demo/install/xgoscreen/lib:/home/sunrise/xgo_demo/install/xgolib/lib:/opt/tros/humble/lib/aarch64-linux-gnu:/opt/tros/humble/lib:/opt/ros/humble/lib/aarch64-linux-gnu:/opt/ros/humble/lib'), ('MOTD_SHOWN', 'pam'), ('HOME', '/home/sunrise'), ('OLDPWD', '/home/sunrise/xgo_demo'), ('SSH_TTY', '/dev/pts/0'), ('ROS_PYTHON_VERSION', '3'), ('DBUS_SESSION_BUS_ADDRESS', 'unix:path=/run/user/1000/bus'), ('TROS_DISTRO', 'humble'), ('COLCON_PREFIX_PATH', '/home/sunrise/xgo_demo/install'), ('ROS_DISTRO', 'humble'), ('LOGNAME', 'sunrise'), ('_', '/home/sunrise/.local/bin/colcon'), ('ROS_VERSION', '2'), ('XDG_SESSION_CLASS', 'user'), ('TERM', 'xterm'), ('XDG_SESSION_ID', '2'), ('ROS_LOCALHOST_ONLY', '0'), ('PATH', '/home/sunrise/xgo_demo/install/hobot_audio/bin:/home/sunrise/.local/bin:/home/sunrise/.local/bin:/opt/tros/humble/bin:/opt/ros/humble/bin:/usr/local/sbin:/usr/local/bin:/usr/sbin:/usr/bin:/sbin:/bin:/usr/games:/usr/local/games:/snap/bin'), ('XDG_RUNTIME_DIR', '/run/user/1000'), ('DISPLAY', 'localhost:10.0'), ('LANG', 'en_US.UTF-8'), ('LS_COLORS', 'rs=0:di=01;34:ln=01;36:mh=00:pi=40;33:so=01;35:do=01;35:bd=40;33;01:cd=40;33;01:or=40;31;01:mi=00:su=37;41:sg=30;43:ca=30;41:tw=30;42:ow=34;42:st=37;44:ex=01;32:*.tar=01;31:*.tgz=01;31:*.arc=01;31:*.arj=01;31:*.taz=01;31:*.lha=01;31:*.lz4=01;31:*.lzh=01;31:*.lzma=01;31:*.tlz=01;31:*.txz=01;31:*.tzo=01;31:*.t7z=01;31:*.zip=01;31:*.z=01;31:*.dz=01;31:*.gz=01;31:*.lrz=01;31:*.lz=01;31:*.lzo=01;31:*.xz=01;31:*.zst=01;31:*.tzst=01;31:*.bz2=01;31:*.bz=01;31:*.tbz=01;31:*.tbz2=01;31:*.tz=01;31:*.deb=01;31:*.rpm=01;31:*.jar=01;31:*.war=01;31:*.ear=01;31:*.sar=01;31:*.rar=01;31:*.alz=01;31:*.ace=01;31:*.zoo=01;31:*.cpio=01;31:*.7z=01;31:*.rz=01;31:*.cab=01;31:*.wim=01;31:*.swm=01;31:*.dwm=01;31:*.esd=01;31:*.jpg=01;35:*.jpeg=01;35:*.mjpg=01;35:*.mjpeg=01;35:*.gif=01;35:*.bmp=01;35:*.pbm=01;35:*.pgm=01;35:*.ppm=01;35:*.tga=01;35:*.xbm=01;35:*.xpm=01;35:*.tif=01;35:*.tiff=01;35:*.png=01;35:*.svg=01;35:*.svgz=01;35:*.mng=01;35:*.pcx=01;35:*.mov=01;35:*.mpg=01;35:*.mpeg=01;35:*.m2v=01;35:*.mkv=01;35:*.webm=01;35:*.webp=01;35:*.ogm=01;35:*.mp4=01;35:*.m4v=01;35:*.mp4v=01;35:*.vob=01;35:*.qt=01;35:*.nuv=01;35:*.wmv=01;35:*.asf=01;35:*.rm=01;35:*.rmvb=01;35:*.flc=01;35:*.avi=01;35:*.fli=01;35:*.flv=01;35:*.gl=01;35:*.dl=01;35:*.xcf=01;35:*.xwd=01;35:*.yuv=01;35:*.cgm=01;35:*.emf=01;35:*.ogv=01;35:*.ogx=01;35:*.aac=00;36:*.au=00;36:*.flac=00;36:*.m4a=00;36:*.mid=00;36:*.midi=00;36:*.mka=00;36:*.mp3=00;36:*.mpc=00;36:*.ogg=00;36:*.ra=00;36:*.wav=00;36:*.oga=00;36:*.opus=00;36:*.spx=00;36:*.xspf=00;36:'), ('AMENT_PREFIX_PATH', '/home/sunrise/xgo_demo/src/install/xgolib:/home/sunrise/xgo_demo/install/xgo_gesture_control:/home/sunrise/xgo_demo/install/hobot_audio:/home/sunrise/xgo_demo/install/xgo_motion:/home/sunrise/xgo_demo/install/xgo_head:/home/sunrise/xgo_demo/install/xgo_device:/home/sunrise/xgo_demo/install/xgoscreen:/home/sunrise/xgo_demo/install/xgolib:/home/sunrise/xgo_demo/install/xgo_display:/opt/tros/humble:/opt/ros/humble'), ('SHELL', '/bin/bash'), ('PWD', '/home/sunrise/xgo_demo/src/build/xgo_gesture_control'), ('SSH_CONNECTION', '192.168.66.221 5121 192.168.66.94 22'), ('PYTHONPATH', '/home/sunrise/xgo_demo/install/xgo_display/lib/python3.10/site-packages:/opt/tros/humble/lib/python3.10/site-packages:/opt/tros/humble/local/lib/python3.10/dist-packages:/opt/ros/humble/lib/python3.10/site-packages:/opt/ros/humble/local/lib/python3.10/dist-packages'), ('COLCON', '1'), ('CMAKE_PREFIX_PATH', '/home/sunrise/xgo_demo/src/install/xgolib:/home/sunrise/xgo_demo/install/xgo_gesture_control:/home/sunrise/xgo_demo/install/hobot_audio:/home/sunrise/xgo_demo/install/xgo_motion:/home/sunrise/xgo_demo/install/xgo_head:/home/sunrise/xgo_demo/install/xgo_device:/home/sunrise/xgo_demo/install/xgoscreen:/home/sunrise/xgo_demo/install/xgolib:/home/sunrise/xgo_demo/install/xgo_display:/opt/tros/humble:/opt/ros/humble')]), 'shell': False}
[32.523703] (-) TimerEvent: {}
[32.625892] (-) TimerEvent: {}
[32.728291] (-) TimerEvent: {}
[32.830654] (-) TimerEvent: {}
[32.933065] (-) TimerEvent: {}
[32.960192] (xgo_face_control) StdoutLine: {'line': b'[ 50%] \x1b[32mBuilding CXX object CMakeFiles/face_node.dir/src/face_node.cpp.o\x1b[0m\n'}
[33.025998] (xgo_gesture_control) StdoutLine: {'line': b'[ 50%] \x1b[32mBuilding CXX object CMakeFiles/gesture_node.dir/src/gesture_node.cpp.o\x1b[0m\n'}
[33.033377] (-) TimerEvent: {}
[33.043556] (hobot_audio) StdoutLine: {'line': b'[ 20%] \x1b[32mBuilding CXX object CMakeFiles/hobot_audio.dir/src/utils/alsa_device.cpp.o\x1b[0m\n'}
[33.084701] (hobot_audio) StdoutLine: {'line': b'[ 80%] \x1b[32mBuilding CXX object CMakeFiles/hobot_audio.dir/src/audio_example.cpp.o\x1b[0m\n'}
[33.091072] (hobot_audio) StdoutLine: {'line': b'[ 80%] \x1b[32mBuilding CXX object CMakeFiles/hobot_audio.dir/src/audio_capture/hb_audio_capture.cpp.o\x1b[0m\n'}
[33.092184] (hobot_audio) StdoutLine: {'line': b'[ 80%] \x1b[32mBuilding CXX object CMakeFiles/hobot_audio.dir/src/audio_engine/audioengine.cpp.o\x1b[0m\n'}
[33.133687] (-) TimerEvent: {}
[33.235092] (-) TimerEvent: {}
[33.336372] (-) TimerEvent: {}
[33.437744] (-) TimerEvent: {}
[33.538957] (-) TimerEvent: {}
[33.640863] (-) TimerEvent: {}
[33.742817] (-) TimerEvent: {}
[33.844919] (-) TimerEvent: {}
[33.947110] (-) TimerEvent: {}
[34.049229] (-) TimerEvent: {}
[34.225528] (-) TimerEvent: {}
[34.327315] (-) TimerEvent: {}
[34.429322] (-) TimerEvent: {}
[34.531464] (-) TimerEvent: {}
[34.633514] (-) TimerEvent: {}
[34.735309] (-) TimerEvent: {}
[34.837491] (-) TimerEvent: {}
[34.939573] (-) TimerEvent: {}
[35.041638] (-) TimerEvent: {}
[35.143723] (-) TimerEvent: {}
[35.245245] (-) TimerEvent: {}
[35.347375] (-) TimerEvent: {}
[35.449305] (-) TimerEvent: {}
[35.551494] (-) TimerEvent: {}
[35.653536] (-) TimerEvent: {}
[35.755549] (-) TimerEvent: {}
[35.857651] (-) TimerEvent: {}
[35.960014] (-) TimerEvent: {}
[36.062461] (-) TimerEvent: {}
[36.164838] (-) TimerEvent: {}
[36.267225] (-) TimerEvent: {}
[36.369684] (-) TimerEvent: {}
[36.472230] (-) TimerEvent: {}
[36.574707] (-) TimerEvent: {}
[36.677100] (-) TimerEvent: {}
[36.779560] (-) TimerEvent: {}
[36.881977] (-) TimerEvent: {}
[36.984233] (-) TimerEvent: {}
[37.085631] (-) TimerEvent: {}
[37.188069] (-) TimerEvent: {}
[37.290571] (-) TimerEvent: {}
[37.392833] (-) TimerEvent: {}
[37.495249] (-) TimerEvent: {}
[37.597604] (-) TimerEvent: {}
[37.699890] (-) TimerEvent: {}
[37.802380] (-) TimerEvent: {}
[37.904674] (-) TimerEvent: {}
[38.010640] (-) TimerEvent: {}
[38.113133] (-) TimerEvent: {}
[38.215451] (-) TimerEvent: {}
[38.317785] (-) TimerEvent: {}
[38.420114] (-) TimerEvent: {}
[38.522428] (-) TimerEvent: {}
[38.624674] (-) TimerEvent: {}
[38.727001] (-) TimerEvent: {}
[38.829372] (-) TimerEvent: {}
[38.931690] (-) TimerEvent: {}
[39.034121] (-) TimerEvent: {}
[39.136413] (-) TimerEvent: {}
[39.245660] (-) TimerEvent: {}
[39.347946] (-) TimerEvent: {}
[39.450127] (-) TimerEvent: {}
[39.552423] (-) TimerEvent: {}
[39.654707] (-) TimerEvent: {}
[39.756998] (-) TimerEvent: {}
[39.859326] (-) TimerEvent: {}
[39.961682] (-) TimerEvent: {}
[40.063954] (-) TimerEvent: {}
[40.166994] (-) TimerEvent: {}
[40.269372] (-) TimerEvent: {}
[40.371828] (-) TimerEvent: {}
[40.474070] (-) TimerEvent: {}
[40.576293] (-) TimerEvent: {}
[40.678627] (-) TimerEvent: {}
[40.781061] (-) TimerEvent: {}
[40.883589] (-) TimerEvent: {}
[40.985896] (-) TimerEvent: {}
[41.088148] (-) TimerEvent: {}
[41.190348] (-) TimerEvent: {}
[41.292508] (-) TimerEvent: {}
[41.394838] (-) TimerEvent: {}
[41.497028] (-) TimerEvent: {}
[41.598459] (-) TimerEvent: {}
[41.699608] (-) TimerEvent: {}
[41.801915] (-) TimerEvent: {}
[41.904210] (-) TimerEvent: {}
[42.005629] (-) TimerEvent: {}
[42.107868] (-) TimerEvent: {}
[42.210102] (-) TimerEvent: {}
[42.302081] (xgoscreen) StdoutLine: {'line': b'[100%] \x1b[32m\x1b[1mLinking CXX shared library libxgoscreen.so\x1b[0m\n'}
[42.310393] (-) TimerEvent: {}
[42.412812] (-) TimerEvent: {}
[42.515479] (-) TimerEvent: {}
[42.618042] (-) TimerEvent: {}
[42.720586] (-) TimerEvent: {}
[42.823002] (-) TimerEvent: {}
[42.925372] (-) TimerEvent: {}
[43.027719] (-) TimerEvent: {}
[43.129996] (-) TimerEvent: {}
[43.232199] (-) TimerEvent: {}
[43.334532] (-) TimerEvent: {}
[43.436753] (-) TimerEvent: {}
[43.539520] (-) TimerEvent: {}
[43.641837] (-) TimerEvent: {}
[43.744102] (-) TimerEvent: {}
[43.846395] (-) TimerEvent: {}
[43.948982] (-) TimerEvent: {}
[44.051605] (-) TimerEvent: {}
[44.153950] (-) TimerEvent: {}
[44.280108] (-) TimerEvent: {}
[44.382107] (-) TimerEvent: {}
[44.484520] (-) TimerEvent: {}
[44.587065] (-) TimerEvent: {}
[44.689307] (-) TimerEvent: {}
[44.791691] (-) TimerEvent: {}
[44.894223] (-) TimerEvent: {}
[44.996470] (-) TimerEvent: {}
[45.099098] (-) TimerEvent: {}
[45.201763] (-) TimerEvent: {}
[45.304589] (-) TimerEvent: {}
[45.406940] (-) TimerEvent: {}
[45.509214] (-) TimerEvent: {}
[45.611559] (-) TimerEvent: {}
[45.714856] (-) TimerEvent: {}
[45.825714] (-) TimerEvent: {}
[45.928043] (-) TimerEvent: {}
[45.966980] (<colcon_parallel_executor.executor.parallel.ParallelExecutorExtension object at 0x7faa4c4d90>) ParallelStatus: {'processing': ('xgoscreen', 'hobot_audio', 'xgo_face_control', 'xgo_gesture_control')}
[46.028407] (-) TimerEvent: {}
[46.130803] (-) TimerEvent: {}
[46.233102] (-) TimerEvent: {}
[46.335326] (-) TimerEvent: {}
[46.437541] (-) TimerEvent: {}
[46.539945] (-) TimerEvent: {}
[46.642294] (-) TimerEvent: {}
[46.745033] (-) TimerEvent: {}
[46.847413] (-) TimerEvent: {}
[46.949877] (-) TimerEvent: {}
[47.052343] (-) TimerEvent: {}
[47.154953] (-) TimerEvent: {}
[47.258047] (-) TimerEvent: {}
[47.360322] (-) TimerEvent: {}
[47.462579] (-) TimerEvent: {}
[47.564775] (-) TimerEvent: {}
[47.667310] (-) TimerEvent: {}
[47.770211] (-) TimerEvent: {}
[47.872383] (-) TimerEvent: {}
[47.974703] (-) TimerEvent: {}
[48.102763] (-) TimerEvent: {}
[48.204028] (-) TimerEvent: {}
[48.305264] (-) TimerEvent: {}
[48.406603] (-) TimerEvent: {}
[48.509696] (-) TimerEvent: {}
[48.610819] (-) TimerEvent: {}
[48.711757] (-) TimerEvent: {}
[48.812859] (-) TimerEvent: {}
[48.913870] (-) TimerEvent: {}
[49.014849] (-) TimerEvent: {}
[49.115946] (-) TimerEvent: {}
[49.217441] (-) TimerEvent: {}
[49.838680] (-) TimerEvent: {}
[49.939628] (-) TimerEvent: {}
[50.040602] (-) TimerEvent: {}
[50.141603] (-) TimerEvent: {}
[50.242595] (-) TimerEvent: {}
[50.343519] (-) TimerEvent: {}
[50.444595] (-) TimerEvent: {}
[50.545962] (-) TimerEvent: {}
[50.646881] (-) TimerEvent: {}
[50.747801] (-) TimerEvent: {}
[50.848800] (-) TimerEvent: {}
[50.949925] (-) TimerEvent: {}
[51.050996] (-) TimerEvent: {}
[51.153269] (-) TimerEvent: {}
[51.467350] (-) TimerEvent: {}
[51.568577] (-) TimerEvent: {}
[51.671448] (-) TimerEvent: {}
[51.772505] (-) TimerEvent: {}
[51.873806] (-) TimerEvent: {}
[51.975028] (-) TimerEvent: {}
[52.076002] (-) TimerEvent: {}
[52.177121] (-) TimerEvent: {}
[52.278072] (-) TimerEvent: {}
[52.378990] (-) TimerEvent: {}
[52.480018] (-) TimerEvent: {}
[52.581243] (-) TimerEvent: {}
[52.682345] (-) TimerEvent: {}
[52.783402] (-) TimerEvent: {}
[52.884770] (-) TimerEvent: {}
[52.985739] (-) TimerEvent: {}
[53.086766] (-) TimerEvent: {}
[53.187799] (-) TimerEvent: {}
[53.288789] (-) TimerEvent: {}
[53.389794] (-) TimerEvent: {}
[53.490735] (-) TimerEvent: {}
[53.591759] (-) TimerEvent: {}
[53.692702] (-) TimerEvent: {}
[53.793712] (-) TimerEvent: {}
[53.895042] (-) TimerEvent: {}
[53.997675] (-) TimerEvent: {}
[54.100184] (-) TimerEvent: {}
[54.201110] (-) TimerEvent: {}
[54.302054] (-) TimerEvent: {}
[54.697754] (-) TimerEvent: {}
[54.801714] (-) TimerEvent: {}
[54.903047] (-) TimerEvent: {}
[55.004001] (-) TimerEvent: {}
[55.105032] (-) TimerEvent: {}
[55.206198] (-) TimerEvent: {}
[55.307144] (-) TimerEvent: {}
[55.408076] (-) TimerEvent: {}
[55.508983] (-) TimerEvent: {}
[55.609941] (-) TimerEvent: {}
[55.710893] (-) TimerEvent: {}
[55.811930] (-) TimerEvent: {}
[55.913129] (-) TimerEvent: {}
[56.014081] (-) TimerEvent: {}
[56.114992] (-) TimerEvent: {}
[56.215923] (-) TimerEvent: {}
[56.316958] (-) TimerEvent: {}
[56.417930] (-) TimerEvent: {}
[56.518829] (-) TimerEvent: {}
[56.619821] (-) TimerEvent: {}
[56.721054] (-) TimerEvent: {}
[56.822007] (-) TimerEvent: {}
[56.922941] (-) TimerEvent: {}
[57.023878] (-) TimerEvent: {}
[57.124810] (-) TimerEvent: {}
[57.225767] (-) TimerEvent: {}
[57.326789] (-) TimerEvent: {}
[57.427713] (-) TimerEvent: {}
[57.528718] (-) TimerEvent: {}
[57.631575] (-) TimerEvent: {}
[57.732789] (-) TimerEvent: {}
[57.833769] (-) TimerEvent: {}
[57.934893] (-) TimerEvent: {}
[58.035995] (-) TimerEvent: {}
[58.137083] (-) TimerEvent: {}
[58.239732] (-) TimerEvent: {}
[58.341480] (-) TimerEvent: {}
[58.442493] (-) TimerEvent: {}
[58.544922] (-) TimerEvent: {}
[58.646074] (-) TimerEvent: {}
[58.784253] (-) TimerEvent: {}
[58.885309] (-) TimerEvent: {}
[58.986385] (-) TimerEvent: {}
[59.087728] (-) TimerEvent: {}
[59.190097] (-) TimerEvent: {}
[59.291232] (-) TimerEvent: {}
[59.402650] (-) TimerEvent: {}
[59.579891] (-) TimerEvent: {}
[59.681209] (-) TimerEvent: {}
[59.782292] (-) TimerEvent: {}
[59.883387] (-) TimerEvent: {}
[59.984418] (-) TimerEvent: {}
[60.085372] (-) TimerEvent: {}
[60.186534] (-) TimerEvent: {}
[60.287425] (-) TimerEvent: {}
[60.388336] (-) TimerEvent: {}
[60.489451] (-) TimerEvent: {}
[60.590382] (-) TimerEvent: {}
[60.691436] (-) TimerEvent: {}
[60.792364] (-) TimerEvent: {}
[60.893268] (-) TimerEvent: {}
[60.994230] (-) TimerEvent: {}
[61.095186] (-) TimerEvent: {}
[61.196134] (-) TimerEvent: {}
[61.297148] (-) TimerEvent: {}
[61.398276] (-) TimerEvent: {}
[61.499267] (-) TimerEvent: {}
[61.600328] (-) TimerEvent: {}
[61.701802] (-) TimerEvent: {}
[61.802731] (-) TimerEvent: {}
[61.903669] (-) TimerEvent: {}
[62.004668] (-) TimerEvent: {}
[62.105812] (-) TimerEvent: {}
[62.206753] (-) TimerEvent: {}
[62.307682] (-) TimerEvent: {}
[62.408605] (-) TimerEvent: {}
[62.509565] (-) TimerEvent: {}
[62.610532] (-) TimerEvent: {}
[62.711447] (-) TimerEvent: {}
[62.812456] (-) TimerEvent: {}
[62.913601] (-) TimerEvent: {}
[63.014547] (-) TimerEvent: {}
[63.115521] (-) TimerEvent: {}
[63.216626] (-) TimerEvent: {}
[63.317651] (-) TimerEvent: {}
[63.418720] (-) TimerEvent: {}
[63.519718] (-) TimerEvent: {}
[63.620762] (-) TimerEvent: {}
[63.722107] (-) TimerEvent: {}
[63.825191] (-) TimerEvent: {}
[63.928860] (-) TimerEvent: {}
[64.030296] (-) TimerEvent: {}
[64.131301] (-) TimerEvent: {}
[64.233570] (-) TimerEvent: {}
[64.336065] (-) TimerEvent: {}
[64.437234] (-) TimerEvent: {}
[64.538481] (-) TimerEvent: {}
[64.639492] (-) TimerEvent: {}
[64.741671] (-) TimerEvent: {}
[64.842788] (-) TimerEvent: {}
[64.944007] (-) TimerEvent: {}
[65.044992] (-) TimerEvent: {}
[65.146136] (-) TimerEvent: {}
[65.247111] (-) TimerEvent: {}
[65.348147] (-) TimerEvent: {}
[65.449139] (-) TimerEvent: {}
[65.550455] (-) TimerEvent: {}
[65.652660] (-) TimerEvent: {}
[65.754093] (-) TimerEvent: {}
[65.855417] (-) TimerEvent: {}
[65.957749] (-) TimerEvent: {}
[66.058848] (-) TimerEvent: {}
[66.161087] (-) TimerEvent: {}
[66.264331] (-) TimerEvent: {}
[66.366587] (-) TimerEvent: {}
[66.467650] (-) TimerEvent: {}
[66.568621] (-) TimerEvent: {}
[66.694260] (-) TimerEvent: {}
[66.795464] (-) TimerEvent: {}
[66.907432] (-) TimerEvent: {}
[67.014521] (-) TimerEvent: {}
[67.122481] (-) TimerEvent: {}
[67.230485] (-) TimerEvent: {}
[67.340063] (-) TimerEvent: {}
[67.447768] (-) TimerEvent: {}
[67.555770] (-) TimerEvent: {}
[67.663847] (-) TimerEvent: {}
[67.770670] (-) TimerEvent: {}
[67.878630] (-) TimerEvent: {}
[67.986350] (-) TimerEvent: {}
[68.094626] (-) TimerEvent: {}
[68.202599] (-) TimerEvent: {}
[68.310613] (-) TimerEvent: {}
[68.418675] (-) TimerEvent: {}
[68.526611] (-) TimerEvent: {}
[68.634609] (-) TimerEvent: {}
[68.742787] (-) TimerEvent: {}
[68.850564] (-) TimerEvent: {}
[68.960662] (-) TimerEvent: {}
[69.066615] (-) TimerEvent: {}
[69.178624] (-) TimerEvent: {}
[69.286394] (-) TimerEvent: {}
[69.394305] (-) TimerEvent: {}
[69.506418] (-) TimerEvent: {}
[69.614665] (-) TimerEvent: {}
[69.722307] (-) TimerEvent: {}
[69.830502] (-) TimerEvent: {}
[69.939778] (-) TimerEvent: {}
[70.046568] (-) TimerEvent: {}
[70.154501] (-) TimerEvent: {}
[70.263796] (-) TimerEvent: {}
[70.370688] (-) TimerEvent: {}
[70.486578] (-) TimerEvent: {}
[70.594618] (-) TimerEvent: {}
[70.702476] (-) TimerEvent: {}
[70.810590] (-) TimerEvent: {}
[70.926626] (-) TimerEvent: {}
[71.034486] (-) TimerEvent: {}
[71.142276] (-) TimerEvent: {}
[71.250335] (-) TimerEvent: {}
[71.358590] (-) TimerEvent: {}
[71.466396] (-) TimerEvent: {}
[71.574285] (-) TimerEvent: {}
[71.799699] (-) TimerEvent: {}
[71.907684] (-) TimerEvent: {}
[72.014575] (-) TimerEvent: {}
[72.122511] (-) TimerEvent: {}
[72.230447] (-) TimerEvent: {}
[72.338568] (-) TimerEvent: {}
[72.446499] (-) TimerEvent: {}
[72.554357] (-) TimerEvent: {}
[72.662305] (-) TimerEvent: {}
[72.770281] (-) TimerEvent: {}
[72.878275] (-) TimerEvent: {}
[72.986276] (-) TimerEvent: {}
[73.094291] (-) TimerEvent: {}
[73.202318] (-) TimerEvent: {}
[73.310313] (-) TimerEvent: {}
[73.418336] (-) TimerEvent: {}
[73.526465] (-) TimerEvent: {}
[73.634340] (-) TimerEvent: {}
[73.742485] (-) TimerEvent: {}
[73.850285] (-) TimerEvent: {}
[73.958289] (-) TimerEvent: {}
[74.066282] (-) TimerEvent: {}
[74.178300] (-) TimerEvent: {}
[74.290375] (-) TimerEvent: {}
[74.402342] (-) TimerEvent: {}
[74.514658] (-) TimerEvent: {}
[74.630488] (-) TimerEvent: {}
[74.747517] (-) TimerEvent: {}
[74.869684] (-) TimerEvent: {}
[74.990550] (-) TimerEvent: {}
[75.110553] (-) TimerEvent: {}
[75.226479] (-) TimerEvent: {}
[75.342423] (-) TimerEvent: {}
[75.458408] (-) TimerEvent: {}
[75.574337] (-) TimerEvent: {}
[75.686767] (-) TimerEvent: {}
[75.798442] (-) TimerEvent: {}
[75.914325] (-) TimerEvent: {}
[76.711705] (-) TimerEvent: {}
[76.828458] (<colcon_parallel_executor.executor.parallel.ParallelExecutorExtension object at 0x7faa4c4d90>) ParallelStatus: {'processing': ('xgoscreen', 'hobot_audio', 'xgo_face_control', 'xgo_gesture_control')}
[76.871075] (-) TimerEvent: {}
[76.986717] (-) TimerEvent: {}
[77.098463] (-) TimerEvent: {}
[77.218383] (-) TimerEvent: {}
[77.338399] (-) TimerEvent: {}
[77.450613] (-) TimerEvent: {}
[77.562636] (-) TimerEvent: {}
[77.674429] (-) TimerEvent: {}
[77.786461] (-) TimerEvent: {}
[77.898433] (-) TimerEvent: {}
[78.010286] (-) TimerEvent: {}
[78.122298] (-) TimerEvent: {}
[78.234343] (-) TimerEvent: {}
[78.346436] (-) TimerEvent: {}
[78.458310] (-) TimerEvent: {}
[78.566611] (-) TimerEvent: {}
[78.676110] (-) TimerEvent: {}
[78.784275] (-) TimerEvent: {}
[78.890641] (-) TimerEvent: {}
[78.998525] (-) TimerEvent: {}
[79.110602] (-) TimerEvent: {}
[79.222549] (-) TimerEvent: {}
[79.334415] (-) TimerEvent: {}
[79.576786] (-) TimerEvent: {}
[79.690537] (-) TimerEvent: {}
[79.803458] (-) TimerEvent: {}
[79.914355] (-) TimerEvent: {}
[80.026446] (-) TimerEvent: {}
[80.138252] (-) TimerEvent: {}
[81.296992] (-) TimerEvent: {}
[81.406294] (-) TimerEvent: {}
[81.518267] (-) TimerEvent: {}
[81.630422] (-) TimerEvent: {}
[81.742356] (-) TimerEvent: {}
[81.866435] (-) TimerEvent: {}
[81.978289] (-) TimerEvent: {}
[82.090374] (-) TimerEvent: {}
[82.202407] (-) TimerEvent: {}
[82.318509] (-) TimerEvent: {}
[82.434389] (-) TimerEvent: {}
[82.550372] (-) TimerEvent: {}
[82.666525] (-) TimerEvent: {}
[83.642511] (-) TimerEvent: {}
[83.762407] (-) TimerEvent: {}
[83.886589] (-) TimerEvent: {}
[84.010272] (-) TimerEvent: {}
[84.620472] (-) TimerEvent: {}
[84.719493] (xgoscreen) StdoutLine: {'line': b'[100%] Built target xgoscreen\n'}
[85.410800] (-) TimerEvent: {}
[85.547439] (-) TimerEvent: {}
[85.682528] (-) TimerEvent: {}
[85.822503] (-) TimerEvent: {}
[85.958469] (-) TimerEvent: {}
[86.094596] (-) TimerEvent: {}
[86.234385] (-) TimerEvent: {}
[86.374489] (-) TimerEvent: {}
[86.514607] (-) TimerEvent: {}
[86.654452] (-) TimerEvent: {}
[86.794404] (-) TimerEvent: {}
[86.934432] (-) TimerEvent: {}
[87.074454] (-) TimerEvent: {}
[87.214437] (-) TimerEvent: {}
[87.366706] (-) TimerEvent: {}
[87.518366] (-) TimerEvent: {}
[87.670555] (-) TimerEvent: {}
[87.822468] (-) TimerEvent: {}
[87.971180] (-) TimerEvent: {}
[88.118352] (-) TimerEvent: {}
[88.266350] (-) TimerEvent: {}
[88.415060] (-) TimerEvent: {}
[88.562516] (-) TimerEvent: {}
[88.714551] (-) TimerEvent: {}
[88.862361] (-) TimerEvent: {}
[89.014538] (-) TimerEvent: {}
[89.182375] (-) TimerEvent: {}
[89.350450] (-) TimerEvent: {}
[89.518591] (-) TimerEvent: {}
[89.686555] (-) TimerEvent: {}
[89.854411] (-) TimerEvent: {}
[90.022390] (-) TimerEvent: {}
[90.182372] (-) TimerEvent: {}
[90.342389] (-) TimerEvent: {}
[90.502447] (-) TimerEvent: {}
[90.665507] (-) TimerEvent: {}
[90.826409] (-) TimerEvent: {}
[90.986591] (-) TimerEvent: {}
[91.146392] (-) TimerEvent: {}
[91.306389] (-) TimerEvent: {}
[91.466368] (-) TimerEvent: {}
[91.626421] (-) TimerEvent: {}
[91.786436] (-) TimerEvent: {}
[91.946497] (-) TimerEvent: {}
[92.106388] (-) TimerEvent: {}
[92.266456] (-) TimerEvent: {}
[92.433861] (-) TimerEvent: {}
[92.582490] (-) TimerEvent: {}
[92.774439] (-) TimerEvent: {}
[92.934549] (-) TimerEvent: {}
[93.094481] (-) TimerEvent: {}
[93.254498] (-) TimerEvent: {}
[93.418407] (-) TimerEvent: {}
[93.578580] (-) TimerEvent: {}
[93.738383] (-) TimerEvent: {}
[93.905244] (-) TimerEvent: {}
[94.402200] (-) TimerEvent: {}
[95.462128] (xgoscreen) CommandEnded: {'returncode': 0}
[95.917757] (-) TimerEvent: {}
[96.557404] (xgoscreen) JobProgress: {'identifier': 'xgoscreen', 'progress': 'install'}
[97.116241] (-) TimerEvent: {}
[98.816427] (xgoscreen) Command: {'cmd': ['/usr/bin/cmake', '--install', '/home/sunrise/xgo_demo/src/build/xgoscreen'], 'cwd': '/home/sunrise/xgo_demo/src/build/xgoscreen', 'env': OrderedDict([('LANGUAGE', 'en_US.UTF-8'), ('USER', 'sunrise'), ('SSH_CLIENT', '192.168.66.221 5121 22'), ('XDG_SESSION_TYPE', 'tty'), ('SHLVL', '1'), ('LD_LIBRARY_PATH', '/home/sunrise/xgo_demo/install/hobot_audio/lib:/home/sunrise/xgo_demo/install/xgoscreen/lib:/home/sunrise/xgo_demo/install/xgolib/lib:/opt/tros/humble/lib/aarch64-linux-gnu:/opt/tros/humble/lib:/opt/ros/humble/lib/aarch64-linux-gnu:/opt/ros/humble/lib'), ('MOTD_SHOWN', 'pam'), ('HOME', '/home/sunrise'), ('OLDPWD', '/home/sunrise/xgo_demo'), ('SSH_TTY', '/dev/pts/0'), ('ROS_PYTHON_VERSION', '3'), ('DBUS_SESSION_BUS_ADDRESS', 'unix:path=/run/user/1000/bus'), ('TROS_DISTRO', 'humble'), ('COLCON_PREFIX_PATH', '/home/sunrise/xgo_demo/install'), ('ROS_DISTRO', 'humble'), ('LOGNAME', 'sunrise'), ('_', '/home/sunrise/.local/bin/colcon'), ('ROS_VERSION', '2'), ('XDG_SESSION_CLASS', 'user'), ('TERM', 'xterm'), ('XDG_SESSION_ID', '2'), ('ROS_LOCALHOST_ONLY', '0'), ('PATH', '/home/sunrise/xgo_demo/install/hobot_audio/bin:/home/sunrise/.local/bin:/home/sunrise/.local/bin:/opt/tros/humble/bin:/opt/ros/humble/bin:/usr/local/sbin:/usr/local/bin:/usr/sbin:/usr/bin:/sbin:/bin:/usr/games:/usr/local/games:/snap/bin'), ('XDG_RUNTIME_DIR', '/run/user/1000'), ('DISPLAY', 'localhost:10.0'), ('LANG', 'en_US.UTF-8'), ('LS_COLORS', 'rs=0:di=01;34:ln=01;36:mh=00:pi=40;33:so=01;35:do=01;35:bd=40;33;01:cd=40;33;01:or=40;31;01:mi=00:su=37;41:sg=30;43:ca=30;41:tw=30;42:ow=34;42:st=37;44:ex=01;32:*.tar=01;31:*.tgz=01;31:*.arc=01;31:*.arj=01;31:*.taz=01;31:*.lha=01;31:*.lz4=01;31:*.lzh=01;31:*.lzma=01;31:*.tlz=01;31:*.txz=01;31:*.tzo=01;31:*.t7z=01;31:*.zip=01;31:*.z=01;31:*.dz=01;31:*.gz=01;31:*.lrz=01;31:*.lz=01;31:*.lzo=01;31:*.xz=01;31:*.zst=01;31:*.tzst=01;31:*.bz2=01;31:*.bz=01;31:*.tbz=01;31:*.tbz2=01;31:*.tz=01;31:*.deb=01;31:*.rpm=01;31:*.jar=01;31:*.war=01;31:*.ear=01;31:*.sar=01;31:*.rar=01;31:*.alz=01;31:*.ace=01;31:*.zoo=01;31:*.cpio=01;31:*.7z=01;31:*.rz=01;31:*.cab=01;31:*.wim=01;31:*.swm=01;31:*.dwm=01;31:*.esd=01;31:*.jpg=01;35:*.jpeg=01;35:*.mjpg=01;35:*.mjpeg=01;35:*.gif=01;35:*.bmp=01;35:*.pbm=01;35:*.pgm=01;35:*.ppm=01;35:*.tga=01;35:*.xbm=01;35:*.xpm=01;35:*.tif=01;35:*.tiff=01;35:*.png=01;35:*.svg=01;35:*.svgz=01;35:*.mng=01;35:*.pcx=01;35:*.mov=01;35:*.mpg=01;35:*.mpeg=01;35:*.m2v=01;35:*.mkv=01;35:*.webm=01;35:*.webp=01;35:*.ogm=01;35:*.mp4=01;35:*.m4v=01;35:*.mp4v=01;35:*.vob=01;35:*.qt=01;35:*.nuv=01;35:*.wmv=01;35:*.asf=01;35:*.rm=01;35:*.rmvb=01;35:*.flc=01;35:*.avi=01;35:*.fli=01;35:*.flv=01;35:*.gl=01;35:*.dl=01;35:*.xcf=01;35:*.xwd=01;35:*.yuv=01;35:*.cgm=01;35:*.emf=01;35:*.ogv=01;35:*.ogx=01;35:*.aac=00;36:*.au=00;36:*.flac=00;36:*.m4a=00;36:*.mid=00;36:*.midi=00;36:*.mka=00;36:*.mp3=00;36:*.mpc=00;36:*.ogg=00;36:*.ra=00;36:*.wav=00;36:*.oga=00;36:*.opus=00;36:*.spx=00;36:*.xspf=00;36:'), ('AMENT_PREFIX_PATH', '/home/sunrise/xgo_demo/install/xgo_gesture_control:/home/sunrise/xgo_demo/install/hobot_audio:/home/sunrise/xgo_demo/install/xgo_motion:/home/sunrise/xgo_demo/install/xgo_head:/home/sunrise/xgo_demo/install/xgo_device:/home/sunrise/xgo_demo/install/xgoscreen:/home/sunrise/xgo_demo/install/xgolib:/home/sunrise/xgo_demo/install/xgo_display:/opt/tros/humble:/opt/ros/humble'), ('SHELL', '/bin/bash'), ('PWD', '/home/sunrise/xgo_demo/src/build/xgoscreen'), ('SSH_CONNECTION', '192.168.66.221 5121 192.168.66.94 22'), ('PYTHONPATH', '/home/sunrise/xgo_demo/install/xgo_display/lib/python3.10/site-packages:/opt/tros/humble/lib/python3.10/site-packages:/opt/tros/humble/local/lib/python3.10/dist-packages:/opt/ros/humble/lib/python3.10/site-packages:/opt/ros/humble/local/lib/python3.10/dist-packages'), ('COLCON', '1'), ('CMAKE_PREFIX_PATH', '/home/sunrise/xgo_demo/install/xgo_gesture_control:/home/sunrise/xgo_demo/install/hobot_audio:/home/sunrise/xgo_demo/install/xgo_motion:/home/sunrise/xgo_demo/install/xgo_head:/home/sunrise/xgo_demo/install/xgo_device:/home/sunrise/xgo_demo/install/xgoscreen:/home/sunrise/xgo_demo/install/xgolib:/home/sunrise/xgo_demo/install/xgo_display:/opt/tros/humble:/opt/ros/humble')]), 'shell': False}
[99.341764] (-) TimerEvent: {}
[99.546389] (-) TimerEvent: {}
[99.750401] (-) TimerEvent: {}
[99.954394] (-) TimerEvent: {}
[100.158394] (-) TimerEvent: {}
[100.362431] (-) TimerEvent: {}
[100.566408] (-) TimerEvent: {}
[100.770413] (-) TimerEvent: {}
[100.974405] (-) TimerEvent: {}
[101.182407] (-) TimerEvent: {}
[101.386392] (-) TimerEvent: {}
[101.590451] (-) TimerEvent: {}
[101.794427] (-) TimerEvent: {}
[101.998449] (-) TimerEvent: {}
[102.202406] (-) TimerEvent: {}
[102.406389] (-) TimerEvent: {}
[102.610373] (-) TimerEvent: {}
[102.814372] (-) TimerEvent: {}
[103.018407] (-) TimerEvent: {}
[103.222398] (-) TimerEvent: {}
[103.426372] (-) TimerEvent: {}
[103.630369] (-) TimerEvent: {}
[103.834353] (-) TimerEvent: {}
[105.186372] (xgoscreen) StdoutLine: {'line': b'-- Install configuration: ""\n'}
[105.804550] (-) TimerEvent: {}
[105.906261] (xgoscreen) StdoutLine: {'line': b'-- Installing: /home/sunrise/xgo_demo/src/install/xgoscreen/lib/libxgoscreen.so\n'}
[106.401728] (-) TimerEvent: {}
[106.686571] (-) TimerEvent: {}
[106.898437] (-) TimerEvent: {}
[107.005045] (<colcon_parallel_executor.executor.parallel.ParallelExecutorExtension object at 0x7faa4c4d90>) ParallelStatus: {'processing': ('xgoscreen', 'hobot_audio', 'xgo_face_control', 'xgo_gesture_control')}
[107.109658] (-) TimerEvent: {}
[107.314356] (-) TimerEvent: {}
[107.518449] (-) TimerEvent: {}
[107.722444] (-) TimerEvent: {}
[107.930398] (-) TimerEvent: {}
[108.134405] (-) TimerEvent: {}
[109.066696] (-) TimerEvent: {}
[109.366405] (-) TimerEvent: {}
[109.566198] (xgoscreen) StdoutLine: {'line': b'-- Set runtime path of "/home/sunrise/xgo_demo/src/install/xgoscreen/lib/libxgoscreen.so" to ""\n'}
[110.365715] (-) TimerEvent: {}
[110.566199] (xgoscreen) StdoutLine: {'line': b'-- Installing: /home/sunrise/xgo_demo/src/install/xgoscreen/include\n'}
[111.365700] (-) TimerEvent: {}
[111.566264] (xgoscreen) StdoutLine: {'line': b'-- Installing: /home/sunrise/xgo_demo/src/install/xgoscreen/include/xgoscreen\n'}
[112.365697] (-) TimerEvent: {}
[112.566204] (xgoscreen) StdoutLine: {'line': b'-- Installing: /home/sunrise/xgo_demo/src/install/xgoscreen/include/xgoscreen/TUtil.h\n'}
[113.365727] (-) TimerEvent: {}
[113.570271] (xgoscreen) StdoutLine: {'line': b'-- Installing: /home/sunrise/xgo_demo/src/install/xgoscreen/include/xgoscreen/TLog.h\n'}
[114.393702] (-) TimerEvent: {}
[114.602247] (xgoscreen) StdoutLine: {'line': b'-- Installing: /home/sunrise/xgo_demo/src/install/xgoscreen/include/xgoscreen/XgoScreenManager.h\n'}
[115.621730] (-) TimerEvent: {}
[115.826223] (xgoscreen) StdoutLine: {'line': b'-- Installing: /home/sunrise/xgo_demo/src/install/xgoscreen/include/xgoscreen/TGpioUtil.h\n'}
[116.641725] (-) TimerEvent: {}
[116.846304] (xgoscreen) StdoutLine: {'line': b'-- Installing: /home/sunrise/xgo_demo/src/install/xgoscreen/include/xgoscreen/SpiScreen2Inch.h\n'}
[117.661686] (-) TimerEvent: {}
[117.866250] (xgoscreen) StdoutLine: {'line': b'-- Installing: /home/sunrise/xgo_demo/src/install/xgoscreen/include/xgoscreen/TSpiUtil.h\n'}
[137.516317] (-) TimerEvent: {}
[137.535773] (xgoscreen) StdoutLine: {'line': b'-- Installing: /home/sunrise/xgo_demo/src/install/xgoscreen/share/xgoscreen/environment/library_path.sh\n'}
[137.536541] (xgoscreen) StdoutLine: {'line': b'-- Installing: /home/sunrise/xgo_demo/src/install/xgoscreen/share/xgoscreen/environment/library_path.dsv\n'}
[137.537124] (xgoscreen) StdoutLine: {'line': b'-- Installing: /home/sunrise/xgo_demo/src/install/xgoscreen/share/ament_index/resource_index/package_run_dependencies/xgoscreen\n'}
[137.537729] (xgoscreen) StdoutLine: {'line': b'-- Installing: /home/sunrise/xgo_demo/src/install/xgoscreen/share/ament_index/resource_index/parent_prefix_path/xgoscreen\n'}
[137.538253] (xgoscreen) StdoutLine: {'line': b'-- Installing: /home/sunrise/xgo_demo/src/install/xgoscreen/share/xgoscreen/environment/ament_prefix_path.sh\n'}
[137.538786] (xgoscreen) StdoutLine: {'line': b'-- Installing: /home/sunrise/xgo_demo/src/install/xgoscreen/share/xgoscreen/environment/ament_prefix_path.dsv\n'}
[137.539256] (xgoscreen) StdoutLine: {'line': b'-- Installing: /home/sunrise/xgo_demo/src/install/xgoscreen/share/xgoscreen/environment/path.sh\n'}
[137.539801] (xgoscreen) StdoutLine: {'line': b'-- Installing: /home/sunrise/xgo_demo/src/install/xgoscreen/share/xgoscreen/environment/path.dsv\n'}
[137.540342] (xgoscreen) StdoutLine: {'line': b'-- Installing: /home/sunrise/xgo_demo/src/install/xgoscreen/share/xgoscreen/local_setup.bash\n'}
[137.540892] (xgoscreen) StdoutLine: {'line': b'-- Installing: /home/sunrise/xgo_demo/src/install/xgoscreen/share/xgoscreen/local_setup.sh\n'}
[137.541379] (xgoscreen) StdoutLine: {'line': b'-- Installing: /home/sunrise/xgo_demo/src/install/xgoscreen/share/xgoscreen/local_setup.zsh\n'}
[137.541910] (xgoscreen) StdoutLine: {'line': b'-- Installing: /home/sunrise/xgo_demo/src/install/xgoscreen/share/xgoscreen/local_setup.dsv\n'}
[137.542429] (xgoscreen) StdoutLine: {'line': b'-- Installing: /home/sunrise/xgo_demo/src/install/xgoscreen/share/xgoscreen/package.dsv\n'}
[137.542938] (xgoscreen) StdoutLine: {'line': b'-- Installing: /home/sunrise/xgo_demo/src/install/xgoscreen/share/ament_index/resource_index/packages/xgoscreen\n'}
[137.543455] (xgoscreen) StdoutLine: {'line': b'-- Installing: /home/sunrise/xgo_demo/src/install/xgoscreen/share/xgoscreen/cmake/export_xgoscreenExport.cmake\n'}
[137.543977] (xgoscreen) StdoutLine: {'line': b'-- Installing: /home/sunrise/xgo_demo/src/install/xgoscreen/share/xgoscreen/cmake/export_xgoscreenExport-noconfig.cmake\n'}
[137.544518] (<colcon_parallel_executor.executor.parallel.ParallelExecutorExtension object at 0x7faa4c4d90>) ParallelStatus: {'processing': ('xgoscreen', 'hobot_audio', 'xgo_face_control', 'xgo_gesture_control')}
[137.616603] (-) TimerEvent: {}
[137.717657] (-) TimerEvent: {}
[137.818729] (-) TimerEvent: {}
[137.919673] (-) TimerEvent: {}
[138.020707] (-) TimerEvent: {}
[138.121851] (-) TimerEvent: {}
[138.222877] (-) TimerEvent: {}
[138.233610] (xgoscreen) StdoutLine: {'line': b'-- Installing: /home/sunrise/xgo_demo/src/install/xgoscreen/share/xgoscreen/cmake/ament_cmake_export_include_directories-extras.cmake\n'}
[138.305766] (xgoscreen) StdoutLine: {'line': b'-- Installing: /home/sunrise/xgo_demo/src/install/xgoscreen/share/xgoscreen/cmake/ament_cmake_export_targets-extras.cmake\n'}
[138.308709] (xgoscreen) StdoutLine: {'line': b'-- Installing: /home/sunrise/xgo_demo/src/install/xgoscreen/share/xgoscreen/cmake/ament_cmake_export_dependencies-extras.cmake\n'}
[138.311782] (xgoscreen) StdoutLine: {'line': b'-- Installing: /home/sunrise/xgo_demo/src/install/xgoscreen/share/xgoscreen/cmake/xgoscreenConfig.cmake\n'}
[138.313511] (xgoscreen) StdoutLine: {'line': b'-- Installing: /home/sunrise/xgo_demo/src/install/xgoscreen/share/xgoscreen/cmake/xgoscreenConfig-version.cmake\n'}
[138.323057] (-) TimerEvent: {}
[138.325680] (xgoscreen) StdoutLine: {'line': b'-- Installing: /home/sunrise/xgo_demo/src/install/xgoscreen/share/xgoscreen/package.xml\n'}
[138.423257] (-) TimerEvent: {}
[138.524281] (-) TimerEvent: {}
[138.625396] (-) TimerEvent: {}
[138.930537] (-) TimerEvent: {}
[139.370803] (-) TimerEvent: {}
[139.606771] (xgoscreen) CommandEnded: {'returncode': 0}
[140.678478] (-) TimerEvent: {}
[140.998266] (-) TimerEvent: {}
[141.413559] (-) TimerEvent: {}
[141.752252] (-) TimerEvent: {}
[142.067361] (-) TimerEvent: {}
[142.370493] (-) TimerEvent: {}
[142.674633] (-) TimerEvent: {}
[142.982530] (-) TimerEvent: {}
[143.290566] (-) TimerEvent: {}
[143.518451] (-) TimerEvent: {}
[143.822406] (-) TimerEvent: {}
[144.126472] (-) TimerEvent: {}
[144.430382] (-) TimerEvent: {}
[144.734370] (-) TimerEvent: {}
[145.038375] (-) TimerEvent: {}
[145.342407] (-) TimerEvent: {}
[145.646368] (-) TimerEvent: {}
[145.950410] (-) TimerEvent: {}
[146.254403] (-) TimerEvent: {}
[146.558383] (-) TimerEvent: {}
[146.862358] (-) TimerEvent: {}
[147.166484] (-) TimerEvent: {}
[147.470384] (-) TimerEvent: {}
[147.774421] (-) TimerEvent: {}
[148.078355] (-) TimerEvent: {}
[148.382367] (-) TimerEvent: {}
[148.686398] (-) TimerEvent: {}
[148.990422] (-) TimerEvent: {}
[149.294362] (-) TimerEvent: {}
[149.598372] (-) TimerEvent: {}
[149.902399] (-) TimerEvent: {}
[150.206414] (-) TimerEvent: {}
[150.534450] (-) TimerEvent: {}
[150.838759] (-) TimerEvent: {}
[151.966885] (-) TimerEvent: {}
[152.270421] (-) TimerEvent: {}
[152.574394] (-) TimerEvent: {}
[152.878376] (-) TimerEvent: {}
[153.182420] (-) TimerEvent: {}
[153.486394] (-) TimerEvent: {}
[153.790386] (-) TimerEvent: {}
[154.094404] (-) TimerEvent: {}
[154.551221] (-) TimerEvent: {}
[154.778277] (xgoscreen) JobEnded: {'identifier': 'xgoscreen', 'rc': 0}
[155.225251] (-) TimerEvent: {}
[156.829244] (xgo_device) JobStarted: {'identifier': 'xgo_device'}
[159.827199] (-) TimerEvent: {}
[160.130410] (-) TimerEvent: {}
[160.434403] (-) TimerEvent: {}
[160.738536] (-) TimerEvent: {}
[161.042415] (-) TimerEvent: {}
[161.346402] (-) TimerEvent: {}
[161.650391] (-) TimerEvent: {}
[161.954371] (-) TimerEvent: {}
[162.258415] (-) TimerEvent: {}
[162.562436] (-) TimerEvent: {}
[162.866458] (-) TimerEvent: {}
[163.170384] (-) TimerEvent: {}
[163.478403] (-) TimerEvent: {}
[163.782406] (-) TimerEvent: {}
[164.086413] (-) TimerEvent: {}
[164.390412] (-) TimerEvent: {}
[164.694402] (-) TimerEvent: {}
[164.998386] (-) TimerEvent: {}
[165.302479] (-) TimerEvent: {}
[165.606400] (-) TimerEvent: {}
[165.945210] (-) TimerEvent: {}
[166.246375] (-) TimerEvent: {}
[166.550404] (-) TimerEvent: {}
[166.808974] (xgo_device) JobProgress: {'identifier': 'xgo_device', 'progress': 'cmake'}
[167.165905] (-) TimerEvent: {}
[176.150359] (xgo_device) JobProgress: {'identifier': 'xgo_device', 'progress': 'build'}
[176.305758] (-) TimerEvent: {}
[176.410339] (xgo_device) Command: {'cmd': ['/usr/bin/cmake', '--build', '/home/sunrise/xgo_demo/src/build/xgo_device', '--', '-j4', '-l4'], 'cwd': '/home/sunrise/xgo_demo/src/build/xgo_device', 'env': OrderedDict([('LANGUAGE', 'en_US.UTF-8'), ('USER', 'sunrise'), ('SSH_CLIENT', '192.168.66.221 5121 22'), ('XDG_SESSION_TYPE', 'tty'), ('SHLVL', '1'), ('LD_LIBRARY_PATH', '/home/sunrise/xgo_demo/src/install/xgoscreen/lib:/home/sunrise/xgo_demo/src/install/xgolib/lib:/home/sunrise/xgo_demo/install/hobot_audio/lib:/home/sunrise/xgo_demo/install/xgoscreen/lib:/home/sunrise/xgo_demo/install/xgolib/lib:/opt/tros/humble/lib/aarch64-linux-gnu:/opt/tros/humble/lib:/opt/ros/humble/lib/aarch64-linux-gnu:/opt/ros/humble/lib'), ('MOTD_SHOWN', 'pam'), ('HOME', '/home/sunrise'), ('OLDPWD', '/home/sunrise/xgo_demo'), ('SSH_TTY', '/dev/pts/0'), ('ROS_PYTHON_VERSION', '3'), ('DBUS_SESSION_BUS_ADDRESS', 'unix:path=/run/user/1000/bus'), ('TROS_DISTRO', 'humble'), ('COLCON_PREFIX_PATH', '/home/sunrise/xgo_demo/install'), ('ROS_DISTRO', 'humble'), ('LOGNAME', 'sunrise'), ('_', '/home/sunrise/.local/bin/colcon'), ('ROS_VERSION', '2'), ('XDG_SESSION_CLASS', 'user'), ('TERM', 'xterm'), ('XDG_SESSION_ID', '2'), ('ROS_LOCALHOST_ONLY', '0'), ('PATH', '/home/sunrise/xgo_demo/install/hobot_audio/bin:/home/sunrise/.local/bin:/home/sunrise/.local/bin:/opt/tros/humble/bin:/opt/ros/humble/bin:/usr/local/sbin:/usr/local/bin:/usr/sbin:/usr/bin:/sbin:/bin:/usr/games:/usr/local/games:/snap/bin'), ('XDG_RUNTIME_DIR', '/run/user/1000'), ('DISPLAY', 'localhost:10.0'), ('LANG', 'en_US.UTF-8'), ('LS_COLORS', 'rs=0:di=01;34:ln=01;36:mh=00:pi=40;33:so=01;35:do=01;35:bd=40;33;01:cd=40;33;01:or=40;31;01:mi=00:su=37;41:sg=30;43:ca=30;41:tw=30;42:ow=34;42:st=37;44:ex=01;32:*.tar=01;31:*.tgz=01;31:*.arc=01;31:*.arj=01;31:*.taz=01;31:*.lha=01;31:*.lz4=01;31:*.lzh=01;31:*.lzma=01;31:*.tlz=01;31:*.txz=01;31:*.tzo=01;31:*.t7z=01;31:*.zip=01;31:*.z=01;31:*.dz=01;31:*.gz=01;31:*.lrz=01;31:*.lz=01;31:*.lzo=01;31:*.xz=01;31:*.zst=01;31:*.tzst=01;31:*.bz2=01;31:*.bz=01;31:*.tbz=01;31:*.tbz2=01;31:*.tz=01;31:*.deb=01;31:*.rpm=01;31:*.jar=01;31:*.war=01;31:*.ear=01;31:*.sar=01;31:*.rar=01;31:*.alz=01;31:*.ace=01;31:*.zoo=01;31:*.cpio=01;31:*.7z=01;31:*.rz=01;31:*.cab=01;31:*.wim=01;31:*.swm=01;31:*.dwm=01;31:*.esd=01;31:*.jpg=01;35:*.jpeg=01;35:*.mjpg=01;35:*.mjpeg=01;35:*.gif=01;35:*.bmp=01;35:*.pbm=01;35:*.pgm=01;35:*.ppm=01;35:*.tga=01;35:*.xbm=01;35:*.xpm=01;35:*.tif=01;35:*.tiff=01;35:*.png=01;35:*.svg=01;35:*.svgz=01;35:*.mng=01;35:*.pcx=01;35:*.mov=01;35:*.mpg=01;35:*.mpeg=01;35:*.m2v=01;35:*.mkv=01;35:*.webm=01;35:*.webp=01;35:*.ogm=01;35:*.mp4=01;35:*.m4v=01;35:*.mp4v=01;35:*.vob=01;35:*.qt=01;35:*.nuv=01;35:*.wmv=01;35:*.asf=01;35:*.rm=01;35:*.rmvb=01;35:*.flc=01;35:*.avi=01;35:*.fli=01;35:*.flv=01;35:*.gl=01;35:*.dl=01;35:*.xcf=01;35:*.xwd=01;35:*.yuv=01;35:*.cgm=01;35:*.emf=01;35:*.ogv=01;35:*.ogx=01;35:*.aac=00;36:*.au=00;36:*.flac=00;36:*.m4a=00;36:*.mid=00;36:*.midi=00;36:*.mka=00;36:*.mp3=00;36:*.mpc=00;36:*.ogg=00;36:*.ra=00;36:*.wav=00;36:*.oga=00;36:*.opus=00;36:*.spx=00;36:*.xspf=00;36:'), ('AMENT_PREFIX_PATH', '/home/sunrise/xgo_demo/src/install/xgoscreen:/home/sunrise/xgo_demo/src/install/xgolib:/home/sunrise/xgo_demo/install/xgo_gesture_control:/home/sunrise/xgo_demo/install/hobot_audio:/home/sunrise/xgo_demo/install/xgo_motion:/home/sunrise/xgo_demo/install/xgo_head:/home/sunrise/xgo_demo/install/xgo_device:/home/sunrise/xgo_demo/install/xgoscreen:/home/sunrise/xgo_demo/install/xgolib:/home/sunrise/xgo_demo/install/xgo_display:/opt/tros/humble:/opt/ros/humble'), ('SHELL', '/bin/bash'), ('PWD', '/home/sunrise/xgo_demo/src/build/xgo_device'), ('SSH_CONNECTION', '192.168.66.221 5121 192.168.66.94 22'), ('PYTHONPATH', '/home/sunrise/xgo_demo/install/xgo_display/lib/python3.10/site-packages:/opt/tros/humble/lib/python3.10/site-packages:/opt/tros/humble/local/lib/python3.10/dist-packages:/opt/ros/humble/lib/python3.10/site-packages:/opt/ros/humble/local/lib/python3.10/dist-packages'), ('COLCON', '1'), ('CMAKE_PREFIX_PATH', '/home/sunrise/xgo_demo/src/install/xgoscreen:/home/sunrise/xgo_demo/src/install/xgolib:/home/sunrise/xgo_demo/install/xgo_gesture_control:/home/sunrise/xgo_demo/install/hobot_audio:/home/sunrise/xgo_demo/install/xgo_motion:/home/sunrise/xgo_demo/install/xgo_head:/home/sunrise/xgo_demo/install/xgo_device:/home/sunrise/xgo_demo/install/xgoscreen:/home/sunrise/xgo_demo/install/xgolib:/home/sunrise/xgo_demo/install/xgo_display:/opt/tros/humble:/opt/ros/humble')]), 'shell': False}
[188.033776] (-) TimerEvent: {}
[188.173971] (<colcon_parallel_executor.executor.parallel.ParallelExecutorExtension object at 0x7faa4c4d90>) ParallelStatus: {'processing': ('hobot_audio', 'xgo_face_control', 'xgo_gesture_control', 'xgo_device')}
[188.279670] (-) TimerEvent: {}
[188.382278] (xgo_device) StdoutLine: {'line': b'-- Found ament_cmake: 1.3.11 (/opt/ros/humble/share/ament_cmake/cmake)\n'}
[188.797733] (-) TimerEvent: {}
[189.002595] (-) TimerEvent: {}
[189.206438] (-) TimerEvent: {}
[189.410418] (-) TimerEvent: {}
[189.614442] (-) TimerEvent: {}
[189.818427] (-) TimerEvent: {}
[190.022425] (-) TimerEvent: {}
[190.226374] (-) TimerEvent: {}
[190.430389] (-) TimerEvent: {}
[190.634440] (-) TimerEvent: {}
[190.838413] (-) TimerEvent: {}
[191.042402] (-) TimerEvent: {}
[191.246382] (-) TimerEvent: {}
[191.450382] (-) TimerEvent: {}
[191.655014] (-) TimerEvent: {}
[191.858369] (-) TimerEvent: {}
[192.062399] (-) TimerEvent: {}
[192.266475] (-) TimerEvent: {}
[193.066454] (-) TimerEvent: {}
[193.270421] (-) TimerEvent: {}
[193.474440] (-) TimerEvent: {}
[193.678435] (-) TimerEvent: {}
[193.882446] (-) TimerEvent: {}
[194.086440] (-) TimerEvent: {}
[194.290394] (-) TimerEvent: {}
[194.494337] (-) TimerEvent: {}
[194.698400] (-) TimerEvent: {}
[194.902387] (-) TimerEvent: {}
[195.106447] (-) TimerEvent: {}
[195.310364] (-) TimerEvent: {}
[195.514439] (-) TimerEvent: {}
[195.722500] (-) TimerEvent: {}
[195.926427] (-) TimerEvent: {}
[196.130507] (-) TimerEvent: {}
[196.334399] (-) TimerEvent: {}
[196.538473] (-) TimerEvent: {}
[196.742462] (-) TimerEvent: {}
[196.946407] (-) TimerEvent: {}
[197.150375] (-) TimerEvent: {}
[197.251318] (-) TimerEvent: {}
[197.352247] (-) TimerEvent: {}
[197.453166] (-) TimerEvent: {}
[197.554178] (-) TimerEvent: {}
[197.655117] (-) TimerEvent: {}
[197.756053] (-) TimerEvent: {}
[197.856987] (-) TimerEvent: {}
[197.957962] (-) TimerEvent: {}
[198.058923] (-) TimerEvent: {}
[198.159917] (-) TimerEvent: {}
[198.260937] (-) TimerEvent: {}
[198.361951] (-) TimerEvent: {}
[198.463003] (-) TimerEvent: {}
[198.563993] (-) TimerEvent: {}
[198.665025] (-) TimerEvent: {}
[198.766027] (-) TimerEvent: {}
[198.867046] (-) TimerEvent: {}
[198.968152] (-) TimerEvent: {}
[199.069184] (-) TimerEvent: {}
[199.170279] (-) TimerEvent: {}
[199.271292] (-) TimerEvent: {}
[199.372264] (-) TimerEvent: {}
[199.473220] (-) TimerEvent: {}
[199.574509] (-) TimerEvent: {}
[199.675480] (-) TimerEvent: {}
[199.776523] (-) TimerEvent: {}
[199.877560] (-) TimerEvent: {}
[199.978657] (-) TimerEvent: {}
[200.079844] (-) TimerEvent: {}
[200.180782] (-) TimerEvent: {}
[200.281676] (-) TimerEvent: {}
[200.382613] (-) TimerEvent: {}
[200.483596] (-) TimerEvent: {}
[200.584529] (-) TimerEvent: {}
[200.685495] (-) TimerEvent: {}
[200.786420] (-) TimerEvent: {}
[200.887349] (-) TimerEvent: {}
[200.988282] (-) TimerEvent: {}
[201.089206] (-) TimerEvent: {}
[201.190650] (-) TimerEvent: {}
[201.291728] (-) TimerEvent: {}
[201.392750] (-) TimerEvent: {}
[201.493835] (-) TimerEvent: {}
[201.594946] (-) TimerEvent: {}
[201.695904] (-) TimerEvent: {}
[201.796956] (-) TimerEvent: {}
[201.897948] (-) TimerEvent: {}
[201.999096] (-) TimerEvent: {}
[202.100084] (-) TimerEvent: {}
[202.201212] (-) TimerEvent: {}
[202.302528] (-) TimerEvent: {}
[202.403736] (-) TimerEvent: {}
[202.504734] (-) TimerEvent: {}
[202.605669] (-) TimerEvent: {}
[202.706603] (-) TimerEvent: {}
[202.807582] (-) TimerEvent: {}
[202.908509] (-) TimerEvent: {}
[203.009496] (-) TimerEvent: {}
[203.110570] (-) TimerEvent: {}
[203.211729] (-) TimerEvent: {}
[203.312682] (-) TimerEvent: {}
[203.413652] (-) TimerEvent: {}
[203.441155] (xgo_device) StdoutLine: {'line': b'-- Found rclcpp: 16.0.12 (/opt/ros/humble/share/rclcpp/cmake)\n'}
[203.513858] (-) TimerEvent: {}
[203.614857] (-) TimerEvent: {}
[203.715777] (-) TimerEvent: {}
[203.816686] (-) TimerEvent: {}
[203.917606] (-) TimerEvent: {}
[204.018501] (-) TimerEvent: {}
[204.119410] (-) TimerEvent: {}
[204.220334] (-) TimerEvent: {}
[204.321274] (-) TimerEvent: {}
[204.422309] (-) TimerEvent: {}
[204.523265] (-) TimerEvent: {}
[204.624251] (-) TimerEvent: {}
[204.725356] (-) TimerEvent: {}
[204.826370] (-) TimerEvent: {}
[204.927245] (-) TimerEvent: {}
[205.028189] (-) TimerEvent: {}
[205.129207] (-) TimerEvent: {}
[205.230293] (-) TimerEvent: {}
[205.318483] (xgo_device) StdoutLine: {'line': b'-- Found rosidl_generator_c: 3.1.6 (/opt/ros/humble/share/rosidl_generator_c/cmake)\n'}
[205.330491] (-) TimerEvent: {}
[205.355028] (xgo_device) StdoutLine: {'line': b'-- Found rosidl_adapter: 3.1.6 (/opt/ros/humble/share/rosidl_adapter/cmake)\n'}
[205.430699] (-) TimerEvent: {}
[205.508605] (xgo_device) StdoutLine: {'line': b'-- Found rosidl_generator_cpp: 3.1.6 (/opt/ros/humble/share/rosidl_generator_cpp/cmake)\n'}
[205.530973] (-) TimerEvent: {}
[205.631911] (-) TimerEvent: {}
[205.732932] (-) TimerEvent: {}
[205.833944] (-) TimerEvent: {}
[205.934849] (-) TimerEvent: {}
[206.035760] (-) TimerEvent: {}
[206.136673] (-) TimerEvent: {}
[206.237604] (-) TimerEvent: {}
[206.338575] (-) TimerEvent: {}
[206.439579] (-) TimerEvent: {}
[206.540535] (-) TimerEvent: {}
[206.641547] (-) TimerEvent: {}
[206.742466] (-) TimerEvent: {}
[206.843372] (-) TimerEvent: {}
[206.944284] (-) TimerEvent: {}
[207.045209] (-) TimerEvent: {}
[207.146164] (-) TimerEvent: {}
[207.247093] (-) TimerEvent: {}
[207.348073] (-) TimerEvent: {}
[207.449004] (-) TimerEvent: {}
[208.188969] (xgo_device) StdoutLine: {'line': b'-- Using all available rosidl_typesupport_c: rosidl_typesupport_fastrtps_c;rosidl_typesupport_introspection_c\n'}
[208.190714] (-) TimerEvent: {}
[208.191390] (xgo_device) StdoutLine: {'line': b'-- Using all available rosidl_typesupport_cpp: rosidl_typesupport_fastrtps_cpp;rosidl_typesupport_introspection_cpp\n'}
[208.290955] (-) TimerEvent: {}
[208.391928] (-) TimerEvent: {}
[208.493097] (-) TimerEvent: {}
[208.594172] (-) TimerEvent: {}
[208.695126] (-) TimerEvent: {}
[208.796101] (-) TimerEvent: {}
[208.897083] (-) TimerEvent: {}
[208.998174] (-) TimerEvent: {}
[209.099107] (-) TimerEvent: {}
[209.155923] (xgo_device) StdoutLine: {'line': b'-- Found rmw_implementation_cmake: 6.1.2 (/opt/ros/humble/share/rmw_implementation_cmake/cmake)\n'}
[209.178932] (xgo_device) StdoutLine: {'line': b'-- Found rmw_fastrtps_cpp: 6.2.7 (/opt/ros/humble/share/rmw_fastrtps_cpp/cmake)\n'}
[209.199301] (-) TimerEvent: {}
[209.300254] (-) TimerEvent: {}
[209.401250] (-) TimerEvent: {}
[209.502314] (-) TimerEvent: {}
[209.604284] (-) TimerEvent: {}
[209.705340] (-) TimerEvent: {}
[209.807481] (-) TimerEvent: {}
[209.908597] (-) TimerEvent: {}
[210.009690] (-) TimerEvent: {}
[210.110936] (-) TimerEvent: {}
[210.211967] (-) TimerEvent: {}
[210.313221] (-) TimerEvent: {}
[210.414376] (-) TimerEvent: {}
[210.515965] (-) TimerEvent: {}
[210.617196] (-) TimerEvent: {}
[210.719968] (-) TimerEvent: {}
[210.745989] (xgo_device) StdoutLine: {'line': b"-- Using RMW implementation 'rmw_fastrtps_cpp' as default\n"}
[210.820240] (-) TimerEvent: {}
[210.921525] (-) TimerEvent: {}
[211.022661] (-) TimerEvent: {}
[211.123776] (-) TimerEvent: {}
[211.224820] (-) TimerEvent: {}
[211.325946] (-) TimerEvent: {}
[211.427100] (-) TimerEvent: {}
[211.528128] (-) TimerEvent: {}
[211.629179] (-) TimerEvent: {}
[211.730130] (-) TimerEvent: {}
[211.831094] (-) TimerEvent: {}
[211.932190] (-) TimerEvent: {}
[211.979389] (xgo_device) StdoutLine: {'line': b'-- Found xgolib: 1.0.0 (/home/sunrise/xgo_demo/install/xgolib/share/xgolib/cmake)\n'}
[212.032387] (-) TimerEvent: {}
[212.039547] (xgo_device) StdoutLine: {'line': b'-- Found xgoscreen: 0.0.1 (/home/sunrise/xgo_demo/src/install/xgoscreen/share/xgoscreen/cmake)\n'}
[212.132610] (-) TimerEvent: {}
[212.233711] (-) TimerEvent: {}
[212.334738] (-) TimerEvent: {}
[212.435809] (-) TimerEvent: {}
[212.536910] (-) TimerEvent: {}
[212.638055] (-) TimerEvent: {}
[212.739113] (-) TimerEvent: {}
[212.840038] (-) TimerEvent: {}
[212.941143] (-) TimerEvent: {}
[213.042166] (-) TimerEvent: {}
[213.144278] (-) TimerEvent: {}
[213.245603] (-) TimerEvent: {}
[213.346662] (-) TimerEvent: {}
[213.447710] (-) TimerEvent: {}
[213.548743] (-) TimerEvent: {}
[213.649761] (-) TimerEvent: {}
[213.750761] (-) TimerEvent: {}
[213.851663] (-) TimerEvent: {}
[213.952576] (-) TimerEvent: {}
[214.053608] (-) TimerEvent: {}
[214.154549] (-) TimerEvent: {}
[214.255623] (-) TimerEvent: {}
[214.356572] (-) TimerEvent: {}
[214.457615] (-) TimerEvent: {}
[214.558606] (-) TimerEvent: {}
[214.659490] (-) TimerEvent: {}
[214.760494] (-) TimerEvent: {}
[214.861561] (-) TimerEvent: {}
[214.938492] (<colcon_parallel_executor.executor.parallel.ParallelExecutorExtension object at 0x7faa4c4d90>) ParallelStatus: {'processing': ('hobot_audio', 'xgo_face_control', 'xgo_gesture_control', 'xgo_device')}
[214.961747] (-) TimerEvent: {}
[215.062710] (-) TimerEvent: {}
[215.163643] (-) TimerEvent: {}
[215.264516] (-) TimerEvent: {}
[215.365532] (-) TimerEvent: {}
[215.466505] (-) TimerEvent: {}
[215.567561] (-) TimerEvent: {}
[215.668511] (-) TimerEvent: {}
[215.769478] (-) TimerEvent: {}
[215.870458] (-) TimerEvent: {}
[215.971372] (-) TimerEvent: {}
[216.072282] (-) TimerEvent: {}
[216.173317] (-) TimerEvent: {}
[216.275135] (-) TimerEvent: {}
[216.376086] (-) TimerEvent: {}
[216.477299] (-) TimerEvent: {}
[216.578445] (-) TimerEvent: {}
[216.679453] (-) TimerEvent: {}
[216.780408] (-) TimerEvent: {}
[216.881479] (-) TimerEvent: {}
[216.982418] (-) TimerEvent: {}
[217.083873] (-) TimerEvent: {}
[217.184803] (-) TimerEvent: {}
[217.285757] (-) TimerEvent: {}
[217.386739] (-) TimerEvent: {}
[217.487833] (-) TimerEvent: {}
[217.588887] (-) TimerEvent: {}
[217.689852] (-) TimerEvent: {}
[217.790853] (-) TimerEvent: {}
[217.891814] (-) TimerEvent: {}
[217.992783] (-) TimerEvent: {}
[218.093786] (-) TimerEvent: {}
[218.194746] (-) TimerEvent: {}
[218.295730] (-) TimerEvent: {}
[218.396677] (-) TimerEvent: {}
[218.497629] (-) TimerEvent: {}
[218.599012] (-) TimerEvent: {}
[218.700692] (-) TimerEvent: {}
[218.801738] (-) TimerEvent: {}
[218.902748] (-) TimerEvent: {}
[219.003691] (-) TimerEvent: {}
[219.104673] (-) TimerEvent: {}
[219.205616] (-) TimerEvent: {}
[219.306534] (-) TimerEvent: {}
[219.407473] (-) TimerEvent: {}
[219.508373] (-) TimerEvent: {}
[219.609284] (-) TimerEvent: {}
[219.710218] (-) TimerEvent: {}
[219.811139] (-) TimerEvent: {}
[219.912067] (-) TimerEvent: {}
[220.013061] (-) TimerEvent: {}
[220.114181] (-) TimerEvent: {}
[220.215102] (-) TimerEvent: {}
[220.316146] (-) TimerEvent: {}
[220.417264] (-) TimerEvent: {}
[220.518283] (-) TimerEvent: {}
[220.619265] (-) TimerEvent: {}
[220.720251] (-) TimerEvent: {}
[220.821237] (-) TimerEvent: {}
[220.922241] (-) TimerEvent: {}
[221.023210] (-) TimerEvent: {}
[221.124118] (-) TimerEvent: {}
[221.225028] (-) TimerEvent: {}
[221.325987] (-) TimerEvent: {}
[221.426976] (-) TimerEvent: {}
[221.528008] (-) TimerEvent: {}
[221.628967] (-) TimerEvent: {}
[221.730078] (-) TimerEvent: {}
[221.831217] (-) TimerEvent: {}
[221.932260] (-) TimerEvent: {}
[222.033282] (-) TimerEvent: {}
[222.134404] (-) TimerEvent: {}
[222.235323] (-) TimerEvent: {}
[222.336253] (-) TimerEvent: {}
[222.437291] (-) TimerEvent: {}
[222.538294] (-) TimerEvent: {}
[222.639673] (-) TimerEvent: {}
[222.740728] (-) TimerEvent: {}
[222.841648] (-) TimerEvent: {}
[222.942555] (-) TimerEvent: {}
[223.043468] (-) TimerEvent: {}
[223.144400] (-) TimerEvent: {}
[223.245343] (-) TimerEvent: {}
[223.346341] (-) TimerEvent: {}
[223.447279] (-) TimerEvent: {}
[223.548254] (-) TimerEvent: {}
[223.649332] (-) TimerEvent: {}
[223.750399] (-) TimerEvent: {}
[223.851419] (-) TimerEvent: {}
[223.952488] (-) TimerEvent: {}
[224.053591] (-) TimerEvent: {}
[224.154787] (-) TimerEvent: {}
[224.255785] (-) TimerEvent: {}
[224.356902] (-) TimerEvent: {}
[224.457956] (-) TimerEvent: {}
[224.559153] (-) TimerEvent: {}
[224.660218] (-) TimerEvent: {}
[224.761239] (-) TimerEvent: {}
[224.862311] (-) TimerEvent: {}
[224.963466] (-) TimerEvent: {}
[225.064638] (-) TimerEvent: {}
[225.165814] (-) TimerEvent: {}
[225.266766] (-) TimerEvent: {}
[225.367783] (-) TimerEvent: {}
[225.468735] (-) TimerEvent: {}
[225.569834] (-) TimerEvent: {}
[225.670783] (-) TimerEvent: {}
[225.771973] (-) TimerEvent: {}
[225.872987] (-) TimerEvent: {}
[225.973932] (-) TimerEvent: {}
[226.074848] (-) TimerEvent: {}
[226.175761] (-) TimerEvent: {}
[226.276676] (-) TimerEvent: {}
[226.377660] (-) TimerEvent: {}
[226.478829] (-) TimerEvent: {}
[226.580028] (-) TimerEvent: {}
[226.680991] (-) TimerEvent: {}
[226.782182] (-) TimerEvent: {}
[226.883141] (-) TimerEvent: {}
[226.984072] (-) TimerEvent: {}
[227.085069] (-) TimerEvent: {}
[227.186062] (-) TimerEvent: {}
[227.287200] (-) TimerEvent: {}
[227.388199] (-) TimerEvent: {}
[227.489160] (-) TimerEvent: {}
[227.590134] (-) TimerEvent: {}
[227.692034] (-) TimerEvent: {}
[227.793003] (-) TimerEvent: {}
[227.893955] (-) TimerEvent: {}
[227.995013] (-) TimerEvent: {}
[228.096107] (-) TimerEvent: {}
[228.197124] (-) TimerEvent: {}
[228.298234] (-) TimerEvent: {}
[228.399236] (-) TimerEvent: {}
[228.500295] (-) TimerEvent: {}
[228.601325] (-) TimerEvent: {}
[228.702410] (-) TimerEvent: {}
[228.803474] (-) TimerEvent: {}
[228.904412] (-) TimerEvent: {}
[229.005287] (-) TimerEvent: {}
[229.106211] (-) TimerEvent: {}
[229.207314] (-) TimerEvent: {}
[229.309453] (-) TimerEvent: {}
[229.410410] (-) TimerEvent: {}
[229.511304] (-) TimerEvent: {}
[229.612206] (-) TimerEvent: {}
[229.713335] (-) TimerEvent: {}
[229.815385] (-) TimerEvent: {}
[229.916252] (-) TimerEvent: {}
[230.017111] (-) TimerEvent: {}
[230.118028] (-) TimerEvent: {}
[230.219136] (-) TimerEvent: {}
[230.321030] (-) TimerEvent: {}
[230.422017] (-) TimerEvent: {}
[230.523069] (-) TimerEvent: {}
[230.624180] (-) TimerEvent: {}
[230.725281] (-) TimerEvent: {}
[230.826423] (-) TimerEvent: {}
[230.927458] (-) TimerEvent: {}
[231.028440] (-) TimerEvent: {}
[231.129486] (-) TimerEvent: {}
[231.230475] (-) TimerEvent: {}
[231.331750] (-) TimerEvent: {}
[231.432993] (-) TimerEvent: {}
[231.534130] (-) TimerEvent: {}
[231.635248] (-) TimerEvent: {}
[231.736229] (-) TimerEvent: {}
[231.845825] (-) TimerEvent: {}
[231.846750] (xgo_device) StdoutLine: {'line': b'-- Configuring done\n'}
[231.946036] (-) TimerEvent: {}
[232.047094] (-) TimerEvent: {}
[232.148219] (-) TimerEvent: {}
[232.249259] (-) TimerEvent: {}
[232.350199] (-) TimerEvent: {}
[232.451126] (-) TimerEvent: {}
[232.552046] (-) TimerEvent: {}
[232.653003] (-) TimerEvent: {}
[232.753962] (-) TimerEvent: {}
[232.854914] (-) TimerEvent: {}
[232.955836] (-) TimerEvent: {}
[233.056781] (-) TimerEvent: {}
[233.157753] (-) TimerEvent: {}
[233.258670] (-) TimerEvent: {}
[233.359615] (-) TimerEvent: {}
[233.460547] (-) TimerEvent: {}
[233.561523] (-) TimerEvent: {}
[233.662455] (-) TimerEvent: {}
[233.763445] (-) TimerEvent: {}
[233.864520] (-) TimerEvent: {}
[233.965622] (-) TimerEvent: {}
[234.066600] (-) TimerEvent: {}
[234.167509] (-) TimerEvent: {}
[234.268573] (-) TimerEvent: {}
[234.369558] (-) TimerEvent: {}
[234.470533] (-) TimerEvent: {}
[234.571478] (-) TimerEvent: {}
[234.672394] (-) TimerEvent: {}
[234.773368] (-) TimerEvent: {}
[234.874347] (-) TimerEvent: {}
[234.975441] (-) TimerEvent: {}
[235.076431] (-) TimerEvent: {}
[235.177394] (-) TimerEvent: {}
[235.278354] (-) TimerEvent: {}
[235.379286] (-) TimerEvent: {}
[235.480256] (-) TimerEvent: {}
[235.581196] (-) TimerEvent: {}
[235.682122] (-) TimerEvent: {}
[235.783035] (-) TimerEvent: {}
[235.883971] (-) TimerEvent: {}
[235.984893] (-) TimerEvent: {}
[236.085879] (-) TimerEvent: {}
[236.186853] (-) TimerEvent: {}
[236.287782] (-) TimerEvent: {}
[236.388721] (-) TimerEvent: {}
[236.489922] (-) TimerEvent: {}
[236.591838] (-) TimerEvent: {}
[236.693128] (-) TimerEvent: {}
[236.794102] (-) TimerEvent: {}
[236.895072] (-) TimerEvent: {}
[236.996038] (-) TimerEvent: {}
[237.097036] (-) TimerEvent: {}
[237.198130] (-) TimerEvent: {}
[237.299127] (-) TimerEvent: {}
[237.400049] (-) TimerEvent: {}
[237.501130] (-) TimerEvent: {}
[237.602117] (-) TimerEvent: {}
[237.703043] (-) TimerEvent: {}
[237.803976] (-) TimerEvent: {}
[237.904917] (-) TimerEvent: {}
[238.005921] (-) TimerEvent: {}
[238.106867] (-) TimerEvent: {}
[238.207791] (-) TimerEvent: {}
[238.308745] (-) TimerEvent: {}
[238.409708] (-) TimerEvent: {}
[238.510639] (-) TimerEvent: {}
[238.611742] (-) TimerEvent: {}
[238.712854] (-) TimerEvent: {}
[238.814529] (-) TimerEvent: {}
[238.915595] (-) TimerEvent: {}
[239.016593] (-) TimerEvent: {}
[239.117731] (-) TimerEvent: {}
[239.218649] (-) TimerEvent: {}
[239.319900] (-) TimerEvent: {}
[239.420819] (-) TimerEvent: {}
[239.521770] (-) TimerEvent: {}
[239.622702] (-) TimerEvent: {}
[239.723627] (-) TimerEvent: {}
[239.824570] (-) TimerEvent: {}
[239.925651] (-) TimerEvent: {}
[240.026598] (-) TimerEvent: {}
[240.127539] (-) TimerEvent: {}
[240.228466] (-) TimerEvent: {}
[240.329409] (-) TimerEvent: {}
[240.430361] (-) TimerEvent: {}
[240.531294] (-) TimerEvent: {}
[240.632219] (-) TimerEvent: {}
[240.733144] (-) TimerEvent: {}
[240.834116] (-) TimerEvent: {}
[240.935042] (-) TimerEvent: {}
[241.036016] (-) TimerEvent: {}
[241.136946] (-) TimerEvent: {}
[241.237917] (-) TimerEvent: {}
[241.338845] (-) TimerEvent: {}
[241.439783] (-) TimerEvent: {}
[241.540718] (-) TimerEvent: {}
[241.641702] (-) TimerEvent: {}
[241.742676] (-) TimerEvent: {}
[241.843625] (-) TimerEvent: {}
[241.944558] (-) TimerEvent: {}
[242.045534] (-) TimerEvent: {}
[242.146448] (-) TimerEvent: {}
[242.247393] (-) TimerEvent: {}
[242.348330] (-) TimerEvent: {}
[242.449275] (-) TimerEvent: {}
[242.550245] (-) TimerEvent: {}
[242.651198] (-) TimerEvent: {}
[242.752233] (-) TimerEvent: {}
[242.853168] (-) TimerEvent: {}
[242.954151] (-) TimerEvent: {}
[243.055085] (-) TimerEvent: {}
[243.156030] (-) TimerEvent: {}
[243.256933] (-) TimerEvent: {}
[243.357925] (-) TimerEvent: {}
[243.458835] (-) TimerEvent: {}
[243.559779] (-) TimerEvent: {}
[243.660721] (-) TimerEvent: {}
[243.761674] (-) TimerEvent: {}
[243.862597] (-) TimerEvent: {}
[243.963527] (-) TimerEvent: {}
[244.064480] (-) TimerEvent: {}
[244.165390] (-) TimerEvent: {}
[244.266396] (-) TimerEvent: {}
[244.353745] (xgo_device) StdoutLine: {'line': b'-- Generating done\n'}
[244.366561] (-) TimerEvent: {}
[244.467464] (-) TimerEvent: {}
[244.557972] (xgo_device) StdoutLine: {'line': b'-- Build files have been written to: /home/sunrise/xgo_demo/src/build/xgo_device\n'}
[244.567739] (-) TimerEvent: {}
[244.668834] (-) TimerEvent: {}
[244.769872] (-) TimerEvent: {}
[244.870857] (-) TimerEvent: {}
[244.971091] (<colcon_parallel_executor.executor.parallel.ParallelExecutorExtension object at 0x7faa4c4d90>) ParallelStatus: {'processing': ('hobot_audio', 'xgo_face_control', 'xgo_gesture_control', 'xgo_device')}
[244.971637] (-) TimerEvent: {}
[245.072542] (-) TimerEvent: {}
[245.173517] (-) TimerEvent: {}
[245.274515] (-) TimerEvent: {}
[245.375551] (-) TimerEvent: {}
[245.476499] (-) TimerEvent: {}
[245.577448] (-) TimerEvent: {}
[245.678478] (-) TimerEvent: {}
[245.779403] (-) TimerEvent: {}
[245.880351] (-) TimerEvent: {}
[245.981263] (-) TimerEvent: {}
[246.082229] (-) TimerEvent: {}
[246.183163] (-) TimerEvent: {}
[246.284096] (-) TimerEvent: {}
[246.385034] (-) TimerEvent: {}
[246.486023] (-) TimerEvent: {}
[246.586974] (-) TimerEvent: {}
[246.687908] (-) TimerEvent: {}
[246.788851] (-) TimerEvent: {}
[246.889812] (-) TimerEvent: {}
[246.990750] (-) TimerEvent: {}
[247.091798] (-) TimerEvent: {}
[247.192730] (-) TimerEvent: {}
[247.293683] (-) TimerEvent: {}
[247.394618] (-) TimerEvent: {}
[247.495564] (-) TimerEvent: {}
[247.596745] (-) TimerEvent: {}
[247.698920] (-) TimerEvent: {}
[247.799916] (-) TimerEvent: {}
[247.900867] (-) TimerEvent: {}
[248.001848] (-) TimerEvent: {}
[248.102778] (-) TimerEvent: {}
[248.203698] (-) TimerEvent: {}
[248.304640] (-) TimerEvent: {}
[248.405688] (-) TimerEvent: {}
[248.506654] (-) TimerEvent: {}
[248.607566] (-) TimerEvent: {}
[248.708498] (-) TimerEvent: {}
[248.809457] (-) TimerEvent: {}
[248.910383] (-) TimerEvent: {}
[249.011328] (-) TimerEvent: {}
[249.112250] (-) TimerEvent: {}
[249.213176] (-) TimerEvent: {}
[249.314123] (-) TimerEvent: {}
[249.415054] (-) TimerEvent: {}
[249.516006] (-) TimerEvent: {}
[249.616942] (-) TimerEvent: {}
[249.717902] (-) TimerEvent: {}
[249.818833] (-) TimerEvent: {}
[249.919774] (-) TimerEvent: {}
[250.020779] (-) TimerEvent: {}
[250.121842] (-) TimerEvent: {}
[250.222797] (-) TimerEvent: {}
[250.323896] (-) TimerEvent: {}
[250.424822] (-) TimerEvent: {}
[250.525799] (-) TimerEvent: {}
[250.626848] (-) TimerEvent: {}
[250.727844] (-) TimerEvent: {}
[250.828848] (-) TimerEvent: {}
[250.929868] (-) TimerEvent: {}
[251.030920] (-) TimerEvent: {}
[251.131866] (-) TimerEvent: {}
[251.232825] (-) TimerEvent: {}
[251.333803] (-) TimerEvent: {}
[251.434742] (-) TimerEvent: {}
[251.535673] (-) TimerEvent: {}
[251.636609] (-) TimerEvent: {}
[251.737557] (-) TimerEvent: {}
[251.838487] (-) TimerEvent: {}
[251.939417] (-) TimerEvent: {}
[252.040338] (-) TimerEvent: {}
[252.141292] (-) TimerEvent: {}
[252.242268] (-) TimerEvent: {}
[252.343252] (-) TimerEvent: {}
[252.444767] (-) TimerEvent: {}
[252.546238] (-) TimerEvent: {}
[252.648199] (-) TimerEvent: {}
[252.749364] (-) TimerEvent: {}
[252.850576] (-) TimerEvent: {}
[252.952010] (-) TimerEvent: {}
[253.052935] (-) TimerEvent: {}
[253.153913] (-) TimerEvent: {}
[253.254847] (-) TimerEvent: {}
[253.355789] (-) TimerEvent: {}
[253.456727] (-) TimerEvent: {}
[253.557692] (-) TimerEvent: {}
[253.658615] (-) TimerEvent: {}
[253.759638] (-) TimerEvent: {}
[253.860566] (-) TimerEvent: {}
[253.961503] (-) TimerEvent: {}
[254.062479] (-) TimerEvent: {}
[254.163502] (-) TimerEvent: {}
[254.264419] (-) TimerEvent: {}
[254.365353] (-) TimerEvent: {}
[254.466356] (-) TimerEvent: {}
[254.567317] (-) TimerEvent: {}
[254.668501] (-) TimerEvent: {}
[254.769601] (-) TimerEvent: {}
[254.870535] (-) TimerEvent: {}
[254.971482] (-) TimerEvent: {}
[255.072431] (-) TimerEvent: {}
[255.173522] (-) TimerEvent: {}
[255.274602] (-) TimerEvent: {}
[255.375653] (-) TimerEvent: {}
[255.476590] (-) TimerEvent: {}
[255.577565] (-) TimerEvent: {}
[255.678510] (-) TimerEvent: {}
[255.779457] (-) TimerEvent: {}
[255.880404] (-) TimerEvent: {}
[255.981373] (-) TimerEvent: {}
[256.086765] (-) TimerEvent: {}
[256.187796] (-) TimerEvent: {}
[256.288744] (-) TimerEvent: {}
[256.389937] (-) TimerEvent: {}
[256.491480] (-) TimerEvent: {}
[256.593084] (-) TimerEvent: {}
[256.694257] (-) TimerEvent: {}
[256.795196] (-) TimerEvent: {}
[256.896184] (-) TimerEvent: {}
[257.081828] (-) TimerEvent: {}
[257.182786] (-) TimerEvent: {}
[257.283761] (-) TimerEvent: {}
[257.384667] (-) TimerEvent: {}
[257.485587] (-) TimerEvent: {}
[257.586523] (-) TimerEvent: {}
[257.687462] (-) TimerEvent: {}
[257.788391] (-) TimerEvent: {}
[257.889305] (-) TimerEvent: {}
[257.990390] (-) TimerEvent: {}
[258.091305] (-) TimerEvent: {}
[258.192232] (-) TimerEvent: {}
[258.293165] (-) TimerEvent: {}
[258.394123] (-) TimerEvent: {}
[258.495057] (-) TimerEvent: {}
[258.595983] (-) TimerEvent: {}
[258.696905] (-) TimerEvent: {}
[258.797877] (-) TimerEvent: {}
[258.898816] (-) TimerEvent: {}
[258.999863] (-) TimerEvent: {}
[259.100867] (-) TimerEvent: {}
[259.201852] (-) TimerEvent: {}
[259.302768] (-) TimerEvent: {}
[259.403702] (-) TimerEvent: {}
[259.504652] (-) TimerEvent: {}
[259.605721] (-) TimerEvent: {}
[259.706723] (-) TimerEvent: {}
[259.807633] (-) TimerEvent: {}
[259.908569] (-) TimerEvent: {}
[260.009536] (-) TimerEvent: {}
[260.110463] (-) TimerEvent: {}
[260.211537] (-) TimerEvent: {}
[260.312506] (-) TimerEvent: {}
[260.413467] (-) TimerEvent: {}
[260.514399] (-) TimerEvent: {}
[260.615318] (-) TimerEvent: {}
[260.716251] (-) TimerEvent: {}
[260.817212] (-) TimerEvent: {}
[260.918246] (-) TimerEvent: {}
[261.019203] (-) TimerEvent: {}
[261.120131] (-) TimerEvent: {}
[261.221058] (-) TimerEvent: {}
[261.322045] (-) TimerEvent: {}
[261.422998] (-) TimerEvent: {}
[261.524014] (-) TimerEvent: {}
[261.624960] (-) TimerEvent: {}
[261.726011] (-) TimerEvent: {}
[261.826927] (-) TimerEvent: {}
[261.927853] (-) TimerEvent: {}
[262.028775] (-) TimerEvent: {}
[262.129711] (-) TimerEvent: {}
[262.230635] (-) TimerEvent: {}
[262.331613] (-) TimerEvent: {}
[262.432607] (-) TimerEvent: {}
[262.533589] (-) TimerEvent: {}
[262.634659] (-) TimerEvent: {}
[262.735669] (-) TimerEvent: {}
[262.836597] (-) TimerEvent: {}
[262.937550] (-) TimerEvent: {}
[263.038474] (-) TimerEvent: {}
[263.139399] (-) TimerEvent: {}
[263.240321] (-) TimerEvent: {}
[263.341244] (-) TimerEvent: {}
[263.442201] (-) TimerEvent: {}
[263.543128] (-) TimerEvent: {}
[263.644068] (-) TimerEvent: {}
[263.744999] (-) TimerEvent: {}
[263.845997] (-) TimerEvent: {}
[263.946961] (-) TimerEvent: {}
[264.047888] (-) TimerEvent: {}
[264.148827] (-) TimerEvent: {}
[264.249786] (-) TimerEvent: {}
[264.350729] (-) TimerEvent: {}
[264.451648] (-) TimerEvent: {}
[264.552625] (-) TimerEvent: {}
[264.653612] (-) TimerEvent: {}
[264.754551] (-) TimerEvent: {}
[264.778155] (xgo_device) StdoutLine: {'line': b'\x1b[35m\x1b[1mConsolidate compiler generated dependencies of target device_info_node\x1b[0m\n'}
[264.854741] (-) TimerEvent: {}
[264.955691] (-) TimerEvent: {}
[265.056635] (-) TimerEvent: {}
[265.157593] (-) TimerEvent: {}
[265.258537] (-) TimerEvent: {}
[265.359535] (-) TimerEvent: {}
[265.460468] (-) TimerEvent: {}
[265.561408] (-) TimerEvent: {}
[265.662365] (-) TimerEvent: {}
[265.763296] (-) TimerEvent: {}
[265.864231] (-) TimerEvent: {}
[265.965164] (-) TimerEvent: {}
[266.066125] (-) TimerEvent: {}
[266.167075] (-) TimerEvent: {}
[266.268031] (-) TimerEvent: {}
[266.368975] (-) TimerEvent: {}
[266.469971] (-) TimerEvent: {}
[266.570905] (-) TimerEvent: {}
[266.671844] (-) TimerEvent: {}
[266.772817] (-) TimerEvent: {}
[266.873882] (-) TimerEvent: {}
[266.974819] (-) TimerEvent: {}
[267.075821] (-) TimerEvent: {}
[267.176917] (-) TimerEvent: {}
[267.277926] (-) TimerEvent: {}
[267.378877] (-) TimerEvent: {}
[267.479916] (-) TimerEvent: {}
[267.580969] (-) TimerEvent: {}
[267.682067] (-) TimerEvent: {}
[267.782982] (-) TimerEvent: {}
[267.883912] (-) TimerEvent: {}
[267.984873] (-) TimerEvent: {}
[268.085833] (-) TimerEvent: {}
[268.186754] (-) TimerEvent: {}
[268.287665] (-) TimerEvent: {}
[268.388612] (-) TimerEvent: {}
[268.490203] (-) TimerEvent: {}
[268.591137] (-) TimerEvent: {}
[268.692079] (-) TimerEvent: {}
[268.793007] (-) TimerEvent: {}
[268.893988] (-) TimerEvent: {}
[268.994912] (-) TimerEvent: {}
[269.095842] (-) TimerEvent: {}
[269.196780] (-) TimerEvent: {}
[269.297746] (-) TimerEvent: {}
[269.398685] (-) TimerEvent: {}
[269.499627] (-) TimerEvent: {}
[269.600587] (-) TimerEvent: {}
[269.701572] (-) TimerEvent: {}
[269.802638] (-) TimerEvent: {}
[269.903649] (-) TimerEvent: {}
[270.004586] (-) TimerEvent: {}
[270.105550] (-) TimerEvent: {}
[270.206476] (-) TimerEvent: {}
[270.307385] (-) TimerEvent: {}
[270.408368] (-) TimerEvent: {}
[270.509275] (-) TimerEvent: {}
[270.610257] (-) TimerEvent: {}
[270.711218] (-) TimerEvent: {}
[270.812135] (-) TimerEvent: {}
[270.913056] (-) TimerEvent: {}
[271.014010] (-) TimerEvent: {}
[271.114932] (-) TimerEvent: {}
[271.215853] (-) TimerEvent: {}
[271.316826] (-) TimerEvent: {}
[271.417865] (-) TimerEvent: {}
[271.518809] (-) TimerEvent: {}
[271.619772] (-) TimerEvent: {}
[271.720765] (-) TimerEvent: {}
[271.821722] (-) TimerEvent: {}
[271.922646] (-) TimerEvent: {}
[272.023576] (-) TimerEvent: {}
[272.124528] (-) TimerEvent: {}
[272.225509] (-) TimerEvent: {}
[272.326484] (-) TimerEvent: {}
[272.427473] (-) TimerEvent: {}
[272.528409] (-) TimerEvent: {}
[272.629466] (-) TimerEvent: {}
[272.730424] (-) TimerEvent: {}
[272.831391] (-) TimerEvent: {}
[272.932336] (-) TimerEvent: {}
[273.033256] (-) TimerEvent: {}
[273.134224] (-) TimerEvent: {}
[273.235178] (-) TimerEvent: {}
[273.336265] (-) TimerEvent: {}
[273.437264] (-) TimerEvent: {}
[273.538475] (-) TimerEvent: {}
[273.639530] (-) TimerEvent: {}
[273.740521] (-) TimerEvent: {}
[273.841721] (-) TimerEvent: {}
[278.935538] (xgo_device) StdoutLine: {'line': b'[ 50%] \x1b[32mBuilding CXX object CMakeFiles/device_info_node.dir/src/device_info_node.cpp.o\x1b[0m\n'}
[278.976782] (-) TimerEvent: {}
[278.980805] (<colcon_parallel_executor.executor.parallel.ParallelExecutorExtension object at 0x7faa4c4d90>) ParallelStatus: {'processing': ('hobot_audio', 'xgo_face_control', 'xgo_gesture_control', 'xgo_device')}
[279.077002] (-) TimerEvent: {}
[279.178474] (-) TimerEvent: {}
[279.279436] (-) TimerEvent: {}
[279.380373] (-) TimerEvent: {}
[279.481458] (-) TimerEvent: {}
[279.582587] (-) TimerEvent: {}
[279.683944] (-) TimerEvent: {}
[279.785275] (-) TimerEvent: {}
[279.887275] (-) TimerEvent: {}
[279.988484] (-) TimerEvent: {}
[280.089441] (-) TimerEvent: {}
[280.190365] (-) TimerEvent: {}
[280.291291] (-) TimerEvent: {}
[280.392235] (-) TimerEvent: {}
[280.493190] (-) TimerEvent: {}
[280.594157] (-) TimerEvent: {}
[280.695075] (-) TimerEvent: {}
[280.796004] (-) TimerEvent: {}
[280.896929] (-) TimerEvent: {}
[280.997868] (-) TimerEvent: {}
[281.098782] (-) TimerEvent: {}
[281.199702] (-) TimerEvent: {}
[281.300639] (-) TimerEvent: {}
[281.401572] (-) TimerEvent: {}
[281.502506] (-) TimerEvent: {}
[281.603432] (-) TimerEvent: {}
[281.704379] (-) TimerEvent: {}
[281.805305] (-) TimerEvent: {}
[281.906245] (-) TimerEvent: {}
[282.007168] (-) TimerEvent: {}
[282.108108] (-) TimerEvent: {}
[282.209087] (-) TimerEvent: {}
[282.310061] (-) TimerEvent: {}
[282.410992] (-) TimerEvent: {}
[282.511910] (-) TimerEvent: {}
[282.613050] (-) TimerEvent: {}
[282.714984] (-) TimerEvent: {}
[282.815917] (-) TimerEvent: {}
[282.916859] (-) TimerEvent: {}
[283.017818] (-) TimerEvent: {}
[283.118739] (-) TimerEvent: {}
[283.219668] (-) TimerEvent: {}
[283.320585] (-) TimerEvent: {}
[283.421541] (-) TimerEvent: {}
[283.522445] (-) TimerEvent: {}
[283.623369] (-) TimerEvent: {}
[283.724314] (-) TimerEvent: {}
[283.825250] (-) TimerEvent: {}
[283.926216] (-) TimerEvent: {}
[284.027172] (-) TimerEvent: {}
[284.128239] (-) TimerEvent: {}
[284.229277] (-) TimerEvent: {}
[284.330329] (-) TimerEvent: {}
[284.431284] (-) TimerEvent: {}
[284.532361] (-) TimerEvent: {}
[284.633292] (-) TimerEvent: {}
[284.734250] (-) TimerEvent: {}
[284.835223] (-) TimerEvent: {}
[284.936157] (-) TimerEvent: {}
[285.037112] (-) TimerEvent: {}
[285.138172] (-) TimerEvent: {}
[285.239122] (-) TimerEvent: {}
[285.340082] (-) TimerEvent: {}
[285.441024] (-) TimerEvent: {}
[285.541992] (-) TimerEvent: {}
[285.642930] (-) TimerEvent: {}
[285.743840] (-) TimerEvent: {}
[285.844779] (-) TimerEvent: {}
[285.945750] (-) TimerEvent: {}
[286.046753] (-) TimerEvent: {}
[286.147690] (-) TimerEvent: {}
[286.248644] (-) TimerEvent: {}
[286.349622] (-) TimerEvent: {}
[286.450554] (-) TimerEvent: {}
[286.551479] (-) TimerEvent: {}
[286.652402] (-) TimerEvent: {}
[286.753318] (-) TimerEvent: {}
[286.854290] (-) TimerEvent: {}
[286.955197] (-) TimerEvent: {}
[287.056124] (-) TimerEvent: {}
[287.157070] (-) TimerEvent: {}
[287.258065] (-) TimerEvent: {}
[287.358992] (-) TimerEvent: {}
[287.459910] (-) TimerEvent: {}
[287.560822] (-) TimerEvent: {}
[287.661779] (-) TimerEvent: {}
[287.762688] (-) TimerEvent: {}
[287.863601] (-) TimerEvent: {}
[287.964520] (-) TimerEvent: {}
[288.065452] (-) TimerEvent: {}
[288.166373] (-) TimerEvent: {}
[288.267283] (-) TimerEvent: {}
[288.368204] (-) TimerEvent: {}
[288.469118] (-) TimerEvent: {}
[288.570096] (-) TimerEvent: {}
[288.671025] (-) TimerEvent: {}
[288.771965] (-) TimerEvent: {}
[288.872885] (-) TimerEvent: {}
[288.973839] (-) TimerEvent: {}
[289.074770] (-) TimerEvent: {}
[289.175774] (-) TimerEvent: {}
[289.276697] (-) TimerEvent: {}
[289.377623] (-) TimerEvent: {}
[289.478562] (-) TimerEvent: {}
[289.579522] (-) TimerEvent: {}
[289.680433] (-) TimerEvent: {}
[289.781361] (-) TimerEvent: {}
[289.882304] (-) TimerEvent: {}
[289.983234] (-) TimerEvent: {}
[290.084174] (-) TimerEvent: {}
[290.185168] (-) TimerEvent: {}
[290.286328] (-) TimerEvent: {}
[290.387257] (-) TimerEvent: {}
[290.488187] (-) TimerEvent: {}
[290.589122] (-) TimerEvent: {}
[290.690136] (-) TimerEvent: {}
[290.791092] (-) TimerEvent: {}
[290.892076] (-) TimerEvent: {}
[290.993441] (-) TimerEvent: {}
[291.094383] (-) TimerEvent: {}
[291.195323] (-) TimerEvent: {}
[291.296256] (-) TimerEvent: {}
[291.397196] (-) TimerEvent: {}
[291.498168] (-) TimerEvent: {}
[291.599108] (-) TimerEvent: {}
[291.700057] (-) TimerEvent: {}
[291.801137] (-) TimerEvent: {}
[291.902160] (-) TimerEvent: {}
[292.003105] (-) TimerEvent: {}
[292.104048] (-) TimerEvent: {}
[292.204962] (-) TimerEvent: {}
[292.306015] (-) TimerEvent: {}
[292.406937] (-) TimerEvent: {}
[292.507855] (-) TimerEvent: {}
[292.608771] (-) TimerEvent: {}
[292.709761] (-) TimerEvent: {}
[292.810683] (-) TimerEvent: {}
[292.911633] (-) TimerEvent: {}
[293.012625] (-) TimerEvent: {}
[293.113569] (-) TimerEvent: {}
[293.214502] (-) TimerEvent: {}
[293.315441] (-) TimerEvent: {}
[293.416359] (-) TimerEvent: {}
[293.517304] (-) TimerEvent: {}
[293.618320] (-) TimerEvent: {}
[293.719264] (-) TimerEvent: {}
[293.820192] (-) TimerEvent: {}
[293.921123] (-) TimerEvent: {}
[294.022059] (-) TimerEvent: {}
[294.122978] (-) TimerEvent: {}
[294.223923] (-) TimerEvent: {}
[294.324880] (-) TimerEvent: {}
[294.425841] (-) TimerEvent: {}
[294.526774] (-) TimerEvent: {}
[294.627697] (-) TimerEvent: {}
[294.728648] (-) TimerEvent: {}
[294.829788] (-) TimerEvent: {}
[294.930849] (-) TimerEvent: {}
[295.031806] (-) TimerEvent: {}
[295.132831] (-) TimerEvent: {}
[295.233864] (-) TimerEvent: {}
[295.334930] (-) TimerEvent: {}
[295.435870] (-) TimerEvent: {}
[295.536796] (-) TimerEvent: {}
[295.637750] (-) TimerEvent: {}
[295.738673] (-) TimerEvent: {}
[295.839608] (-) TimerEvent: {}
[295.940537] (-) TimerEvent: {}
[296.041472] (-) TimerEvent: {}
[296.142413] (-) TimerEvent: {}
[296.243352] (-) TimerEvent: {}
[296.344283] (-) TimerEvent: {}
[296.445206] (-) TimerEvent: {}
[296.546147] (-) TimerEvent: {}
[296.647071] (-) TimerEvent: {}
[296.747984] (-) TimerEvent: {}
[296.848907] (-) TimerEvent: {}
[296.949854] (-) TimerEvent: {}
[297.050803] (-) TimerEvent: {}
[297.151739] (-) TimerEvent: {}
[297.252665] (-) TimerEvent: {}
[297.353611] (-) TimerEvent: {}
[297.454529] (-) TimerEvent: {}
[297.555466] (-) TimerEvent: {}
[297.656406] (-) TimerEvent: {}
[297.757337] (-) TimerEvent: {}
[297.858424] (-) TimerEvent: {}
[297.959354] (-) TimerEvent: {}
[298.060355] (-) TimerEvent: {}
[298.161789] (-) TimerEvent: {}
[298.263836] (-) TimerEvent: {}
[298.365066] (-) TimerEvent: {}
[298.466076] (-) TimerEvent: {}
[298.567012] (-) TimerEvent: {}
[298.667957] (-) TimerEvent: {}
[298.768895] (-) TimerEvent: {}
[298.869874] (-) TimerEvent: {}
[298.970837] (-) TimerEvent: {}
[299.071775] (-) TimerEvent: {}
[299.172699] (-) TimerEvent: {}
[299.273647] (-) TimerEvent: {}
[299.374733] (-) TimerEvent: {}
[299.475661] (-) TimerEvent: {}
[299.576594] (-) TimerEvent: {}
[299.677550] (-) TimerEvent: {}
[299.778481] (-) TimerEvent: {}
[299.879409] (-) TimerEvent: {}
[299.980345] (-) TimerEvent: {}
[300.081265] (-) TimerEvent: {}
[300.182239] (-) TimerEvent: {}
[300.283170] (-) TimerEvent: {}
[300.384094] (-) TimerEvent: {}
[300.485040] (-) TimerEvent: {}
[300.586033] (-) TimerEvent: {}
[300.686963] (-) TimerEvent: {}
[300.787881] (-) TimerEvent: {}
[300.888797] (-) TimerEvent: {}
[300.989786] (-) TimerEvent: {}
[301.090734] (-) TimerEvent: {}
[301.191661] (-) TimerEvent: {}
[301.292619] (-) TimerEvent: {}
[301.393572] (-) TimerEvent: {}
[301.494500] (-) TimerEvent: {}
[301.595426] (-) TimerEvent: {}
[301.696357] (-) TimerEvent: {}
[301.797299] (-) TimerEvent: {}
[301.898282] (-) TimerEvent: {}
[301.999239] (-) TimerEvent: {}
[302.100164] (-) TimerEvent: {}
[302.201084] (-) TimerEvent: {}
[302.302045] (-) TimerEvent: {}
[302.402962] (-) TimerEvent: {}
[302.503883] (-) TimerEvent: {}
[302.604798] (-) TimerEvent: {}
[302.705766] (-) TimerEvent: {}
[302.806721] (-) TimerEvent: {}
[302.907680] (-) TimerEvent: {}
[303.008689] (-) TimerEvent: {}
[303.109763] (-) TimerEvent: {}
[303.211155] (-) TimerEvent: {}
[303.312062] (-) TimerEvent: {}
[303.413003] (-) TimerEvent: {}
[303.513957] (-) TimerEvent: {}
[303.614902] (-) TimerEvent: {}
[303.716000] (-) TimerEvent: {}
[303.816931] (-) TimerEvent: {}
[303.917900] (-) TimerEvent: {}
[304.018834] (-) TimerEvent: {}
[304.119781] (-) TimerEvent: {}
[304.220742] (-) TimerEvent: {}
[304.321720] (-) TimerEvent: {}
[304.422686] (-) TimerEvent: {}
[304.523634] (-) TimerEvent: {}
[304.624588] (-) TimerEvent: {}
[304.725581] (-) TimerEvent: {}
[304.826540] (-) TimerEvent: {}
[304.927453] (-) TimerEvent: {}
[305.028387] (-) TimerEvent: {}
[305.129303] (-) TimerEvent: {}
[305.230270] (-) TimerEvent: {}
[305.331196] (-) TimerEvent: {}
[305.432134] (-) TimerEvent: {}
[305.533080] (-) TimerEvent: {}
[305.634107] (-) TimerEvent: {}
[305.735041] (-) TimerEvent: {}
[305.835943] (-) TimerEvent: {}
[305.936885] (-) TimerEvent: {}
[306.037845] (-) TimerEvent: {}
[306.138810] (-) TimerEvent: {}
[306.239739] (-) TimerEvent: {}
[306.340669] (-) TimerEvent: {}
[306.441606] (-) TimerEvent: {}
[306.542545] (-) TimerEvent: {}
[306.643494] (-) TimerEvent: {}
[306.744429] (-) TimerEvent: {}
[306.845339] (-) TimerEvent: {}
[306.946320] (-) TimerEvent: {}
[307.047253] (-) TimerEvent: {}
[307.148186] (-) TimerEvent: {}
[307.249103] (-) TimerEvent: {}
[307.350062] (-) TimerEvent: {}
[307.451011] (-) TimerEvent: {}
[307.551944] (-) TimerEvent: {}
[307.652875] (-) TimerEvent: {}
[307.753875] (-) TimerEvent: {}
[307.854818] (-) TimerEvent: {}
[307.955765] (-) TimerEvent: {}
[308.056699] (-) TimerEvent: {}
[308.157648] (-) TimerEvent: {}
[308.259103] (-) TimerEvent: {}
[308.360031] (-) TimerEvent: {}
[308.460964] (-) TimerEvent: {}
[308.561914] (-) TimerEvent: {}
[308.662835] (-) TimerEvent: {}
[308.763761] (-) TimerEvent: {}
[308.864702] (-) TimerEvent: {}
[308.965687] (-) TimerEvent: {}
[309.066661] (-) TimerEvent: {}
[309.167595] (-) TimerEvent: {}
[309.268521] (-) TimerEvent: {}
[309.369499] (-) TimerEvent: {}
[309.470470] (-) TimerEvent: {}
[309.571477] (-) TimerEvent: {}
[309.672430] (-) TimerEvent: {}
[309.773371] (-) TimerEvent: {}
[309.874327] (-) TimerEvent: {}
[309.975247] (-) TimerEvent: {}
[310.076167] (-) TimerEvent: {}
[310.177095] (-) TimerEvent: {}
[310.278068] (-) TimerEvent: {}
[310.379025] (-) TimerEvent: {}
[310.480005] (-) TimerEvent: {}
[310.580933] (-) TimerEvent: {}
[310.681913] (-) TimerEvent: {}
[310.782832] (-) TimerEvent: {}
[310.883783] (-) TimerEvent: {}
[310.984714] (-) TimerEvent: {}
[311.085678] (-) TimerEvent: {}
[311.186614] (-) TimerEvent: {}
[311.287550] (-) TimerEvent: {}
[311.388487] (-) TimerEvent: {}
[311.489512] (-) TimerEvent: {}
[311.590583] (-) TimerEvent: {}
[311.692321] (-) TimerEvent: {}
[311.793327] (-) TimerEvent: {}
[311.899017] (-) TimerEvent: {}
[311.911627] (<colcon_parallel_executor.executor.parallel.ParallelExecutorExtension object at 0x7faa4c4d90>) ParallelStatus: {'processing': ('hobot_audio', 'xgo_face_control', 'xgo_gesture_control', 'xgo_device')}
[311.999256] (-) TimerEvent: {}
[312.100272] (-) TimerEvent: {}
[312.201285] (-) TimerEvent: {}
[312.302343] (-) TimerEvent: {}
[312.403375] (-) TimerEvent: {}
[312.504617] (-) TimerEvent: {}
[312.605703] (-) TimerEvent: {}
[312.706660] (-) TimerEvent: {}
[312.807624] (-) TimerEvent: {}
[312.908763] (-) TimerEvent: {}
[313.009844] (-) TimerEvent: {}
[313.112156] (-) TimerEvent: {}
[313.213263] (-) TimerEvent: {}
[313.314356] (-) TimerEvent: {}
[313.415422] (-) TimerEvent: {}
[313.516556] (-) TimerEvent: {}
[313.617798] (-) TimerEvent: {}
[313.718900] (-) TimerEvent: {}
[313.821165] (-) TimerEvent: {}
[313.922392] (-) TimerEvent: {}
[314.023511] (-) TimerEvent: {}
[314.124569] (-) TimerEvent: {}
[314.225929] (-) TimerEvent: {}
[314.326970] (-) TimerEvent: {}
[314.428007] (-) TimerEvent: {}
[314.530145] (-) TimerEvent: {}
[314.631117] (-) TimerEvent: {}
[314.732174] (-) TimerEvent: {}
[314.833172] (-) TimerEvent: {}
[314.934332] (-) TimerEvent: {}
[315.035494] (-) TimerEvent: {}
[315.137644] (-) TimerEvent: {}
[315.238793] (-) TimerEvent: {}
[315.341133] (-) TimerEvent: {}
[315.442224] (-) TimerEvent: {}
[315.543373] (-) TimerEvent: {}
[315.644466] (-) TimerEvent: {}
[315.745582] (-) TimerEvent: {}
[315.847434] (-) TimerEvent: {}
[315.948638] (-) TimerEvent: {}
[316.049930] (-) TimerEvent: {}
[316.151132] (-) TimerEvent: {}
[316.252409] (-) TimerEvent: {}
[316.353629] (-) TimerEvent: {}
[316.455675] (-) TimerEvent: {}
[316.556870] (-) TimerEvent: {}
[316.658820] (-) TimerEvent: {}
[316.761175] (-) TimerEvent: {}
[316.862886] (-) TimerEvent: {}
[316.964147] (-) TimerEvent: {}
[317.066221] (-) TimerEvent: {}
[317.167501] (-) TimerEvent: {}
[317.269803] (-) TimerEvent: {}
[317.370975] (-) TimerEvent: {}
[317.473090] (-) TimerEvent: {}
[317.574384] (-) TimerEvent: {}
[317.675568] (-) TimerEvent: {}
[317.777687] (-) TimerEvent: {}
[317.878875] (-) TimerEvent: {}
[317.979922] (-) TimerEvent: {}
[318.081008] (-) TimerEvent: {}
[318.182294] (-) TimerEvent: {}
[318.283345] (-) TimerEvent: {}
[318.384375] (-) TimerEvent: {}
[318.486008] (-) TimerEvent: {}
[318.587224] (-) TimerEvent: {}
[318.688469] (-) TimerEvent: {}
[318.789766] (-) TimerEvent: {}
[318.890866] (-) TimerEvent: {}
[318.992569] (-) TimerEvent: {}
[319.094852] (-) TimerEvent: {}
[319.196025] (-) TimerEvent: {}
[319.297397] (-) TimerEvent: {}
[319.398692] (-) TimerEvent: {}
[319.499868] (-) TimerEvent: {}
[319.600990] (-) TimerEvent: {}
[319.702112] (-) TimerEvent: {}
[319.803243] (-) TimerEvent: {}
[319.904448] (-) TimerEvent: {}
[320.005654] (-) TimerEvent: {}
[320.106850] (-) TimerEvent: {}
[320.207985] (-) TimerEvent: {}
[320.310397] (-) TimerEvent: {}
[320.412144] (-) TimerEvent: {}
[320.513332] (-) TimerEvent: {}
[320.615665] (-) TimerEvent: {}
[320.717630] (-) TimerEvent: {}
[320.818854] (-) TimerEvent: {}
[320.920167] (-) TimerEvent: {}
[321.021467] (-) TimerEvent: {}
[321.122764] (-) TimerEvent: {}
[321.223873] (-) TimerEvent: {}
[321.325153] (-) TimerEvent: {}
[321.426474] (-) TimerEvent: {}
[321.527870] (-) TimerEvent: {}
[321.629011] (-) TimerEvent: {}
[321.731521] (-) TimerEvent: {}
[321.834295] (-) TimerEvent: {}
[321.935392] (-) TimerEvent: {}
[322.036548] (-) TimerEvent: {}
[322.137886] (-) TimerEvent: {}
[322.239133] (-) TimerEvent: {}
[322.340236] (-) TimerEvent: {}
[322.441589] (-) TimerEvent: {}
[322.542752] (-) TimerEvent: {}
[322.644755] (-) TimerEvent: {}
[322.746720] (-) TimerEvent: {}
[322.847896] (-) TimerEvent: {}
[322.949091] (-) TimerEvent: {}
[323.051736] (-) TimerEvent: {}
[323.153071] (-) TimerEvent: {}
[323.255849] (-) TimerEvent: {}
[323.357649] (-) TimerEvent: {}
[323.458742] (-) TimerEvent: {}
[323.560412] (-) TimerEvent: {}
[323.661617] (-) TimerEvent: {}
[323.763466] (-) TimerEvent: {}
[323.864996] (-) TimerEvent: {}
[323.966134] (-) TimerEvent: {}
[324.067239] (-) TimerEvent: {}
[324.169026] (-) TimerEvent: {}
[324.271393] (-) TimerEvent: {}
[324.372527] (-) TimerEvent: {}
[324.473742] (-) TimerEvent: {}
[324.574998] (-) TimerEvent: {}
[324.676425] (-) TimerEvent: {}
[324.778818] (-) TimerEvent: {}
[324.880878] (-) TimerEvent: {}
[324.982062] (-) TimerEvent: {}
[325.083110] (-) TimerEvent: {}
[325.184252] (-) TimerEvent: {}
[325.286168] (-) TimerEvent: {}
[325.387503] (-) TimerEvent: {}
[325.488680] (-) TimerEvent: {}
[325.590030] (-) TimerEvent: {}
[325.691223] (-) TimerEvent: {}
[325.793083] (-) TimerEvent: {}
[325.894682] (-) TimerEvent: {}
[325.995892] (-) TimerEvent: {}
[326.098087] (-) TimerEvent: {}
[326.200108] (-) TimerEvent: {}
[326.302261] (-) TimerEvent: {}
[326.403455] (-) TimerEvent: {}
[326.504648] (-) TimerEvent: {}
[326.606283] (-) TimerEvent: {}
[326.707597] (-) TimerEvent: {}
[326.810046] (-) TimerEvent: {}
[326.912207] (-) TimerEvent: {}
[327.014869] (-) TimerEvent: {}
[327.117337] (-) TimerEvent: {}
[327.219813] (-) TimerEvent: {}
[327.320950] (-) TimerEvent: {}
[327.422098] (-) TimerEvent: {}
[327.523903] (-) TimerEvent: {}
[327.625024] (-) TimerEvent: {}
[327.726175] (-) TimerEvent: {}
[327.827166] (-) TimerEvent: {}
[327.928185] (-) TimerEvent: {}
[328.030544] (-) TimerEvent: {}
[328.132729] (-) TimerEvent: {}
[328.235078] (-) TimerEvent: {}
[328.336214] (-) TimerEvent: {}
[328.437555] (-) TimerEvent: {}
[328.538821] (-) TimerEvent: {}
[328.639922] (-) TimerEvent: {}
[328.741158] (-) TimerEvent: {}
[328.842501] (-) TimerEvent: {}
[328.944880] (-) TimerEvent: {}
[329.047684] (-) TimerEvent: {}
[329.148822] (-) TimerEvent: {}
[329.250092] (-) TimerEvent: {}
[329.352354] (-) TimerEvent: {}
[329.453569] (-) TimerEvent: {}
[329.556013] (-) TimerEvent: {}
[329.658673] (-) TimerEvent: {}
[329.760834] (-) TimerEvent: {}
[329.861958] (-) TimerEvent: {}
[329.963205] (-) TimerEvent: {}
[330.065727] (-) TimerEvent: {}
[330.168035] (-) TimerEvent: {}
[330.270291] (-) TimerEvent: {}
[330.371460] (-) TimerEvent: {}
[330.508443] (-) TimerEvent: {}
[330.610326] (-) TimerEvent: {}
[330.711330] (-) TimerEvent: {}
[330.812334] (-) TimerEvent: {}
[330.913836] (-) TimerEvent: {}
[331.015604] (-) TimerEvent: {}
[331.116815] (-) TimerEvent: {}
[331.218608] (-) TimerEvent: {}
[331.320399] (-) TimerEvent: {}
[331.421537] (-) TimerEvent: {}
[331.522577] (-) TimerEvent: {}
[331.623898] (-) TimerEvent: {}
[331.724962] (-) TimerEvent: {}
[331.826042] (-) TimerEvent: {}
[331.926995] (-) TimerEvent: {}
[332.028305] (-) TimerEvent: {}
[332.129391] (-) TimerEvent: {}
[332.230495] (-) TimerEvent: {}
[332.331422] (-) TimerEvent: {}
[332.432347] (-) TimerEvent: {}
[332.533277] (-) TimerEvent: {}
[332.634249] (-) TimerEvent: {}
[332.735183] (-) TimerEvent: {}
[332.836124] (-) TimerEvent: {}
[332.937091] (-) TimerEvent: {}
[333.038562] (-) TimerEvent: {}
[333.139929] (-) TimerEvent: {}
[333.241189] (-) TimerEvent: {}
[333.342553] (-) TimerEvent: {}
[333.444072] (-) TimerEvent: {}
[333.545352] (-) TimerEvent: {}
[333.646335] (-) TimerEvent: {}
[333.747249] (-) TimerEvent: {}
[333.848168] (-) TimerEvent: {}
[333.949093] (-) TimerEvent: {}
[334.050076] (-) TimerEvent: {}
[334.151019] (-) TimerEvent: {}
[334.251945] (-) TimerEvent: {}
[334.352901] (-) TimerEvent: {}
[334.453849] (-) TimerEvent: {}
[334.554830] (-) TimerEvent: {}
[334.655773] (-) TimerEvent: {}
[334.756695] (-) TimerEvent: {}
[334.857625] (-) TimerEvent: {}
[334.958617] (-) TimerEvent: {}
[335.059545] (-) TimerEvent: {}
[335.160483] (-) TimerEvent: {}
[335.261406] (-) TimerEvent: {}
[335.362351] (-) TimerEvent: {}
[335.463266] (-) TimerEvent: {}
[335.564202] (-) TimerEvent: {}
[335.665124] (-) TimerEvent: {}
[335.766084] (-) TimerEvent: {}
[335.867040] (-) TimerEvent: {}
[335.967972] (-) TimerEvent: {}
[336.069180] (-) TimerEvent: {}
[336.170643] (-) TimerEvent: {}
[336.271895] (-) TimerEvent: {}
[336.373083] (-) TimerEvent: {}
[336.474186] (-) TimerEvent: {}
[336.575221] (-) TimerEvent: {}
[336.676141] (-) TimerEvent: {}
[336.777068] (-) TimerEvent: {}
[336.878022] (-) TimerEvent: {}
[336.978973] (-) TimerEvent: {}
[337.079893] (-) TimerEvent: {}
[337.180815] (-) TimerEvent: {}
[337.281779] (-) TimerEvent: {}
[337.382722] (-) TimerEvent: {}
[337.483778] (-) TimerEvent: {}
[337.584825] (-) TimerEvent: {}
[337.685918] (-) TimerEvent: {}
[337.786862] (-) TimerEvent: {}
[337.887797] (-) TimerEvent: {}
[337.988729] (-) TimerEvent: {}
[338.089678] (-) TimerEvent: {}
[338.190602] (-) TimerEvent: {}
[338.291531] (-) TimerEvent: {}
[338.392451] (-) TimerEvent: {}
[338.493448] (-) TimerEvent: {}
[338.594361] (-) TimerEvent: {}
[338.695284] (-) TimerEvent: {}
[338.796225] (-) TimerEvent: {}
[338.897155] (-) TimerEvent: {}
[338.998112] (-) TimerEvent: {}
[339.099041] (-) TimerEvent: {}
[339.199978] (-) TimerEvent: {}
[339.300922] (-) TimerEvent: {}
[339.401880] (-) TimerEvent: {}
[339.502823] (-) TimerEvent: {}
[339.603771] (-) TimerEvent: {}
[339.704692] (-) TimerEvent: {}
[339.805630] (-) TimerEvent: {}
[339.910962] (-) TimerEvent: {}
[341.718511] (-) TimerEvent: {}
[341.819445] (-) TimerEvent: {}
[341.920386] (-) TimerEvent: {}
[342.021346] (-) TimerEvent: {}
[342.122313] (-) TimerEvent: {}
[342.223234] (-) TimerEvent: {}
[342.324182] (-) TimerEvent: {}
[342.425102] (-) TimerEvent: {}
[342.814497] (-) TimerEvent: {}
[346.686398] (<colcon_parallel_executor.executor.parallel.ParallelExecutorExtension object at 0x7faa4c4d90>) ParallelStatus: {'processing': ('hobot_audio', 'xgo_face_control', 'xgo_gesture_control', 'xgo_device')}
[346.705293] (-) TimerEvent: {}
[346.806230] (-) TimerEvent: {}
[346.907220] (-) TimerEvent: {}
[347.008162] (-) TimerEvent: {}
[347.109155] (-) TimerEvent: {}
[347.210288] (-) TimerEvent: {}
[347.311329] (-) TimerEvent: {}
[347.412423] (-) TimerEvent: {}
[347.513557] (-) TimerEvent: {}
[347.614594] (-) TimerEvent: {}
[347.715536] (-) TimerEvent: {}
[347.816462] (-) TimerEvent: {}
[347.917381] (-) TimerEvent: {}
[348.018345] (-) TimerEvent: {}
[348.119325] (-) TimerEvent: {}
[348.221920] (-) TimerEvent: {}
[348.323245] (-) TimerEvent: {}
[348.424170] (-) TimerEvent: {}
[348.525084] (-) TimerEvent: {}
[348.626053] (-) TimerEvent: {}
[348.726986] (-) TimerEvent: {}
[348.827902] (-) TimerEvent: {}
[348.928826] (-) TimerEvent: {}
[349.029812] (-) TimerEvent: {}
[349.130910] (-) TimerEvent: {}
[349.231969] (-) TimerEvent: {}
[349.332943] (-) TimerEvent: {}
[349.433909] (-) TimerEvent: {}
[349.534851] (-) TimerEvent: {}
[349.635785] (-) TimerEvent: {}
[349.736743] (-) TimerEvent: {}
[349.837704] (-) TimerEvent: {}
[349.938644] (-) TimerEvent: {}
[350.039564] (-) TimerEvent: {}
[350.140512] (-) TimerEvent: {}
[350.241472] (-) TimerEvent: {}
[350.342430] (-) TimerEvent: {}
[350.443551] (-) TimerEvent: {}
[350.544475] (-) TimerEvent: {}
[350.645394] (-) TimerEvent: {}
[350.746339] (-) TimerEvent: {}
[350.847283] (-) TimerEvent: {}
[350.948201] (-) TimerEvent: {}
[351.049119] (-) TimerEvent: {}
[351.150106] (-) TimerEvent: {}
[351.251042] (-) TimerEvent: {}
[351.351962] (-) TimerEvent: {}
[351.452873] (-) TimerEvent: {}
[351.553867] (-) TimerEvent: {}
[351.654818] (-) TimerEvent: {}
[351.756180] (-) TimerEvent: {}
[351.857121] (-) TimerEvent: {}
[351.958080] (-) TimerEvent: {}
[352.059006] (-) TimerEvent: {}
[352.159938] (-) TimerEvent: {}
[352.260853] (-) TimerEvent: {}
[352.361827] (-) TimerEvent: {}
[352.462768] (-) TimerEvent: {}
[352.563740] (-) TimerEvent: {}
[352.664651] (-) TimerEvent: {}
[352.765655] (-) TimerEvent: {}
[352.866667] (-) TimerEvent: {}
[352.967605] (-) TimerEvent: {}
[353.068527] (-) TimerEvent: {}
[353.169479] (-) TimerEvent: {}
[353.270422] (-) TimerEvent: {}
[353.371356] (-) TimerEvent: {}
[353.472285] (-) TimerEvent: {}
[353.573214] (-) TimerEvent: {}
[353.674164] (-) TimerEvent: {}
[353.775085] (-) TimerEvent: {}
[353.875990] (-) TimerEvent: {}
[353.976928] (-) TimerEvent: {}
[354.077877] (-) TimerEvent: {}
[354.178810] (-) TimerEvent: {}
[354.279735] (-) TimerEvent: {}
[354.380664] (-) TimerEvent: {}
[354.481625] (-) TimerEvent: {}
[354.582558] (-) TimerEvent: {}
[354.683628] (-) TimerEvent: {}
[354.785392] (-) TimerEvent: {}
[354.886406] (-) TimerEvent: {}
[354.987346] (-) TimerEvent: {}
[355.088290] (-) TimerEvent: {}
[355.189248] (-) TimerEvent: {}
[355.290221] (-) TimerEvent: {}
[355.391179] (-) TimerEvent: {}
[355.492245] (-) TimerEvent: {}
[355.593175] (-) TimerEvent: {}
[355.694138] (-) TimerEvent: {}
[355.795065] (-) TimerEvent: {}
[355.895998] (-) TimerEvent: {}
[355.996931] (-) TimerEvent: {}
[356.098001] (-) TimerEvent: {}
[356.198931] (-) TimerEvent: {}
[356.299836] (-) TimerEvent: {}
[356.400769] (-) TimerEvent: {}
[356.501740] (-) TimerEvent: {}
[356.602755] (-) TimerEvent: {}
[356.703704] (-) TimerEvent: {}
[356.804630] (-) TimerEvent: {}
[356.905572] (-) TimerEvent: {}
[357.006606] (-) TimerEvent: {}
[357.107582] (-) TimerEvent: {}
[357.208701] (-) TimerEvent: {}
[357.309790] (-) TimerEvent: {}
[357.410849] (-) TimerEvent: {}
[357.511766] (-) TimerEvent: {}
[357.612698] (-) TimerEvent: {}
[357.713627] (-) TimerEvent: {}
[357.814570] (-) TimerEvent: {}
[357.915511] (-) TimerEvent: {}
[358.016445] (-) TimerEvent: {}
[358.117387] (-) TimerEvent: {}
[358.218464] (-) TimerEvent: {}
[358.319387] (-) TimerEvent: {}
[358.420317] (-) TimerEvent: {}
[358.521233] (-) TimerEvent: {}
[358.622213] (-) TimerEvent: {}
[358.723242] (-) TimerEvent: {}
[358.824174] (-) TimerEvent: {}
[358.925092] (-) TimerEvent: {}
[359.026069] (-) TimerEvent: {}
[359.127083] (-) TimerEvent: {}
[359.228037] (-) TimerEvent: {}
[359.328986] (-) TimerEvent: {}
[359.429953] (-) TimerEvent: {}
[359.530892] (-) TimerEvent: {}
[359.631824] (-) TimerEvent: {}
[359.732758] (-) TimerEvent: {}
[359.833731] (-) TimerEvent: {}
[359.934661] (-) TimerEvent: {}
[360.035650] (-) TimerEvent: {}
[360.136606] (-) TimerEvent: {}
[360.237552] (-) TimerEvent: {}
[360.338524] (-) TimerEvent: {}
[360.439497] (-) TimerEvent: {}
[360.540435] (-) TimerEvent: {}
[360.641359] (-) TimerEvent: {}
[360.742310] (-) TimerEvent: {}
[360.843253] (-) TimerEvent: {}
[360.944521] (-) TimerEvent: {}
[361.045485] (-) TimerEvent: {}
[361.146413] (-) TimerEvent: {}
[361.247340] (-) TimerEvent: {}
[361.348259] (-) TimerEvent: {}
[361.449167] (-) TimerEvent: {}
[361.550161] (-) TimerEvent: {}
[361.651097] (-) TimerEvent: {}
[361.752044] (-) TimerEvent: {}
[361.853036] (-) TimerEvent: {}
[361.954033] (-) TimerEvent: {}
[362.055366] (-) TimerEvent: {}
[362.156432] (-) TimerEvent: {}
[362.257516] (-) TimerEvent: {}
[362.358447] (-) TimerEvent: {}
[362.459375] (-) TimerEvent: {}
[362.560303] (-) TimerEvent: {}
[362.661240] (-) TimerEvent: {}
[362.762196] (-) TimerEvent: {}
[362.863124] (-) TimerEvent: {}
[362.964033] (-) TimerEvent: {}
[363.064965] (-) TimerEvent: {}
[363.165917] (-) TimerEvent: {}
[363.266833] (-) TimerEvent: {}
[363.367762] (-) TimerEvent: {}
[363.468686] (-) TimerEvent: {}
[363.569614] (-) TimerEvent: {}
[363.670546] (-) TimerEvent: {}
[363.771521] (-) TimerEvent: {}
[363.872436] (-) TimerEvent: {}
[363.973377] (-) TimerEvent: {}
[364.074314] (-) TimerEvent: {}
[364.175250] (-) TimerEvent: {}
[364.276198] (-) TimerEvent: {}
[364.377140] (-) TimerEvent: {}
[364.478094] (-) TimerEvent: {}
[364.579134] (-) TimerEvent: {}
[364.680066] (-) TimerEvent: {}
[364.780999] (-) TimerEvent: {}
[364.882015] (-) TimerEvent: {}
[364.982936] (-) TimerEvent: {}
[365.083884] (-) TimerEvent: {}
[365.184816] (-) TimerEvent: {}
[365.285759] (-) TimerEvent: {}
[365.386698] (-) TimerEvent: {}
[365.487608] (-) TimerEvent: {}
[365.588527] (-) TimerEvent: {}
[365.689481] (-) TimerEvent: {}
[365.790401] (-) TimerEvent: {}
[365.891331] (-) TimerEvent: {}
[365.992269] (-) TimerEvent: {}
[366.093204] (-) TimerEvent: {}
[366.194142] (-) TimerEvent: {}
[366.295065] (-) TimerEvent: {}
[366.395987] (-) TimerEvent: {}
[366.496918] (-) TimerEvent: {}
[366.597909] (-) TimerEvent: {}
[366.698865] (-) TimerEvent: {}
[366.799788] (-) TimerEvent: {}
[366.900746] (-) TimerEvent: {}
[367.001664] (-) TimerEvent: {}
[367.102630] (-) TimerEvent: {}
[367.203584] (-) TimerEvent: {}
[367.304517] (-) TimerEvent: {}
[367.405479] (-) TimerEvent: {}
[367.506475] (-) TimerEvent: {}
[367.607425] (-) TimerEvent: {}
[367.708350] (-) TimerEvent: {}
[367.809291] (-) TimerEvent: {}
[367.910241] (-) TimerEvent: {}
[368.011156] (-) TimerEvent: {}
[368.112079] (-) TimerEvent: {}
[368.213015] (-) TimerEvent: {}
[368.313985] (-) TimerEvent: {}
[368.414946] (-) TimerEvent: {}
[368.515882] (-) TimerEvent: {}
[368.616815] (-) TimerEvent: {}
[368.717774] (-) TimerEvent: {}
[368.818694] (-) TimerEvent: {}
[368.919634] (-) TimerEvent: {}
[369.020577] (-) TimerEvent: {}
[369.121541] (-) TimerEvent: {}
[369.222541] (-) TimerEvent: {}
[369.323547] (-) TimerEvent: {}
[369.424552] (-) TimerEvent: {}
[369.525492] (-) TimerEvent: {}
[369.626420] (-) TimerEvent: {}
[369.727323] (-) TimerEvent: {}
[369.828246] (-) TimerEvent: {}
[369.929172] (-) TimerEvent: {}
[370.030138] (-) TimerEvent: {}
[370.131063] (-) TimerEvent: {}
[370.231983] (-) TimerEvent: {}
[370.332908] (-) TimerEvent: {}
[370.433885] (-) TimerEvent: {}
[370.534806] (-) TimerEvent: {}
[370.635738] (-) TimerEvent: {}
[370.736658] (-) TimerEvent: {}
[370.837576] (-) TimerEvent: {}
[370.938507] (-) TimerEvent: {}
[371.039463] (-) TimerEvent: {}
[371.140391] (-) TimerEvent: {}
[371.241337] (-) TimerEvent: {}
[371.342427] (-) TimerEvent: {}
[371.443453] (-) TimerEvent: {}
[371.544371] (-) TimerEvent: {}
[371.645303] (-) TimerEvent: {}
[371.746252] (-) TimerEvent: {}
[371.847157] (-) TimerEvent: {}
[371.948093] (-) TimerEvent: {}
[372.049042] (-) TimerEvent: {}
[372.150007] (-) TimerEvent: {}
[372.251038] (-) TimerEvent: {}
[372.351973] (-) TimerEvent: {}
[372.452918] (-) TimerEvent: {}
[372.553971] (-) TimerEvent: {}
[372.654933] (-) TimerEvent: {}
[372.756181] (-) TimerEvent: {}
[372.857092] (-) TimerEvent: {}
[372.958249] (-) TimerEvent: {}
[373.059401] (-) TimerEvent: {}
[373.160439] (-) TimerEvent: {}
[373.261355] (-) TimerEvent: {}
[373.362310] (-) TimerEvent: {}
[373.463223] (-) TimerEvent: {}
[373.564161] (-) TimerEvent: {}
[373.665098] (-) TimerEvent: {}
[373.766068] (-) TimerEvent: {}
[373.867138] (-) TimerEvent: {}
[373.968085] (-) TimerEvent: {}
[374.069060] (-) TimerEvent: {}
[374.170157] (-) TimerEvent: {}
[374.271108] (-) TimerEvent: {}
[374.372057] (-) TimerEvent: {}
[374.473011] (-) TimerEvent: {}
[374.573985] (-) TimerEvent: {}
[374.674913] (-) TimerEvent: {}
[374.775850] (-) TimerEvent: {}
[374.876786] (-) TimerEvent: {}
[374.977762] (-) TimerEvent: {}
[375.078689] (-) TimerEvent: {}
[375.179629] (-) TimerEvent: {}
[375.280552] (-) TimerEvent: {}
[375.381554] (-) TimerEvent: {}
[375.482567] (-) TimerEvent: {}
[375.583532] (-) TimerEvent: {}
[375.684465] (-) TimerEvent: {}
[375.785388] (-) TimerEvent: {}
[375.886350] (-) TimerEvent: {}
[375.987353] (-) TimerEvent: {}
[376.088312] (-) TimerEvent: {}
[376.189232] (-) TimerEvent: {}
[376.290188] (-) TimerEvent: {}
[376.391127] (-) TimerEvent: {}
[376.492062] (-) TimerEvent: {}
[376.592995] (-) TimerEvent: {}
[376.693986] (-) TimerEvent: {}
[376.714285] (<colcon_parallel_executor.executor.parallel.ParallelExecutorExtension object at 0x7faa4c4d90>) ParallelStatus: {'processing': ('hobot_audio', 'xgo_face_control', 'xgo_gesture_control', 'xgo_device')}
[376.794187] (-) TimerEvent: {}
[376.895116] (-) TimerEvent: {}
[376.996057] (-) TimerEvent: {}
[377.096994] (-) TimerEvent: {}
[377.197955] (-) TimerEvent: {}
[377.298949] (-) TimerEvent: {}
[377.399912] (-) TimerEvent: {}
[377.500852] (-) TimerEvent: {}
[377.601806] (-) TimerEvent: {}
[377.702742] (-) TimerEvent: {}
[377.803671] (-) TimerEvent: {}
[377.904601] (-) TimerEvent: {}
[378.005535] (-) TimerEvent: {}
[378.106532] (-) TimerEvent: {}
[378.207600] (-) TimerEvent: {}
[378.308644] (-) TimerEvent: {}
[378.409729] (-) TimerEvent: {}
[378.510651] (-) TimerEvent: {}
[378.611575] (-) TimerEvent: {}
[378.712478] (-) TimerEvent: {}
[378.813412] (-) TimerEvent: {}
[378.914362] (-) TimerEvent: {}
[379.015307] (-) TimerEvent: {}
[379.116240] (-) TimerEvent: {}
[379.217185] (-) TimerEvent: {}
[379.318143] (-) TimerEvent: {}
[379.419075] (-) TimerEvent: {}
[379.520002] (-) TimerEvent: {}
[379.620910] (-) TimerEvent: {}
[379.721874] (-) TimerEvent: {}
[379.822804] (-) TimerEvent: {}
[379.923755] (-) TimerEvent: {}
[380.024711] (-) TimerEvent: {}
[380.125821] (-) TimerEvent: {}
[380.226856] (-) TimerEvent: {}
[380.327807] (-) TimerEvent: {}
[380.428749] (-) TimerEvent: {}
[380.529702] (-) TimerEvent: {}
[380.630646] (-) TimerEvent: {}
[380.731585] (-) TimerEvent: {}
[380.832518] (-) TimerEvent: {}
[380.933470] (-) TimerEvent: {}
[381.034394] (-) TimerEvent: {}
[381.135319] (-) TimerEvent: {}
[381.236262] (-) TimerEvent: {}
[381.337219] (-) TimerEvent: {}
[381.438211] (-) TimerEvent: {}
[381.539282] (-) TimerEvent: {}
[381.640317] (-) TimerEvent: {}
[381.741253] (-) TimerEvent: {}
[381.842204] (-) TimerEvent: {}
[381.943127] (-) TimerEvent: {}
[382.044056] (-) TimerEvent: {}
[382.145002] (-) TimerEvent: {}
[382.245989] (-) TimerEvent: {}
[382.347065] (-) TimerEvent: {}
[382.448120] (-) TimerEvent: {}
[382.549151] (-) TimerEvent: {}
[382.650115] (-) TimerEvent: {}
[382.751043] (-) TimerEvent: {}
[382.851973] (-) TimerEvent: {}
[382.952914] (-) TimerEvent: {}
[383.054033] (-) TimerEvent: {}
[383.155104] (-) TimerEvent: {}
[383.256124] (-) TimerEvent: {}
[383.357105] (-) TimerEvent: {}
[383.458074] (-) TimerEvent: {}
[383.559140] (-) TimerEvent: {}
[383.660113] (-) TimerEvent: {}
[383.761177] (-) TimerEvent: {}
[383.862279] (-) TimerEvent: {}
[383.963224] (-) TimerEvent: {}
[384.064159] (-) TimerEvent: {}
[384.165075] (-) TimerEvent: {}
[384.266036] (-) TimerEvent: {}
[384.366979] (-) TimerEvent: {}
[384.468012] (-) TimerEvent: {}
[384.568953] (-) TimerEvent: {}
[384.669906] (-) TimerEvent: {}
[384.770826] (-) TimerEvent: {}
[384.871747] (-) TimerEvent: {}
[384.972664] (-) TimerEvent: {}
[385.073608] (-) TimerEvent: {}
[385.174567] (-) TimerEvent: {}
[385.275591] (-) TimerEvent: {}
[385.376642] (-) TimerEvent: {}
[385.477746] (-) TimerEvent: {}
[385.578698] (-) TimerEvent: {}
[385.679630] (-) TimerEvent: {}
[385.780562] (-) TimerEvent: {}
[385.881499] (-) TimerEvent: {}
[385.982437] (-) TimerEvent: {}
[386.083370] (-) TimerEvent: {}
[386.184371] (-) TimerEvent: {}
[386.285301] (-) TimerEvent: {}
[386.386291] (-) TimerEvent: {}
[386.487363] (-) TimerEvent: {}
[386.588455] (-) TimerEvent: {}
[386.689410] (-) TimerEvent: {}
[386.790369] (-) TimerEvent: {}
[386.891323] (-) TimerEvent: {}
[386.992294] (-) TimerEvent: {}
[387.093335] (-) TimerEvent: {}
[387.194358] (-) TimerEvent: {}
[387.295383] (-) TimerEvent: {}
[387.396448] (-) TimerEvent: {}
[387.497398] (-) TimerEvent: {}
[387.598371] (-) TimerEvent: {}
[387.699285] (-) TimerEvent: {}
[387.800199] (-) TimerEvent: {}
[387.901145] (-) TimerEvent: {}
[388.002142] (-) TimerEvent: {}
[388.103067] (-) TimerEvent: {}
[388.203997] (-) TimerEvent: {}
[388.304921] (-) TimerEvent: {}
[388.406033] (-) TimerEvent: {}
[388.507006] (-) TimerEvent: {}
[388.608345] (-) TimerEvent: {}
[388.709398] (-) TimerEvent: {}
[388.810344] (-) TimerEvent: {}
[388.911282] (-) TimerEvent: {}
[389.012254] (-) TimerEvent: {}
[389.113325] (-) TimerEvent: {}
[389.214289] (-) TimerEvent: {}
[389.315242] (-) TimerEvent: {}
[389.416185] (-) TimerEvent: {}
[389.517110] (-) TimerEvent: {}
[389.618094] (-) TimerEvent: {}
[389.719033] (-) TimerEvent: {}
[389.819974] (-) TimerEvent: {}
[389.920907] (-) TimerEvent: {}
[390.021868] (-) TimerEvent: {}
[390.122814] (-) TimerEvent: {}
[390.223738] (-) TimerEvent: {}
[390.324657] (-) TimerEvent: {}
[390.425605] (-) TimerEvent: {}
[390.526537] (-) TimerEvent: {}
[390.627462] (-) TimerEvent: {}
[390.728394] (-) TimerEvent: {}
[390.829306] (-) TimerEvent: {}
[390.930257] (-) TimerEvent: {}
[391.031224] (-) TimerEvent: {}
[391.132159] (-) TimerEvent: {}
[391.233112] (-) TimerEvent: {}
[391.334193] (-) TimerEvent: {}
[391.435288] (-) TimerEvent: {}
[391.536725] (-) TimerEvent: {}
[391.637702] (-) TimerEvent: {}
[391.738628] (-) TimerEvent: {}
[391.839548] (-) TimerEvent: {}
[391.940470] (-) TimerEvent: {}
[392.041444] (-) TimerEvent: {}
[392.142395] (-) TimerEvent: {}
[392.243436] (-) TimerEvent: {}
[392.344364] (-) TimerEvent: {}
[392.445351] (-) TimerEvent: {}
[392.546335] (-) TimerEvent: {}
[392.647272] (-) TimerEvent: {}
[392.748208] (-) TimerEvent: {}
[392.849135] (-) TimerEvent: {}
[392.950083] (-) TimerEvent: {}
[393.051028] (-) TimerEvent: {}
[393.151938] (-) TimerEvent: {}
[393.252867] (-) TimerEvent: {}
[393.353832] (-) TimerEvent: {}
[393.454777] (-) TimerEvent: {}
[393.555696] (-) TimerEvent: {}
[393.656623] (-) TimerEvent: {}
[393.757565] (-) TimerEvent: {}
[393.858499] (-) TimerEvent: {}
[393.959441] (-) TimerEvent: {}
[394.060392] (-) TimerEvent: {}
[394.161496] (-) TimerEvent: {}
[394.262546] (-) TimerEvent: {}
[394.363491] (-) TimerEvent: {}
[394.464416] (-) TimerEvent: {}
[394.565347] (-) TimerEvent: {}
[394.666299] (-) TimerEvent: {}
[394.767235] (-) TimerEvent: {}
[394.868163] (-) TimerEvent: {}
[394.969103] (-) TimerEvent: {}
[395.070041] (-) TimerEvent: {}
[395.170960] (-) TimerEvent: {}
[395.271900] (-) TimerEvent: {}
[395.372841] (-) TimerEvent: {}
[395.480375] (-) TimerEvent: {}
[395.581613] (-) TimerEvent: {}
[395.682563] (-) TimerEvent: {}
[395.783506] (-) TimerEvent: {}
[395.884443] (-) TimerEvent: {}
[395.985365] (-) TimerEvent: {}
[396.086326] (-) TimerEvent: {}
[396.187301] (-) TimerEvent: {}
[396.288249] (-) TimerEvent: {}
[396.389185] (-) TimerEvent: {}
[396.490138] (-) TimerEvent: {}
[396.591079] (-) TimerEvent: {}
[396.692018] (-) TimerEvent: {}
[396.792953] (-) TimerEvent: {}
[396.893914] (-) TimerEvent: {}
[396.994858] (-) TimerEvent: {}
[397.095794] (-) TimerEvent: {}
[397.196721] (-) TimerEvent: {}
[397.297662] (-) TimerEvent: {}
[397.398583] (-) TimerEvent: {}
[397.499608] (-) TimerEvent: {}
[397.600540] (-) TimerEvent: {}
[397.701508] (-) TimerEvent: {}
[397.802456] (-) TimerEvent: {}
[397.903387] (-) TimerEvent: {}
[398.004359] (-) TimerEvent: {}
[398.105488] (-) TimerEvent: {}
[398.206566] (-) TimerEvent: {}
[398.307701] (-) TimerEvent: {}
[398.408763] (-) TimerEvent: {}
[398.509916] (-) TimerEvent: {}
[398.611005] (-) TimerEvent: {}
[398.711950] (-) TimerEvent: {}
[398.812882] (-) TimerEvent: {}
[398.913832] (-) TimerEvent: {}
[399.014750] (-) TimerEvent: {}
[399.115662] (-) TimerEvent: {}
[399.216581] (-) TimerEvent: {}
[399.317526] (-) TimerEvent: {}
[399.418522] (-) TimerEvent: {}
[399.519459] (-) TimerEvent: {}
[399.620407] (-) TimerEvent: {}
[399.721341] (-) TimerEvent: {}
[399.822309] (-) TimerEvent: {}
[399.923237] (-) TimerEvent: {}
[400.024144] (-) TimerEvent: {}
[400.125066] (-) TimerEvent: {}
[400.226064] (-) TimerEvent: {}
[400.326999] (-) TimerEvent: {}
[400.427980] (-) TimerEvent: {}
[400.528915] (-) TimerEvent: {}
[400.629891] (-) TimerEvent: {}
[400.730842] (-) TimerEvent: {}
[400.831778] (-) TimerEvent: {}
[400.932763] (-) TimerEvent: {}
[401.033869] (-) TimerEvent: {}
[401.134889] (-) TimerEvent: {}
[401.235831] (-) TimerEvent: {}
[401.336772] (-) TimerEvent: {}
[401.437749] (-) TimerEvent: {}
[401.538679] (-) TimerEvent: {}
[401.639657] (-) TimerEvent: {}
[401.740582] (-) TimerEvent: {}
[401.841532] (-) TimerEvent: {}
[401.942459] (-) TimerEvent: {}
[402.043402] (-) TimerEvent: {}
[402.144322] (-) TimerEvent: {}
[402.245241] (-) TimerEvent: {}
[402.346187] (-) TimerEvent: {}
[402.447107] (-) TimerEvent: {}
[402.548107] (-) TimerEvent: {}
[402.649051] (-) TimerEvent: {}
[402.750039] (-) TimerEvent: {}
[402.850972] (-) TimerEvent: {}
[402.951907] (-) TimerEvent: {}
[403.052830] (-) TimerEvent: {}
[403.153819] (-) TimerEvent: {}
[403.254759] (-) TimerEvent: {}
[403.355691] (-) TimerEvent: {}
[403.456628] (-) TimerEvent: {}
[403.557551] (-) TimerEvent: {}
[403.658491] (-) TimerEvent: {}
[403.759464] (-) TimerEvent: {}
[403.860564] (-) TimerEvent: {}
[403.961629] (-) TimerEvent: {}
[404.062556] (-) TimerEvent: {}
[404.163477] (-) TimerEvent: {}
[404.264396] (-) TimerEvent: {}
[404.365344] (-) TimerEvent: {}
[404.466279] (-) TimerEvent: {}
[404.567205] (-) TimerEvent: {}
[404.668125] (-) TimerEvent: {}
[404.769055] (-) TimerEvent: {}
[404.870000] (-) TimerEvent: {}
[404.970935] (-) TimerEvent: {}
[405.071909] (-) TimerEvent: {}
[405.172954] (-) TimerEvent: {}
[405.273898] (-) TimerEvent: {}
[405.374823] (-) TimerEvent: {}
[405.475755] (-) TimerEvent: {}
[405.576695] (-) TimerEvent: {}
[405.677608] (-) TimerEvent: {}
[405.778539] (-) TimerEvent: {}
[405.879453] (-) TimerEvent: {}
[405.980377] (-) TimerEvent: {}
[406.081295] (-) TimerEvent: {}
[406.182261] (-) TimerEvent: {}
[406.283186] (-) TimerEvent: {}
[406.384120] (-) TimerEvent: {}
[406.485074] (-) TimerEvent: {}
[406.586045] (-) TimerEvent: {}
[406.686981] (-) TimerEvent: {}
[406.742804] (<colcon_parallel_executor.executor.parallel.ParallelExecutorExtension object at 0x7faa4c4d90>) ParallelStatus: {'processing': ('hobot_audio', 'xgo_face_control', 'xgo_gesture_control', 'xgo_device')}
[406.787181] (-) TimerEvent: {}
[406.888180] (-) TimerEvent: {}
[406.989105] (-) TimerEvent: {}
[407.090091] (-) TimerEvent: {}
[407.191030] (-) TimerEvent: {}
[407.291942] (-) TimerEvent: {}
[407.392883] (-) TimerEvent: {}
[407.493863] (-) TimerEvent: {}
[407.594881] (-) TimerEvent: {}
[413.474426] (-) TimerEvent: {}
[413.575359] (-) TimerEvent: {}
[413.676285] (-) TimerEvent: {}
[413.777207] (-) TimerEvent: {}
[413.878142] (-) TimerEvent: {}
[413.979082] (-) TimerEvent: {}
[414.080476] (-) TimerEvent: {}
[414.181400] (-) TimerEvent: {}
[414.282337] (-) TimerEvent: {}
[414.383269] (-) TimerEvent: {}
[414.484175] (-) TimerEvent: {}
[414.585112] (-) TimerEvent: {}
[414.686075] (-) TimerEvent: {}
[414.786994] (-) TimerEvent: {}
[414.887938] (-) TimerEvent: {}
[414.988981] (-) TimerEvent: {}
[415.090066] (-) TimerEvent: {}
[415.191194] (-) TimerEvent: {}
[415.292633] (-) TimerEvent: {}
[415.393865] (-) TimerEvent: {}
[415.495240] (-) TimerEvent: {}
[415.596386] (-) TimerEvent: {}
[415.697313] (-) TimerEvent: {}
[415.798235] (-) TimerEvent: {}
[415.899148] (-) TimerEvent: {}
[416.000062] (-) TimerEvent: {}
[416.101028] (-) TimerEvent: {}
[416.201975] (-) TimerEvent: {}
[416.302889] (-) TimerEvent: {}
[416.403835] (-) TimerEvent: {}
[416.504876] (-) TimerEvent: {}
[416.605878] (-) TimerEvent: {}
[416.706815] (-) TimerEvent: {}
[416.807749] (-) TimerEvent: {}
[416.908684] (-) TimerEvent: {}
[417.009629] (-) TimerEvent: {}
[417.110584] (-) TimerEvent: {}
[417.211580] (-) TimerEvent: {}
[417.312544] (-) TimerEvent: {}
[417.413550] (-) TimerEvent: {}
[417.514511] (-) TimerEvent: {}
[417.615446] (-) TimerEvent: {}
[417.716397] (-) TimerEvent: {}
[417.817338] (-) TimerEvent: {}
[417.918680] (-) TimerEvent: {}
[418.019660] (-) TimerEvent: {}
[418.120642] (-) TimerEvent: {}
[418.221725] (-) TimerEvent: {}
[418.322911] (-) TimerEvent: {}
[418.541915] (-) TimerEvent: {}
[418.643005] (-) TimerEvent: {}
[418.744168] (-) TimerEvent: {}
[418.845604] (-) TimerEvent: {}
[418.947505] (-) TimerEvent: {}
[419.049488] (-) TimerEvent: {}
[419.150546] (-) TimerEvent: {}
[419.251556] (-) TimerEvent: {}
[419.352581] (-) TimerEvent: {}
[419.453599] (-) TimerEvent: {}
[419.554578] (-) TimerEvent: {}
[419.655609] (-) TimerEvent: {}
[419.756685] (-) TimerEvent: {}
[419.857749] (-) TimerEvent: {}
[419.958746] (-) TimerEvent: {}
[420.059676] (-) TimerEvent: {}
[420.160620] (-) TimerEvent: {}
[420.261592] (-) TimerEvent: {}
[420.362565] (-) TimerEvent: {}
[420.463487] (-) TimerEvent: {}
[420.564422] (-) TimerEvent: {}
[420.665383] (-) TimerEvent: {}
[420.766330] (-) TimerEvent: {}
[420.867274] (-) TimerEvent: {}
[420.968207] (-) TimerEvent: {}
[421.069167] (-) TimerEvent: {}
[421.170147] (-) TimerEvent: {}
[421.271083] (-) TimerEvent: {}
[421.372055] (-) TimerEvent: {}
[421.473057] (-) TimerEvent: {}
[421.574168] (-) TimerEvent: {}
[421.675117] (-) TimerEvent: {}
[421.776143] (-) TimerEvent: {}
[421.877062] (-) TimerEvent: {}
[421.978042] (-) TimerEvent: {}
[422.078974] (-) TimerEvent: {}
[422.179921] (-) TimerEvent: {}
[422.280934] (-) TimerEvent: {}
[422.381978] (-) TimerEvent: {}
[422.482922] (-) TimerEvent: {}
[422.583864] (-) TimerEvent: {}
[422.684788] (-) TimerEvent: {}
[422.785736] (-) TimerEvent: {}
[422.886679] (-) TimerEvent: {}
[422.987724] (-) TimerEvent: {}
[423.088649] (-) TimerEvent: {}
[423.189605] (-) TimerEvent: {}
[423.290531] (-) TimerEvent: {}
[423.391464] (-) TimerEvent: {}
[423.492381] (-) TimerEvent: {}
[423.593405] (-) TimerEvent: {}
[423.694369] (-) TimerEvent: {}
[423.795296] (-) TimerEvent: {}
[423.896212] (-) TimerEvent: {}
[423.997127] (-) TimerEvent: {}
[424.098089] (-) TimerEvent: {}
[424.199080] (-) TimerEvent: {}
[424.300055] (-) TimerEvent: {}
[424.401004] (-) TimerEvent: {}
[424.502010] (-) TimerEvent: {}
[424.603091] (-) TimerEvent: {}
[424.704155] (-) TimerEvent: {}
[424.805084] (-) TimerEvent: {}
[424.906064] (-) TimerEvent: {}
[425.006991] (-) TimerEvent: {}
[425.107915] (-) TimerEvent: {}
[425.208846] (-) TimerEvent: {}
[425.309801] (-) TimerEvent: {}
[425.410755] (-) TimerEvent: {}
[425.511695] (-) TimerEvent: {}
[425.612624] (-) TimerEvent: {}
[425.713583] (-) TimerEvent: {}
[425.814517] (-) TimerEvent: {}
[425.915598] (-) TimerEvent: {}
[426.016636] (-) TimerEvent: {}
[426.117588] (-) TimerEvent: {}
[426.218506] (-) TimerEvent: {}
[426.319437] (-) TimerEvent: {}
[426.420380] (-) TimerEvent: {}
[426.521310] (-) TimerEvent: {}
[426.622290] (-) TimerEvent: {}
[426.723213] (-) TimerEvent: {}
[426.824150] (-) TimerEvent: {}
[426.925160] (-) TimerEvent: {}
[427.026242] (-) TimerEvent: {}
[427.127188] (-) TimerEvent: {}
[427.228137] (-) TimerEvent: {}
[427.329076] (-) TimerEvent: {}
[427.430062] (-) TimerEvent: {}
[427.531007] (-) TimerEvent: {}
[427.631915] (-) TimerEvent: {}
[427.732818] (-) TimerEvent: {}
[427.833800] (-) TimerEvent: {}
[427.934791] (-) TimerEvent: {}
[428.035735] (-) TimerEvent: {}
[428.136676] (-) TimerEvent: {}
[428.237628] (-) TimerEvent: {}
[428.338565] (-) TimerEvent: {}
[428.439512] (-) TimerEvent: {}
[428.540451] (-) TimerEvent: {}
[428.641551] (-) TimerEvent: {}
[428.742516] (-) TimerEvent: {}
[428.843463] (-) TimerEvent: {}
[428.944394] (-) TimerEvent: {}
[429.045357] (-) TimerEvent: {}
[429.146453] (-) TimerEvent: {}
[429.247453] (-) TimerEvent: {}
[429.348446] (-) TimerEvent: {}
[429.449512] (-) TimerEvent: {}
[429.550532] (-) TimerEvent: {}
[429.651475] (-) TimerEvent: {}
[429.752391] (-) TimerEvent: {}
[429.853319] (-) TimerEvent: {}
[429.954269] (-) TimerEvent: {}
[430.055206] (-) TimerEvent: {}
[430.156140] (-) TimerEvent: {}
[430.257052] (-) TimerEvent: {}
[430.358009] (-) TimerEvent: {}
[430.458973] (-) TimerEvent: {}
[430.560049] (-) TimerEvent: {}
[430.660984] (-) TimerEvent: {}
[430.761942] (-) TimerEvent: {}
[430.862872] (-) TimerEvent: {}
[430.963805] (-) TimerEvent: {}
[431.064741] (-) TimerEvent: {}
[431.165698] (-) TimerEvent: {}
[431.266616] (-) TimerEvent: {}
[431.367544] (-) TimerEvent: {}
[431.468470] (-) TimerEvent: {}
[431.569396] (-) TimerEvent: {}
[431.670365] (-) TimerEvent: {}
[431.771338] (-) TimerEvent: {}
[431.872273] (-) TimerEvent: {}
[431.973191] (-) TimerEvent: {}
[432.074161] (-) TimerEvent: {}
[432.175114] (-) TimerEvent: {}
[432.276043] (-) TimerEvent: {}
[432.376969] (-) TimerEvent: {}
[432.477946] (-) TimerEvent: {}
[432.578855] (-) TimerEvent: {}
[432.679805] (-) TimerEvent: {}
[432.780841] (-) TimerEvent: {}
[432.881811] (-) TimerEvent: {}
[432.982737] (-) TimerEvent: {}
[433.083684] (-) TimerEvent: {}
[433.184620] (-) TimerEvent: {}
[433.285543] (-) TimerEvent: {}
[433.386477] (-) TimerEvent: {}
[433.487400] (-) TimerEvent: {}
[433.588330] (-) TimerEvent: {}
[433.689335] (-) TimerEvent: {}
[434.109260] (-) TimerEvent: {}
[434.210356] (-) TimerEvent: {}
[434.311370] (-) TimerEvent: {}
[434.412346] (-) TimerEvent: {}
[434.513330] (-) TimerEvent: {}
[434.614682] (-) TimerEvent: {}
[434.715684] (-) TimerEvent: {}
[434.816790] (-) TimerEvent: {}
[434.917918] (-) TimerEvent: {}
[435.018945] (-) TimerEvent: {}
[435.119881] (-) TimerEvent: {}
[435.220801] (-) TimerEvent: {}
[435.321766] (-) TimerEvent: {}
[435.422706] (-) TimerEvent: {}
[435.523646] (-) TimerEvent: {}
[435.624627] (-) TimerEvent: {}
[435.725677] (-) TimerEvent: {}
[435.826597] (-) TimerEvent: {}
[435.927523] (-) TimerEvent: {}
[436.028450] (-) TimerEvent: {}
[436.129371] (-) TimerEvent: {}
[436.230370] (-) TimerEvent: {}
[436.331313] (-) TimerEvent: {}
[436.432299] (-) TimerEvent: {}
[436.533259] (-) TimerEvent: {}
[436.634483] (-) TimerEvent: {}
[436.735396] (-) TimerEvent: {}
[436.770305] (<colcon_parallel_executor.executor.parallel.ParallelExecutorExtension object at 0x7faa4c4d90>) ParallelStatus: {'processing': ('hobot_audio', 'xgo_face_control', 'xgo_gesture_control', 'xgo_device')}
[436.835574] (-) TimerEvent: {}
[436.936491] (-) TimerEvent: {}
[437.037611] (-) TimerEvent: {}
[437.138542] (-) TimerEvent: {}
[437.239574] (-) TimerEvent: {}
[437.340654] (-) TimerEvent: {}
[437.441748] (-) TimerEvent: {}
[437.542697] (-) TimerEvent: {}
[437.643742] (-) TimerEvent: {}
[437.744747] (-) TimerEvent: {}
[437.845719] (-) TimerEvent: {}
[437.946844] (-) TimerEvent: {}
[438.047874] (-) TimerEvent: {}
[438.148791] (-) TimerEvent: {}
[438.249742] (-) TimerEvent: {}
[438.350687] (-) TimerEvent: {}
[438.451642] (-) TimerEvent: {}
[438.552573] (-) TimerEvent: {}
[438.653505] (-) TimerEvent: {}
[438.754447] (-) TimerEvent: {}
[438.855426] (-) TimerEvent: {}
[438.956352] (-) TimerEvent: {}
[439.057298] (-) TimerEvent: {}
[439.158236] (-) TimerEvent: {}
[439.259152] (-) TimerEvent: {}
[439.360068] (-) TimerEvent: {}
[439.460985] (-) TimerEvent: {}
[439.561937] (-) TimerEvent: {}
[439.662843] (-) TimerEvent: {}
[439.763758] (-) TimerEvent: {}
[439.864651] (-) TimerEvent: {}
[439.965596] (-) TimerEvent: {}
[440.066556] (-) TimerEvent: {}
[440.167528] (-) TimerEvent: {}
[440.268442] (-) TimerEvent: {}
[440.369377] (-) TimerEvent: {}
[440.470491] (-) TimerEvent: {}
[440.571468] (-) TimerEvent: {}
[440.672495] (-) TimerEvent: {}
[440.773454] (-) TimerEvent: {}
[440.874407] (-) TimerEvent: {}
[440.975365] (-) TimerEvent: {}
[441.076551] (-) TimerEvent: {}
[441.178253] (-) TimerEvent: {}
[441.279632] (-) TimerEvent: {}
[441.380706] (-) TimerEvent: {}
[441.481858] (-) TimerEvent: {}
[441.582941] (-) TimerEvent: {}
[441.684028] (-) TimerEvent: {}
[441.785081] (-) TimerEvent: {}
[441.886126] (-) TimerEvent: {}
[441.987220] (-) TimerEvent: {}
[442.088274] (-) TimerEvent: {}
[442.189300] (-) TimerEvent: {}
[442.290277] (-) TimerEvent: {}
[442.391266] (-) TimerEvent: {}
[442.492401] (-) TimerEvent: {}
[442.593483] (-) TimerEvent: {}
[442.694536] (-) TimerEvent: {}
[442.795628] (-) TimerEvent: {}
[442.896701] (-) TimerEvent: {}
[442.997837] (-) TimerEvent: {}
[443.098836] (-) TimerEvent: {}
[443.199928] (-) TimerEvent: {}
[443.301345] (-) TimerEvent: {}
[443.402416] (-) TimerEvent: {}
[443.503519] (-) TimerEvent: {}
[443.604547] (-) TimerEvent: {}
[443.705481] (-) TimerEvent: {}
[443.806415] (-) TimerEvent: {}
[445.616894] (-) TimerEvent: {}
[445.718029] (-) TimerEvent: {}
[445.819088] (-) TimerEvent: {}
[445.920153] (-) TimerEvent: {}
[446.021221] (-) TimerEvent: {}
[446.122308] (-) TimerEvent: {}
[446.223356] (-) TimerEvent: {}
[446.324365] (-) TimerEvent: {}
[446.425299] (-) TimerEvent: {}
[446.526246] (-) TimerEvent: {}
[446.627190] (-) TimerEvent: {}
[446.728118] (-) TimerEvent: {}
[446.829024] (-) TimerEvent: {}
[446.929973] (-) TimerEvent: {}
[447.030892] (-) TimerEvent: {}
[447.131809] (-) TimerEvent: {}
[447.232746] (-) TimerEvent: {}
[447.333828] (-) TimerEvent: {}
[447.435008] (-) TimerEvent: {}
[447.536262] (-) TimerEvent: {}
[447.637463] (-) TimerEvent: {}
[447.738533] (-) TimerEvent: {}
[447.839631] (-) TimerEvent: {}
[447.940734] (-) TimerEvent: {}
[448.041842] (-) TimerEvent: {}
[448.142869] (-) TimerEvent: {}
[448.243897] (-) TimerEvent: {}
[448.344902] (-) TimerEvent: {}
[448.445863] (-) TimerEvent: {}
[448.546825] (-) TimerEvent: {}
[448.647774] (-) TimerEvent: {}
[448.748706] (-) TimerEvent: {}
[448.849695] (-) TimerEvent: {}
[448.950673] (-) TimerEvent: {}
[449.051587] (-) TimerEvent: {}
[449.152528] (-) TimerEvent: {}
[449.253508] (-) TimerEvent: {}
[449.354563] (-) TimerEvent: {}
[449.455503] (-) TimerEvent: {}
[449.556503] (-) TimerEvent: {}
[449.657617] (-) TimerEvent: {}
[449.758650] (-) TimerEvent: {}
[449.859747] (-) TimerEvent: {}
[449.960666] (-) TimerEvent: {}
[450.061585] (-) TimerEvent: {}
[450.162520] (-) TimerEvent: {}
[450.263441] (-) TimerEvent: {}
[450.364367] (-) TimerEvent: {}
[450.465311] (-) TimerEvent: {}
[450.566598] (-) TimerEvent: {}
[450.667689] (-) TimerEvent: {}
[450.768759] (-) TimerEvent: {}
[450.869837] (-) TimerEvent: {}
[450.970768] (-) TimerEvent: {}
[451.071707] (-) TimerEvent: {}
[451.172670] (-) TimerEvent: {}
[451.273614] (-) TimerEvent: {}
[451.374594] (-) TimerEvent: {}
[451.475530] (-) TimerEvent: {}
[451.576455] (-) TimerEvent: {}
[451.677373] (-) TimerEvent: {}
[451.778310] (-) TimerEvent: {}
[451.879265] (-) TimerEvent: {}
[451.980188] (-) TimerEvent: {}
[452.081127] (-) TimerEvent: {}
[452.182086] (-) TimerEvent: {}
[452.283012] (-) TimerEvent: {}
[452.383984] (-) TimerEvent: {}
[452.485099] (-) TimerEvent: {}
[452.586238] (-) TimerEvent: {}
[452.687436] (-) TimerEvent: {}
[452.788793] (-) TimerEvent: {}
[452.890034] (-) TimerEvent: {}
[452.991131] (-) TimerEvent: {}
[453.092158] (-) TimerEvent: {}
[453.193077] (-) TimerEvent: {}
[453.294017] (-) TimerEvent: {}
[453.394950] (-) TimerEvent: {}
[453.495893] (-) TimerEvent: {}
[453.596953] (-) TimerEvent: {}
[453.697944] (-) TimerEvent: {}
[453.798867] (-) TimerEvent: {}
[453.899799] (-) TimerEvent: {}
[454.000767] (-) TimerEvent: {}
[454.101737] (-) TimerEvent: {}
[454.202681] (-) TimerEvent: {}
[454.303614] (-) TimerEvent: {}
[454.404607] (-) TimerEvent: {}
[454.505539] (-) TimerEvent: {}
[454.606473] (-) TimerEvent: {}
[454.707406] (-) TimerEvent: {}
[454.808321] (-) TimerEvent: {}
[454.909318] (-) TimerEvent: {}
[455.010456] (-) TimerEvent: {}
[455.111406] (-) TimerEvent: {}
[455.212362] (-) TimerEvent: {}
[455.313320] (-) TimerEvent: {}
[455.414456] (-) TimerEvent: {}
[455.515607] (-) TimerEvent: {}
[455.616663] (-) TimerEvent: {}
[455.717955] (-) TimerEvent: {}
[455.818914] (-) TimerEvent: {}
[455.919898] (-) TimerEvent: {}
[456.020837] (-) TimerEvent: {}
[456.121821] (-) TimerEvent: {}
[456.222771] (-) TimerEvent: {}
[456.323747] (-) TimerEvent: {}
[456.424691] (-) TimerEvent: {}
[456.525678] (-) TimerEvent: {}
[456.626609] (-) TimerEvent: {}
[456.727527] (-) TimerEvent: {}
[456.828441] (-) TimerEvent: {}
[456.929382] (-) TimerEvent: {}
[457.030324] (-) TimerEvent: {}
[457.131243] (-) TimerEvent: {}
[457.232171] (-) TimerEvent: {}
[457.333089] (-) TimerEvent: {}
[457.434080] (-) TimerEvent: {}
[457.535017] (-) TimerEvent: {}
[457.635943] (-) TimerEvent: {}
[457.736874] (-) TimerEvent: {}
[457.837837] (-) TimerEvent: {}
[457.938761] (-) TimerEvent: {}
[458.039685] (-) TimerEvent: {}
[458.140621] (-) TimerEvent: {}
[458.241553] (-) TimerEvent: {}
[458.342471] (-) TimerEvent: {}
[458.443461] (-) TimerEvent: {}
[458.544545] (-) TimerEvent: {}
[458.646715] (-) TimerEvent: {}
[458.747750] (-) TimerEvent: {}
[458.848757] (-) TimerEvent: {}
[458.949911] (-) TimerEvent: {}
[459.051619] (-) TimerEvent: {}
[459.152822] (-) TimerEvent: {}
[459.254049] (-) TimerEvent: {}
[459.355534] (-) TimerEvent: {}
[459.456629] (-) TimerEvent: {}
[459.558174] (-) TimerEvent: {}
[459.659132] (-) TimerEvent: {}
[459.760601] (-) TimerEvent: {}
[459.862119] (-) TimerEvent: {}
[459.963166] (-) TimerEvent: {}
[460.064254] (-) TimerEvent: {}
[460.165312] (-) TimerEvent: {}
[460.266445] (-) TimerEvent: {}
[460.367515] (-) TimerEvent: {}
[460.468643] (-) TimerEvent: {}
[460.570825] (-) TimerEvent: {}
[460.672612] (-) TimerEvent: {}
[460.773765] (-) TimerEvent: {}
[460.874911] (-) TimerEvent: {}
[460.975954] (-) TimerEvent: {}
[461.076932] (-) TimerEvent: {}
[461.178017] (-) TimerEvent: {}
[461.278970] (-) TimerEvent: {}
[461.379952] (-) TimerEvent: {}
[461.481002] (-) TimerEvent: {}
[461.595013] (-) TimerEvent: {}
[461.645518] (xgo_device) StdoutLine: {'line': b'[100%] \x1b[32m\x1b[1mLinking CXX executable device_info_node\x1b[0m\n'}
[461.776837] (-) TimerEvent: {}
[461.879375] (-) TimerEvent: {}
[461.980498] (-) TimerEvent: {}
[462.081920] (-) TimerEvent: {}
[462.183057] (-) TimerEvent: {}
[462.284136] (-) TimerEvent: {}
[462.385302] (-) TimerEvent: {}
[462.486517] (-) TimerEvent: {}
[462.587769] (-) TimerEvent: {}
[462.689097] (-) TimerEvent: {}
[462.790133] (-) TimerEvent: {}
[462.891106] (-) TimerEvent: {}
[462.992138] (-) TimerEvent: {}
[463.093324] (-) TimerEvent: {}
[463.194530] (-) TimerEvent: {}
[463.295737] (-) TimerEvent: {}
[463.397155] (-) TimerEvent: {}
[463.498419] (-) TimerEvent: {}
[463.599773] (-) TimerEvent: {}
[463.701236] (-) TimerEvent: {}
[463.802679] (-) TimerEvent: {}
[463.904197] (-) TimerEvent: {}
[464.005692] (-) TimerEvent: {}
[464.106999] (-) TimerEvent: {}
[464.208320] (-) TimerEvent: {}
[464.310212] (-) TimerEvent: {}
[464.411515] (-) TimerEvent: {}
[464.512547] (-) TimerEvent: {}
[464.613935] (-) TimerEvent: {}
[464.715110] (-) TimerEvent: {}
[464.816242] (-) TimerEvent: {}
[464.917209] (-) TimerEvent: {}
[465.018282] (-) TimerEvent: {}
[465.119523] (-) TimerEvent: {}
[465.220834] (-) TimerEvent: {}
[465.322150] (-) TimerEvent: {}
[465.423418] (-) TimerEvent: {}
[465.525305] (-) TimerEvent: {}
[465.626680] (-) TimerEvent: {}
[465.727877] (-) TimerEvent: {}
[465.829208] (-) TimerEvent: {}
[465.930592] (-) TimerEvent: {}
[466.031913] (-) TimerEvent: {}
[466.133397] (-) TimerEvent: {}
[466.234820] (-) TimerEvent: {}
[466.336273] (-) TimerEvent: {}
[466.438996] (-) TimerEvent: {}
[466.541617] (-) TimerEvent: {}
[466.642646] (-) TimerEvent: {}
[466.743729] (-) TimerEvent: {}
[466.801841] (<colcon_parallel_executor.executor.parallel.ParallelExecutorExtension object at 0x7faa4c4d90>) ParallelStatus: {'processing': ('hobot_audio', 'xgo_face_control', 'xgo_gesture_control', 'xgo_device')}
[466.844038] (-) TimerEvent: {}
[466.945480] (-) TimerEvent: {}
[467.046867] (-) TimerEvent: {}
[467.148160] (-) TimerEvent: {}
[467.249523] (-) TimerEvent: {}
[467.350775] (-) TimerEvent: {}
[467.452063] (-) TimerEvent: {}
[467.553412] (-) TimerEvent: {}
[467.654950] (-) TimerEvent: {}
[467.756334] (-) TimerEvent: {}
[467.857671] (-) TimerEvent: {}
[467.958863] (-) TimerEvent: {}
[468.059977] (-) TimerEvent: {}
[468.160948] (-) TimerEvent: {}
[468.262060] (-) TimerEvent: {}
[468.363343] (-) TimerEvent: {}
[468.464354] (-) TimerEvent: {}
[468.565491] (-) TimerEvent: {}
[468.666748] (-) TimerEvent: {}
[468.767723] (-) TimerEvent: {}
[468.868668] (-) TimerEvent: {}
[468.969668] (-) TimerEvent: {}
[469.070966] (-) TimerEvent: {}
[469.172127] (-) TimerEvent: {}
[469.273246] (-) TimerEvent: {}
[469.374293] (-) TimerEvent: {}
[469.475456] (-) TimerEvent: {}
[469.576629] (-) TimerEvent: {}
[469.677893] (-) TimerEvent: {}
[469.779051] (-) TimerEvent: {}
[469.880312] (-) TimerEvent: {}
[469.981535] (-) TimerEvent: {}
[470.082582] (-) TimerEvent: {}
[470.183638] (-) TimerEvent: {}
[470.284823] (-) TimerEvent: {}
[470.386008] (-) TimerEvent: {}
[470.486953] (-) TimerEvent: {}
[470.587956] (-) TimerEvent: {}
[470.689167] (-) TimerEvent: {}
[470.790417] (-) TimerEvent: {}
[470.891783] (-) TimerEvent: {}
[470.992748] (-) TimerEvent: {}
[471.093845] (-) TimerEvent: {}
[471.194830] (-) TimerEvent: {}
[471.295770] (-) TimerEvent: {}
[471.396785] (-) TimerEvent: {}
[471.498370] (-) TimerEvent: {}
[471.599799] (-) TimerEvent: {}
[471.701567] (-) TimerEvent: {}
[471.802544] (-) TimerEvent: {}
[471.903551] (-) TimerEvent: {}
[472.004513] (-) TimerEvent: {}
[472.105626] (-) TimerEvent: {}
[472.206674] (-) TimerEvent: {}
[472.307667] (-) TimerEvent: {}
[472.408682] (-) TimerEvent: {}
[472.509677] (-) TimerEvent: {}
[472.610705] (-) TimerEvent: {}
[472.711752] (-) TimerEvent: {}
[472.812741] (-) TimerEvent: {}
[472.913758] (-) TimerEvent: {}
[473.014744] (-) TimerEvent: {}
[473.114624] (xgo_device) StdoutLine: {'line': b'[100%] Built target device_info_node\n'}
[473.115501] (-) TimerEvent: {}
[473.216395] (-) TimerEvent: {}
[473.317334] (-) TimerEvent: {}
[473.418361] (-) TimerEvent: {}
[473.519307] (-) TimerEvent: {}
[473.620236] (-) TimerEvent: {}
[473.721154] (-) TimerEvent: {}
[473.822125] (-) TimerEvent: {}
[473.923061] (-) TimerEvent: {}
[474.023993] (-) TimerEvent: {}
[474.124995] (-) TimerEvent: {}
[474.225967] (-) TimerEvent: {}
[474.326921] (-) TimerEvent: {}
[474.442332] (-) TimerEvent: {}
[474.610320] (-) TimerEvent: {}
[474.815820] (xgo_device) CommandEnded: {'returncode': 0}
[475.273544] (-) TimerEvent: {}
[475.308333] (xgo_device) JobProgress: {'identifier': 'xgo_device', 'progress': 'install'}
[475.380464] (-) TimerEvent: {}
[475.423981] (xgo_device) Command: {'cmd': ['/usr/bin/cmake', '--install', '/home/sunrise/xgo_demo/src/build/xgo_device'], 'cwd': '/home/sunrise/xgo_demo/src/build/xgo_device', 'env': OrderedDict([('LANGUAGE', 'en_US.UTF-8'), ('USER', 'sunrise'), ('SSH_CLIENT', '192.168.66.221 5121 22'), ('XDG_SESSION_TYPE', 'tty'), ('SHLVL', '1'), ('LD_LIBRARY_PATH', '/home/sunrise/xgo_demo/src/install/xgoscreen/lib:/home/sunrise/xgo_demo/src/install/xgolib/lib:/home/sunrise/xgo_demo/install/hobot_audio/lib:/home/sunrise/xgo_demo/install/xgoscreen/lib:/home/sunrise/xgo_demo/install/xgolib/lib:/opt/tros/humble/lib/aarch64-linux-gnu:/opt/tros/humble/lib:/opt/ros/humble/lib/aarch64-linux-gnu:/opt/ros/humble/lib'), ('MOTD_SHOWN', 'pam'), ('HOME', '/home/sunrise'), ('OLDPWD', '/home/sunrise/xgo_demo'), ('SSH_TTY', '/dev/pts/0'), ('ROS_PYTHON_VERSION', '3'), ('DBUS_SESSION_BUS_ADDRESS', 'unix:path=/run/user/1000/bus'), ('TROS_DISTRO', 'humble'), ('COLCON_PREFIX_PATH', '/home/sunrise/xgo_demo/install'), ('ROS_DISTRO', 'humble'), ('LOGNAME', 'sunrise'), ('_', '/home/sunrise/.local/bin/colcon'), ('ROS_VERSION', '2'), ('XDG_SESSION_CLASS', 'user'), ('TERM', 'xterm'), ('XDG_SESSION_ID', '2'), ('ROS_LOCALHOST_ONLY', '0'), ('PATH', '/home/sunrise/xgo_demo/install/hobot_audio/bin:/home/sunrise/.local/bin:/home/sunrise/.local/bin:/opt/tros/humble/bin:/opt/ros/humble/bin:/usr/local/sbin:/usr/local/bin:/usr/sbin:/usr/bin:/sbin:/bin:/usr/games:/usr/local/games:/snap/bin'), ('XDG_RUNTIME_DIR', '/run/user/1000'), ('DISPLAY', 'localhost:10.0'), ('LANG', 'en_US.UTF-8'), ('LS_COLORS', 'rs=0:di=01;34:ln=01;36:mh=00:pi=40;33:so=01;35:do=01;35:bd=40;33;01:cd=40;33;01:or=40;31;01:mi=00:su=37;41:sg=30;43:ca=30;41:tw=30;42:ow=34;42:st=37;44:ex=01;32:*.tar=01;31:*.tgz=01;31:*.arc=01;31:*.arj=01;31:*.taz=01;31:*.lha=01;31:*.lz4=01;31:*.lzh=01;31:*.lzma=01;31:*.tlz=01;31:*.txz=01;31:*.tzo=01;31:*.t7z=01;31:*.zip=01;31:*.z=01;31:*.dz=01;31:*.gz=01;31:*.lrz=01;31:*.lz=01;31:*.lzo=01;31:*.xz=01;31:*.zst=01;31:*.tzst=01;31:*.bz2=01;31:*.bz=01;31:*.tbz=01;31:*.tbz2=01;31:*.tz=01;31:*.deb=01;31:*.rpm=01;31:*.jar=01;31:*.war=01;31:*.ear=01;31:*.sar=01;31:*.rar=01;31:*.alz=01;31:*.ace=01;31:*.zoo=01;31:*.cpio=01;31:*.7z=01;31:*.rz=01;31:*.cab=01;31:*.wim=01;31:*.swm=01;31:*.dwm=01;31:*.esd=01;31:*.jpg=01;35:*.jpeg=01;35:*.mjpg=01;35:*.mjpeg=01;35:*.gif=01;35:*.bmp=01;35:*.pbm=01;35:*.pgm=01;35:*.ppm=01;35:*.tga=01;35:*.xbm=01;35:*.xpm=01;35:*.tif=01;35:*.tiff=01;35:*.png=01;35:*.svg=01;35:*.svgz=01;35:*.mng=01;35:*.pcx=01;35:*.mov=01;35:*.mpg=01;35:*.mpeg=01;35:*.m2v=01;35:*.mkv=01;35:*.webm=01;35:*.webp=01;35:*.ogm=01;35:*.mp4=01;35:*.m4v=01;35:*.mp4v=01;35:*.vob=01;35:*.qt=01;35:*.nuv=01;35:*.wmv=01;35:*.asf=01;35:*.rm=01;35:*.rmvb=01;35:*.flc=01;35:*.avi=01;35:*.fli=01;35:*.flv=01;35:*.gl=01;35:*.dl=01;35:*.xcf=01;35:*.xwd=01;35:*.yuv=01;35:*.cgm=01;35:*.emf=01;35:*.ogv=01;35:*.ogx=01;35:*.aac=00;36:*.au=00;36:*.flac=00;36:*.m4a=00;36:*.mid=00;36:*.midi=00;36:*.mka=00;36:*.mp3=00;36:*.mpc=00;36:*.ogg=00;36:*.ra=00;36:*.wav=00;36:*.oga=00;36:*.opus=00;36:*.spx=00;36:*.xspf=00;36:'), ('AMENT_PREFIX_PATH', '/home/sunrise/xgo_demo/src/install/xgoscreen:/home/sunrise/xgo_demo/src/install/xgolib:/home/sunrise/xgo_demo/install/xgo_gesture_control:/home/sunrise/xgo_demo/install/hobot_audio:/home/sunrise/xgo_demo/install/xgo_motion:/home/sunrise/xgo_demo/install/xgo_head:/home/sunrise/xgo_demo/install/xgo_device:/home/sunrise/xgo_demo/install/xgoscreen:/home/sunrise/xgo_demo/install/xgolib:/home/sunrise/xgo_demo/install/xgo_display:/opt/tros/humble:/opt/ros/humble'), ('SHELL', '/bin/bash'), ('PWD', '/home/sunrise/xgo_demo/src/build/xgo_device'), ('SSH_CONNECTION', '192.168.66.221 5121 192.168.66.94 22'), ('PYTHONPATH', '/home/sunrise/xgo_demo/install/xgo_display/lib/python3.10/site-packages:/opt/tros/humble/lib/python3.10/site-packages:/opt/tros/humble/local/lib/python3.10/dist-packages:/opt/ros/humble/lib/python3.10/site-packages:/opt/ros/humble/local/lib/python3.10/dist-packages'), ('COLCON', '1'), ('CMAKE_PREFIX_PATH', '/home/sunrise/xgo_demo/src/install/xgoscreen:/home/sunrise/xgo_demo/src/install/xgolib:/home/sunrise/xgo_demo/install/xgo_gesture_control:/home/sunrise/xgo_demo/install/hobot_audio:/home/sunrise/xgo_demo/install/xgo_motion:/home/sunrise/xgo_demo/install/xgo_head:/home/sunrise/xgo_demo/install/xgo_device:/home/sunrise/xgo_demo/install/xgoscreen:/home/sunrise/xgo_demo/install/xgolib:/home/sunrise/xgo_demo/install/xgo_display:/opt/tros/humble:/opt/ros/humble')]), 'shell': False}
[475.488382] (-) TimerEvent: {}
[475.626425] (-) TimerEvent: {}
[475.722996] (xgo_device) StdoutLine: {'line': b'-- Install configuration: ""\n'}
[475.726622] (-) TimerEvent: {}
[475.736674] (xgo_device) StdoutLine: {'line': b'-- Installing: /home/sunrise/xgo_demo/src/install/xgo_device/lib/xgo_device/device_info_node\n'}
[475.744520] (xgo_device) StdoutLine: {'line': b'-- Set runtime path of "/home/sunrise/xgo_demo/src/install/xgo_device/lib/xgo_device/device_info_node" to ""\n'}
[475.760488] (xgo_device) StdoutLine: {'line': b'-- Installing: /home/sunrise/xgo_demo/src/install/xgo_device/share/ament_index/resource_index/package_run_dependencies/xgo_device\n'}
[475.765563] (xgo_device) StdoutLine: {'line': b'-- Installing: /home/sunrise/xgo_demo/src/install/xgo_device/share/ament_index/resource_index/parent_prefix_path/xgo_device\n'}
[475.794983] (xgo_device) StdoutLine: {'line': b'-- Up-to-date: /home/sunrise/xgo_demo/src/install/xgo_device/share/xgo_device/environment/ament_prefix_path.sh\n'}
[475.796414] (xgo_device) StdoutLine: {'line': b'-- Installing: /home/sunrise/xgo_demo/src/install/xgo_device/share/xgo_device/environment/ament_prefix_path.dsv\n'}
[475.798918] (xgo_device) StdoutLine: {'line': b'-- Up-to-date: /home/sunrise/xgo_demo/src/install/xgo_device/share/xgo_device/environment/path.sh\n'}
[475.799849] (xgo_device) StdoutLine: {'line': b'-- Installing: /home/sunrise/xgo_demo/src/install/xgo_device/share/xgo_device/environment/path.dsv\n'}
[475.808730] (xgo_device) StdoutLine: {'line': b'-- Up-to-date: /home/sunrise/xgo_demo/src/install/xgo_device/share/xgo_device/local_setup.bash\n'}
[475.809976] (xgo_device) StdoutLine: {'line': b'-- Up-to-date: /home/sunrise/xgo_demo/src/install/xgo_device/share/xgo_device/local_setup.sh\n'}
[475.810779] (xgo_device) StdoutLine: {'line': b'-- Up-to-date: /home/sunrise/xgo_demo/src/install/xgo_device/share/xgo_device/local_setup.zsh\n'}
[475.811506] (xgo_device) StdoutLine: {'line': b'-- Installing: /home/sunrise/xgo_demo/src/install/xgo_device/share/xgo_device/local_setup.dsv\n'}
[475.812371] (xgo_device) StdoutLine: {'line': b'-- Installing: /home/sunrise/xgo_demo/src/install/xgo_device/share/xgo_device/package.dsv\n'}
[475.817054] (xgo_device) StdoutLine: {'line': b'-- Up-to-date: /home/sunrise/xgo_demo/src/install/xgo_device/share/ament_index/resource_index/packages/xgo_device\n'}
[475.819995] (xgo_device) StdoutLine: {'line': b'-- Up-to-date: /home/sunrise/xgo_demo/src/install/xgo_device/share/xgo_device/cmake/xgo_deviceConfig.cmake\n'}
[475.820848] (xgo_device) StdoutLine: {'line': b'-- Up-to-date: /home/sunrise/xgo_demo/src/install/xgo_device/share/xgo_device/cmake/xgo_deviceConfig-version.cmake\n'}
[475.821970] (xgo_device) StdoutLine: {'line': b'-- Installing: /home/sunrise/xgo_demo/src/install/xgo_device/share/xgo_device/package.xml\n'}
[475.826798] (-) TimerEvent: {}
[475.853101] (xgo_device) CommandEnded: {'returncode': 0}
[475.933217] (-) TimerEvent: {}
[476.072480] (-) TimerEvent: {}
[476.188684] (-) TimerEvent: {}
[476.315794] (-) TimerEvent: {}
[476.441660] (-) TimerEvent: {}
[476.549163] (-) TimerEvent: {}
[476.668535] (-) TimerEvent: {}
[476.795821] (-) TimerEvent: {}
[476.897182] (-) TimerEvent: {}
[476.998240] (-) TimerEvent: {}
[477.088506] (xgo_device) JobEnded: {'identifier': 'xgo_device', 'rc': 0}
[477.145980] (-) TimerEvent: {}
[477.146644] (xgo_head) JobStarted: {'identifier': 'xgo_head'}
[477.246629] (-) TimerEvent: {}
[477.352105] (-) TimerEvent: {}
[477.435267] (xgo_head) JobProgress: {'identifier': 'xgo_head', 'progress': 'cmake'}
[477.437880] (xgo_head) Command: {'cmd': ['/usr/bin/cmake', '/home/sunrise/xgo_demo/src/xgo_head', '-DCMAKE_INSTALL_PREFIX=/home/sunrise/xgo_demo/src/install/xgo_head'], 'cwd': '/home/sunrise/xgo_demo/src/build/xgo_head', 'env': OrderedDict([('LANGUAGE', 'en_US.UTF-8'), ('USER', 'sunrise'), ('SSH_CLIENT', '192.168.66.221 5121 22'), ('XDG_SESSION_TYPE', 'tty'), ('SHLVL', '1'), ('LD_LIBRARY_PATH', '/home/sunrise/xgo_demo/src/install/xgoscreen/lib:/home/sunrise/xgo_demo/src/install/xgolib/lib:/home/sunrise/xgo_demo/install/hobot_audio/lib:/home/sunrise/xgo_demo/install/xgoscreen/lib:/home/sunrise/xgo_demo/install/xgolib/lib:/opt/tros/humble/lib/aarch64-linux-gnu:/opt/tros/humble/lib:/opt/ros/humble/lib/aarch64-linux-gnu:/opt/ros/humble/lib'), ('MOTD_SHOWN', 'pam'), ('HOME', '/home/sunrise'), ('OLDPWD', '/home/sunrise/xgo_demo'), ('SSH_TTY', '/dev/pts/0'), ('ROS_PYTHON_VERSION', '3'), ('DBUS_SESSION_BUS_ADDRESS', 'unix:path=/run/user/1000/bus'), ('TROS_DISTRO', 'humble'), ('COLCON_PREFIX_PATH', '/home/sunrise/xgo_demo/install'), ('ROS_DISTRO', 'humble'), ('LOGNAME', 'sunrise'), ('_', '/home/sunrise/.local/bin/colcon'), ('ROS_VERSION', '2'), ('XDG_SESSION_CLASS', 'user'), ('TERM', 'xterm'), ('XDG_SESSION_ID', '2'), ('ROS_LOCALHOST_ONLY', '0'), ('PATH', '/home/sunrise/xgo_demo/install/hobot_audio/bin:/home/sunrise/.local/bin:/home/sunrise/.local/bin:/opt/tros/humble/bin:/opt/ros/humble/bin:/usr/local/sbin:/usr/local/bin:/usr/sbin:/usr/bin:/sbin:/bin:/usr/games:/usr/local/games:/snap/bin'), ('XDG_RUNTIME_DIR', '/run/user/1000'), ('DISPLAY', 'localhost:10.0'), ('LANG', 'en_US.UTF-8'), ('LS_COLORS', 'rs=0:di=01;34:ln=01;36:mh=00:pi=40;33:so=01;35:do=01;35:bd=40;33;01:cd=40;33;01:or=40;31;01:mi=00:su=37;41:sg=30;43:ca=30;41:tw=30;42:ow=34;42:st=37;44:ex=01;32:*.tar=01;31:*.tgz=01;31:*.arc=01;31:*.arj=01;31:*.taz=01;31:*.lha=01;31:*.lz4=01;31:*.lzh=01;31:*.lzma=01;31:*.tlz=01;31:*.txz=01;31:*.tzo=01;31:*.t7z=01;31:*.zip=01;31:*.z=01;31:*.dz=01;31:*.gz=01;31:*.lrz=01;31:*.lz=01;31:*.lzo=01;31:*.xz=01;31:*.zst=01;31:*.tzst=01;31:*.bz2=01;31:*.bz=01;31:*.tbz=01;31:*.tbz2=01;31:*.tz=01;31:*.deb=01;31:*.rpm=01;31:*.jar=01;31:*.war=01;31:*.ear=01;31:*.sar=01;31:*.rar=01;31:*.alz=01;31:*.ace=01;31:*.zoo=01;31:*.cpio=01;31:*.7z=01;31:*.rz=01;31:*.cab=01;31:*.wim=01;31:*.swm=01;31:*.dwm=01;31:*.esd=01;31:*.jpg=01;35:*.jpeg=01;35:*.mjpg=01;35:*.mjpeg=01;35:*.gif=01;35:*.bmp=01;35:*.pbm=01;35:*.pgm=01;35:*.ppm=01;35:*.tga=01;35:*.xbm=01;35:*.xpm=01;35:*.tif=01;35:*.tiff=01;35:*.png=01;35:*.svg=01;35:*.svgz=01;35:*.mng=01;35:*.pcx=01;35:*.mov=01;35:*.mpg=01;35:*.mpeg=01;35:*.m2v=01;35:*.mkv=01;35:*.webm=01;35:*.webp=01;35:*.ogm=01;35:*.mp4=01;35:*.m4v=01;35:*.mp4v=01;35:*.vob=01;35:*.qt=01;35:*.nuv=01;35:*.wmv=01;35:*.asf=01;35:*.rm=01;35:*.rmvb=01;35:*.flc=01;35:*.avi=01;35:*.fli=01;35:*.flv=01;35:*.gl=01;35:*.dl=01;35:*.xcf=01;35:*.xwd=01;35:*.yuv=01;35:*.cgm=01;35:*.emf=01;35:*.ogv=01;35:*.ogx=01;35:*.aac=00;36:*.au=00;36:*.flac=00;36:*.m4a=00;36:*.mid=00;36:*.midi=00;36:*.mka=00;36:*.mp3=00;36:*.mpc=00;36:*.ogg=00;36:*.ra=00;36:*.wav=00;36:*.oga=00;36:*.opus=00;36:*.spx=00;36:*.xspf=00;36:'), ('AMENT_PREFIX_PATH', '/home/sunrise/xgo_demo/src/install/xgoscreen:/home/sunrise/xgo_demo/src/install/xgolib:/home/sunrise/xgo_demo/install/xgo_gesture_control:/home/sunrise/xgo_demo/install/hobot_audio:/home/sunrise/xgo_demo/install/xgo_motion:/home/sunrise/xgo_demo/install/xgo_head:/home/sunrise/xgo_demo/install/xgo_device:/home/sunrise/xgo_demo/install/xgoscreen:/home/sunrise/xgo_demo/install/xgolib:/home/sunrise/xgo_demo/install/xgo_display:/opt/tros/humble:/opt/ros/humble'), ('SHELL', '/bin/bash'), ('PWD', '/home/sunrise/xgo_demo/src/build/xgo_head'), ('SSH_CONNECTION', '192.168.66.221 5121 192.168.66.94 22'), ('PYTHONPATH', '/home/sunrise/xgo_demo/install/xgo_display/lib/python3.10/site-packages:/opt/tros/humble/lib/python3.10/site-packages:/opt/tros/humble/local/lib/python3.10/dist-packages:/opt/ros/humble/lib/python3.10/site-packages:/opt/ros/humble/local/lib/python3.10/dist-packages'), ('COLCON', '1'), ('CMAKE_PREFIX_PATH', '/home/sunrise/xgo_demo/src/install/xgoscreen:/home/sunrise/xgo_demo/src/install/xgolib:/home/sunrise/xgo_demo/install/xgo_gesture_control:/home/sunrise/xgo_demo/install/hobot_audio:/home/sunrise/xgo_demo/install/xgo_motion:/home/sunrise/xgo_demo/install/xgo_head:/home/sunrise/xgo_demo/install/xgo_device:/home/sunrise/xgo_demo/install/xgoscreen:/home/sunrise/xgo_demo/install/xgolib:/home/sunrise/xgo_demo/install/xgo_display:/opt/tros/humble:/opt/ros/humble')]), 'shell': False}
[477.459362] (-) TimerEvent: {}
[477.560421] (-) TimerEvent: {}
[477.661391] (-) TimerEvent: {}
[477.762525] (-) TimerEvent: {}
[477.863460] (-) TimerEvent: {}
[477.964384] (-) TimerEvent: {}
[478.065371] (-) TimerEvent: {}
[478.166319] (-) TimerEvent: {}
[478.267317] (-) TimerEvent: {}
[478.368333] (-) TimerEvent: {}
[478.401216] (xgo_head) StdoutLine: {'line': b'-- The C compiler identification is GNU 11.2.0\n'}
[478.468565] (-) TimerEvent: {}
[478.569528] (-) TimerEvent: {}
[478.670493] (-) TimerEvent: {}
[478.771608] (-) TimerEvent: {}
[478.872757] (-) TimerEvent: {}
[478.973919] (-) TimerEvent: {}
[478.985155] (xgo_head) StdoutLine: {'line': b'-- The CXX compiler identification is GNU 11.2.0\n'}
[479.059020] (xgo_head) StdoutLine: {'line': b'-- Detecting C compiler ABI info\n'}
[479.074118] (-) TimerEvent: {}
[479.175299] (-) TimerEvent: {}
[479.276415] (-) TimerEvent: {}
[479.377604] (-) TimerEvent: {}
[479.479057] (-) TimerEvent: {}
[479.552353] (xgo_head) StdoutLine: {'line': b'-- Detecting C compiler ABI info - done\n'}
[479.579378] (-) TimerEvent: {}
[479.607910] (xgo_head) StdoutLine: {'line': b'-- Check for working C compiler: /usr/bin/cc - skipped\n'}
[479.611049] (xgo_head) StdoutLine: {'line': b'-- Detecting C compile features\n'}
[479.618801] (xgo_head) StdoutLine: {'line': b'-- Detecting C compile features - done\n'}
[479.645059] (xgo_head) StdoutLine: {'line': b'-- Detecting CXX compiler ABI info\n'}
[479.679611] (-) TimerEvent: {}
[479.780789] (-) TimerEvent: {}
[479.881993] (-) TimerEvent: {}
[479.984144] (-) TimerEvent: {}
[480.065978] (xgo_head) StdoutLine: {'line': b'-- Detecting CXX compiler ABI info - done\n'}
[480.084355] (-) TimerEvent: {}
[480.119535] (xgo_head) StdoutLine: {'line': b'-- Check for working CXX compiler: /usr/bin/c++ - skipped\n'}
[480.121003] (xgo_head) StdoutLine: {'line': b'-- Detecting CXX compile features\n'}
[480.123835] (xgo_head) StdoutLine: {'line': b'-- Detecting CXX compile features - done\n'}
[480.184566] (-) TimerEvent: {}
[480.285630] (-) TimerEvent: {}
[480.318107] (xgo_head) StdoutLine: {'line': b'-- Found ament_cmake: 1.3.11 (/opt/ros/humble/share/ament_cmake/cmake)\n'}
[480.385830] (-) TimerEvent: {}
[480.486966] (-) TimerEvent: {}
[480.588031] (-) TimerEvent: {}
[480.689115] (-) TimerEvent: {}
[480.790228] (-) TimerEvent: {}
[480.891313] (-) TimerEvent: {}
[480.992365] (-) TimerEvent: {}
[481.093350] (-) TimerEvent: {}
[481.194398] (-) TimerEvent: {}
[481.295384] (-) TimerEvent: {}
[481.396462] (-) TimerEvent: {}
[481.497591] (-) TimerEvent: {}
[481.598637] (-) TimerEvent: {}
[481.699607] (-) TimerEvent: {}
[481.801137] (-) TimerEvent: {}
[481.878040] (xgo_head) StdoutLine: {'line': b'-- Found Python3: /usr/bin/python3 (found version "3.10.12") found components: Interpreter \n'}
[481.901356] (-) TimerEvent: {}
[482.002447] (-) TimerEvent: {}
[482.103741] (-) TimerEvent: {}
[482.204816] (-) TimerEvent: {}
[482.305846] (-) TimerEvent: {}
[482.406827] (-) TimerEvent: {}
[482.507803] (-) TimerEvent: {}
[482.608784] (-) TimerEvent: {}
[482.709804] (-) TimerEvent: {}
[482.810874] (-) TimerEvent: {}
[482.912079] (-) TimerEvent: {}
[483.013211] (-) TimerEvent: {}
[483.114442] (-) TimerEvent: {}
[483.215563] (-) TimerEvent: {}
[483.316767] (-) TimerEvent: {}
[483.418138] (-) TimerEvent: {}
[483.519256] (-) TimerEvent: {}
[483.620408] (-) TimerEvent: {}
[483.637809] (xgo_head) StdoutLine: {'line': b'-- Found std_msgs: 4.8.0 (/opt/ros/humble/share/std_msgs/cmake)\n'}
[483.720608] (-) TimerEvent: {}
[483.821641] (-) TimerEvent: {}
[483.922775] (-) TimerEvent: {}
[484.023767] (-) TimerEvent: {}
[484.124745] (-) TimerEvent: {}
[484.226122] (-) TimerEvent: {}
[484.327762] (-) TimerEvent: {}
[484.429250] (-) TimerEvent: {}
[484.472885] (xgo_head) StdoutLine: {'line': b'-- Found rosidl_generator_c: 3.1.6 (/opt/ros/humble/share/rosidl_generator_c/cmake)\n'}
[484.529567] (-) TimerEvent: {}
[484.608301] (xgo_head) StdoutLine: {'line': b'-- Found rosidl_adapter: 3.1.6 (/opt/ros/humble/share/rosidl_adapter/cmake)\n'}
[484.629770] (-) TimerEvent: {}
[484.731956] (-) TimerEvent: {}
[484.787300] (xgo_head) StdoutLine: {'line': b'-- Found rosidl_generator_cpp: 3.1.6 (/opt/ros/humble/share/rosidl_generator_cpp/cmake)\n'}
[484.832149] (-) TimerEvent: {}
[484.933230] (-) TimerEvent: {}
[485.034316] (-) TimerEvent: {}
[485.057598] (xgo_head) StdoutLine: {'line': b'-- Using all available rosidl_typesupport_c: rosidl_typesupport_fastrtps_c;rosidl_typesupport_introspection_c\n'}
[485.134547] (-) TimerEvent: {}
[485.235623] (-) TimerEvent: {}
[485.336683] (-) TimerEvent: {}
[485.346009] (xgo_head) StdoutLine: {'line': b'-- Using all available rosidl_typesupport_cpp: rosidl_typesupport_fastrtps_cpp;rosidl_typesupport_introspection_cpp\n'}
[485.436925] (-) TimerEvent: {}
[485.538104] (-) TimerEvent: {}
[485.640082] (-) TimerEvent: {}
[485.741052] (-) TimerEvent: {}
[485.774179] (xgo_head) StdoutLine: {'line': b'-- Found rclcpp: 16.0.12 (/opt/ros/humble/share/rclcpp/cmake)\n'}
[485.841250] (-) TimerEvent: {}
[485.942415] (-) TimerEvent: {}
[486.044969] (-) TimerEvent: {}
[486.146223] (-) TimerEvent: {}
[486.247452] (-) TimerEvent: {}
[486.348597] (-) TimerEvent: {}
[486.449607] (-) TimerEvent: {}
[486.550546] (-) TimerEvent: {}
[486.651550] (-) TimerEvent: {}
[486.750713] (xgo_head) StdoutLine: {'line': b'-- Found rmw_implementation_cmake: 6.1.2 (/opt/ros/humble/share/rmw_implementation_cmake/cmake)\n'}
[486.751650] (-) TimerEvent: {}
[486.852601] (-) TimerEvent: {}
[486.862814] (xgo_head) StdoutLine: {'line': b'-- Found rmw_fastrtps_cpp: 6.2.7 (/opt/ros/humble/share/rmw_fastrtps_cpp/cmake)\n'}
[486.952801] (-) TimerEvent: {}
[487.053868] (-) TimerEvent: {}
[487.154893] (-) TimerEvent: {}
[487.255872] (-) TimerEvent: {}
[487.356830] (-) TimerEvent: {}
[487.457905] (-) TimerEvent: {}
[487.558893] (-) TimerEvent: {}
[487.659908] (-) TimerEvent: {}
[487.760910] (-) TimerEvent: {}
[487.861918] (-) TimerEvent: {}
[487.962962] (-) TimerEvent: {}
[488.064889] (-) TimerEvent: {}
[488.112771] (xgo_head) StdoutLine: {'line': b'-- Found OpenSSL: /usr/lib/aarch64-linux-gnu/libcrypto.so (found version "3.0.2")  \n'}
[488.165094] (-) TimerEvent: {}
[488.266108] (-) TimerEvent: {}
[488.338522] (xgo_head) StdoutLine: {'line': b'-- Found FastRTPS: /opt/ros/humble/include  \n'}
[488.366322] (-) TimerEvent: {}
[488.467362] (-) TimerEvent: {}
[488.568715] (-) TimerEvent: {}
[488.600781] (xgo_head) StdoutLine: {'line': b"-- Using RMW implementation 'rmw_fastrtps_cpp' as default\n"}
[488.668819] (-) TimerEvent: {}
[488.769903] (-) TimerEvent: {}
[488.870930] (-) TimerEvent: {}
[488.971870] (-) TimerEvent: {}
[489.072810] (-) TimerEvent: {}
[489.173806] (-) TimerEvent: {}
[489.274759] (-) TimerEvent: {}
[489.375696] (-) TimerEvent: {}
[489.476628] (-) TimerEvent: {}
[489.577592] (-) TimerEvent: {}
[489.678543] (-) TimerEvent: {}
[489.779471] (-) TimerEvent: {}
[489.880409] (-) TimerEvent: {}
[489.981346] (-) TimerEvent: {}
[490.082329] (-) TimerEvent: {}
[490.183270] (-) TimerEvent: {}
[490.284199] (-) TimerEvent: {}
[490.385144] (-) TimerEvent: {}
[490.486138] (-) TimerEvent: {}
[490.587075] (-) TimerEvent: {}
[490.688014] (-) TimerEvent: {}
[490.695883] (xgo_head) StdoutLine: {'line': b'-- Looking for pthread.h\n'}
[490.788270] (-) TimerEvent: {}
[490.889339] (-) TimerEvent: {}
[490.990328] (-) TimerEvent: {}
[491.091265] (-) TimerEvent: {}
[491.192199] (-) TimerEvent: {}
[491.293133] (-) TimerEvent: {}
[491.394155] (-) TimerEvent: {}
[491.495160] (-) TimerEvent: {}
[491.581337] (xgo_head) StdoutLine: {'line': b'-- Looking for pthread.h - found\n'}
[491.582491] (xgo_head) StdoutLine: {'line': b'-- Performing Test CMAKE_HAVE_LIBC_PTHREAD\n'}
[491.595354] (-) TimerEvent: {}
[491.696389] (-) TimerEvent: {}
[491.797465] (-) TimerEvent: {}
[491.898451] (-) TimerEvent: {}
[491.999713] (-) TimerEvent: {}
[492.060971] (xgo_head) StdoutLine: {'line': b'-- Performing Test CMAKE_HAVE_LIBC_PTHREAD - Success\n'}
[492.066184] (xgo_head) StdoutLine: {'line': b'-- Found Threads: TRUE  \n'}
[492.099895] (-) TimerEvent: {}
[492.201020] (-) TimerEvent: {}
[492.302205] (-) TimerEvent: {}
[492.403198] (-) TimerEvent: {}
[492.504230] (-) TimerEvent: {}
[492.605229] (-) TimerEvent: {}
[492.706188] (-) TimerEvent: {}
[492.807120] (-) TimerEvent: {}
[492.908077] (-) TimerEvent: {}
[493.009147] (-) TimerEvent: {}
[493.110117] (-) TimerEvent: {}
[493.211060] (-) TimerEvent: {}
[493.312133] (-) TimerEvent: {}
[493.375599] (xgo_head) StdoutLine: {'line': b'-- Found sensor_msgs: 4.8.0 (/opt/ros/humble/share/sensor_msgs/cmake)\n'}
[493.412336] (-) TimerEvent: {}
[493.513706] (-) TimerEvent: {}
[493.614907] (-) TimerEvent: {}
[493.716020] (-) TimerEvent: {}
[493.817061] (-) TimerEvent: {}
[493.918228] (-) TimerEvent: {}
[494.019177] (-) TimerEvent: {}
[494.120133] (-) TimerEvent: {}
[494.221068] (-) TimerEvent: {}
[494.322113] (-) TimerEvent: {}
[494.423104] (-) TimerEvent: {}
[494.502165] (xgo_head) StdoutLine: {'line': b'-- Found ai_msgs: 2.0.1 (/opt/tros/humble/share/ai_msgs/cmake)\n'}
[494.523302] (-) TimerEvent: {}
[494.624314] (-) TimerEvent: {}
[494.725246] (-) TimerEvent: {}
[494.826208] (-) TimerEvent: {}
[494.927154] (-) TimerEvent: {}
[494.962553] (xgo_head) StdoutLine: {'line': b'-- Found hbm_img_msgs: 2.0.0 (/opt/tros/humble/share/hbm_img_msgs/cmake)\n'}
[495.027352] (-) TimerEvent: {}
[495.128315] (-) TimerEvent: {}
[495.229232] (-) TimerEvent: {}
[495.330225] (-) TimerEvent: {}
[495.431170] (-) TimerEvent: {}
[495.532132] (-) TimerEvent: {}
[495.565117] (xgo_head) StdoutLine: {'line': b'-- Found audio_msg: 2.0.0 (/opt/tros/humble/share/audio_msg/cmake)\n'}
[495.632356] (-) TimerEvent: {}
[495.733325] (-) TimerEvent: {}
[495.834335] (-) TimerEvent: {}
[495.935305] (-) TimerEvent: {}
[496.036300] (-) TimerEvent: {}
[496.137299] (-) TimerEvent: {}
[496.238360] (-) TimerEvent: {}
[496.339352] (-) TimerEvent: {}
[496.440387] (-) TimerEvent: {}
[496.541459] (-) TimerEvent: {}
[496.544489] (xgo_head) StdoutLine: {'line': b'-- Found OpenCV: /usr (found version "4.5.4") \n'}
[496.641596] (-) TimerEvent: {}
[496.645567] (xgo_head) StdoutLine: {'line': b'-- Found xgolib: 1.0.0 (/home/sunrise/xgo_demo/src/install/xgolib/share/xgolib/cmake)\n'}
[496.741797] (-) TimerEvent: {}
[496.796509] (xgo_head) StdoutLine: {'line': b'-- Found xgoscreen: 0.0.1 (/home/sunrise/xgo_demo/src/install/xgoscreen/share/xgoscreen/cmake)\n'}
[496.841994] (-) TimerEvent: {}
[496.942949] (-) TimerEvent: {}
[497.043913] (-) TimerEvent: {}
[497.144949] (-) TimerEvent: {}
[497.229259] (xgo_head) StdoutLine: {'line': b'-- Found Boost: /usr/lib/aarch64-linux-gnu/cmake/Boost-1.74.0/BoostConfig.cmake (found suitable version "1.74.0", minimum required is "1.71.0") found components: thread \n'}
[497.245173] (-) TimerEvent: {}
[497.346346] (-) TimerEvent: {}
[497.447284] (-) TimerEvent: {}
[497.548345] (-) TimerEvent: {}
[497.649521] (-) TimerEvent: {}
[497.750479] (-) TimerEvent: {}
[497.851390] (-) TimerEvent: {}
[497.952583] (-) TimerEvent: {}
[498.053580] (-) TimerEvent: {}
[498.154723] (-) TimerEvent: {}
[498.255699] (-) TimerEvent: {}
[498.298093] (xgo_head) StdoutLine: {'line': b'-- Configuring done\n'}
[498.355936] (-) TimerEvent: {}
[498.456924] (-) TimerEvent: {}
[498.494148] (xgo_head) StdoutLine: {'line': b'-- Generating done\n'}
[498.527607] (xgo_head) StdoutLine: {'line': b'-- Build files have been written to: /home/sunrise/xgo_demo/src/build/xgo_head\n'}
[498.557210] (-) TimerEvent: {}
[498.606404] (xgo_head) CommandEnded: {'returncode': 0}
[498.609377] (xgo_head) JobProgress: {'identifier': 'xgo_head', 'progress': 'build'}
[498.643139] (xgo_head) Command: {'cmd': ['/usr/bin/cmake', '--build', '/home/sunrise/xgo_demo/src/build/xgo_head', '--', '-j4', '-l4'], 'cwd': '/home/sunrise/xgo_demo/src/build/xgo_head', 'env': OrderedDict([('LANGUAGE', 'en_US.UTF-8'), ('USER', 'sunrise'), ('SSH_CLIENT', '192.168.66.221 5121 22'), ('XDG_SESSION_TYPE', 'tty'), ('SHLVL', '1'), ('LD_LIBRARY_PATH', '/home/sunrise/xgo_demo/src/install/xgoscreen/lib:/home/sunrise/xgo_demo/src/install/xgolib/lib:/home/sunrise/xgo_demo/install/hobot_audio/lib:/home/sunrise/xgo_demo/install/xgoscreen/lib:/home/sunrise/xgo_demo/install/xgolib/lib:/opt/tros/humble/lib/aarch64-linux-gnu:/opt/tros/humble/lib:/opt/ros/humble/lib/aarch64-linux-gnu:/opt/ros/humble/lib'), ('MOTD_SHOWN', 'pam'), ('HOME', '/home/sunrise'), ('OLDPWD', '/home/sunrise/xgo_demo'), ('SSH_TTY', '/dev/pts/0'), ('ROS_PYTHON_VERSION', '3'), ('DBUS_SESSION_BUS_ADDRESS', 'unix:path=/run/user/1000/bus'), ('TROS_DISTRO', 'humble'), ('COLCON_PREFIX_PATH', '/home/sunrise/xgo_demo/install'), ('ROS_DISTRO', 'humble'), ('LOGNAME', 'sunrise'), ('_', '/home/sunrise/.local/bin/colcon'), ('ROS_VERSION', '2'), ('XDG_SESSION_CLASS', 'user'), ('TERM', 'xterm'), ('XDG_SESSION_ID', '2'), ('ROS_LOCALHOST_ONLY', '0'), ('PATH', '/home/sunrise/xgo_demo/install/hobot_audio/bin:/home/sunrise/.local/bin:/home/sunrise/.local/bin:/opt/tros/humble/bin:/opt/ros/humble/bin:/usr/local/sbin:/usr/local/bin:/usr/sbin:/usr/bin:/sbin:/bin:/usr/games:/usr/local/games:/snap/bin'), ('XDG_RUNTIME_DIR', '/run/user/1000'), ('DISPLAY', 'localhost:10.0'), ('LANG', 'en_US.UTF-8'), ('LS_COLORS', 'rs=0:di=01;34:ln=01;36:mh=00:pi=40;33:so=01;35:do=01;35:bd=40;33;01:cd=40;33;01:or=40;31;01:mi=00:su=37;41:sg=30;43:ca=30;41:tw=30;42:ow=34;42:st=37;44:ex=01;32:*.tar=01;31:*.tgz=01;31:*.arc=01;31:*.arj=01;31:*.taz=01;31:*.lha=01;31:*.lz4=01;31:*.lzh=01;31:*.lzma=01;31:*.tlz=01;31:*.txz=01;31:*.tzo=01;31:*.t7z=01;31:*.zip=01;31:*.z=01;31:*.dz=01;31:*.gz=01;31:*.lrz=01;31:*.lz=01;31:*.lzo=01;31:*.xz=01;31:*.zst=01;31:*.tzst=01;31:*.bz2=01;31:*.bz=01;31:*.tbz=01;31:*.tbz2=01;31:*.tz=01;31:*.deb=01;31:*.rpm=01;31:*.jar=01;31:*.war=01;31:*.ear=01;31:*.sar=01;31:*.rar=01;31:*.alz=01;31:*.ace=01;31:*.zoo=01;31:*.cpio=01;31:*.7z=01;31:*.rz=01;31:*.cab=01;31:*.wim=01;31:*.swm=01;31:*.dwm=01;31:*.esd=01;31:*.jpg=01;35:*.jpeg=01;35:*.mjpg=01;35:*.mjpeg=01;35:*.gif=01;35:*.bmp=01;35:*.pbm=01;35:*.pgm=01;35:*.ppm=01;35:*.tga=01;35:*.xbm=01;35:*.xpm=01;35:*.tif=01;35:*.tiff=01;35:*.png=01;35:*.svg=01;35:*.svgz=01;35:*.mng=01;35:*.pcx=01;35:*.mov=01;35:*.mpg=01;35:*.mpeg=01;35:*.m2v=01;35:*.mkv=01;35:*.webm=01;35:*.webp=01;35:*.ogm=01;35:*.mp4=01;35:*.m4v=01;35:*.mp4v=01;35:*.vob=01;35:*.qt=01;35:*.nuv=01;35:*.wmv=01;35:*.asf=01;35:*.rm=01;35:*.rmvb=01;35:*.flc=01;35:*.avi=01;35:*.fli=01;35:*.flv=01;35:*.gl=01;35:*.dl=01;35:*.xcf=01;35:*.xwd=01;35:*.yuv=01;35:*.cgm=01;35:*.emf=01;35:*.ogv=01;35:*.ogx=01;35:*.aac=00;36:*.au=00;36:*.flac=00;36:*.m4a=00;36:*.mid=00;36:*.midi=00;36:*.mka=00;36:*.mp3=00;36:*.mpc=00;36:*.ogg=00;36:*.ra=00;36:*.wav=00;36:*.oga=00;36:*.opus=00;36:*.spx=00;36:*.xspf=00;36:'), ('AMENT_PREFIX_PATH', '/home/sunrise/xgo_demo/src/install/xgoscreen:/home/sunrise/xgo_demo/src/install/xgolib:/home/sunrise/xgo_demo/install/xgo_gesture_control:/home/sunrise/xgo_demo/install/hobot_audio:/home/sunrise/xgo_demo/install/xgo_motion:/home/sunrise/xgo_demo/install/xgo_head:/home/sunrise/xgo_demo/install/xgo_device:/home/sunrise/xgo_demo/install/xgoscreen:/home/sunrise/xgo_demo/install/xgolib:/home/sunrise/xgo_demo/install/xgo_display:/opt/tros/humble:/opt/ros/humble'), ('SHELL', '/bin/bash'), ('PWD', '/home/sunrise/xgo_demo/src/build/xgo_head'), ('SSH_CONNECTION', '192.168.66.221 5121 192.168.66.94 22'), ('PYTHONPATH', '/home/sunrise/xgo_demo/install/xgo_display/lib/python3.10/site-packages:/opt/tros/humble/lib/python3.10/site-packages:/opt/tros/humble/local/lib/python3.10/dist-packages:/opt/ros/humble/lib/python3.10/site-packages:/opt/ros/humble/local/lib/python3.10/dist-packages'), ('COLCON', '1'), ('CMAKE_PREFIX_PATH', '/home/sunrise/xgo_demo/src/install/xgoscreen:/home/sunrise/xgo_demo/src/install/xgolib:/home/sunrise/xgo_demo/install/xgo_gesture_control:/home/sunrise/xgo_demo/install/hobot_audio:/home/sunrise/xgo_demo/install/xgo_motion:/home/sunrise/xgo_demo/install/xgo_head:/home/sunrise/xgo_demo/install/xgo_device:/home/sunrise/xgo_demo/install/xgoscreen:/home/sunrise/xgo_demo/install/xgolib:/home/sunrise/xgo_demo/install/xgo_display:/opt/tros/humble:/opt/ros/humble')]), 'shell': False}
[498.657457] (-) TimerEvent: {}
[498.758495] (-) TimerEvent: {}
[498.796356] (xgo_head) StdoutLine: {'line': b'[  5%] \x1b[34m\x1b[1mGenerating ui_mainwindow.h\x1b[0m\n'}
[498.858682] (-) TimerEvent: {}
[498.959617] (-) TimerEvent: {}
[499.060564] (-) TimerEvent: {}
[499.161540] (-) TimerEvent: {}
[499.262493] (-) TimerEvent: {}
[499.363419] (-) TimerEvent: {}
[499.464341] (-) TimerEvent: {}
[499.544195] (xgo_head) StderrLine: {'line': b"/home/sunrise/xgo_demo/src/xgo_head/ui/mainwindow.ui: Warning: The name 'layoutWidget' (QWidget) is already in use, defaulting to 'layoutWidget1'.\n"}
[499.545029] (xgo_head) StderrLine: {'line': b"/home/sunrise/xgo_demo/src/xgo_head/ui/mainwindow.ui: Warning: The name 'layoutWidget' (QWidget) is already in use, defaulting to 'layoutWidget2'.\n"}
[499.564561] (-) TimerEvent: {}
[499.591883] (xgo_head) StdoutLine: {'line': b'[ 10%] \x1b[34m\x1b[1mGenerating include/moc_XgoSpeaker.cpp\x1b[0m\n'}
[499.664756] (-) TimerEvent: {}
[499.710738] (xgo_head) StdoutLine: {'line': b'[ 15%] \x1b[34m\x1b[1mGenerating include/moc_mainwindow.cpp\x1b[0m\n'}
[499.764962] (-) TimerEvent: {}
[499.866306] (-) TimerEvent: {}
[499.967432] (-) TimerEvent: {}
[500.068428] (-) TimerEvent: {}
[500.169468] (-) TimerEvent: {}
[500.270517] (-) TimerEvent: {}
[500.371521] (-) TimerEvent: {}
[500.472528] (-) TimerEvent: {}
[500.573689] (-) TimerEvent: {}
[500.674760] (-) TimerEvent: {}
[500.775765] (-) TimerEvent: {}
[500.876689] (-) TimerEvent: {}
[500.977619] (-) TimerEvent: {}
[501.078592] (-) TimerEvent: {}
[501.106816] (xgo_head) StdoutLine: {'line': b'[ 20%] \x1b[34m\x1b[1mGenerating include/moc_rclcomm.cpp\x1b[0m\n'}
[501.178816] (-) TimerEvent: {}
[501.279898] (-) TimerEvent: {}
[501.381227] (-) TimerEvent: {}
[501.413304] (xgo_head) StdoutLine: {'line': b'[ 25%] \x1b[34m\x1b[1mGenerating qrc_images.cpp\x1b[0m\n'}
[501.481456] (-) TimerEvent: {}
[501.582421] (-) TimerEvent: {}
[501.683367] (-) TimerEvent: {}
[501.784400] (-) TimerEvent: {}
[501.885527] (-) TimerEvent: {}
[501.986530] (-) TimerEvent: {}
[502.087533] (-) TimerEvent: {}
[502.188560] (-) TimerEvent: {}
[502.289588] (-) TimerEvent: {}
[502.390707] (-) TimerEvent: {}
[502.438833] (xgo_head) StdoutLine: {'line': b'[ 30%] \x1b[34m\x1b[1mGenerating include/moc_MatrixLabel.cpp\x1b[0m\n'}
[502.480572] (xgo_head) StdoutLine: {'line': b'[ 35%] \x1b[34m\x1b[1mGenerating include/moc_GpioReader.cpp\x1b[0m\n'}
[502.490941] (-) TimerEvent: {}
[502.591981] (-) TimerEvent: {}
[502.692932] (-) TimerEvent: {}
[502.793892] (-) TimerEvent: {}
[502.894857] (-) TimerEvent: {}
[502.995806] (-) TimerEvent: {}
[503.096787] (-) TimerEvent: {}
[503.198004] (-) TimerEvent: {}
[503.299072] (-) TimerEvent: {}
[503.400004] (-) TimerEvent: {}
[503.500981] (-) TimerEvent: {}
[503.602148] (-) TimerEvent: {}
[503.659099] (xgo_head) StdoutLine: {'line': b'[ 40%] \x1b[32mBuilding CXX object CMakeFiles/xgo_head.dir/src/GpioReader.cpp.o\x1b[0m\n'}
[503.702339] (-) TimerEvent: {}
[503.803288] (-) TimerEvent: {}
[503.904327] (-) TimerEvent: {}
[504.005388] (-) TimerEvent: {}
[504.106389] (-) TimerEvent: {}
[504.207339] (-) TimerEvent: {}
[504.308301] (-) TimerEvent: {}
[504.409296] (-) TimerEvent: {}
[504.510345] (-) TimerEvent: {}
[504.611304] (-) TimerEvent: {}
[504.712309] (-) TimerEvent: {}
[504.813261] (-) TimerEvent: {}
[504.914278] (-) TimerEvent: {}
[505.015285] (-) TimerEvent: {}
[505.116265] (-) TimerEvent: {}
[505.217204] (-) TimerEvent: {}
[505.318168] (-) TimerEvent: {}
[505.419131] (-) TimerEvent: {}
[505.520130] (-) TimerEvent: {}
[505.621108] (-) TimerEvent: {}
[505.722088] (-) TimerEvent: {}
[505.823034] (-) TimerEvent: {}
[505.924020] (-) TimerEvent: {}
[506.024984] (-) TimerEvent: {}
[506.125971] (-) TimerEvent: {}
[506.226922] (-) TimerEvent: {}
[506.327896] (-) TimerEvent: {}
[506.428875] (-) TimerEvent: {}
[506.529954] (-) TimerEvent: {}
[506.630891] (-) TimerEvent: {}
[506.731838] (-) TimerEvent: {}
[506.832799] (-) TimerEvent: {}
[506.933811] (-) TimerEvent: {}
[507.034836] (-) TimerEvent: {}
[507.114260] (<colcon_parallel_executor.executor.parallel.ParallelExecutorExtension object at 0x7faa4c4d90>) ParallelStatus: {'processing': ('hobot_audio', 'xgo_face_control', 'xgo_gesture_control', 'xgo_head')}
[507.135080] (-) TimerEvent: {}
[507.236134] (-) TimerEvent: {}
[507.337086] (-) TimerEvent: {}
[507.438079] (-) TimerEvent: {}
[507.539051] (-) TimerEvent: {}
[507.639988] (-) TimerEvent: {}
[507.740981] (-) TimerEvent: {}
[507.841942] (-) TimerEvent: {}
[507.942859] (-) TimerEvent: {}
[508.043857] (-) TimerEvent: {}
[508.145003] (-) TimerEvent: {}
[508.246099] (-) TimerEvent: {}
[508.347088] (-) TimerEvent: {}
[508.448146] (-) TimerEvent: {}
[508.549185] (-) TimerEvent: {}
[508.650208] (-) TimerEvent: {}
[508.751264] (-) TimerEvent: {}
[508.852289] (-) TimerEvent: {}
[508.953345] (-) TimerEvent: {}
[509.054305] (-) TimerEvent: {}
[509.155250] (-) TimerEvent: {}
[509.256278] (-) TimerEvent: {}
[509.357225] (-) TimerEvent: {}
[509.458302] (-) TimerEvent: {}
[509.559275] (-) TimerEvent: {}
[509.660202] (-) TimerEvent: {}
[509.761137] (-) TimerEvent: {}
[509.862130] (-) TimerEvent: {}
[509.963215] (-) TimerEvent: {}
[510.064496] (-) TimerEvent: {}
[510.165579] (-) TimerEvent: {}
[510.266575] (-) TimerEvent: {}
[510.367733] (-) TimerEvent: {}
[510.468903] (-) TimerEvent: {}
[510.570077] (-) TimerEvent: {}
[510.671214] (-) TimerEvent: {}
[510.772318] (-) TimerEvent: {}
[510.873379] (-) TimerEvent: {}
[510.974548] (-) TimerEvent: {}
[511.075607] (-) TimerEvent: {}
[511.176667] (-) TimerEvent: {}
[511.277791] (-) TimerEvent: {}
[511.378819] (-) TimerEvent: {}
[511.479930] (-) TimerEvent: {}
[511.581087] (-) TimerEvent: {}
[511.682640] (-) TimerEvent: {}
[511.783650] (-) TimerEvent: {}
[511.884728] (-) TimerEvent: {}
[511.985875] (-) TimerEvent: {}
[512.087000] (-) TimerEvent: {}
[512.188071] (-) TimerEvent: {}
[512.289099] (-) TimerEvent: {}
[512.390193] (-) TimerEvent: {}
[512.491484] (-) TimerEvent: {}
[512.592525] (-) TimerEvent: {}
[512.693656] (-) TimerEvent: {}
[512.794841] (-) TimerEvent: {}
[512.895899] (-) TimerEvent: {}
[512.996893] (-) TimerEvent: {}
[513.097983] (-) TimerEvent: {}
[513.199103] (-) TimerEvent: {}
[513.300243] (-) TimerEvent: {}
[513.401259] (-) TimerEvent: {}
[513.502233] (-) TimerEvent: {}
[513.603277] (-) TimerEvent: {}
[513.704277] (-) TimerEvent: {}
[513.805263] (-) TimerEvent: {}
[513.906285] (-) TimerEvent: {}
[514.007206] (-) TimerEvent: {}
[514.108116] (-) TimerEvent: {}
[514.209048] (-) TimerEvent: {}
[514.310053] (-) TimerEvent: {}
[514.411025] (-) TimerEvent: {}
[514.511949] (-) TimerEvent: {}
[514.612863] (-) TimerEvent: {}
[514.713837] (-) TimerEvent: {}
[514.814758] (-) TimerEvent: {}
[514.915701] (-) TimerEvent: {}
[515.016648] (-) TimerEvent: {}
[515.117609] (-) TimerEvent: {}
[515.218554] (-) TimerEvent: {}
[515.319470] (-) TimerEvent: {}
[515.425559] (-) TimerEvent: {}
[515.526496] (-) TimerEvent: {}
[515.627438] (-) TimerEvent: {}
[515.728363] (-) TimerEvent: {}
[515.829308] (-) TimerEvent: {}
[515.930291] (-) TimerEvent: {}
[516.031224] (-) TimerEvent: {}
[516.132159] (-) TimerEvent: {}
[516.233087] (-) TimerEvent: {}
[516.334063] (-) TimerEvent: {}
[516.434997] (-) TimerEvent: {}
[516.535933] (-) TimerEvent: {}
[516.636858] (-) TimerEvent: {}
[516.737814] (-) TimerEvent: {}
[516.838753] (-) TimerEvent: {}
[516.939687] (-) TimerEvent: {}
[517.040619] (-) TimerEvent: {}
[517.141557] (-) TimerEvent: {}
[517.242483] (-) TimerEvent: {}
[517.343424] (-) TimerEvent: {}
[517.444376] (-) TimerEvent: {}
[517.545325] (-) TimerEvent: {}
[517.646294] (-) TimerEvent: {}
[517.747226] (-) TimerEvent: {}
[517.848174] (-) TimerEvent: {}
[517.949115] (-) TimerEvent: {}
[518.050080] (-) TimerEvent: {}
[518.151011] (-) TimerEvent: {}
[518.251980] (-) TimerEvent: {}
[518.352914] (-) TimerEvent: {}
[518.453884] (-) TimerEvent: {}
[518.554814] (-) TimerEvent: {}
[518.655764] (-) TimerEvent: {}
[518.756705] (-) TimerEvent: {}
[518.857726] (-) TimerEvent: {}
[518.958905] (-) TimerEvent: {}
[519.060937] (-) TimerEvent: {}
[519.162100] (-) TimerEvent: {}
[519.263332] (-) TimerEvent: {}
[519.364677] (-) TimerEvent: {}
[519.465792] (-) TimerEvent: {}
[519.566724] (-) TimerEvent: {}
[519.667662] (-) TimerEvent: {}
[519.768590] (-) TimerEvent: {}
[519.869534] (-) TimerEvent: {}
[519.970462] (-) TimerEvent: {}
[520.071376] (-) TimerEvent: {}
[520.172293] (-) TimerEvent: {}
[520.273210] (-) TimerEvent: {}
[520.374176] (-) TimerEvent: {}
[520.475103] (-) TimerEvent: {}
[520.576038] (-) TimerEvent: {}
[520.676969] (-) TimerEvent: {}
[520.777974] (-) TimerEvent: {}
[520.878878] (-) TimerEvent: {}
[520.979795] (-) TimerEvent: {}
[521.080722] (-) TimerEvent: {}
[521.181667] (-) TimerEvent: {}
[521.282578] (-) TimerEvent: {}
[521.383504] (-) TimerEvent: {}
[521.484452] (-) TimerEvent: {}
[521.585401] (-) TimerEvent: {}
[521.686436] (-) TimerEvent: {}
[521.787364] (-) TimerEvent: {}
[521.888296] (-) TimerEvent: {}
[521.989229] (-) TimerEvent: {}
[522.090192] (-) TimerEvent: {}
[522.191129] (-) TimerEvent: {}
[522.292045] (-) TimerEvent: {}
[522.392973] (-) TimerEvent: {}
[522.493940] (-) TimerEvent: {}
[522.594915] (-) TimerEvent: {}
[522.695848] (-) TimerEvent: {}
[522.796833] (-) TimerEvent: {}
[522.897881] (-) TimerEvent: {}
[522.998789] (-) TimerEvent: {}
[523.099685] (-) TimerEvent: {}
[523.200608] (-) TimerEvent: {}
[523.301567] (-) TimerEvent: {}
[523.402534] (-) TimerEvent: {}
[523.503469] (-) TimerEvent: {}
[523.604403] (-) TimerEvent: {}
[523.705337] (-) TimerEvent: {}
[523.806364] (-) TimerEvent: {}
[523.907333] (-) TimerEvent: {}
[524.008285] (-) TimerEvent: {}
[524.109218] (-) TimerEvent: {}
[524.210203] (-) TimerEvent: {}
[524.311142] (-) TimerEvent: {}
[524.412097] (-) TimerEvent: {}
[524.513041] (-) TimerEvent: {}
[524.614032] (-) TimerEvent: {}
[524.714995] (-) TimerEvent: {}
[524.815914] (-) TimerEvent: {}
[524.916839] (-) TimerEvent: {}
[525.017838] (-) TimerEvent: {}
[525.118760] (-) TimerEvent: {}
[525.219669] (-) TimerEvent: {}
[525.320589] (-) TimerEvent: {}
[525.421524] (-) TimerEvent: {}
[525.522454] (-) TimerEvent: {}
[525.623374] (-) TimerEvent: {}
[525.724299] (-) TimerEvent: {}
[525.825233] (-) TimerEvent: {}
[525.926184] (-) TimerEvent: {}
[526.027090] (-) TimerEvent: {}
[526.128015] (-) TimerEvent: {}
[526.228961] (-) TimerEvent: {}
[526.329914] (-) TimerEvent: {}
[526.430884] (-) TimerEvent: {}
[526.532028] (-) TimerEvent: {}
[526.632963] (-) TimerEvent: {}
[526.733933] (-) TimerEvent: {}
[526.834846] (-) TimerEvent: {}
[526.935802] (-) TimerEvent: {}
[527.036727] (-) TimerEvent: {}
[527.137677] (-) TimerEvent: {}
[527.238592] (-) TimerEvent: {}
[527.339495] (-) TimerEvent: {}
[527.440408] (-) TimerEvent: {}
[527.541356] (-) TimerEvent: {}
[527.642327] (-) TimerEvent: {}
[527.743266] (-) TimerEvent: {}
[527.844218] (-) TimerEvent: {}
[527.945160] (-) TimerEvent: {}
[528.046130] (-) TimerEvent: {}
[528.147065] (-) TimerEvent: {}
[528.248029] (-) TimerEvent: {}
[528.348965] (-) TimerEvent: {}
[528.449961] (-) TimerEvent: {}
[528.550896] (-) TimerEvent: {}
[528.651834] (-) TimerEvent: {}
[528.752755] (-) TimerEvent: {}
[528.853697] (-) TimerEvent: {}
[528.954608] (-) TimerEvent: {}
[529.835059] (-) TimerEvent: {}
[529.936042] (-) TimerEvent: {}
[530.037082] (-) TimerEvent: {}
[530.138470] (-) TimerEvent: {}
[530.239762] (-) TimerEvent: {}
[530.341174] (-) TimerEvent: {}
[530.442260] (-) TimerEvent: {}
[530.543493] (-) TimerEvent: {}
[530.644696] (-) TimerEvent: {}
[530.745973] (-) TimerEvent: {}
[530.846913] (-) TimerEvent: {}
[530.947854] (-) TimerEvent: {}
[531.048793] (-) TimerEvent: {}
[531.149791] (-) TimerEvent: {}
[531.250728] (-) TimerEvent: {}
[531.351665] (-) TimerEvent: {}
[531.452598] (-) TimerEvent: {}
[531.553541] (-) TimerEvent: {}
[531.654488] (-) TimerEvent: {}
[531.755420] (-) TimerEvent: {}
[531.856334] (-) TimerEvent: {}
[531.957251] (-) TimerEvent: {}
[532.058184] (-) TimerEvent: {}
[532.159137] (-) TimerEvent: {}
[532.260066] (-) TimerEvent: {}
[532.361001] (-) TimerEvent: {}
[532.461980] (-) TimerEvent: {}
[532.562886] (-) TimerEvent: {}
[532.663820] (-) TimerEvent: {}
[532.764745] (-) TimerEvent: {}
[532.865721] (-) TimerEvent: {}
[532.966647] (-) TimerEvent: {}
[533.067578] (-) TimerEvent: {}
[533.168506] (-) TimerEvent: {}
[533.269443] (-) TimerEvent: {}
[533.370390] (-) TimerEvent: {}
[533.471324] (-) TimerEvent: {}
[533.572247] (-) TimerEvent: {}
[533.673167] (-) TimerEvent: {}
[533.774124] (-) TimerEvent: {}
[533.875059] (-) TimerEvent: {}
[533.975982] (-) TimerEvent: {}
[534.076963] (-) TimerEvent: {}
[534.177922] (-) TimerEvent: {}
[534.278860] (-) TimerEvent: {}
[534.379795] (-) TimerEvent: {}
[534.480717] (-) TimerEvent: {}
[534.581679] (-) TimerEvent: {}
[534.682628] (-) TimerEvent: {}
[534.783552] (-) TimerEvent: {}
[534.884485] (-) TimerEvent: {}
[534.985449] (-) TimerEvent: {}
[535.086518] (-) TimerEvent: {}
[535.187973] (-) TimerEvent: {}
[535.290187] (-) TimerEvent: {}
[535.391525] (-) TimerEvent: {}
[535.492456] (-) TimerEvent: {}
[535.593383] (-) TimerEvent: {}
[535.694343] (-) TimerEvent: {}
[535.795263] (-) TimerEvent: {}
[535.896186] (-) TimerEvent: {}
[535.997119] (-) TimerEvent: {}
[536.098147] (-) TimerEvent: {}
[536.199075] (-) TimerEvent: {}
[536.300002] (-) TimerEvent: {}
[536.400962] (-) TimerEvent: {}
[536.501929] (-) TimerEvent: {}
[536.602884] (-) TimerEvent: {}
[536.703820] (-) TimerEvent: {}
[536.804745] (-) TimerEvent: {}
[536.905720] (-) TimerEvent: {}
[537.006657] (-) TimerEvent: {}
[537.107646] (-) TimerEvent: {}
[539.117989] (-) TimerEvent: {}
[539.168671] (<colcon_parallel_executor.executor.parallel.ParallelExecutorExtension object at 0x7faa4c4d90>) ParallelStatus: {'processing': ('hobot_audio', 'xgo_face_control', 'xgo_gesture_control', 'xgo_head')}
[539.218180] (-) TimerEvent: {}
[539.319085] (-) TimerEvent: {}
[539.420069] (-) TimerEvent: {}
[539.521108] (-) TimerEvent: {}
[539.622195] (-) TimerEvent: {}
[539.723107] (-) TimerEvent: {}
[539.824057] (-) TimerEvent: {}
[539.925050] (-) TimerEvent: {}
[540.026088] (-) TimerEvent: {}
[540.127085] (-) TimerEvent: {}
[540.228035] (-) TimerEvent: {}
[540.328973] (-) TimerEvent: {}
[540.429937] (-) TimerEvent: {}
[540.530891] (-) TimerEvent: {}
[540.631845] (-) TimerEvent: {}
[540.732774] (-) TimerEvent: {}
[540.833768] (-) TimerEvent: {}
[540.934788] (-) TimerEvent: {}
[541.035834] (-) TimerEvent: {}
[541.136774] (-) TimerEvent: {}
[541.237747] (-) TimerEvent: {}
[541.338695] (-) TimerEvent: {}
[541.439668] (-) TimerEvent: {}
[541.540611] (-) TimerEvent: {}
[541.641628] (-) TimerEvent: {}
[541.742922] (-) TimerEvent: {}
[541.843874] (-) TimerEvent: {}
[541.944837] (-) TimerEvent: {}
[542.045839] (-) TimerEvent: {}
[542.146783] (-) TimerEvent: {}
[542.247723] (-) TimerEvent: {}
[542.348675] (-) TimerEvent: {}
[542.449599] (-) TimerEvent: {}
[542.550537] (-) TimerEvent: {}
[542.651483] (-) TimerEvent: {}
[542.752411] (-) TimerEvent: {}
[542.853343] (-) TimerEvent: {}
[542.954298] (-) TimerEvent: {}
[543.055250] (-) TimerEvent: {}
[543.156197] (-) TimerEvent: {}
[543.257140] (-) TimerEvent: {}
[543.358111] (-) TimerEvent: {}
[543.459026] (-) TimerEvent: {}
[543.559961] (-) TimerEvent: {}
[543.660908] (-) TimerEvent: {}
[543.761896] (-) TimerEvent: {}
[543.862905] (-) TimerEvent: {}
[543.963848] (-) TimerEvent: {}
[544.064882] (-) TimerEvent: {}
[544.165970] (-) TimerEvent: {}
[544.266925] (-) TimerEvent: {}
[544.367921] (-) TimerEvent: {}
[544.468854] (-) TimerEvent: {}
[544.569824] (-) TimerEvent: {}
[544.670783] (-) TimerEvent: {}
[544.771730] (-) TimerEvent: {}
[544.872659] (-) TimerEvent: {}
[544.973606] (-) TimerEvent: {}
[545.074556] (-) TimerEvent: {}
[545.175497] (-) TimerEvent: {}
[545.276435] (-) TimerEvent: {}
[545.377376] (-) TimerEvent: {}
[545.478322] (-) TimerEvent: {}
[545.579254] (-) TimerEvent: {}
[545.680180] (-) TimerEvent: {}
[545.781118] (-) TimerEvent: {}
[545.882092] (-) TimerEvent: {}
[545.983013] (-) TimerEvent: {}
[546.083949] (-) TimerEvent: {}
[546.184882] (-) TimerEvent: {}
[546.285838] (-) TimerEvent: {}
[546.386782] (-) TimerEvent: {}
[546.487707] (-) TimerEvent: {}
[546.588637] (-) TimerEvent: {}
[546.689571] (-) TimerEvent: {}
[546.790509] (-) TimerEvent: {}
[546.891596] (-) TimerEvent: {}
[546.992618] (-) TimerEvent: {}
[547.093577] (-) TimerEvent: {}
[547.194520] (-) TimerEvent: {}
[547.295470] (-) TimerEvent: {}
[547.396437] (-) TimerEvent: {}
[547.497457] (-) TimerEvent: {}
[547.598450] (-) TimerEvent: {}
[547.699425] (-) TimerEvent: {}
[547.800375] (-) TimerEvent: {}
[547.901349] (-) TimerEvent: {}
[548.002373] (-) TimerEvent: {}
[548.103310] (-) TimerEvent: {}
[548.204236] (-) TimerEvent: {}
[548.305170] (-) TimerEvent: {}
[548.406156] (-) TimerEvent: {}
[548.507100] (-) TimerEvent: {}
[548.608030] (-) TimerEvent: {}
[548.708967] (-) TimerEvent: {}
[548.809929] (-) TimerEvent: {}
[548.910866] (-) TimerEvent: {}
[549.011795] (-) TimerEvent: {}
[549.112718] (-) TimerEvent: {}
[549.213660] (-) TimerEvent: {}
[549.314578] (-) TimerEvent: {}
[549.415609] (-) TimerEvent: {}
[549.516540] (-) TimerEvent: {}
[549.617473] (-) TimerEvent: {}
[549.718404] (-) TimerEvent: {}
[549.819355] (-) TimerEvent: {}
[549.920290] (-) TimerEvent: {}
[550.021217] (-) TimerEvent: {}
[550.122186] (-) TimerEvent: {}
[550.223115] (-) TimerEvent: {}
[550.324052] (-) TimerEvent: {}
[550.424994] (-) TimerEvent: {}
[550.525968] (-) TimerEvent: {}
[550.626921] (-) TimerEvent: {}
[550.727863] (-) TimerEvent: {}
[550.828801] (-) TimerEvent: {}
[550.929786] (-) TimerEvent: {}
[551.030721] (-) TimerEvent: {}
[551.131641] (-) TimerEvent: {}
[551.232567] (-) TimerEvent: {}
[551.333529] (-) TimerEvent: {}
[551.434473] (-) TimerEvent: {}
[551.535404] (-) TimerEvent: {}
[551.636345] (-) TimerEvent: {}
[551.737261] (-) TimerEvent: {}
[551.838200] (-) TimerEvent: {}
[551.939152] (-) TimerEvent: {}
[552.040227] (-) TimerEvent: {}
[552.141245] (-) TimerEvent: {}
[552.242204] (-) TimerEvent: {}
[552.343147] (-) TimerEvent: {}
[552.444144] (-) TimerEvent: {}
[552.545067] (-) TimerEvent: {}
[552.646043] (-) TimerEvent: {}
[552.746967] (-) TimerEvent: {}
[552.847939] (-) TimerEvent: {}
[552.948863] (-) TimerEvent: {}
[553.049844] (-) TimerEvent: {}
[553.150788] (-) TimerEvent: {}
[553.251774] (-) TimerEvent: {}
[553.352701] (-) TimerEvent: {}
[553.453630] (-) TimerEvent: {}
[553.554555] (-) TimerEvent: {}
[553.655488] (-) TimerEvent: {}
[553.756417] (-) TimerEvent: {}
[553.857346] (-) TimerEvent: {}
[553.958314] (-) TimerEvent: {}
[554.059250] (-) TimerEvent: {}
[554.160193] (-) TimerEvent: {}
[554.261113] (-) TimerEvent: {}
[554.362084] (-) TimerEvent: {}
[560.915085] (-) TimerEvent: {}
[561.016029] (-) TimerEvent: {}
[561.116964] (-) TimerEvent: {}
[561.217944] (-) TimerEvent: {}
[561.319003] (-) TimerEvent: {}
[561.419946] (-) TimerEvent: {}
[561.520883] (-) TimerEvent: {}
[561.621884] (-) TimerEvent: {}
[561.722817] (-) TimerEvent: {}
[561.823741] (-) TimerEvent: {}
[561.924679] (-) TimerEvent: {}
[562.025620] (-) TimerEvent: {}
[562.126556] (-) TimerEvent: {}
[562.227498] (-) TimerEvent: {}
[562.328444] (-) TimerEvent: {}
[562.429408] (-) TimerEvent: {}
[562.530388] (-) TimerEvent: {}
[562.631328] (-) TimerEvent: {}
[562.732274] (-) TimerEvent: {}
[562.833206] (-) TimerEvent: {}
[562.934159] (-) TimerEvent: {}
[563.035084] (-) TimerEvent: {}
[563.136014] (-) TimerEvent: {}
[563.236949] (-) TimerEvent: {}
[563.337930] (-) TimerEvent: {}
[563.438882] (-) TimerEvent: {}
[563.539837] (-) TimerEvent: {}
[563.640776] (-) TimerEvent: {}
[563.741740] (-) TimerEvent: {}
[563.842654] (-) TimerEvent: {}
[563.943582] (-) TimerEvent: {}
[564.044520] (-) TimerEvent: {}
[564.145466] (-) TimerEvent: {}
[564.246453] (-) TimerEvent: {}
[564.347405] (-) TimerEvent: {}
[564.448329] (-) TimerEvent: {}
[564.549283] (-) TimerEvent: {}
[564.650232] (-) TimerEvent: {}
[564.751158] (-) TimerEvent: {}
[564.852079] (-) TimerEvent: {}
[564.952992] (-) TimerEvent: {}
[565.053954] (-) TimerEvent: {}
[565.154894] (-) TimerEvent: {}
[565.255861] (-) TimerEvent: {}
[565.356806] (-) TimerEvent: {}
[565.457780] (-) TimerEvent: {}
[565.558691] (-) TimerEvent: {}
[565.659641] (-) TimerEvent: {}
[565.760589] (-) TimerEvent: {}
[565.861532] (-) TimerEvent: {}
[565.962481] (-) TimerEvent: {}
[566.063487] (-) TimerEvent: {}
[566.164521] (-) TimerEvent: {}
[566.265556] (-) TimerEvent: {}
[566.366537] (-) TimerEvent: {}
[566.467619] (-) TimerEvent: {}
[566.568554] (-) TimerEvent: {}
[566.669522] (-) TimerEvent: {}
[566.770454] (-) TimerEvent: {}
[566.871371] (-) TimerEvent: {}
[566.972289] (-) TimerEvent: {}
[567.073234] (-) TimerEvent: {}
[567.174179] (-) TimerEvent: {}
[567.275126] (-) TimerEvent: {}
[567.376043] (-) TimerEvent: {}
[567.476971] (-) TimerEvent: {}
[567.577965] (-) TimerEvent: {}
[567.679259] (-) TimerEvent: {}
[567.780212] (-) TimerEvent: {}
[567.881334] (-) TimerEvent: {}
[567.982317] (-) TimerEvent: {}
[568.083248] (-) TimerEvent: {}
[568.184171] (-) TimerEvent: {}
[568.285098] (-) TimerEvent: {}
[568.386086] (-) TimerEvent: {}
[568.487031] (-) TimerEvent: {}
[568.588052] (-) TimerEvent: {}
[568.689027] (-) TimerEvent: {}
[568.790049] (-) TimerEvent: {}
[568.891196] (-) TimerEvent: {}
[568.992221] (-) TimerEvent: {}
[569.093152] (-) TimerEvent: {}
[569.194183] (-) TimerEvent: {}
[569.271614] (<colcon_parallel_executor.executor.parallel.ParallelExecutorExtension object at 0x7faa4c4d90>) ParallelStatus: {'processing': ('hobot_audio', 'xgo_face_control', 'xgo_gesture_control', 'xgo_head')}
[569.294373] (-) TimerEvent: {}
[569.395282] (-) TimerEvent: {}
[569.496229] (-) TimerEvent: {}
[569.597202] (-) TimerEvent: {}
[569.698166] (-) TimerEvent: {}
[569.755546] (xgo_head) StdoutLine: {'line': b'[ 45%] \x1b[32mBuilding CXX object CMakeFiles/xgo_head.dir/src/main.cpp.o\x1b[0m\n'}
[569.798366] (-) TimerEvent: {}
[569.899318] (-) TimerEvent: {}
[570.000291] (-) TimerEvent: {}
[570.101384] (-) TimerEvent: {}
[570.202375] (-) TimerEvent: {}
[570.303339] (-) TimerEvent: {}
[570.404352] (-) TimerEvent: {}
[570.505349] (-) TimerEvent: {}
[570.606404] (-) TimerEvent: {}
[570.707396] (-) TimerEvent: {}
[570.808355] (-) TimerEvent: {}
[570.909393] (-) TimerEvent: {}
[571.010402] (-) TimerEvent: {}
[571.111581] (-) TimerEvent: {}
[571.212575] (-) TimerEvent: {}
[571.313588] (-) TimerEvent: {}
[571.414575] (-) TimerEvent: {}
[571.515579] (-) TimerEvent: {}
[571.616577] (-) TimerEvent: {}
[571.717582] (-) TimerEvent: {}
[571.818594] (-) TimerEvent: {}
[571.919554] (-) TimerEvent: {}
[572.020596] (-) TimerEvent: {}
[572.121632] (-) TimerEvent: {}
[572.222586] (-) TimerEvent: {}
[572.323549] (-) TimerEvent: {}
[572.424532] (-) TimerEvent: {}
[572.525519] (-) TimerEvent: {}
[572.626521] (-) TimerEvent: {}
[572.727502] (-) TimerEvent: {}
[572.828448] (-) TimerEvent: {}
[572.929384] (-) TimerEvent: {}
[573.030368] (-) TimerEvent: {}
[573.131332] (-) TimerEvent: {}
[573.232287] (-) TimerEvent: {}
[573.333241] (-) TimerEvent: {}
[573.434239] (-) TimerEvent: {}
[573.535217] (-) TimerEvent: {}
[573.636151] (-) TimerEvent: {}
[573.737088] (-) TimerEvent: {}
[573.838110] (-) TimerEvent: {}
[573.939078] (-) TimerEvent: {}
[574.040065] (-) TimerEvent: {}
[574.141012] (-) TimerEvent: {}
[574.242008] (-) TimerEvent: {}
[574.342981] (-) TimerEvent: {}
[574.444035] (-) TimerEvent: {}
[574.544965] (-) TimerEvent: {}
[574.645989] (-) TimerEvent: {}
[574.746918] (-) TimerEvent: {}
[574.847863] (-) TimerEvent: {}
[574.948834] (-) TimerEvent: {}
[575.049953] (-) TimerEvent: {}
[575.150954] (-) TimerEvent: {}
[575.251946] (-) TimerEvent: {}
[575.352914] (-) TimerEvent: {}
[575.453942] (-) TimerEvent: {}
[575.554916] (-) TimerEvent: {}
[575.655953] (-) TimerEvent: {}
[575.756904] (-) TimerEvent: {}
[575.857938] (-) TimerEvent: {}
[575.958910] (-) TimerEvent: {}
[576.059904] (-) TimerEvent: {}
[576.160856] (-) TimerEvent: {}
[576.261868] (-) TimerEvent: {}
[576.362831] (-) TimerEvent: {}
[576.463830] (-) TimerEvent: {}
[576.564795] (-) TimerEvent: {}
[576.665856] (-) TimerEvent: {}
[576.766846] (-) TimerEvent: {}
[576.867868] (-) TimerEvent: {}
[576.968829] (-) TimerEvent: {}
[577.069820] (-) TimerEvent: {}
[577.170793] (-) TimerEvent: {}
[577.271789] (-) TimerEvent: {}
[577.372849] (-) TimerEvent: {}
[577.474182] (-) TimerEvent: {}
[577.575216] (-) TimerEvent: {}
[577.676206] (-) TimerEvent: {}
[577.777201] (-) TimerEvent: {}
[577.878261] (-) TimerEvent: {}
[577.979302] (-) TimerEvent: {}
[578.080317] (-) TimerEvent: {}
[578.181256] (-) TimerEvent: {}
[578.282279] (-) TimerEvent: {}
[578.383558] (-) TimerEvent: {}
[578.484606] (-) TimerEvent: {}
[578.585575] (-) TimerEvent: {}
[578.961931] (-) TimerEvent: {}
[579.062928] (-) TimerEvent: {}
[579.164312] (-) TimerEvent: {}
[579.265312] (-) TimerEvent: {}
[579.366446] (-) TimerEvent: {}
[579.467439] (-) TimerEvent: {}
[579.568509] (-) TimerEvent: {}
[579.669583] (-) TimerEvent: {}
[579.771212] (-) TimerEvent: {}
[579.872714] (-) TimerEvent: {}
[579.973756] (-) TimerEvent: {}
[580.074796] (-) TimerEvent: {}
[580.175783] (-) TimerEvent: {}
[580.276861] (-) TimerEvent: {}
[580.377854] (-) TimerEvent: {}
[580.478824] (-) TimerEvent: {}
[580.579961] (-) TimerEvent: {}
[580.681113] (-) TimerEvent: {}
[580.782304] (-) TimerEvent: {}
[580.883505] (-) TimerEvent: {}
[580.985752] (-) TimerEvent: {}
[581.086829] (-) TimerEvent: {}
[581.188365] (-) TimerEvent: {}
[581.290576] (-) TimerEvent: {}
[581.391585] (-) TimerEvent: {}
[581.492649] (-) TimerEvent: {}
[581.593617] (-) TimerEvent: {}
[581.694549] (-) TimerEvent: {}
[581.795627] (-) TimerEvent: {}
[581.896604] (-) TimerEvent: {}
[581.997701] (-) TimerEvent: {}
[582.098773] (-) TimerEvent: {}
[582.199708] (-) TimerEvent: {}
[582.300613] (-) TimerEvent: {}
[582.401568] (-) TimerEvent: {}
[582.502723] (-) TimerEvent: {}
[582.604762] (-) TimerEvent: {}
[582.707130] (-) TimerEvent: {}
[582.808592] (-) TimerEvent: {}
[582.909685] (-) TimerEvent: {}
[583.010643] (-) TimerEvent: {}
[583.111596] (-) TimerEvent: {}
[583.212523] (-) TimerEvent: {}
[583.313458] (-) TimerEvent: {}
[583.414442] (-) TimerEvent: {}
[583.515373] (-) TimerEvent: {}
[583.616316] (-) TimerEvent: {}
[583.717297] (-) TimerEvent: {}
[583.818239] (-) TimerEvent: {}
[583.919160] (-) TimerEvent: {}
[584.020093] (-) TimerEvent: {}
[584.121014] (-) TimerEvent: {}
[584.221967] (-) TimerEvent: {}
[584.322947] (-) TimerEvent: {}
[584.423891] (-) TimerEvent: {}
[584.524896] (-) TimerEvent: {}
[584.625858] (-) TimerEvent: {}
[584.726773] (-) TimerEvent: {}
[584.827684] (-) TimerEvent: {}
[584.928611] (-) TimerEvent: {}
[585.029847] (-) TimerEvent: {}
[585.132149] (-) TimerEvent: {}
[585.233087] (-) TimerEvent: {}
[585.334078] (-) TimerEvent: {}
[585.435051] (-) TimerEvent: {}
[585.535971] (-) TimerEvent: {}
[585.636898] (-) TimerEvent: {}
[585.737869] (-) TimerEvent: {}
[585.838797] (-) TimerEvent: {}
[585.939721] (-) TimerEvent: {}
[586.040671] (-) TimerEvent: {}
[586.141635] (-) TimerEvent: {}
[586.242594] (-) TimerEvent: {}
[586.343576] (-) TimerEvent: {}
[586.444555] (-) TimerEvent: {}
[586.545525] (-) TimerEvent: {}
[586.646461] (-) TimerEvent: {}
[586.747404] (-) TimerEvent: {}
[586.848428] (-) TimerEvent: {}
[586.949349] (-) TimerEvent: {}
[587.050321] (-) TimerEvent: {}
[587.151241] (-) TimerEvent: {}
[587.252179] (-) TimerEvent: {}
[587.353137] (-) TimerEvent: {}
[587.454102] (-) TimerEvent: {}
[587.555034] (-) TimerEvent: {}
[587.656012] (-) TimerEvent: {}
[587.756964] (-) TimerEvent: {}
[587.857954] (-) TimerEvent: {}
[587.959025] (-) TimerEvent: {}
[588.060060] (-) TimerEvent: {}
[588.161529] (-) TimerEvent: {}
[588.262651] (-) TimerEvent: {}
[588.363794] (-) TimerEvent: {}
[588.464841] (-) TimerEvent: {}
[588.565902] (-) TimerEvent: {}
[588.666816] (-) TimerEvent: {}
[588.767781] (-) TimerEvent: {}
[588.868736] (-) TimerEvent: {}
[588.969729] (-) TimerEvent: {}
[589.070669] (-) TimerEvent: {}
[589.171626] (-) TimerEvent: {}
[589.272539] (-) TimerEvent: {}
[589.373469] (-) TimerEvent: {}
[589.474394] (-) TimerEvent: {}
[589.575366] (-) TimerEvent: {}
[589.676854] (-) TimerEvent: {}
[589.777894] (-) TimerEvent: {}
[589.879122] (-) TimerEvent: {}
[589.980078] (-) TimerEvent: {}
[590.081009] (-) TimerEvent: {}
[590.181971] (-) TimerEvent: {}
[590.282888] (-) TimerEvent: {}
[590.383871] (-) TimerEvent: {}
[590.484852] (-) TimerEvent: {}
[590.585951] (-) TimerEvent: {}
[590.686882] (-) TimerEvent: {}
[590.787807] (-) TimerEvent: {}
[590.888729] (-) TimerEvent: {}
[590.989744] (-) TimerEvent: {}
[591.090691] (-) TimerEvent: {}
[591.191632] (-) TimerEvent: {}
[591.292574] (-) TimerEvent: {}
[591.393520] (-) TimerEvent: {}
[591.494462] (-) TimerEvent: {}
[591.595387] (-) TimerEvent: {}
[591.696346] (-) TimerEvent: {}
[591.797319] (-) TimerEvent: {}
[591.898290] (-) TimerEvent: {}
[591.999336] (-) TimerEvent: {}
[592.100284] (-) TimerEvent: {}
[592.201211] (-) TimerEvent: {}
[592.302195] (-) TimerEvent: {}
[592.403220] (-) TimerEvent: {}
[592.504234] (-) TimerEvent: {}
[592.605387] (-) TimerEvent: {}
[592.706488] (-) TimerEvent: {}
[592.808376] (-) TimerEvent: {}
[592.909579] (-) TimerEvent: {}
[593.010697] (-) TimerEvent: {}
[593.111766] (-) TimerEvent: {}
[593.212720] (-) TimerEvent: {}
[593.313689] (-) TimerEvent: {}
[593.414813] (-) TimerEvent: {}
[593.516301] (-) TimerEvent: {}
[593.617554] (-) TimerEvent: {}
[593.719075] (-) TimerEvent: {}
[595.554968] (-) TimerEvent: {}
[595.655942] (-) TimerEvent: {}
[595.756978] (-) TimerEvent: {}
[595.857953] (-) TimerEvent: {}
[595.958906] (-) TimerEvent: {}
[596.059839] (-) TimerEvent: {}
[596.160786] (-) TimerEvent: {}
[596.261750] (-) TimerEvent: {}
[596.362703] (-) TimerEvent: {}
[596.463626] (-) TimerEvent: {}
[596.564556] (-) TimerEvent: {}
[596.665498] (-) TimerEvent: {}
[596.766440] (-) TimerEvent: {}
[596.867365] (-) TimerEvent: {}
[596.968369] (-) TimerEvent: {}
[597.069474] (-) TimerEvent: {}
[597.170462] (-) TimerEvent: {}
[597.271408] (-) TimerEvent: {}
[597.372354] (-) TimerEvent: {}
[597.473292] (-) TimerEvent: {}
[597.574238] (-) TimerEvent: {}
[597.675160] (-) TimerEvent: {}
[597.776090] (-) TimerEvent: {}
[597.877011] (-) TimerEvent: {}
[597.977968] (-) TimerEvent: {}
[598.078916] (-) TimerEvent: {}
[598.179967] (-) TimerEvent: {}
[598.280893] (-) TimerEvent: {}
[598.381840] (-) TimerEvent: {}
[598.482807] (-) TimerEvent: {}
[598.583739] (-) TimerEvent: {}
[598.684693] (-) TimerEvent: {}
[598.790304] (-) TimerEvent: {}
[598.891330] (-) TimerEvent: {}
[598.992386] (-) TimerEvent: {}
[599.093621] (-) TimerEvent: {}
[599.194584] (-) TimerEvent: {}
[599.295528] (-) TimerEvent: {}
[601.190258] (-) TimerEvent: {}
[601.233591] (<colcon_parallel_executor.executor.parallel.ParallelExecutorExtension object at 0x7faa4c4d90>) ParallelStatus: {'processing': ('hobot_audio', 'xgo_face_control', 'xgo_gesture_control', 'xgo_head')}
[601.290418] (-) TimerEvent: {}
[601.391340] (-) TimerEvent: {}
[601.492292] (-) TimerEvent: {}
[601.593263] (-) TimerEvent: {}
[601.694418] (-) TimerEvent: {}
[601.795395] (-) TimerEvent: {}
[601.896301] (-) TimerEvent: {}
[601.997264] (-) TimerEvent: {}
[602.098205] (-) TimerEvent: {}
[602.199161] (-) TimerEvent: {}
[602.300112] (-) TimerEvent: {}
[602.401048] (-) TimerEvent: {}
[602.502016] (-) TimerEvent: {}
[602.602950] (-) TimerEvent: {}
[602.703887] (-) TimerEvent: {}
[602.804820] (-) TimerEvent: {}
[602.905805] (-) TimerEvent: {}
[603.006745] (-) TimerEvent: {}
[603.107736] (-) TimerEvent: {}
[603.208792] (-) TimerEvent: {}
[603.309763] (-) TimerEvent: {}
[603.410699] (-) TimerEvent: {}
[603.511613] (-) TimerEvent: {}
[603.612531] (-) TimerEvent: {}
[603.713503] (-) TimerEvent: {}
[603.814452] (-) TimerEvent: {}
[603.915551] (-) TimerEvent: {}
[604.016585] (-) TimerEvent: {}
[604.117541] (-) TimerEvent: {}
[604.218462] (-) TimerEvent: {}
[604.319399] (-) TimerEvent: {}
[604.420382] (-) TimerEvent: {}
[604.521325] (-) TimerEvent: {}
[604.622264] (-) TimerEvent: {}
[604.723193] (-) TimerEvent: {}
[604.824134] (-) TimerEvent: {}
[604.925090] (-) TimerEvent: {}
[605.026069] (-) TimerEvent: {}
[605.127040] (-) TimerEvent: {}
[605.227971] (-) TimerEvent: {}
[605.328897] (-) TimerEvent: {}
[605.429884] (-) TimerEvent: {}
[605.530807] (-) TimerEvent: {}
[605.631800] (-) TimerEvent: {}
[605.732850] (-) TimerEvent: {}
[605.833910] (-) TimerEvent: {}
[605.934865] (-) TimerEvent: {}
[606.035802] (-) TimerEvent: {}
[606.136737] (-) TimerEvent: {}
[606.237700] (-) TimerEvent: {}
[606.338639] (-) TimerEvent: {}
[606.439589] (-) TimerEvent: {}
[606.540502] (-) TimerEvent: {}
[606.641478] (-) TimerEvent: {}
[606.742516] (-) TimerEvent: {}
[606.843458] (-) TimerEvent: {}
[606.944399] (-) TimerEvent: {}
[607.045359] (-) TimerEvent: {}
[607.146441] (-) TimerEvent: {}
[607.247973] (-) TimerEvent: {}
[607.348904] (-) TimerEvent: {}
[607.449876] (-) TimerEvent: {}
[607.550815] (-) TimerEvent: {}
[607.651769] (-) TimerEvent: {}
[607.752725] (-) TimerEvent: {}
[607.853731] (-) TimerEvent: {}
[607.954704] (-) TimerEvent: {}
[608.055638] (-) TimerEvent: {}
[608.156561] (-) TimerEvent: {}
[608.257541] (-) TimerEvent: {}
[608.358455] (-) TimerEvent: {}
[608.459367] (-) TimerEvent: {}
[608.560276] (-) TimerEvent: {}
[608.661193] (-) TimerEvent: {}
[608.762135] (-) TimerEvent: {}
[608.863053] (-) TimerEvent: {}
[608.964018] (-) TimerEvent: {}
[609.064968] (-) TimerEvent: {}
[609.165939] (-) TimerEvent: {}
[609.266871] (-) TimerEvent: {}
[609.367789] (-) TimerEvent: {}
[609.468706] (-) TimerEvent: {}
[609.569644] (-) TimerEvent: {}
[609.670664] (-) TimerEvent: {}
[609.771628] (-) TimerEvent: {}
[609.872549] (-) TimerEvent: {}
[609.973495] (-) TimerEvent: {}
[610.074415] (-) TimerEvent: {}
[610.175316] (-) TimerEvent: {}
[610.276247] (-) TimerEvent: {}
[610.377163] (-) TimerEvent: {}
[610.478104] (-) TimerEvent: {}
[610.579043] (-) TimerEvent: {}
[610.679987] (-) TimerEvent: {}
[610.780915] (-) TimerEvent: {}
[610.881864] (-) TimerEvent: {}
[610.982768] (-) TimerEvent: {}
[611.083695] (-) TimerEvent: {}
[611.184609] (-) TimerEvent: {}
[611.285549] (-) TimerEvent: {}
[611.386493] (-) TimerEvent: {}
[611.487459] (-) TimerEvent: {}
[611.588515] (-) TimerEvent: {}
[611.689522] (-) TimerEvent: {}
[611.790586] (-) TimerEvent: {}
[611.891643] (-) TimerEvent: {}
[611.992571] (-) TimerEvent: {}
[612.093533] (-) TimerEvent: {}
[612.194476] (-) TimerEvent: {}
[612.295441] (-) TimerEvent: {}
[612.396375] (-) TimerEvent: {}
[612.497328] (-) TimerEvent: {}
[612.598327] (-) TimerEvent: {}
[612.699253] (-) TimerEvent: {}
[612.800216] (-) TimerEvent: {}
[612.901167] (-) TimerEvent: {}
[613.002143] (-) TimerEvent: {}
[613.103115] (-) TimerEvent: {}
[613.204076] (-) TimerEvent: {}
[613.305024] (-) TimerEvent: {}
[613.406000] (-) TimerEvent: {}
[613.506946] (-) TimerEvent: {}
[613.607930] (-) TimerEvent: {}
[613.708983] (-) TimerEvent: {}
[613.810053] (-) TimerEvent: {}
[613.911123] (-) TimerEvent: {}
[614.012253] (-) TimerEvent: {}
[614.113616] (-) TimerEvent: {}
[614.215113] (-) TimerEvent: {}
[614.316681] (-) TimerEvent: {}
[614.417734] (-) TimerEvent: {}
[614.519000] (-) TimerEvent: {}
[614.620220] (-) TimerEvent: {}
[614.721168] (-) TimerEvent: {}
[614.822138] (-) TimerEvent: {}
[614.923045] (-) TimerEvent: {}
[615.023971] (-) TimerEvent: {}
[615.124919] (-) TimerEvent: {}
[615.225941] (-) TimerEvent: {}
[615.326980] (-) TimerEvent: {}
[615.428037] (-) TimerEvent: {}
[615.529244] (-) TimerEvent: {}
[615.630327] (-) TimerEvent: {}
[615.731357] (-) TimerEvent: {}
[615.832274] (-) TimerEvent: {}
[615.933180] (-) TimerEvent: {}
[616.034127] (-) TimerEvent: {}
[616.135063] (-) TimerEvent: {}
[616.235982] (-) TimerEvent: {}
[616.336910] (-) TimerEvent: {}
[616.437886] (-) TimerEvent: {}
[616.538818] (-) TimerEvent: {}
[616.639751] (-) TimerEvent: {}
[616.740675] (-) TimerEvent: {}
[616.841617] (-) TimerEvent: {}
[616.942549] (-) TimerEvent: {}
[617.043496] (-) TimerEvent: {}
[617.144418] (-) TimerEvent: {}
[617.245373] (-) TimerEvent: {}
[617.346493] (-) TimerEvent: {}
[617.447700] (-) TimerEvent: {}
[617.548735] (-) TimerEvent: {}
[617.649711] (-) TimerEvent: {}
[617.750640] (-) TimerEvent: {}
[617.851579] (-) TimerEvent: {}
[617.952490] (-) TimerEvent: {}
[618.053431] (-) TimerEvent: {}
[618.154355] (-) TimerEvent: {}
[618.255273] (-) TimerEvent: {}
[618.356209] (-) TimerEvent: {}
[618.457143] (-) TimerEvent: {}
[618.558116] (-) TimerEvent: {}
[618.659041] (-) TimerEvent: {}
[618.759957] (-) TimerEvent: {}
[618.860872] (-) TimerEvent: {}
[618.961850] (-) TimerEvent: {}
[619.062783] (-) TimerEvent: {}
[619.163797] (-) TimerEvent: {}
[619.264721] (-) TimerEvent: {}
[619.365691] (-) TimerEvent: {}
[619.466614] (-) TimerEvent: {}
[619.567566] (-) TimerEvent: {}
[619.668503] (-) TimerEvent: {}
[619.769447] (-) TimerEvent: {}
[619.870392] (-) TimerEvent: {}
[619.971313] (-) TimerEvent: {}
[620.072291] (-) TimerEvent: {}
[620.174017] (-) TimerEvent: {}
[620.275196] (-) TimerEvent: {}
[620.376323] (-) TimerEvent: {}
[620.477540] (-) TimerEvent: {}
[620.578807] (-) TimerEvent: {}
[620.679747] (-) TimerEvent: {}
[620.780673] (-) TimerEvent: {}
[620.881601] (-) TimerEvent: {}
[620.982537] (-) TimerEvent: {}
[621.083468] (-) TimerEvent: {}
[621.184411] (-) TimerEvent: {}
[621.285326] (-) TimerEvent: {}
[621.386310] (-) TimerEvent: {}
[621.487265] (-) TimerEvent: {}
[621.588184] (-) TimerEvent: {}
[621.689122] (-) TimerEvent: {}
[621.790087] (-) TimerEvent: {}
[621.891017] (-) TimerEvent: {}
[621.991934] (-) TimerEvent: {}
[622.092849] (-) TimerEvent: {}
[622.193800] (-) TimerEvent: {}
[622.294718] (-) TimerEvent: {}
[622.395641] (-) TimerEvent: {}
[622.496576] (-) TimerEvent: {}
[622.597518] (-) TimerEvent: {}
[622.698436] (-) TimerEvent: {}
[622.799379] (-) TimerEvent: {}
[622.900314] (-) TimerEvent: {}
[623.001406] (-) TimerEvent: {}
[623.102625] (-) TimerEvent: {}
[623.203703] (-) TimerEvent: {}
[623.304632] (-) TimerEvent: {}
[623.405603] (-) TimerEvent: {}
[623.506539] (-) TimerEvent: {}
[623.607467] (-) TimerEvent: {}
[623.708390] (-) TimerEvent: {}
[623.809305] (-) TimerEvent: {}
[623.910249] (-) TimerEvent: {}
[624.011177] (-) TimerEvent: {}
[624.112100] (-) TimerEvent: {}
[624.213085] (-) TimerEvent: {}
[624.314033] (-) TimerEvent: {}
[624.414970] (-) TimerEvent: {}
[624.515899] (-) TimerEvent: {}
[624.616845] (-) TimerEvent: {}
[624.717822] (-) TimerEvent: {}
[624.818747] (-) TimerEvent: {}
[624.919688] (-) TimerEvent: {}
[625.020630] (-) TimerEvent: {}
[625.121581] (-) TimerEvent: {}
[625.222525] (-) TimerEvent: {}
[625.323470] (-) TimerEvent: {}
[625.424532] (-) TimerEvent: {}
[625.525598] (-) TimerEvent: {}
[625.626532] (-) TimerEvent: {}
[625.727455] (-) TimerEvent: {}
[625.828415] (-) TimerEvent: {}
[625.929394] (-) TimerEvent: {}
[626.030425] (-) TimerEvent: {}
[626.131376] (-) TimerEvent: {}
[626.232324] (-) TimerEvent: {}
[626.333294] (-) TimerEvent: {}
[626.434421] (-) TimerEvent: {}
[626.535381] (-) TimerEvent: {}
[626.636313] (-) TimerEvent: {}
[626.737271] (-) TimerEvent: {}
[626.838244] (-) TimerEvent: {}
[626.939190] (-) TimerEvent: {}
[627.040144] (-) TimerEvent: {}
[627.141063] (-) TimerEvent: {}
[627.242028] (-) TimerEvent: {}
[627.342966] (-) TimerEvent: {}
[627.443925] (-) TimerEvent: {}
[627.544868] (-) TimerEvent: {}
[627.645855] (-) TimerEvent: {}
[627.746797] (-) TimerEvent: {}
[627.847745] (-) TimerEvent: {}
[627.948680] (-) TimerEvent: {}
[628.049627] (-) TimerEvent: {}
[628.150570] (-) TimerEvent: {}
[628.251546] (-) TimerEvent: {}
[628.352577] (-) TimerEvent: {}
[628.453522] (-) TimerEvent: {}
[628.554474] (-) TimerEvent: {}
[628.655409] (-) TimerEvent: {}
[628.756333] (-) TimerEvent: {}
[628.857254] (-) TimerEvent: {}
[628.958246] (-) TimerEvent: {}
[629.059176] (-) TimerEvent: {}
[629.160125] (-) TimerEvent: {}
[629.261181] (-) TimerEvent: {}
[629.362150] (-) TimerEvent: {}
[629.463083] (-) TimerEvent: {}
[629.564076] (-) TimerEvent: {}
[629.665016] (-) TimerEvent: {}
[629.766038] (-) TimerEvent: {}
[629.866982] (-) TimerEvent: {}
[629.967936] (-) TimerEvent: {}
[630.068881] (-) TimerEvent: {}
[630.169856] (-) TimerEvent: {}
[630.270818] (-) TimerEvent: {}
[630.371871] (-) TimerEvent: {}
[630.472902] (-) TimerEvent: {}
[630.574010] (-) TimerEvent: {}
[630.675369] (-) TimerEvent: {}
[630.776335] (-) TimerEvent: {}
[630.877429] (-) TimerEvent: {}
[630.978536] (-) TimerEvent: {}
[631.079559] (-) TimerEvent: {}
[631.180505] (-) TimerEvent: {}
[631.281508] (-) TimerEvent: {}
[631.382524] (-) TimerEvent: {}
[631.483450] (-) TimerEvent: {}
[631.584406] (-) TimerEvent: {}
[633.077526] (-) TimerEvent: {}
[633.116039] (<colcon_parallel_executor.executor.parallel.ParallelExecutorExtension object at 0x7faa4c4d90>) ParallelStatus: {'processing': ('hobot_audio', 'xgo_face_control', 'xgo_gesture_control', 'xgo_head')}
[633.177725] (-) TimerEvent: {}
[633.278619] (-) TimerEvent: {}
[633.379551] (-) TimerEvent: {}
[633.480486] (-) TimerEvent: {}
[633.581411] (-) TimerEvent: {}
[633.682373] (-) TimerEvent: {}
[633.783304] (-) TimerEvent: {}
[633.884222] (-) TimerEvent: {}
[633.985133] (-) TimerEvent: {}
[634.086147] (-) TimerEvent: {}
[634.187413] (-) TimerEvent: {}
[634.288386] (-) TimerEvent: {}
[634.389314] (-) TimerEvent: {}
[634.490258] (-) TimerEvent: {}
[634.591197] (-) TimerEvent: {}
[634.692138] (-) TimerEvent: {}
[634.793070] (-) TimerEvent: {}
[634.894016] (-) TimerEvent: {}
[634.994949] (-) TimerEvent: {}
[635.095858] (-) TimerEvent: {}
[635.196771] (-) TimerEvent: {}
[635.297718] (-) TimerEvent: {}
[635.398651] (-) TimerEvent: {}
[635.499572] (-) TimerEvent: {}
[635.600481] (-) TimerEvent: {}
[635.701402] (-) TimerEvent: {}
[635.802402] (-) TimerEvent: {}
[635.903466] (-) TimerEvent: {}
[636.004513] (-) TimerEvent: {}
[636.105467] (-) TimerEvent: {}
[636.206411] (-) TimerEvent: {}
[636.307355] (-) TimerEvent: {}
[636.408283] (-) TimerEvent: {}
[636.509216] (-) TimerEvent: {}
[636.610170] (-) TimerEvent: {}
[636.711151] (-) TimerEvent: {}
[636.812210] (-) TimerEvent: {}
[636.913146] (-) TimerEvent: {}
[637.014104] (-) TimerEvent: {}
[637.115008] (-) TimerEvent: {}
[637.215935] (-) TimerEvent: {}
[637.316856] (-) TimerEvent: {}
[637.417821] (-) TimerEvent: {}
[637.518759] (-) TimerEvent: {}
[637.619963] (-) TimerEvent: {}
[637.720900] (-) TimerEvent: {}
[637.821880] (-) TimerEvent: {}
[637.922817] (-) TimerEvent: {}
[638.023741] (-) TimerEvent: {}
[638.124672] (-) TimerEvent: {}
[638.225617] (-) TimerEvent: {}
[638.326548] (-) TimerEvent: {}
[638.427505] (-) TimerEvent: {}
[638.528475] (-) TimerEvent: {}
[638.629606] (-) TimerEvent: {}
[638.730554] (-) TimerEvent: {}
[638.831544] (-) TimerEvent: {}
[638.932517] (-) TimerEvent: {}
[639.033504] (-) TimerEvent: {}
[639.134553] (-) TimerEvent: {}
[639.235489] (-) TimerEvent: {}
[639.336509] (-) TimerEvent: {}
[639.437473] (-) TimerEvent: {}
[639.538409] (-) TimerEvent: {}
[639.639409] (-) TimerEvent: {}
[639.740359] (-) TimerEvent: {}
[639.841313] (-) TimerEvent: {}
[639.942268] (-) TimerEvent: {}
[640.043491] (-) TimerEvent: {}
[640.145279] (-) TimerEvent: {}
[640.246232] (-) TimerEvent: {}
[640.347156] (-) TimerEvent: {}
[640.448073] (-) TimerEvent: {}
[640.549002] (-) TimerEvent: {}
[640.649967] (-) TimerEvent: {}
[640.750898] (-) TimerEvent: {}
[640.851824] (-) TimerEvent: {}
[640.952743] (-) TimerEvent: {}
[641.053721] (-) TimerEvent: {}
[641.154646] (-) TimerEvent: {}
[641.255586] (-) TimerEvent: {}
[641.356527] (-) TimerEvent: {}
[641.457457] (-) TimerEvent: {}
[641.558382] (-) TimerEvent: {}
[641.659291] (-) TimerEvent: {}
[641.760222] (-) TimerEvent: {}
[641.861159] (-) TimerEvent: {}
[641.962135] (-) TimerEvent: {}
[642.063065] (-) TimerEvent: {}
[642.163995] (-) TimerEvent: {}
[642.264953] (-) TimerEvent: {}
[642.366041] (-) TimerEvent: {}
[642.466974] (-) TimerEvent: {}
[642.567913] (-) TimerEvent: {}
[642.668840] (-) TimerEvent: {}
[642.769823] (-) TimerEvent: {}
[642.870759] (-) TimerEvent: {}
[642.971699] (-) TimerEvent: {}
[643.072610] (-) TimerEvent: {}
[643.173549] (-) TimerEvent: {}
[643.274471] (-) TimerEvent: {}
[643.375404] (-) TimerEvent: {}
[643.476337] (-) TimerEvent: {}
[643.577276] (-) TimerEvent: {}
[643.678234] (-) TimerEvent: {}
[643.779187] (-) TimerEvent: {}
[643.880106] (-) TimerEvent: {}
[643.981051] (-) TimerEvent: {}
[644.082055] (-) TimerEvent: {}
[644.183225] (-) TimerEvent: {}
[644.284130] (-) TimerEvent: {}
[646.142747] (-) TimerEvent: {}
[646.243691] (-) TimerEvent: {}
[646.344628] (-) TimerEvent: {}
[646.445557] (-) TimerEvent: {}
[646.546505] (-) TimerEvent: {}
[646.647443] (-) TimerEvent: {}
[646.748382] (-) TimerEvent: {}
[646.849336] (-) TimerEvent: {}
[646.950316] (-) TimerEvent: {}
[647.051240] (-) TimerEvent: {}
[647.152183] (-) TimerEvent: {}
[647.253133] (-) TimerEvent: {}
[647.354102] (-) TimerEvent: {}
[647.455039] (-) TimerEvent: {}
[647.555978] (-) TimerEvent: {}
[647.656892] (-) TimerEvent: {}
[647.757855] (-) TimerEvent: {}
[647.858852] (-) TimerEvent: {}
[647.959776] (-) TimerEvent: {}
[648.060707] (-) TimerEvent: {}
[648.161626] (-) TimerEvent: {}
[648.262542] (-) TimerEvent: {}
[648.363470] (-) TimerEvent: {}
[648.464383] (-) TimerEvent: {}
[648.565316] (-) TimerEvent: {}
[648.666268] (-) TimerEvent: {}
[648.767168] (-) TimerEvent: {}
[648.868105] (-) TimerEvent: {}
[648.969028] (-) TimerEvent: {}
[649.070011] (-) TimerEvent: {}
[649.170921] (-) TimerEvent: {}
[649.271865] (-) TimerEvent: {}
[649.372820] (-) TimerEvent: {}
[649.473886] (-) TimerEvent: {}
[649.574849] (-) TimerEvent: {}
[649.676083] (-) TimerEvent: {}
[649.777427] (-) TimerEvent: {}
[649.878699] (-) TimerEvent: {}
[649.979644] (-) TimerEvent: {}
[650.080589] (-) TimerEvent: {}
[650.181538] (-) TimerEvent: {}
[650.282484] (-) TimerEvent: {}
[650.383412] (-) TimerEvent: {}
[650.484349] (-) TimerEvent: {}
[650.585293] (-) TimerEvent: {}
[650.686273] (-) TimerEvent: {}
[650.787205] (-) TimerEvent: {}
[650.888124] (-) TimerEvent: {}
[650.989047] (-) TimerEvent: {}
[651.090003] (-) TimerEvent: {}
[651.190937] (-) TimerEvent: {}
[651.291860] (-) TimerEvent: {}
[651.392802] (-) TimerEvent: {}
[651.493770] (-) TimerEvent: {}
[651.594777] (-) TimerEvent: {}
[651.695790] (-) TimerEvent: {}
[651.796809] (-) TimerEvent: {}
[651.897767] (-) TimerEvent: {}
[651.998694] (-) TimerEvent: {}
[652.099653] (-) TimerEvent: {}
[652.200624] (-) TimerEvent: {}
[652.301604] (-) TimerEvent: {}
[652.402584] (-) TimerEvent: {}
[652.503513] (-) TimerEvent: {}
[652.604458] (-) TimerEvent: {}
[652.705412] (-) TimerEvent: {}
[652.806397] (-) TimerEvent: {}
[652.907351] (-) TimerEvent: {}
[653.008279] (-) TimerEvent: {}
[653.109209] (-) TimerEvent: {}
[653.210179] (-) TimerEvent: {}
[653.311121] (-) TimerEvent: {}
[653.412057] (-) TimerEvent: {}
[653.512981] (-) TimerEvent: {}
[653.613950] (-) TimerEvent: {}
[653.714868] (-) TimerEvent: {}
[653.815799] (-) TimerEvent: {}
[653.916780] (-) TimerEvent: {}
[654.017746] (-) TimerEvent: {}
[654.118703] (-) TimerEvent: {}
[654.219673] (-) TimerEvent: {}
[654.320781] (-) TimerEvent: {}
[654.421871] (-) TimerEvent: {}
[655.263044] (-) TimerEvent: {}
[655.364001] (-) TimerEvent: {}
[655.464951] (-) TimerEvent: {}
[655.565887] (-) TimerEvent: {}
[655.666827] (-) TimerEvent: {}
[655.767787] (-) TimerEvent: {}
[655.868844] (-) TimerEvent: {}
[655.969836] (-) TimerEvent: {}
[656.070784] (-) TimerEvent: {}
[656.171750] (-) TimerEvent: {}
[656.272683] (-) TimerEvent: {}
[656.373618] (-) TimerEvent: {}
[656.474555] (-) TimerEvent: {}
[656.575489] (-) TimerEvent: {}
[656.676440] (-) TimerEvent: {}
[656.777469] (-) TimerEvent: {}
[656.878414] (-) TimerEvent: {}
[656.979336] (-) TimerEvent: {}
[657.080249] (-) TimerEvent: {}
[657.181162] (-) TimerEvent: {}
[657.282125] (-) TimerEvent: {}
[657.383055] (-) TimerEvent: {}
[657.483981] (-) TimerEvent: {}
[657.584907] (-) TimerEvent: {}
[657.685878] (-) TimerEvent: {}
[657.786805] (-) TimerEvent: {}
[657.887738] (-) TimerEvent: {}
[657.988667] (-) TimerEvent: {}
[658.089631] (-) TimerEvent: {}
[658.190572] (-) TimerEvent: {}
[658.291508] (-) TimerEvent: {}
[658.392442] (-) TimerEvent: {}
[658.493362] (-) TimerEvent: {}
[658.594330] (-) TimerEvent: {}
[658.695269] (-) TimerEvent: {}
[658.796199] (-) TimerEvent: {}
[658.897123] (-) TimerEvent: {}
[658.998099] (-) TimerEvent: {}
[659.099046] (-) TimerEvent: {}
[659.200006] (-) TimerEvent: {}
[659.300935] (-) TimerEvent: {}
[659.401933] (-) TimerEvent: {}
[659.502956] (-) TimerEvent: {}
[659.604138] (-) TimerEvent: {}
[659.705197] (-) TimerEvent: {}
[659.806157] (-) TimerEvent: {}
[659.907087] (-) TimerEvent: {}
[660.008015] (-) TimerEvent: {}
[660.108944] (-) TimerEvent: {}
[660.209919] (-) TimerEvent: {}
[660.310862] (-) TimerEvent: {}
[660.411794] (-) TimerEvent: {}
[660.512739] (-) TimerEvent: {}
[660.613698] (-) TimerEvent: {}
[660.714646] (-) TimerEvent: {}
[660.815582] (-) TimerEvent: {}
[660.916533] (-) TimerEvent: {}
[661.017490] (-) TimerEvent: {}
[661.118422] (-) TimerEvent: {}
[661.219396] (-) TimerEvent: {}
[661.320458] (-) TimerEvent: {}
[661.421377] (-) TimerEvent: {}
[661.522334] (-) TimerEvent: {}
[661.623266] (-) TimerEvent: {}
[661.724206] (-) TimerEvent: {}
[661.825149] (-) TimerEvent: {}
[661.926126] (-) TimerEvent: {}
[662.027034] (-) TimerEvent: {}
[662.127965] (-) TimerEvent: {}
[662.228917] (-) TimerEvent: {}
[662.329917] (-) TimerEvent: {}
[662.430861] (-) TimerEvent: {}
[662.531790] (-) TimerEvent: {}
[662.632717] (-) TimerEvent: {}
[662.733683] (-) TimerEvent: {}
[662.834610] (-) TimerEvent: {}
[662.935562] (-) TimerEvent: {}
[663.036495] (-) TimerEvent: {}
[663.137451] (-) TimerEvent: {}
[663.154262] (<colcon_parallel_executor.executor.parallel.ParallelExecutorExtension object at 0x7faa4c4d90>) ParallelStatus: {'processing': ('hobot_audio', 'xgo_face_control', 'xgo_gesture_control', 'xgo_head')}
[663.237622] (-) TimerEvent: {}
[663.338531] (-) TimerEvent: {}
[663.439461] (-) TimerEvent: {}
[663.540390] (-) TimerEvent: {}
[663.641313] (-) TimerEvent: {}
[663.742276] (-) TimerEvent: {}
[663.843220] (-) TimerEvent: {}
[663.944149] (-) TimerEvent: {}
[664.045068] (-) TimerEvent: {}
[664.146025] (-) TimerEvent: {}
[664.246950] (-) TimerEvent: {}
[664.347870] (-) TimerEvent: {}
[664.448808] (-) TimerEvent: {}
[664.550012] (-) TimerEvent: {}
[664.651049] (-) TimerEvent: {}
[666.418628] (-) TimerEvent: {}
[666.519553] (-) TimerEvent: {}
[666.620497] (-) TimerEvent: {}
[666.721466] (-) TimerEvent: {}
[666.822402] (-) TimerEvent: {}
[666.923346] (-) TimerEvent: {}
[667.024282] (-) TimerEvent: {}
[667.125216] (-) TimerEvent: {}
[667.226209] (-) TimerEvent: {}
[667.327135] (-) TimerEvent: {}
[667.428083] (-) TimerEvent: {}
[667.529006] (-) TimerEvent: {}
[667.629952] (-) TimerEvent: {}
[667.730873] (-) TimerEvent: {}
[667.831797] (-) TimerEvent: {}
[667.932729] (-) TimerEvent: {}
[668.033706] (-) TimerEvent: {}
[668.134619] (-) TimerEvent: {}
[668.235579] (-) TimerEvent: {}
[668.336523] (-) TimerEvent: {}
[668.437498] (-) TimerEvent: {}
[668.538440] (-) TimerEvent: {}
[668.639373] (-) TimerEvent: {}
[668.740314] (-) TimerEvent: {}
[668.841245] (-) TimerEvent: {}
[668.942235] (-) TimerEvent: {}
[669.043147] (-) TimerEvent: {}
[669.144076] (-) TimerEvent: {}
[669.244987] (-) TimerEvent: {}
[669.345954] (-) TimerEvent: {}
[669.446859] (-) TimerEvent: {}
[669.547783] (-) TimerEvent: {}
[669.648701] (-) TimerEvent: {}
[669.749604] (-) TimerEvent: {}
[669.850596] (-) TimerEvent: {}
[669.951516] (-) TimerEvent: {}
[670.052474] (-) TimerEvent: {}
[670.153402] (-) TimerEvent: {}
[670.254384] (-) TimerEvent: {}
[670.355322] (-) TimerEvent: {}
[670.456283] (-) TimerEvent: {}
[670.557218] (-) TimerEvent: {}
[670.658189] (-) TimerEvent: {}
[670.759352] (-) TimerEvent: {}
[670.861266] (-) TimerEvent: {}
[670.962220] (-) TimerEvent: {}
[671.063169] (-) TimerEvent: {}
[671.164112] (-) TimerEvent: {}
[671.265051] (-) TimerEvent: {}
[671.366050] (-) TimerEvent: {}
[671.466997] (-) TimerEvent: {}
[671.567938] (-) TimerEvent: {}
[671.668883] (-) TimerEvent: {}
[671.769847] (-) TimerEvent: {}
[671.870795] (-) TimerEvent: {}
[671.971741] (-) TimerEvent: {}
[672.072687] (-) TimerEvent: {}
[672.173921] (-) TimerEvent: {}
[672.275212] (-) TimerEvent: {}
[672.376576] (-) TimerEvent: {}
[672.477574] (-) TimerEvent: {}
[672.578949] (-) TimerEvent: {}
[672.680970] (-) TimerEvent: {}
[672.782015] (-) TimerEvent: {}
[672.883206] (-) TimerEvent: {}
[672.984454] (-) TimerEvent: {}
[673.085381] (-) TimerEvent: {}
[673.186639] (-) TimerEvent: {}
[673.287796] (-) TimerEvent: {}
[673.389375] (-) TimerEvent: {}
[673.490321] (-) TimerEvent: {}
[673.591326] (-) TimerEvent: {}
[673.692800] (-) TimerEvent: {}
[673.793739] (-) TimerEvent: {}
[673.894660] (-) TimerEvent: {}
[673.995598] (-) TimerEvent: {}
[674.096532] (-) TimerEvent: {}
[674.197494] (-) TimerEvent: {}
[674.298467] (-) TimerEvent: {}
[674.399476] (-) TimerEvent: {}
[674.500419] (-) TimerEvent: {}
[674.601356] (-) TimerEvent: {}
[674.702324] (-) TimerEvent: {}
[674.803253] (-) TimerEvent: {}
[674.904291] (-) TimerEvent: {}
[675.005335] (-) TimerEvent: {}
[675.106303] (-) TimerEvent: {}
[675.207237] (-) TimerEvent: {}
[675.308159] (-) TimerEvent: {}
[675.409091] (-) TimerEvent: {}
[675.510048] (-) TimerEvent: {}
[675.610973] (-) TimerEvent: {}
[675.711906] (-) TimerEvent: {}
[675.812848] (-) TimerEvent: {}
[675.913799] (-) TimerEvent: {}
[676.333991] (-) TimerEvent: {}
[676.434910] (-) TimerEvent: {}
[676.535849] (-) TimerEvent: {}
[676.636792] (-) TimerEvent: {}
[676.737763] (-) TimerEvent: {}
[676.838689] (-) TimerEvent: {}
[676.939625] (-) TimerEvent: {}
[677.040587] (-) TimerEvent: {}
[677.142705] (-) TimerEvent: {}
[677.243649] (-) TimerEvent: {}
[677.344577] (-) TimerEvent: {}
[677.445518] (-) TimerEvent: {}
[677.546462] (-) TimerEvent: {}
[677.647503] (-) TimerEvent: {}
[677.748441] (-) TimerEvent: {}
[677.849369] (-) TimerEvent: {}
[677.950323] (-) TimerEvent: {}
[678.051250] (-) TimerEvent: {}
[678.152178] (-) TimerEvent: {}
[678.253106] (-) TimerEvent: {}
[678.354359] (-) TimerEvent: {}
[678.455288] (-) TimerEvent: {}
[678.556242] (-) TimerEvent: {}
[678.657169] (-) TimerEvent: {}
[678.758171] (-) TimerEvent: {}
[678.859136] (-) TimerEvent: {}
[678.960070] (-) TimerEvent: {}
[679.061031] (-) TimerEvent: {}
[679.161972] (-) TimerEvent: {}
[679.262907] (-) TimerEvent: {}
[679.363844] (-) TimerEvent: {}
[679.464762] (-) TimerEvent: {}
[679.565745] (-) TimerEvent: {}
[679.666762] (-) TimerEvent: {}
[679.767706] (-) TimerEvent: {}
[679.868645] (-) TimerEvent: {}
[679.969601] (-) TimerEvent: {}
[680.070518] (-) TimerEvent: {}
[680.171472] (-) TimerEvent: {}
[680.272392] (-) TimerEvent: {}
[680.373310] (-) TimerEvent: {}
[680.474301] (-) TimerEvent: {}
[680.575234] (-) TimerEvent: {}
[680.676159] (-) TimerEvent: {}
[680.777086] (-) TimerEvent: {}
[680.878045] (-) TimerEvent: {}
[680.978973] (-) TimerEvent: {}
[681.079921] (-) TimerEvent: {}
[681.180843] (-) TimerEvent: {}
[681.281801] (-) TimerEvent: {}
[681.382734] (-) TimerEvent: {}
[681.483658] (-) TimerEvent: {}
[681.584612] (-) TimerEvent: {}
[681.685577] (-) TimerEvent: {}
[681.786531] (-) TimerEvent: {}
[681.887509] (-) TimerEvent: {}
[681.988584] (-) TimerEvent: {}
[682.089634] (-) TimerEvent: {}
[682.742702] (-) TimerEvent: {}
[682.843644] (-) TimerEvent: {}
[682.944595] (-) TimerEvent: {}
[683.045556] (-) TimerEvent: {}
[683.146491] (-) TimerEvent: {}
[683.247426] (-) TimerEvent: {}
[683.348377] (-) TimerEvent: {}
[683.449315] (-) TimerEvent: {}
[683.550257] (-) TimerEvent: {}
[683.651186] (-) TimerEvent: {}
[683.752096] (-) TimerEvent: {}
[683.853049] (-) TimerEvent: {}
[683.954026] (-) TimerEvent: {}
[684.054936] (-) TimerEvent: {}
[684.155868] (-) TimerEvent: {}
[684.256805] (-) TimerEvent: {}
[684.357786] (-) TimerEvent: {}
[684.458708] (-) TimerEvent: {}
[684.559646] (-) TimerEvent: {}
[684.660624] (-) TimerEvent: {}
[684.761562] (-) TimerEvent: {}
[684.862495] (-) TimerEvent: {}
[684.963442] (-) TimerEvent: {}
[685.064375] (-) TimerEvent: {}
[685.165294] (-) TimerEvent: {}
[685.266300] (-) TimerEvent: {}
[685.367228] (-) TimerEvent: {}
[685.468157] (-) TimerEvent: {}
[685.569091] (-) TimerEvent: {}
[685.670042] (-) TimerEvent: {}
[685.770998] (-) TimerEvent: {}
[685.871935] (-) TimerEvent: {}
[685.972854] (-) TimerEvent: {}
[686.073831] (-) TimerEvent: {}
[686.174765] (-) TimerEvent: {}
[686.275690] (-) TimerEvent: {}
[686.376624] (-) TimerEvent: {}
[686.477578] (-) TimerEvent: {}
[686.578541] (-) TimerEvent: {}
[686.679562] (-) TimerEvent: {}
[686.780491] (-) TimerEvent: {}
[686.881433] (-) TimerEvent: {}
[686.982346] (-) TimerEvent: {}
[687.083268] (-) TimerEvent: {}
[687.184218] (-) TimerEvent: {}
[687.285140] (-) TimerEvent: {}
[687.386178] (-) TimerEvent: {}
[687.487201] (-) TimerEvent: {}
[687.588213] (-) TimerEvent: {}
[687.689245] (-) TimerEvent: {}
[687.790264] (-) TimerEvent: {}
[687.891278] (-) TimerEvent: {}
[687.992241] (-) TimerEvent: {}
[688.093234] (-) TimerEvent: {}
[688.194253] (-) TimerEvent: {}
[688.295276] (-) TimerEvent: {}
[688.396344] (-) TimerEvent: {}
[688.497452] (-) TimerEvent: {}
[688.598578] (-) TimerEvent: {}
[688.699648] (-) TimerEvent: {}
[688.800705] (-) TimerEvent: {}
[688.901769] (-) TimerEvent: {}
[689.002807] (-) TimerEvent: {}
[689.103808] (-) TimerEvent: {}
[689.204777] (-) TimerEvent: {}
[689.305882] (-) TimerEvent: {}
[689.406910] (-) TimerEvent: {}
[689.507866] (-) TimerEvent: {}
[689.608801] (-) TimerEvent: {}
[689.709780] (-) TimerEvent: {}
[689.810696] (-) TimerEvent: {}
[689.911866] (-) TimerEvent: {}
[690.014082] (-) TimerEvent: {}
[690.115093] (-) TimerEvent: {}
[690.216101] (-) TimerEvent: {}
[690.317321] (-) TimerEvent: {}
[690.418577] (-) TimerEvent: {}
[690.519500] (-) TimerEvent: {}
[690.620429] (-) TimerEvent: {}
[690.721366] (-) TimerEvent: {}
[690.822320] (-) TimerEvent: {}
[690.923290] (-) TimerEvent: {}
[691.024239] (-) TimerEvent: {}
[691.125191] (-) TimerEvent: {}
[691.226155] (-) TimerEvent: {}
[691.327126] (-) TimerEvent: {}
[691.428068] (-) TimerEvent: {}
[691.529001] (-) TimerEvent: {}
[691.629960] (-) TimerEvent: {}
[691.730895] (-) TimerEvent: {}
[691.831840] (-) TimerEvent: {}
[691.932762] (-) TimerEvent: {}
[692.033722] (-) TimerEvent: {}
[692.134739] (-) TimerEvent: {}
[692.235682] (-) TimerEvent: {}
[692.336748] (-) TimerEvent: {}
[692.437873] (-) TimerEvent: {}
[692.538920] (-) TimerEvent: {}
[692.640247] (-) TimerEvent: {}
[692.741298] (-) TimerEvent: {}
[692.842243] (-) TimerEvent: {}
[692.943169] (-) TimerEvent: {}
[693.044090] (-) TimerEvent: {}
[693.145024] (-) TimerEvent: {}
[693.586742] (-) TimerEvent: {}
[696.009841] (<colcon_parallel_executor.executor.parallel.ParallelExecutorExtension object at 0x7faa4c4d90>) ParallelStatus: {'processing': ('hobot_audio', 'xgo_face_control', 'xgo_gesture_control', 'xgo_head')}
[696.021697] (-) TimerEvent: {}
[696.122910] (-) TimerEvent: {}
[696.223874] (-) TimerEvent: {}
[696.325137] (-) TimerEvent: {}
[696.426479] (-) TimerEvent: {}
[696.527432] (-) TimerEvent: {}
[696.628438] (-) TimerEvent: {}
[696.729466] (-) TimerEvent: {}
[696.830397] (-) TimerEvent: {}
[696.931321] (-) TimerEvent: {}
[697.032262] (-) TimerEvent: {}
[697.133235] (-) TimerEvent: {}
[697.234265] (-) TimerEvent: {}
[697.335200] (-) TimerEvent: {}
[697.436140] (-) TimerEvent: {}
[697.537079] (-) TimerEvent: {}
[697.638028] (-) TimerEvent: {}
[697.739017] (-) TimerEvent: {}
[697.839946] (-) TimerEvent: {}
[697.940868] (-) TimerEvent: {}
[698.041818] (-) TimerEvent: {}
[698.142741] (-) TimerEvent: {}
[698.243657] (-) TimerEvent: {}
[698.344594] (-) TimerEvent: {}
[698.445546] (-) TimerEvent: {}
[698.546470] (-) TimerEvent: {}
[698.647393] (-) TimerEvent: {}
[698.748374] (-) TimerEvent: {}
[698.849494] (-) TimerEvent: {}
[698.950534] (-) TimerEvent: {}
[699.051463] (-) TimerEvent: {}
[699.152394] (-) TimerEvent: {}
[699.253333] (-) TimerEvent: {}
[699.354315] (-) TimerEvent: {}
[699.455239] (-) TimerEvent: {}
[699.556159] (-) TimerEvent: {}
[699.657124] (-) TimerEvent: {}
[699.758576] (-) TimerEvent: {}
[699.859650] (-) TimerEvent: {}
[699.960580] (-) TimerEvent: {}
[700.061526] (-) TimerEvent: {}
[700.162468] (-) TimerEvent: {}
[700.263420] (-) TimerEvent: {}
[700.364380] (-) TimerEvent: {}
[700.465385] (-) TimerEvent: {}
[700.566349] (-) TimerEvent: {}
[700.667303] (-) TimerEvent: {}
[700.768302] (-) TimerEvent: {}
[700.869355] (-) TimerEvent: {}
[700.970443] (-) TimerEvent: {}
[701.071450] (-) TimerEvent: {}
[701.172368] (-) TimerEvent: {}
[701.273286] (-) TimerEvent: {}
[701.374326] (-) TimerEvent: {}
[701.475262] (-) TimerEvent: {}
[701.576196] (-) TimerEvent: {}
[701.677187] (-) TimerEvent: {}
[701.778278] (-) TimerEvent: {}
[701.879309] (-) TimerEvent: {}
[701.980325] (-) TimerEvent: {}
[702.081288] (-) TimerEvent: {}
[702.182295] (-) TimerEvent: {}
[702.283227] (-) TimerEvent: {}
[702.384140] (-) TimerEvent: {}
[702.485054] (-) TimerEvent: {}
[702.586084] (-) TimerEvent: {}
[702.687014] (-) TimerEvent: {}
[702.787962] (-) TimerEvent: {}
[702.888936] (-) TimerEvent: {}
[702.990011] (-) TimerEvent: {}
[703.091060] (-) TimerEvent: {}
[703.192011] (-) TimerEvent: {}
[703.292945] (-) TimerEvent: {}
[703.393909] (-) TimerEvent: {}
[703.494838] (-) TimerEvent: {}
[703.595782] (-) TimerEvent: {}
[703.696701] (-) TimerEvent: {}
[703.797694] (-) TimerEvent: {}
[703.898823] (-) TimerEvent: {}
[703.999783] (-) TimerEvent: {}
[704.100722] (-) TimerEvent: {}
[704.201691] (-) TimerEvent: {}
[704.302600] (-) TimerEvent: {}
[704.403761] (-) TimerEvent: {}
[704.505772] (-) TimerEvent: {}
[704.606691] (-) TimerEvent: {}
[704.707622] (-) TimerEvent: {}
[704.808551] (-) TimerEvent: {}
[704.909481] (-) TimerEvent: {}
[705.010424] (-) TimerEvent: {}
[705.111358] (-) TimerEvent: {}
[705.212297] (-) TimerEvent: {}
[705.313249] (-) TimerEvent: {}
[705.414201] (-) TimerEvent: {}
[705.515117] (-) TimerEvent: {}
[705.616050] (-) TimerEvent: {}
[705.716972] (-) TimerEvent: {}
[705.817912] (-) TimerEvent: {}
[705.918842] (-) TimerEvent: {}
[706.019764] (-) TimerEvent: {}
[706.120703] (-) TimerEvent: {}
[706.221611] (-) TimerEvent: {}
[706.322564] (-) TimerEvent: {}
[706.423483] (-) TimerEvent: {}
[706.524401] (-) TimerEvent: {}
[706.625322] (-) TimerEvent: {}
[706.726274] (-) TimerEvent: {}
[706.827205] (-) TimerEvent: {}
[706.928136] (-) TimerEvent: {}
[707.029080] (-) TimerEvent: {}
[707.130039] (-) TimerEvent: {}
[707.230981] (-) TimerEvent: {}
[707.331911] (-) TimerEvent: {}
[707.432834] (-) TimerEvent: {}
[707.533810] (-) TimerEvent: {}
[707.634738] (-) TimerEvent: {}
[707.735696] (-) TimerEvent: {}
[707.836643] (-) TimerEvent: {}
[707.937585] (-) TimerEvent: {}
[708.038528] (-) TimerEvent: {}
[708.139563] (-) TimerEvent: {}
[708.240594] (-) TimerEvent: {}
[708.341569] (-) TimerEvent: {}
[708.442529] (-) TimerEvent: {}
[708.543450] (-) TimerEvent: {}
[708.644355] (-) TimerEvent: {}
[708.745274] (-) TimerEvent: {}
[708.846228] (-) TimerEvent: {}
[708.947151] (-) TimerEvent: {}
[709.048142] (-) TimerEvent: {}
[709.149074] (-) TimerEvent: {}
[709.250063] (-) TimerEvent: {}
[709.350993] (-) TimerEvent: {}
[709.451905] (-) TimerEvent: {}
[709.552823] (-) TimerEvent: {}
[709.653782] (-) TimerEvent: {}
[709.754717] (-) TimerEvent: {}
[709.855650] (-) TimerEvent: {}
[709.956579] (-) TimerEvent: {}
[710.057518] (-) TimerEvent: {}
[710.158469] (-) TimerEvent: {}
[710.259427] (-) TimerEvent: {}
[710.360374] (-) TimerEvent: {}
[710.461316] (-) TimerEvent: {}
[710.562305] (-) TimerEvent: {}
[710.663306] (-) TimerEvent: {}
[710.764277] (-) TimerEvent: {}
[710.865220] (-) TimerEvent: {}
[710.966201] (-) TimerEvent: {}
[711.067138] (-) TimerEvent: {}
[711.168086] (-) TimerEvent: {}
[711.269038] (-) TimerEvent: {}
[711.370040] (-) TimerEvent: {}
[711.471014] (-) TimerEvent: {}
[711.571976] (-) TimerEvent: {}
[711.672928] (-) TimerEvent: {}
[711.773911] (-) TimerEvent: {}
[711.874855] (-) TimerEvent: {}
[711.976090] (-) TimerEvent: {}
[712.078037] (-) TimerEvent: {}
[712.179464] (-) TimerEvent: {}
[712.281478] (-) TimerEvent: {}
[712.382630] (-) TimerEvent: {}
[712.483607] (-) TimerEvent: {}
[712.584544] (-) TimerEvent: {}
[712.685605] (-) TimerEvent: {}
[712.786700] (-) TimerEvent: {}
[712.887800] (-) TimerEvent: {}
[712.989055] (-) TimerEvent: {}
[713.090066] (-) TimerEvent: {}
[713.191063] (-) TimerEvent: {}
[713.291985] (-) TimerEvent: {}
[713.392931] (-) TimerEvent: {}
[713.493893] (-) TimerEvent: {}
[713.594825] (-) TimerEvent: {}
[713.695786] (-) TimerEvent: {}
[713.796766] (-) TimerEvent: {}
[713.897707] (-) TimerEvent: {}
[713.998623] (-) TimerEvent: {}
[714.099584] (-) TimerEvent: {}
[714.200515] (-) TimerEvent: {}
[714.301462] (-) TimerEvent: {}
[714.402601] (-) TimerEvent: {}
[714.503647] (-) TimerEvent: {}
[714.604573] (-) TimerEvent: {}
[714.705532] (-) TimerEvent: {}
[714.806502] (-) TimerEvent: {}
[714.907454] (-) TimerEvent: {}
[715.008470] (-) TimerEvent: {}
[715.109510] (-) TimerEvent: {}
[715.210477] (-) TimerEvent: {}
[715.311400] (-) TimerEvent: {}
[715.412333] (-) TimerEvent: {}
[715.513254] (-) TimerEvent: {}
[715.614218] (-) TimerEvent: {}
[715.715138] (-) TimerEvent: {}
[715.816106] (-) TimerEvent: {}
[715.917177] (-) TimerEvent: {}
[716.018256] (-) TimerEvent: {}
[716.119207] (-) TimerEvent: {}
[716.220135] (-) TimerEvent: {}
[716.321074] (-) TimerEvent: {}
[716.422058] (-) TimerEvent: {}
[716.522991] (-) TimerEvent: {}
[716.623921] (-) TimerEvent: {}
[716.724846] (-) TimerEvent: {}
[716.825817] (-) TimerEvent: {}
[716.926759] (-) TimerEvent: {}
[717.027690] (-) TimerEvent: {}
[717.128630] (-) TimerEvent: {}
[717.229628] (-) TimerEvent: {}
[717.330676] (-) TimerEvent: {}
[717.431751] (-) TimerEvent: {}
[717.532664] (-) TimerEvent: {}
[717.633573] (-) TimerEvent: {}
[717.734508] (-) TimerEvent: {}
[717.835426] (-) TimerEvent: {}
[717.936358] (-) TimerEvent: {}
[718.037277] (-) TimerEvent: {}
[718.138224] (-) TimerEvent: {}
[718.239149] (-) TimerEvent: {}
[718.340068] (-) TimerEvent: {}
[718.441014] (-) TimerEvent: {}
[718.541968] (-) TimerEvent: {}
[718.642897] (-) TimerEvent: {}
[718.743818] (-) TimerEvent: {}
[718.844725] (-) TimerEvent: {}
[718.945688] (-) TimerEvent: {}
[719.046612] (-) TimerEvent: {}
[719.147603] (-) TimerEvent: {}
[719.248678] (-) TimerEvent: {}
[719.349612] (-) TimerEvent: {}
[719.450629] (-) TimerEvent: {}
[719.551541] (-) TimerEvent: {}
[719.652471] (-) TimerEvent: {}
[719.753408] (-) TimerEvent: {}
[719.854358] (-) TimerEvent: {}
[719.955286] (-) TimerEvent: {}
[720.056195] (-) TimerEvent: {}
[720.157112] (-) TimerEvent: {}
[720.258067] (-) TimerEvent: {}
[720.358999] (-) TimerEvent: {}
[720.459928] (-) TimerEvent: {}
[720.560853] (-) TimerEvent: {}
[720.661811] (-) TimerEvent: {}
[720.762740] (-) TimerEvent: {}
[720.863717] (-) TimerEvent: {}
[720.964703] (-) TimerEvent: {}
[721.065624] (-) TimerEvent: {}
[721.166591] (-) TimerEvent: {}
[721.267607] (-) TimerEvent: {}
[721.368631] (-) TimerEvent: {}
[721.469581] (-) TimerEvent: {}
[721.570515] (-) TimerEvent: {}
[721.671449] (-) TimerEvent: {}
[721.772373] (-) TimerEvent: {}
[721.873290] (-) TimerEvent: {}
[721.974276] (-) TimerEvent: {}
[722.075206] (-) TimerEvent: {}
[722.176134] (-) TimerEvent: {}
[722.277061] (-) TimerEvent: {}
[722.378028] (-) TimerEvent: {}
[722.478955] (-) TimerEvent: {}
[722.579921] (-) TimerEvent: {}
[722.680948] (-) TimerEvent: {}
[722.782007] (-) TimerEvent: {}
[722.882934] (-) TimerEvent: {}
[722.983878] (-) TimerEvent: {}
[723.084810] (-) TimerEvent: {}
[723.185771] (-) TimerEvent: {}
[723.286698] (-) TimerEvent: {}
[723.387642] (-) TimerEvent: {}
[723.488595] (-) TimerEvent: {}
[723.589598] (-) TimerEvent: {}
[723.690543] (-) TimerEvent: {}
[723.791468] (-) TimerEvent: {}
[723.892393] (-) TimerEvent: {}
[723.993322] (-) TimerEvent: {}
[724.094282] (-) TimerEvent: {}
[724.195236] (-) TimerEvent: {}
[724.296177] (-) TimerEvent: {}
[724.397165] (-) TimerEvent: {}
[724.498146] (-) TimerEvent: {}
[724.599078] (-) TimerEvent: {}
[724.700043] (-) TimerEvent: {}
[724.800972] (-) TimerEvent: {}
[724.901916] (-) TimerEvent: {}
[725.002852] (-) TimerEvent: {}
[725.103784] (-) TimerEvent: {}
[725.204733] (-) TimerEvent: {}
[725.305703] (-) TimerEvent: {}
[725.406641] (-) TimerEvent: {}
[725.507584] (-) TimerEvent: {}
[725.608514] (-) TimerEvent: {}
[725.709473] (-) TimerEvent: {}
[725.810381] (-) TimerEvent: {}
[725.911310] (-) TimerEvent: {}
[726.056434] (-) TimerEvent: {}
[726.059710] (<colcon_parallel_executor.executor.parallel.ParallelExecutorExtension object at 0x7faa4c4d90>) ParallelStatus: {'processing': ('hobot_audio', 'xgo_face_control', 'xgo_gesture_control', 'xgo_head')}
[726.156631] (-) TimerEvent: {}
[726.257591] (-) TimerEvent: {}
[726.358547] (-) TimerEvent: {}
[726.459480] (-) TimerEvent: {}
[726.560409] (-) TimerEvent: {}
[726.661372] (-) TimerEvent: {}
[726.762354] (-) TimerEvent: {}
[726.863381] (-) TimerEvent: {}
[726.964319] (-) TimerEvent: {}
[727.065264] (-) TimerEvent: {}
[727.166251] (-) TimerEvent: {}
[727.267189] (-) TimerEvent: {}
[727.368139] (-) TimerEvent: {}
[727.469073] (-) TimerEvent: {}
[727.570048] (-) TimerEvent: {}
[727.671019] (-) TimerEvent: {}
[727.771922] (-) TimerEvent: {}
[727.872837] (-) TimerEvent: {}
[727.973802] (-) TimerEvent: {}
[728.074741] (-) TimerEvent: {}
[728.175665] (-) TimerEvent: {}
[728.276601] (-) TimerEvent: {}
[728.377610] (-) TimerEvent: {}
[728.478623] (-) TimerEvent: {}
[728.579562] (-) TimerEvent: {}
[728.680506] (-) TimerEvent: {}
[728.781460] (-) TimerEvent: {}
[728.882384] (-) TimerEvent: {}
[728.983319] (-) TimerEvent: {}
[729.084249] (-) TimerEvent: {}
[729.185177] (-) TimerEvent: {}
[729.286137] (-) TimerEvent: {}
[729.387093] (-) TimerEvent: {}
[729.488084] (-) TimerEvent: {}
[729.589016] (-) TimerEvent: {}
[729.690022] (-) TimerEvent: {}
[729.790976] (-) TimerEvent: {}
[729.891897] (-) TimerEvent: {}
[729.992847] (-) TimerEvent: {}
[730.093836] (-) TimerEvent: {}
[730.194757] (-) TimerEvent: {}
[730.295701] (-) TimerEvent: {}
[730.396647] (-) TimerEvent: {}
[730.497601] (-) TimerEvent: {}
[730.598556] (-) TimerEvent: {}
[730.699492] (-) TimerEvent: {}
[730.800418] (-) TimerEvent: {}
[730.901345] (-) TimerEvent: {}
[731.002301] (-) TimerEvent: {}
[731.103228] (-) TimerEvent: {}
[731.204212] (-) TimerEvent: {}
[731.305201] (-) TimerEvent: {}
[731.406230] (-) TimerEvent: {}
[731.507127] (-) TimerEvent: {}
[731.608043] (-) TimerEvent: {}
[731.708950] (-) TimerEvent: {}
[731.809915] (-) TimerEvent: {}
[731.910842] (-) TimerEvent: {}
[732.011783] (-) TimerEvent: {}
[732.112736] (-) TimerEvent: {}
[732.213706] (-) TimerEvent: {}
[732.314629] (-) TimerEvent: {}
[732.415581] (-) TimerEvent: {}
[732.516524] (-) TimerEvent: {}
[732.617467] (-) TimerEvent: {}
[732.718403] (-) TimerEvent: {}
[732.819339] (-) TimerEvent: {}
[732.920262] (-) TimerEvent: {}
[733.021183] (-) TimerEvent: {}
[733.122157] (-) TimerEvent: {}
[733.223102] (-) TimerEvent: {}
[733.324032] (-) TimerEvent: {}
[733.424977] (-) TimerEvent: {}
[733.525963] (-) TimerEvent: {}
[733.626909] (-) TimerEvent: {}
[733.727869] (-) TimerEvent: {}
[733.828822] (-) TimerEvent: {}
[733.929825] (-) TimerEvent: {}
[734.030794] (-) TimerEvent: {}
[734.131732] (-) TimerEvent: {}
[734.232650] (-) TimerEvent: {}
[734.333584] (-) TimerEvent: {}
[734.434544] (-) TimerEvent: {}
[734.535604] (-) TimerEvent: {}
[734.636571] (-) TimerEvent: {}
[734.737523] (-) TimerEvent: {}
[734.838736] (-) TimerEvent: {}
[734.939820] (-) TimerEvent: {}
[735.040780] (-) TimerEvent: {}
[735.141856] (-) TimerEvent: {}
[735.242780] (-) TimerEvent: {}
[735.343732] (-) TimerEvent: {}
[735.444708] (-) TimerEvent: {}
[735.545674] (-) TimerEvent: {}
[735.646611] (-) TimerEvent: {}
[735.747546] (-) TimerEvent: {}
[735.848519] (-) TimerEvent: {}
[735.949445] (-) TimerEvent: {}
[736.050397] (-) TimerEvent: {}
[736.151331] (-) TimerEvent: {}
[736.252292] (-) TimerEvent: {}
[736.353251] (-) TimerEvent: {}
[736.454298] (-) TimerEvent: {}
[736.555224] (-) TimerEvent: {}
[736.656148] (-) TimerEvent: {}
[736.757066] (-) TimerEvent: {}
[736.858005] (-) TimerEvent: {}
[736.958929] (-) TimerEvent: {}
[737.059866] (-) TimerEvent: {}
[737.160782] (-) TimerEvent: {}
[737.261735] (-) TimerEvent: {}
[737.362652] (-) TimerEvent: {}
[737.463603] (-) TimerEvent: {}
[737.564534] (-) TimerEvent: {}
[737.665550] (-) TimerEvent: {}
[737.766626] (-) TimerEvent: {}
[737.867580] (-) TimerEvent: {}
[737.968527] (-) TimerEvent: {}
[738.069467] (-) TimerEvent: {}
[738.170405] (-) TimerEvent: {}
[738.271347] (-) TimerEvent: {}
[738.372295] (-) TimerEvent: {}
[738.473230] (-) TimerEvent: {}
[738.574186] (-) TimerEvent: {}
[738.675183] (-) TimerEvent: {}
[738.776228] (-) TimerEvent: {}
[738.877163] (-) TimerEvent: {}
[738.978119] (-) TimerEvent: {}
[739.079093] (-) TimerEvent: {}
[739.180040] (-) TimerEvent: {}
[739.280947] (-) TimerEvent: {}
[739.381920] (-) TimerEvent: {}
[739.482925] (-) TimerEvent: {}
[739.583985] (-) TimerEvent: {}
[740.682665] (-) TimerEvent: {}
[740.783586] (-) TimerEvent: {}
[740.884505] (-) TimerEvent: {}
[740.985465] (-) TimerEvent: {}
[741.086403] (-) TimerEvent: {}
[741.187346] (-) TimerEvent: {}
[741.288288] (-) TimerEvent: {}
[741.389221] (-) TimerEvent: {}
[741.490242] (-) TimerEvent: {}
[741.591277] (-) TimerEvent: {}
[741.692211] (-) TimerEvent: {}
[741.793144] (-) TimerEvent: {}
[741.894074] (-) TimerEvent: {}
[741.995026] (-) TimerEvent: {}
[742.095965] (-) TimerEvent: {}
[742.196906] (-) TimerEvent: {}
[742.297901] (-) TimerEvent: {}
[742.398863] (-) TimerEvent: {}
[742.499774] (-) TimerEvent: {}
[742.600686] (-) TimerEvent: {}
[742.701634] (-) TimerEvent: {}
[742.802895] (-) TimerEvent: {}
[742.903961] (-) TimerEvent: {}
[743.004890] (-) TimerEvent: {}
[743.105859] (-) TimerEvent: {}
[743.206927] (-) TimerEvent: {}
[743.307995] (-) TimerEvent: {}
[743.408940] (-) TimerEvent: {}
[743.509908] (-) TimerEvent: {}
[743.610826] (-) TimerEvent: {}
[743.711741] (-) TimerEvent: {}
[743.812673] (-) TimerEvent: {}
[743.913628] (-) TimerEvent: {}
[744.014573] (-) TimerEvent: {}
[744.115545] (-) TimerEvent: {}
[744.216482] (-) TimerEvent: {}
[744.317407] (-) TimerEvent: {}
[744.418389] (-) TimerEvent: {}
[744.519292] (-) TimerEvent: {}
[744.620221] (-) TimerEvent: {}
[744.721163] (-) TimerEvent: {}
[744.822135] (-) TimerEvent: {}
[744.923079] (-) TimerEvent: {}
[745.024004] (-) TimerEvent: {}
[745.124954] (-) TimerEvent: {}
[745.225966] (-) TimerEvent: {}
[745.326937] (-) TimerEvent: {}
[745.427894] (-) TimerEvent: {}
[745.528892] (-) TimerEvent: {}
[745.629932] (-) TimerEvent: {}
[745.730916] (-) TimerEvent: {}
[745.832002] (-) TimerEvent: {}
[745.933115] (-) TimerEvent: {}
[746.034232] (-) TimerEvent: {}
[746.135258] (-) TimerEvent: {}
[746.236307] (-) TimerEvent: {}
[746.337287] (-) TimerEvent: {}
[746.438391] (-) TimerEvent: {}
[746.539348] (-) TimerEvent: {}
[746.640362] (-) TimerEvent: {}
[746.741363] (-) TimerEvent: {}
[746.842452] (-) TimerEvent: {}
[746.943531] (-) TimerEvent: {}
[747.044505] (-) TimerEvent: {}
[747.145477] (-) TimerEvent: {}
[747.246491] (-) TimerEvent: {}
[747.347518] (-) TimerEvent: {}
[747.448847] (-) TimerEvent: {}
[747.550671] (-) TimerEvent: {}
[747.652144] (-) TimerEvent: {}
[747.754211] (-) TimerEvent: {}
[747.855734] (-) TimerEvent: {}
[747.956785] (-) TimerEvent: {}
[748.057914] (-) TimerEvent: {}
[748.159124] (-) TimerEvent: {}
[748.260263] (-) TimerEvent: {}
[748.361549] (-) TimerEvent: {}
[748.462779] (-) TimerEvent: {}
[748.564377] (-) TimerEvent: {}
[748.666345] (-) TimerEvent: {}
[748.767273] (-) TimerEvent: {}
[748.868202] (-) TimerEvent: {}
[748.969121] (-) TimerEvent: {}
[749.070089] (-) TimerEvent: {}
[749.171061] (-) TimerEvent: {}
[749.272152] (-) TimerEvent: {}
[749.373172] (-) TimerEvent: {}
[749.474274] (-) TimerEvent: {}
[749.575210] (-) TimerEvent: {}
[749.676133] (-) TimerEvent: {}
[749.777097] (-) TimerEvent: {}
[749.878061] (-) TimerEvent: {}
[749.979003] (-) TimerEvent: {}
[750.079929] (-) TimerEvent: {}
[750.180872] (-) TimerEvent: {}
[750.281886] (-) TimerEvent: {}
[750.382829] (-) TimerEvent: {}
[750.483918] (-) TimerEvent: {}
[750.584970] (-) TimerEvent: {}
[750.686106] (-) TimerEvent: {}
[750.787191] (-) TimerEvent: {}
[750.888124] (-) TimerEvent: {}
[750.989040] (-) TimerEvent: {}
[751.090050] (-) TimerEvent: {}
[751.190980] (-) TimerEvent: {}
[751.291907] (-) TimerEvent: {}
[751.392830] (-) TimerEvent: {}
[751.493769] (-) TimerEvent: {}
[751.594685] (-) TimerEvent: {}
[751.695610] (-) TimerEvent: {}
[751.796527] (-) TimerEvent: {}
[751.897500] (-) TimerEvent: {}
[751.998429] (-) TimerEvent: {}
[752.099358] (-) TimerEvent: {}
[752.200370] (-) TimerEvent: {}
[752.301786] (-) TimerEvent: {}
[752.402910] (-) TimerEvent: {}
[752.504018] (-) TimerEvent: {}
[752.604935] (-) TimerEvent: {}
[752.705912] (-) TimerEvent: {}
[752.806842] (-) TimerEvent: {}
[752.907769] (-) TimerEvent: {}
[753.008690] (-) TimerEvent: {}
[753.109674] (-) TimerEvent: {}
[753.210608] (-) TimerEvent: {}
[753.311560] (-) TimerEvent: {}
[753.412532] (-) TimerEvent: {}
[753.513494] (-) TimerEvent: {}
[753.614428] (-) TimerEvent: {}
[753.715387] (-) TimerEvent: {}
[753.816337] (-) TimerEvent: {}
[753.917258] (-) TimerEvent: {}
[754.018222] (-) TimerEvent: {}
[754.119164] (-) TimerEvent: {}
[754.220101] (-) TimerEvent: {}
[754.321031] (-) TimerEvent: {}
[754.421988] (-) TimerEvent: {}
[754.522924] (-) TimerEvent: {}
[754.623866] (-) TimerEvent: {}
[754.724822] (-) TimerEvent: {}
[754.825798] (-) TimerEvent: {}
[754.926729] (-) TimerEvent: {}
[755.027666] (-) TimerEvent: {}
[755.128686] (-) TimerEvent: {}
[755.229726] (-) TimerEvent: {}
[755.330860] (-) TimerEvent: {}
[755.431974] (-) TimerEvent: {}
[755.533066] (-) TimerEvent: {}
[755.634209] (-) TimerEvent: {}
[755.735130] (-) TimerEvent: {}
[755.836054] (-) TimerEvent: {}
[755.936954] (-) TimerEvent: {}
[756.037935] (-) TimerEvent: {}
[756.089953] (<colcon_parallel_executor.executor.parallel.ParallelExecutorExtension object at 0x7faa4c4d90>) ParallelStatus: {'processing': ('hobot_audio', 'xgo_face_control', 'xgo_gesture_control', 'xgo_head')}
[756.138073] (-) TimerEvent: {}
[756.238986] (-) TimerEvent: {}
[756.339929] (-) TimerEvent: {}
[756.440879] (-) TimerEvent: {}
[756.541865] (-) TimerEvent: {}
[756.642812] (-) TimerEvent: {}
[756.743742] (-) TimerEvent: {}
[756.844702] (-) TimerEvent: {}
[756.945604] (-) TimerEvent: {}
[757.046567] (-) TimerEvent: {}
[757.147546] (-) TimerEvent: {}
[757.248497] (-) TimerEvent: {}
[757.349490] (-) TimerEvent: {}
[757.450420] (-) TimerEvent: {}
[757.551381] (-) TimerEvent: {}
[757.652320] (-) TimerEvent: {}
[757.753277] (-) TimerEvent: {}
[757.854247] (-) TimerEvent: {}
[757.955186] (-) TimerEvent: {}
[758.056127] (-) TimerEvent: {}
[758.157046] (-) TimerEvent: {}
[758.258059] (-) TimerEvent: {}
[758.359025] (-) TimerEvent: {}
[758.459957] (-) TimerEvent: {}
[758.560971] (-) TimerEvent: {}
[758.662060] (-) TimerEvent: {}
[758.762976] (-) TimerEvent: {}
[758.863917] (-) TimerEvent: {}
[758.964854] (-) TimerEvent: {}
[759.065816] (-) TimerEvent: {}
[759.166756] (-) TimerEvent: {}
[759.267714] (-) TimerEvent: {}
[759.368647] (-) TimerEvent: {}
[759.469640] (-) TimerEvent: {}
[759.570582] (-) TimerEvent: {}
[759.671550] (-) TimerEvent: {}
[759.772604] (-) TimerEvent: {}
[759.873571] (-) TimerEvent: {}
[759.974490] (-) TimerEvent: {}
[760.075420] (-) TimerEvent: {}
[760.176342] (-) TimerEvent: {}
[760.277293] (-) TimerEvent: {}
[760.378267] (-) TimerEvent: {}
[760.479230] (-) TimerEvent: {}
[760.580177] (-) TimerEvent: {}
[760.681104] (-) TimerEvent: {}
[760.782071] (-) TimerEvent: {}
[760.883006] (-) TimerEvent: {}
[760.983939] (-) TimerEvent: {}
[761.084863] (-) TimerEvent: {}
[761.185837] (-) TimerEvent: {}
[761.286784] (-) TimerEvent: {}
[761.387711] (-) TimerEvent: {}
[761.488643] (-) TimerEvent: {}
[761.589593] (-) TimerEvent: {}
[761.690535] (-) TimerEvent: {}
[761.791488] (-) TimerEvent: {}
[761.892419] (-) TimerEvent: {}
[761.993352] (-) TimerEvent: {}
[762.094396] (-) TimerEvent: {}
[762.195347] (-) TimerEvent: {}
[762.296274] (-) TimerEvent: {}
[762.397197] (-) TimerEvent: {}
[762.498185] (-) TimerEvent: {}
[762.599195] (-) TimerEvent: {}
[762.700166] (-) TimerEvent: {}
[762.801112] (-) TimerEvent: {}
[762.902193] (-) TimerEvent: {}
[763.003151] (-) TimerEvent: {}
[763.104118] (-) TimerEvent: {}
[763.205069] (-) TimerEvent: {}
[763.306039] (-) TimerEvent: {}
[763.406971] (-) TimerEvent: {}
[763.507894] (-) TimerEvent: {}
[763.608816] (-) TimerEvent: {}
[763.709790] (-) TimerEvent: {}
[763.810720] (-) TimerEvent: {}
[763.911646] (-) TimerEvent: {}
[764.012587] (-) TimerEvent: {}
[764.113522] (-) TimerEvent: {}
[764.214460] (-) TimerEvent: {}
[764.315392] (-) TimerEvent: {}
[764.416335] (-) TimerEvent: {}
[764.517298] (-) TimerEvent: {}
[764.618284] (-) TimerEvent: {}
[764.719216] (-) TimerEvent: {}
[764.820138] (-) TimerEvent: {}
[764.921074] (-) TimerEvent: {}
[765.022029] (-) TimerEvent: {}
[765.122959] (-) TimerEvent: {}
[765.223897] (-) TimerEvent: {}
[765.324839] (-) TimerEvent: {}
[765.425818] (-) TimerEvent: {}
[765.526743] (-) TimerEvent: {}
[765.627702] (-) TimerEvent: {}
[765.728639] (-) TimerEvent: {}
[765.829580] (-) TimerEvent: {}
[765.930516] (-) TimerEvent: {}
[766.031443] (-) TimerEvent: {}
[766.132389] (-) TimerEvent: {}
[766.233349] (-) TimerEvent: {}
[766.334485] (-) TimerEvent: {}
[766.435572] (-) TimerEvent: {}
[766.536506] (-) TimerEvent: {}
[766.637457] (-) TimerEvent: {}
[766.738636] (-) TimerEvent: {}
[766.840634] (-) TimerEvent: {}
[766.941597] (-) TimerEvent: {}
[767.042626] (-) TimerEvent: {}
[767.143561] (-) TimerEvent: {}
[767.244517] (-) TimerEvent: {}
[767.345606] (-) TimerEvent: {}
[767.446528] (-) TimerEvent: {}
[767.547435] (-) TimerEvent: {}
[767.648382] (-) TimerEvent: {}
[767.749333] (-) TimerEvent: {}
[767.850385] (-) TimerEvent: {}
[767.951342] (-) TimerEvent: {}
[768.052276] (-) TimerEvent: {}
[768.153194] (-) TimerEvent: {}
[768.254193] (-) TimerEvent: {}
[768.355137] (-) TimerEvent: {}
[768.456073] (-) TimerEvent: {}
[768.557016] (-) TimerEvent: {}
[768.657989] (-) TimerEvent: {}
[768.758943] (-) TimerEvent: {}
[768.859893] (-) TimerEvent: {}
[768.960840] (-) TimerEvent: {}
[769.061822] (-) TimerEvent: {}
[769.162754] (-) TimerEvent: {}
[769.263718] (-) TimerEvent: {}
[769.364788] (-) TimerEvent: {}
[769.465888] (-) TimerEvent: {}
[769.566830] (-) TimerEvent: {}
[769.667779] (-) TimerEvent: {}
[769.768715] (-) TimerEvent: {}
[769.869671] (-) TimerEvent: {}
[769.970604] (-) TimerEvent: {}
[770.071527] (-) TimerEvent: {}
[770.172465] (-) TimerEvent: {}
[770.273412] (-) TimerEvent: {}
[770.374382] (-) TimerEvent: {}
[770.475340] (-) TimerEvent: {}
[770.576283] (-) TimerEvent: {}
[770.677291] (-) TimerEvent: {}
[770.778249] (-) TimerEvent: {}
[770.879198] (-) TimerEvent: {}
[770.980123] (-) TimerEvent: {}
[771.081065] (-) TimerEvent: {}
[771.182045] (-) TimerEvent: {}
[771.282984] (-) TimerEvent: {}
[771.383921] (-) TimerEvent: {}
[771.484842] (-) TimerEvent: {}
[771.585822] (-) TimerEvent: {}
[771.686757] (-) TimerEvent: {}
[771.787697] (-) TimerEvent: {}
[771.888644] (-) TimerEvent: {}
[771.989598] (-) TimerEvent: {}
[772.090571] (-) TimerEvent: {}
[772.191491] (-) TimerEvent: {}
[772.292419] (-) TimerEvent: {}
[772.393395] (-) TimerEvent: {}
[772.494339] (-) TimerEvent: {}
[772.595247] (-) TimerEvent: {}
[772.696172] (-) TimerEvent: {}
[772.797103] (-) TimerEvent: {}
[772.898085] (-) TimerEvent: {}
[772.999009] (-) TimerEvent: {}
[773.099944] (-) TimerEvent: {}
[773.200861] (-) TimerEvent: {}
[773.301835] (-) TimerEvent: {}
[773.402796] (-) TimerEvent: {}
[773.503736] (-) TimerEvent: {}
[773.604681] (-) TimerEvent: {}
[773.705607] (-) TimerEvent: {}
[773.806536] (-) TimerEvent: {}
[773.907448] (-) TimerEvent: {}
[774.008372] (-) TimerEvent: {}
[774.109313] (-) TimerEvent: {}
[774.210277] (-) TimerEvent: {}
[774.311204] (-) TimerEvent: {}
[774.412133] (-) TimerEvent: {}
[774.513066] (-) TimerEvent: {}
[774.614019] (-) TimerEvent: {}
[774.714947] (-) TimerEvent: {}
[774.815871] (-) TimerEvent: {}
[774.916814] (-) TimerEvent: {}
[775.017812] (-) TimerEvent: {}
[775.118797] (-) TimerEvent: {}
[775.219871] (-) TimerEvent: {}
[775.321029] (-) TimerEvent: {}
[775.422031] (-) TimerEvent: {}
[775.522960] (-) TimerEvent: {}
[775.623870] (-) TimerEvent: {}
[775.724884] (-) TimerEvent: {}
[775.825856] (-) TimerEvent: {}
[775.926801] (-) TimerEvent: {}
[776.027721] (-) TimerEvent: {}
[776.128653] (-) TimerEvent: {}
[776.229594] (-) TimerEvent: {}
[776.330518] (-) TimerEvent: {}
[776.431466] (-) TimerEvent: {}
[776.532420] (-) TimerEvent: {}
[776.633346] (-) TimerEvent: {}
[776.734301] (-) TimerEvent: {}
[776.835244] (-) TimerEvent: {}
[776.936199] (-) TimerEvent: {}
[777.037166] (-) TimerEvent: {}
[777.138165] (-) TimerEvent: {}
[777.239331] (-) TimerEvent: {}
[777.340739] (-) TimerEvent: {}
[777.441826] (-) TimerEvent: {}
[777.543238] (-) TimerEvent: {}
[777.644358] (-) TimerEvent: {}
[777.745325] (-) TimerEvent: {}
[777.846557] (-) TimerEvent: {}
[777.947782] (-) TimerEvent: {}
[778.049218] (-) TimerEvent: {}
[778.150479] (-) TimerEvent: {}
[778.251419] (-) TimerEvent: {}
[778.352369] (-) TimerEvent: {}
[778.453307] (-) TimerEvent: {}
[778.554238] (-) TimerEvent: {}
[778.655157] (-) TimerEvent: {}
[778.756094] (-) TimerEvent: {}
[778.857038] (-) TimerEvent: {}
[778.958014] (-) TimerEvent: {}
[779.058957] (-) TimerEvent: {}
[779.159908] (-) TimerEvent: {}
[779.260976] (-) TimerEvent: {}
[779.362086] (-) TimerEvent: {}
[779.463127] (-) TimerEvent: {}
[779.564078] (-) TimerEvent: {}
[779.665034] (-) TimerEvent: {}
[779.766010] (-) TimerEvent: {}
[779.866951] (-) TimerEvent: {}
[779.967907] (-) TimerEvent: {}
[780.068862] (-) TimerEvent: {}
[780.169881] (-) TimerEvent: {}
[780.270846] (-) TimerEvent: {}
[780.371800] (-) TimerEvent: {}
[780.472732] (-) TimerEvent: {}
[780.573661] (-) TimerEvent: {}
[780.674590] (-) TimerEvent: {}
[780.775613] (-) TimerEvent: {}
[780.876692] (-) TimerEvent: {}
[780.977770] (-) TimerEvent: {}
[781.078811] (-) TimerEvent: {}
[781.179759] (-) TimerEvent: {}
[781.280702] (-) TimerEvent: {}
[781.381681] (-) TimerEvent: {}
[781.482610] (-) TimerEvent: {}
[781.583559] (-) TimerEvent: {}
[781.684493] (-) TimerEvent: {}
[781.785410] (-) TimerEvent: {}
[781.886346] (-) TimerEvent: {}
[781.987291] (-) TimerEvent: {}
[782.088220] (-) TimerEvent: {}
[782.189155] (-) TimerEvent: {}
[782.290133] (-) TimerEvent: {}
[782.391086] (-) TimerEvent: {}
[782.492037] (-) TimerEvent: {}
[782.592976] (-) TimerEvent: {}
[782.693948] (-) TimerEvent: {}
[782.794909] (-) TimerEvent: {}
[782.895845] (-) TimerEvent: {}
[782.996788] (-) TimerEvent: {}
[783.097765] (-) TimerEvent: {}
[783.198714] (-) TimerEvent: {}
[783.299652] (-) TimerEvent: {}
[783.400613] (-) TimerEvent: {}
[783.501709] (-) TimerEvent: {}
[783.602749] (-) TimerEvent: {}
[783.703808] (-) TimerEvent: {}
[783.804749] (-) TimerEvent: {}
[783.905727] (-) TimerEvent: {}
[784.006664] (-) TimerEvent: {}
[784.107599] (-) TimerEvent: {}
[784.208545] (-) TimerEvent: {}
[784.309501] (-) TimerEvent: {}
[784.410505] (-) TimerEvent: {}
[784.511445] (-) TimerEvent: {}
[784.612371] (-) TimerEvent: {}
[784.713291] (-) TimerEvent: {}
[784.814250] (-) TimerEvent: {}
[784.915191] (-) TimerEvent: {}
[785.016123] (-) TimerEvent: {}
[785.117045] (-) TimerEvent: {}
[785.217998] (-) TimerEvent: {}
[785.318927] (-) TimerEvent: {}
[785.419873] (-) TimerEvent: {}
[785.520821] (-) TimerEvent: {}
[785.621893] (-) TimerEvent: {}
[785.722897] (-) TimerEvent: {}
[785.824033] (-) TimerEvent: {}
[785.925022] (-) TimerEvent: {}
[786.025976] (-) TimerEvent: {}
[786.106408] (<colcon_parallel_executor.executor.parallel.ParallelExecutorExtension object at 0x7faa4c4d90>) ParallelStatus: {'processing': ('hobot_audio', 'xgo_face_control', 'xgo_gesture_control', 'xgo_head')}
[786.126190] (-) TimerEvent: {}
[786.227248] (-) TimerEvent: {}
[786.328296] (-) TimerEvent: {}
[786.429230] (-) TimerEvent: {}
[786.530173] (-) TimerEvent: {}
[786.631112] (-) TimerEvent: {}
[786.732059] (-) TimerEvent: {}
[786.832992] (-) TimerEvent: {}
[786.933999] (-) TimerEvent: {}
[787.034933] (-) TimerEvent: {}
[787.135856] (-) TimerEvent: {}
[787.236815] (-) TimerEvent: {}
[787.337765] (-) TimerEvent: {}
[787.438710] (-) TimerEvent: {}
[787.539642] (-) TimerEvent: {}
[787.640574] (-) TimerEvent: {}
[787.741526] (-) TimerEvent: {}
[787.842477] (-) TimerEvent: {}
[787.943532] (-) TimerEvent: {}
[788.044573] (-) TimerEvent: {}
[788.145624] (-) TimerEvent: {}
[788.246957] (-) TimerEvent: {}
[788.347889] (-) TimerEvent: {}
[788.448819] (-) TimerEvent: {}
[788.549786] (-) TimerEvent: {}
[788.650826] (-) TimerEvent: {}
[788.751748] (-) TimerEvent: {}
[788.852661] (-) TimerEvent: {}
[788.953613] (-) TimerEvent: {}
[789.054549] (-) TimerEvent: {}
[789.155474] (-) TimerEvent: {}
[789.256415] (-) TimerEvent: {}
[789.357354] (-) TimerEvent: {}
[789.458348] (-) TimerEvent: {}
[789.559291] (-) TimerEvent: {}
[789.660237] (-) TimerEvent: {}
[789.761161] (-) TimerEvent: {}
[789.862120] (-) TimerEvent: {}
[789.963101] (-) TimerEvent: {}
[790.064057] (-) TimerEvent: {}
[790.164999] (-) TimerEvent: {}
[790.265975] (-) TimerEvent: {}
[790.366938] (-) TimerEvent: {}
[790.467868] (-) TimerEvent: {}
[790.568821] (-) TimerEvent: {}
[790.669821] (-) TimerEvent: {}
[790.770928] (-) TimerEvent: {}
[790.871955] (-) TimerEvent: {}
[790.972952] (-) TimerEvent: {}
[791.073918] (-) TimerEvent: {}
[791.174857] (-) TimerEvent: {}
[791.275808] (-) TimerEvent: {}
[791.376747] (-) TimerEvent: {}
[791.477701] (-) TimerEvent: {}
[791.578626] (-) TimerEvent: {}
[791.679544] (-) TimerEvent: {}
[791.780488] (-) TimerEvent: {}
[791.881448] (-) TimerEvent: {}
[791.982381] (-) TimerEvent: {}
[792.083321] (-) TimerEvent: {}
[792.184268] (-) TimerEvent: {}
[792.285268] (-) TimerEvent: {}
[792.386302] (-) TimerEvent: {}
[792.487417] (-) TimerEvent: {}
[792.588950] (-) TimerEvent: {}
[792.690992] (-) TimerEvent: {}
[792.792085] (-) TimerEvent: {}
[792.893307] (-) TimerEvent: {}
[792.994244] (-) TimerEvent: {}
[793.095158] (-) TimerEvent: {}
[793.196069] (-) TimerEvent: {}
[793.297015] (-) TimerEvent: {}
[793.397982] (-) TimerEvent: {}
[793.498912] (-) TimerEvent: {}
[793.599846] (-) TimerEvent: {}
[793.700797] (-) TimerEvent: {}
[793.801765] (-) TimerEvent: {}
[793.902712] (-) TimerEvent: {}
[794.003642] (-) TimerEvent: {}
[794.104580] (-) TimerEvent: {}
[794.205542] (-) TimerEvent: {}
[794.306482] (-) TimerEvent: {}
[794.407419] (-) TimerEvent: {}
[794.508378] (-) TimerEvent: {}
[794.609347] (-) TimerEvent: {}
[794.710320] (-) TimerEvent: {}
[794.811273] (-) TimerEvent: {}
[794.912218] (-) TimerEvent: {}
[795.013213] (-) TimerEvent: {}
[795.114214] (-) TimerEvent: {}
[795.215175] (-) TimerEvent: {}
[795.316121] (-) TimerEvent: {}
[795.417070] (-) TimerEvent: {}
[795.518111] (-) TimerEvent: {}
[795.619055] (-) TimerEvent: {}
[795.719980] (-) TimerEvent: {}
[795.820923] (-) TimerEvent: {}
[795.921883] (-) TimerEvent: {}
[796.022882] (-) TimerEvent: {}
[796.123814] (-) TimerEvent: {}
[796.224756] (-) TimerEvent: {}
[796.325713] (-) TimerEvent: {}
[796.426658] (-) TimerEvent: {}
[796.527606] (-) TimerEvent: {}
[796.628529] (-) TimerEvent: {}
[796.729470] (-) TimerEvent: {}
[796.830412] (-) TimerEvent: {}
[796.931345] (-) TimerEvent: {}
[797.032281] (-) TimerEvent: {}
[797.133229] (-) TimerEvent: {}
[797.234203] (-) TimerEvent: {}
[797.335171] (-) TimerEvent: {}
[797.436124] (-) TimerEvent: {}
[797.537058] (-) TimerEvent: {}
[797.638086] (-) TimerEvent: {}
[797.739026] (-) TimerEvent: {}
[797.840035] (-) TimerEvent: {}
[797.940980] (-) TimerEvent: {}
[798.042008] (-) TimerEvent: {}
[798.142957] (-) TimerEvent: {}
[798.243907] (-) TimerEvent: {}
[798.344879] (-) TimerEvent: {}
[798.445870] (-) TimerEvent: {}
[798.546795] (-) TimerEvent: {}
[798.647754] (-) TimerEvent: {}
[798.748690] (-) TimerEvent: {}
[798.849622] (-) TimerEvent: {}
[798.950569] (-) TimerEvent: {}
[799.051505] (-) TimerEvent: {}
[799.152446] (-) TimerEvent: {}
[799.253376] (-) TimerEvent: {}
[799.354323] (-) TimerEvent: {}
[799.455287] (-) TimerEvent: {}
[799.556215] (-) TimerEvent: {}
[799.657144] (-) TimerEvent: {}
[799.758197] (-) TimerEvent: {}
[799.859135] (-) TimerEvent: {}
[799.960053] (-) TimerEvent: {}
[800.060984] (-) TimerEvent: {}
[800.161986] (-) TimerEvent: {}
[800.262908] (-) TimerEvent: {}
[800.363839] (-) TimerEvent: {}
[800.464800] (-) TimerEvent: {}
[800.565779] (-) TimerEvent: {}
[800.666719] (-) TimerEvent: {}
[800.767644] (-) TimerEvent: {}
[800.868600] (-) TimerEvent: {}
[800.969583] (-) TimerEvent: {}
[802.278883] (-) TimerEvent: {}
[802.379831] (-) TimerEvent: {}
[802.480773] (-) TimerEvent: {}
[802.581745] (-) TimerEvent: {}
[802.682680] (-) TimerEvent: {}
[802.783608] (-) TimerEvent: {}
[802.884534] (-) TimerEvent: {}
[802.985495] (-) TimerEvent: {}
[803.086430] (-) TimerEvent: {}
[803.187380] (-) TimerEvent: {}
[803.288349] (-) TimerEvent: {}
[803.389327] (-) TimerEvent: {}
[803.490330] (-) TimerEvent: {}
[803.591291] (-) TimerEvent: {}
[803.692288] (-) TimerEvent: {}
[803.793373] (-) TimerEvent: {}
[803.894427] (-) TimerEvent: {}
[803.995421] (-) TimerEvent: {}
[804.096403] (-) TimerEvent: {}
[804.197345] (-) TimerEvent: {}
[804.298315] (-) TimerEvent: {}
[804.399258] (-) TimerEvent: {}
[804.500210] (-) TimerEvent: {}
[804.601132] (-) TimerEvent: {}
[804.702116] (-) TimerEvent: {}
[804.803081] (-) TimerEvent: {}
[804.904041] (-) TimerEvent: {}
[805.004978] (-) TimerEvent: {}
[805.105932] (-) TimerEvent: {}
[805.206861] (-) TimerEvent: {}
[805.307786] (-) TimerEvent: {}
[805.408717] (-) TimerEvent: {}
[805.509671] (-) TimerEvent: {}
[805.610625] (-) TimerEvent: {}
[805.711569] (-) TimerEvent: {}
[805.812516] (-) TimerEvent: {}
[805.913480] (-) TimerEvent: {}
[806.014421] (-) TimerEvent: {}
[806.115361] (-) TimerEvent: {}
[806.216278] (-) TimerEvent: {}
[806.317202] (-) TimerEvent: {}
[806.418283] (-) TimerEvent: {}
[806.519233] (-) TimerEvent: {}
[806.620241] (-) TimerEvent: {}
[806.721344] (-) TimerEvent: {}
[806.822450] (-) TimerEvent: {}
[806.923394] (-) TimerEvent: {}
[807.024324] (-) TimerEvent: {}
[807.125258] (-) TimerEvent: {}
[807.226199] (-) TimerEvent: {}
[807.327142] (-) TimerEvent: {}
[807.428111] (-) TimerEvent: {}
[807.529039] (-) TimerEvent: {}
[807.630010] (-) TimerEvent: {}
[807.730948] (-) TimerEvent: {}
[807.831875] (-) TimerEvent: {}
[807.932918] (-) TimerEvent: {}
[808.033868] (-) TimerEvent: {}
[808.134836] (-) TimerEvent: {}
[808.235780] (-) TimerEvent: {}
[808.336701] (-) TimerEvent: {}
[808.437634] (-) TimerEvent: {}
[808.538563] (-) TimerEvent: {}
[808.639503] (-) TimerEvent: {}
[808.740441] (-) TimerEvent: {}
[808.841522] (-) TimerEvent: {}
[808.942653] (-) TimerEvent: {}
[809.043736] (-) TimerEvent: {}
[809.144771] (-) TimerEvent: {}
[809.245855] (-) TimerEvent: {}
[809.346794] (-) TimerEvent: {}
[809.447725] (-) TimerEvent: {}
[809.548666] (-) TimerEvent: {}
[809.649605] (-) TimerEvent: {}
[809.750564] (-) TimerEvent: {}
[809.851497] (-) TimerEvent: {}
[809.952424] (-) TimerEvent: {}
[810.053358] (-) TimerEvent: {}
[810.154383] (-) TimerEvent: {}
[810.255417] (-) TimerEvent: {}
[810.356361] (-) TimerEvent: {}
[810.457308] (-) TimerEvent: {}
[810.558278] (-) TimerEvent: {}
[810.659232] (-) TimerEvent: {}
[810.760164] (-) TimerEvent: {}
[810.861121] (-) TimerEvent: {}
[810.962199] (-) TimerEvent: {}
[811.063321] (-) TimerEvent: {}
[811.164420] (-) TimerEvent: {}
[811.265530] (-) TimerEvent: {}
[811.366489] (-) TimerEvent: {}
[811.467438] (-) TimerEvent: {}
[811.568592] (-) TimerEvent: {}
[811.670816] (-) TimerEvent: {}
[811.773000] (-) TimerEvent: {}
[811.873963] (-) TimerEvent: {}
[811.975214] (-) TimerEvent: {}
[812.076158] (-) TimerEvent: {}
[812.177102] (-) TimerEvent: {}
[812.278064] (-) TimerEvent: {}
[813.338880] (-) TimerEvent: {}
[813.439835] (-) TimerEvent: {}
[813.540830] (-) TimerEvent: {}
[813.641935] (-) TimerEvent: {}
[813.742904] (-) TimerEvent: {}
[813.843842] (-) TimerEvent: {}
[813.944760] (-) TimerEvent: {}
[814.045709] (-) TimerEvent: {}
[814.146648] (-) TimerEvent: {}
[814.247571] (-) TimerEvent: {}
[814.348527] (-) TimerEvent: {}
[814.449497] (-) TimerEvent: {}
[814.550436] (-) TimerEvent: {}
[814.651380] (-) TimerEvent: {}
[814.752475] (-) TimerEvent: {}
[814.853960] (-) TimerEvent: {}
[814.954983] (-) TimerEvent: {}
[815.056227] (-) TimerEvent: {}
[815.157169] (-) TimerEvent: {}
[815.258200] (-) TimerEvent: {}
[815.359183] (-) TimerEvent: {}
[815.460126] (-) TimerEvent: {}
[815.561063] (-) TimerEvent: {}
[815.662025] (-) TimerEvent: {}
[815.762976] (-) TimerEvent: {}
[815.863906] (-) TimerEvent: {}
[815.964842] (-) TimerEvent: {}
[816.065855] (-) TimerEvent: {}
[816.134418] (<colcon_parallel_executor.executor.parallel.ParallelExecutorExtension object at 0x7faa4c4d90>) ParallelStatus: {'processing': ('hobot_audio', 'xgo_face_control', 'xgo_gesture_control', 'xgo_head')}
[816.166046] (-) TimerEvent: {}
[816.267028] (-) TimerEvent: {}
[816.368043] (-) TimerEvent: {}
[816.468972] (-) TimerEvent: {}
[816.569941] (-) TimerEvent: {}
[816.670880] (-) TimerEvent: {}
[816.771813] (-) TimerEvent: {}
[816.872748] (-) TimerEvent: {}
[816.973755] (-) TimerEvent: {}
[817.074692] (-) TimerEvent: {}
[817.175639] (-) TimerEvent: {}
[817.276688] (-) TimerEvent: {}
[817.377627] (-) TimerEvent: {}
[817.478641] (-) TimerEvent: {}
[817.579601] (-) TimerEvent: {}
[817.680594] (-) TimerEvent: {}
[817.781599] (-) TimerEvent: {}
[817.882613] (-) TimerEvent: {}
[817.983546] (-) TimerEvent: {}
[818.084485] (-) TimerEvent: {}
[818.185443] (-) TimerEvent: {}
[818.286358] (-) TimerEvent: {}
[818.387294] (-) TimerEvent: {}
[818.488214] (-) TimerEvent: {}
[818.589134] (-) TimerEvent: {}
[818.690240] (-) TimerEvent: {}
[818.791204] (-) TimerEvent: {}
[818.892222] (-) TimerEvent: {}
[818.993178] (-) TimerEvent: {}
[819.094142] (-) TimerEvent: {}
[819.195078] (-) TimerEvent: {}
[819.296031] (-) TimerEvent: {}
[819.396969] (-) TimerEvent: {}
[819.497924] (-) TimerEvent: {}
[819.598895] (-) TimerEvent: {}
[819.699827] (-) TimerEvent: {}
[819.800780] (-) TimerEvent: {}
[819.901798] (-) TimerEvent: {}
[820.002773] (-) TimerEvent: {}
[820.103712] (-) TimerEvent: {}
[820.204638] (-) TimerEvent: {}
[820.305595] (-) TimerEvent: {}
[820.406529] (-) TimerEvent: {}
[820.507450] (-) TimerEvent: {}
[820.608367] (-) TimerEvent: {}
[820.709279] (-) TimerEvent: {}
[820.810245] (-) TimerEvent: {}
[820.911171] (-) TimerEvent: {}
[821.012095] (-) TimerEvent: {}
[821.113023] (-) TimerEvent: {}
[821.214007] (-) TimerEvent: {}
[821.314941] (-) TimerEvent: {}
[821.416175] (-) TimerEvent: {}
[821.517108] (-) TimerEvent: {}
[821.618066] (-) TimerEvent: {}
[821.718988] (-) TimerEvent: {}
[821.819909] (-) TimerEvent: {}
[821.920842] (-) TimerEvent: {}
[822.021801] (-) TimerEvent: {}
[822.122771] (-) TimerEvent: {}
[822.223697] (-) TimerEvent: {}
[822.324626] (-) TimerEvent: {}
[822.425590] (-) TimerEvent: {}
[822.526532] (-) TimerEvent: {}
[822.627492] (-) TimerEvent: {}
[822.728425] (-) TimerEvent: {}
[822.829370] (-) TimerEvent: {}
[822.930454] (-) TimerEvent: {}
[823.031399] (-) TimerEvent: {}
[823.132354] (-) TimerEvent: {}
[823.233292] (-) TimerEvent: {}
[823.334266] (-) TimerEvent: {}
[823.435202] (-) TimerEvent: {}
[823.536141] (-) TimerEvent: {}
[823.637091] (-) TimerEvent: {}
[823.738067] (-) TimerEvent: {}
[823.839013] (-) TimerEvent: {}
[823.939958] (-) TimerEvent: {}
[824.040912] (-) TimerEvent: {}
[824.141884] (-) TimerEvent: {}
[824.243051] (-) TimerEvent: {}
[824.344222] (-) TimerEvent: {}
[824.445483] (-) TimerEvent: {}
[824.546763] (-) TimerEvent: {}
[824.647971] (-) TimerEvent: {}
[824.749188] (-) TimerEvent: {}
[824.850213] (-) TimerEvent: {}
[824.951179] (-) TimerEvent: {}
[825.052136] (-) TimerEvent: {}
[825.153074] (-) TimerEvent: {}
[825.254051] (-) TimerEvent: {}
[825.354996] (-) TimerEvent: {}
[825.455923] (-) TimerEvent: {}
[825.556838] (-) TimerEvent: {}
[825.657822] (-) TimerEvent: {}
[825.758735] (-) TimerEvent: {}
[825.859668] (-) TimerEvent: {}
[825.960603] (-) TimerEvent: {}
[826.061579] (-) TimerEvent: {}
[826.162500] (-) TimerEvent: {}
[826.263435] (-) TimerEvent: {}
[826.364363] (-) TimerEvent: {}
[826.465282] (-) TimerEvent: {}
[826.566275] (-) TimerEvent: {}
[826.667188] (-) TimerEvent: {}
[826.768095] (-) TimerEvent: {}
[826.869023] (-) TimerEvent: {}
[826.969988] (-) TimerEvent: {}
[827.070934] (-) TimerEvent: {}
[827.172304] (-) TimerEvent: {}
[827.273263] (-) TimerEvent: {}
[827.374294] (-) TimerEvent: {}
[827.475277] (-) TimerEvent: {}
[827.583328] (-) TimerEvent: {}
[827.684269] (-) TimerEvent: {}
[827.785224] (-) TimerEvent: {}
[827.886190] (-) TimerEvent: {}
[827.987127] (-) TimerEvent: {}
[828.088041] (-) TimerEvent: {}
[828.188963] (-) TimerEvent: {}
[828.289940] (-) TimerEvent: {}
[828.390892] (-) TimerEvent: {}
[828.491822] (-) TimerEvent: {}
[828.592760] (-) TimerEvent: {}
[828.693756] (-) TimerEvent: {}
[828.794797] (-) TimerEvent: {}
[828.895721] (-) TimerEvent: {}
[828.996650] (-) TimerEvent: {}
[829.097597] (-) TimerEvent: {}
[829.198542] (-) TimerEvent: {}
[829.299517] (-) TimerEvent: {}
[829.400469] (-) TimerEvent: {}
[829.501390] (-) TimerEvent: {}
[829.621319] (-) TimerEvent: {}
[829.722331] (-) TimerEvent: {}
[829.823369] (-) TimerEvent: {}
[829.924427] (-) TimerEvent: {}
[830.025484] (-) TimerEvent: {}
[830.126421] (-) TimerEvent: {}
[830.227379] (-) TimerEvent: {}
[830.328401] (-) TimerEvent: {}
[830.429338] (-) TimerEvent: {}
[830.530309] (-) TimerEvent: {}
[830.631243] (-) TimerEvent: {}
[830.732192] (-) TimerEvent: {}
[830.833123] (-) TimerEvent: {}
[830.934105] (-) TimerEvent: {}
[831.035087] (-) TimerEvent: {}
[831.136108] (-) TimerEvent: {}
[831.237168] (-) TimerEvent: {}
[831.338167] (-) TimerEvent: {}
[831.439077] (-) TimerEvent: {}
[831.539997] (-) TimerEvent: {}
[831.640967] (-) TimerEvent: {}
[831.742904] (-) TimerEvent: {}
[831.843932] (-) TimerEvent: {}
[831.944997] (-) TimerEvent: {}
[832.045982] (-) TimerEvent: {}
[832.146925] (-) TimerEvent: {}
[832.247867] (-) TimerEvent: {}
[832.348809] (-) TimerEvent: {}
[832.449892] (-) TimerEvent: {}
[832.550834] (-) TimerEvent: {}
[832.651765] (-) TimerEvent: {}
[832.752693] (-) TimerEvent: {}
[832.853684] (-) TimerEvent: {}
[832.954625] (-) TimerEvent: {}
[833.055550] (-) TimerEvent: {}
[833.156510] (-) TimerEvent: {}
[833.257482] (-) TimerEvent: {}
[833.358445] (-) TimerEvent: {}
[833.459399] (-) TimerEvent: {}
[833.560344] (-) TimerEvent: {}
[833.661313] (-) TimerEvent: {}
[833.762611] (-) TimerEvent: {}
[833.863840] (-) TimerEvent: {}
[833.964772] (-) TimerEvent: {}
[834.065726] (-) TimerEvent: {}
[834.166660] (-) TimerEvent: {}
[834.267613] (-) TimerEvent: {}
[834.368549] (-) TimerEvent: {}
[834.469488] (-) TimerEvent: {}
[834.570418] (-) TimerEvent: {}
[834.671381] (-) TimerEvent: {}
[834.772317] (-) TimerEvent: {}
[834.873224] (-) TimerEvent: {}
[834.974158] (-) TimerEvent: {}
[835.075089] (-) TimerEvent: {}
[835.176029] (-) TimerEvent: {}
[835.276960] (-) TimerEvent: {}
[835.378028] (-) TimerEvent: {}
[835.478962] (-) TimerEvent: {}
[835.579891] (-) TimerEvent: {}
[835.680798] (-) TimerEvent: {}
[835.781742] (-) TimerEvent: {}
[835.882661] (-) TimerEvent: {}
[835.983580] (-) TimerEvent: {}
[836.084513] (-) TimerEvent: {}
[836.185476] (-) TimerEvent: {}
[836.286407] (-) TimerEvent: {}
[836.387340] (-) TimerEvent: {}
[836.488293] (-) TimerEvent: {}
[836.589224] (-) TimerEvent: {}
[836.690201] (-) TimerEvent: {}
[836.791140] (-) TimerEvent: {}
[836.892077] (-) TimerEvent: {}
[836.993015] (-) TimerEvent: {}
[837.093982] (-) TimerEvent: {}
[837.194968] (-) TimerEvent: {}
[837.296042] (-) TimerEvent: {}
[837.397213] (-) TimerEvent: {}
[837.498325] (-) TimerEvent: {}
[837.599557] (-) TimerEvent: {}
[837.700616] (-) TimerEvent: {}
[837.801896] (-) TimerEvent: {}
[837.902999] (-) TimerEvent: {}
[838.004086] (-) TimerEvent: {}
[838.105494] (-) TimerEvent: {}
[838.207405] (-) TimerEvent: {}
[838.308377] (-) TimerEvent: {}
[838.409391] (-) TimerEvent: {}
[838.510332] (-) TimerEvent: {}
[838.611273] (-) TimerEvent: {}
[838.712196] (-) TimerEvent: {}
[838.813118] (-) TimerEvent: {}
[838.914071] (-) TimerEvent: {}
[839.015008] (-) TimerEvent: {}
[839.115953] (-) TimerEvent: {}
[839.216863] (-) TimerEvent: {}
[839.317829] (-) TimerEvent: {}
[839.418823] (-) TimerEvent: {}
[839.519863] (-) TimerEvent: {}
[839.620808] (-) TimerEvent: {}
[839.721892] (-) TimerEvent: {}
[839.822841] (-) TimerEvent: {}
[839.923866] (-) TimerEvent: {}
[840.024785] (-) TimerEvent: {}
[840.125749] (-) TimerEvent: {}
[840.226672] (-) TimerEvent: {}
[840.327612] (-) TimerEvent: {}
[840.428581] (-) TimerEvent: {}
[840.529515] (-) TimerEvent: {}
[840.630449] (-) TimerEvent: {}
[840.731419] (-) TimerEvent: {}
[840.832331] (-) TimerEvent: {}
[840.933239] (-) TimerEvent: {}
[841.034200] (-) TimerEvent: {}
[841.135134] (-) TimerEvent: {}
[841.236185] (-) TimerEvent: {}
[841.337111] (-) TimerEvent: {}
[841.438055] (-) TimerEvent: {}
[841.539007] (-) TimerEvent: {}
[841.639951] (-) TimerEvent: {}
[841.740878] (-) TimerEvent: {}
[841.841848] (-) TimerEvent: {}
[841.942772] (-) TimerEvent: {}
[842.043716] (-) TimerEvent: {}
[842.144662] (-) TimerEvent: {}
[842.245601] (-) TimerEvent: {}
[842.346530] (-) TimerEvent: {}
[842.447449] (-) TimerEvent: {}
[842.548375] (-) TimerEvent: {}
[842.649368] (-) TimerEvent: {}
[842.750362] (-) TimerEvent: {}
[842.851309] (-) TimerEvent: {}
[842.952244] (-) TimerEvent: {}
[843.053226] (-) TimerEvent: {}
[843.154330] (-) TimerEvent: {}
[843.255417] (-) TimerEvent: {}
[843.356495] (-) TimerEvent: {}
[843.457548] (-) TimerEvent: {}
[843.558490] (-) TimerEvent: {}
[843.659437] (-) TimerEvent: {}
[843.760388] (-) TimerEvent: {}
[843.861368] (-) TimerEvent: {}
[843.962333] (-) TimerEvent: {}
[844.063239] (-) TimerEvent: {}
[844.164167] (-) TimerEvent: {}
[844.265087] (-) TimerEvent: {}
[844.366054] (-) TimerEvent: {}
[844.467019] (-) TimerEvent: {}
[844.567940] (-) TimerEvent: {}
[844.668914] (-) TimerEvent: {}
[844.770559] (-) TimerEvent: {}
[844.871959] (-) TimerEvent: {}
[844.972888] (-) TimerEvent: {}
[845.073858] (-) TimerEvent: {}
[845.174776] (-) TimerEvent: {}
[845.275698] (-) TimerEvent: {}
[845.376635] (-) TimerEvent: {}
[845.477590] (-) TimerEvent: {}
[845.578516] (-) TimerEvent: {}
[845.679450] (-) TimerEvent: {}
[845.780367] (-) TimerEvent: {}
[845.881291] (-) TimerEvent: {}
[845.982246] (-) TimerEvent: {}
[846.083179] (-) TimerEvent: {}
[846.566847] (-) TimerEvent: {}
[847.735473] (<colcon_parallel_executor.executor.parallel.ParallelExecutorExtension object at 0x7faa4c4d90>) ParallelStatus: {'processing': ('hobot_audio', 'xgo_face_control', 'xgo_gesture_control', 'xgo_head')}
[848.682352] (-) TimerEvent: {}
[848.783203] (-) TimerEvent: {}
[848.884129] (-) TimerEvent: {}
[848.985051] (-) TimerEvent: {}
[849.086024] (-) TimerEvent: {}
[849.186956] (-) TimerEvent: {}
[849.287878] (-) TimerEvent: {}
[849.388814] (-) TimerEvent: {}
[849.489784] (-) TimerEvent: {}
[849.590722] (-) TimerEvent: {}
[849.691652] (-) TimerEvent: {}
[849.792650] (-) TimerEvent: {}
[849.893633] (-) TimerEvent: {}
[849.994671] (-) TimerEvent: {}
[850.095709] (-) TimerEvent: {}
[850.196720] (-) TimerEvent: {}
[850.297672] (-) TimerEvent: {}
[850.398607] (-) TimerEvent: {}
[850.499537] (-) TimerEvent: {}
[850.600457] (-) TimerEvent: {}
[850.701370] (-) TimerEvent: {}
[850.802315] (-) TimerEvent: {}
[850.903239] (-) TimerEvent: {}
[851.004157] (-) TimerEvent: {}
[851.105094] (-) TimerEvent: {}
[851.206289] (-) TimerEvent: {}
[851.307233] (-) TimerEvent: {}
[851.408155] (-) TimerEvent: {}
[851.509069] (-) TimerEvent: {}
[851.610040] (-) TimerEvent: {}
[851.710981] (-) TimerEvent: {}
[851.811897] (-) TimerEvent: {}
[851.912808] (-) TimerEvent: {}
[852.013746] (-) TimerEvent: {}
[852.114669] (-) TimerEvent: {}
[852.215665] (-) TimerEvent: {}
[852.316603] (-) TimerEvent: {}
[852.417569] (-) TimerEvent: {}
[852.518619] (-) TimerEvent: {}
[852.619777] (-) TimerEvent: {}
[852.720908] (-) TimerEvent: {}
[852.822160] (-) TimerEvent: {}
[852.923395] (-) TimerEvent: {}
[853.024538] (-) TimerEvent: {}
[853.125618] (-) TimerEvent: {}
[853.226554] (-) TimerEvent: {}
[853.327479] (-) TimerEvent: {}
[853.428404] (-) TimerEvent: {}
[853.529355] (-) TimerEvent: {}
[853.630308] (-) TimerEvent: {}
[853.731229] (-) TimerEvent: {}
[853.832148] (-) TimerEvent: {}
[853.933105] (-) TimerEvent: {}
[854.034067] (-) TimerEvent: {}
[854.134987] (-) TimerEvent: {}
[854.235960] (-) TimerEvent: {}
[854.337073] (-) TimerEvent: {}
[854.438009] (-) TimerEvent: {}
[854.538973] (-) TimerEvent: {}
[854.640006] (-) TimerEvent: {}
[854.741117] (-) TimerEvent: {}
[854.842227] (-) TimerEvent: {}
[854.943295] (-) TimerEvent: {}
[855.044383] (-) TimerEvent: {}
[855.145519] (-) TimerEvent: {}
[855.246607] (-) TimerEvent: {}
[855.347628] (-) TimerEvent: {}
[855.448564] (-) TimerEvent: {}
[855.549502] (-) TimerEvent: {}
[855.650443] (-) TimerEvent: {}
[855.751403] (-) TimerEvent: {}
[855.852342] (-) TimerEvent: {}
[855.953294] (-) TimerEvent: {}
[856.057404] (-) TimerEvent: {}
[856.158529] (-) TimerEvent: {}
[856.259571] (-) TimerEvent: {}
[856.360511] (-) TimerEvent: {}
[856.461454] (-) TimerEvent: {}
[856.562384] (-) TimerEvent: {}
[856.663319] (-) TimerEvent: {}
[856.764253] (-) TimerEvent: {}
[856.865160] (-) TimerEvent: {}
[856.966108] (-) TimerEvent: {}
[857.067045] (-) TimerEvent: {}
[857.167962] (-) TimerEvent: {}
[857.268886] (-) TimerEvent: {}
[857.369831] (-) TimerEvent: {}
[857.470767] (-) TimerEvent: {}
[857.571694] (-) TimerEvent: {}
[857.672604] (-) TimerEvent: {}
[857.773552] (-) TimerEvent: {}
[857.874471] (-) TimerEvent: {}
[857.975507] (-) TimerEvent: {}
[862.868868] (-) TimerEvent: {}
[862.969822] (-) TimerEvent: {}
[863.070772] (-) TimerEvent: {}
[863.171856] (-) TimerEvent: {}
[863.272949] (-) TimerEvent: {}
[863.374036] (-) TimerEvent: {}
[863.475077] (-) TimerEvent: {}
[863.576004] (-) TimerEvent: {}
[863.676927] (-) TimerEvent: {}
[863.777895] (-) TimerEvent: {}
[863.878834] (-) TimerEvent: {}
[863.979780] (-) TimerEvent: {}
[864.080714] (-) TimerEvent: {}
[864.181661] (-) TimerEvent: {}
[864.282585] (-) TimerEvent: {}
[864.383529] (-) TimerEvent: {}
[864.484474] (-) TimerEvent: {}
[864.585438] (-) TimerEvent: {}
[864.686380] (-) TimerEvent: {}
[864.787299] (-) TimerEvent: {}
[864.888195] (-) TimerEvent: {}
[864.989137] (-) TimerEvent: {}
[865.090068] (-) TimerEvent: {}
[865.191012] (-) TimerEvent: {}
[865.291929] (-) TimerEvent: {}
[865.392858] (-) TimerEvent: {}
[865.493829] (-) TimerEvent: {}
[865.594747] (-) TimerEvent: {}
[865.695713] (-) TimerEvent: {}
[865.796779] (-) TimerEvent: {}
[865.897863] (-) TimerEvent: {}
[865.998802] (-) TimerEvent: {}
[866.099718] (-) TimerEvent: {}
[866.200645] (-) TimerEvent: {}
[866.301582] (-) TimerEvent: {}
[866.402522] (-) TimerEvent: {}
[866.503449] (-) TimerEvent: {}
[866.604359] (-) TimerEvent: {}
[866.705280] (-) TimerEvent: {}
[866.806224] (-) TimerEvent: {}
[866.907141] (-) TimerEvent: {}
[867.008071] (-) TimerEvent: {}
[867.109005] (-) TimerEvent: {}
[867.209966] (-) TimerEvent: {}
[867.310877] (-) TimerEvent: {}
[867.411808] (-) TimerEvent: {}
[867.512739] (-) TimerEvent: {}
[867.613659] (-) TimerEvent: {}
[867.714588] (-) TimerEvent: {}
[867.815549] (-) TimerEvent: {}
[867.916617] (-) TimerEvent: {}
[868.017710] (-) TimerEvent: {}
[868.118687] (-) TimerEvent: {}
[868.219615] (-) TimerEvent: {}
[875.046955] (-) TimerEvent: {}
[878.186297] (-) TimerEvent: {}
[878.287290] (-) TimerEvent: {}
[878.388268] (-) TimerEvent: {}
[878.489241] (-) TimerEvent: {}
[878.590178] (-) TimerEvent: {}
[878.691087] (-) TimerEvent: {}
[878.723973] (<colcon_parallel_executor.executor.parallel.ParallelExecutorExtension object at 0x7faa4c4d90>) ParallelStatus: {'processing': ('hobot_audio', 'xgo_face_control', 'xgo_gesture_control', 'xgo_head')}
[878.791279] (-) TimerEvent: {}
[878.892167] (-) TimerEvent: {}
[878.993082] (-) TimerEvent: {}
[879.094133] (-) TimerEvent: {}
[879.195064] (-) TimerEvent: {}
[879.295982] (-) TimerEvent: {}
[879.396931] (-) TimerEvent: {}
[879.497886] (-) TimerEvent: {}
[879.598821] (-) TimerEvent: {}
[879.699749] (-) TimerEvent: {}
[879.800684] (-) TimerEvent: {}
[879.901656] (-) TimerEvent: {}
[880.002693] (-) TimerEvent: {}
[880.103655] (-) TimerEvent: {}
[880.204583] (-) TimerEvent: {}
[880.305523] (-) TimerEvent: {}
[880.406461] (-) TimerEvent: {}
[880.507388] (-) TimerEvent: {}
[880.608325] (-) TimerEvent: {}
[880.709254] (-) TimerEvent: {}
[880.810205] (-) TimerEvent: {}
[880.911149] (-) TimerEvent: {}
[881.012074] (-) TimerEvent: {}
[881.113014] (-) TimerEvent: {}
[881.213960] (-) TimerEvent: {}
[881.314916] (-) TimerEvent: {}
[881.415857] (-) TimerEvent: {}
[881.516773] (-) TimerEvent: {}
[881.617735] (-) TimerEvent: {}
[881.718662] (-) TimerEvent: {}
[881.819630] (-) TimerEvent: {}
[881.920614] (-) TimerEvent: {}
[882.021625] (-) TimerEvent: {}
[882.122582] (-) TimerEvent: {}
[882.223502] (-) TimerEvent: {}
[882.324444] (-) TimerEvent: {}
[882.425378] (-) TimerEvent: {}
[882.526343] (-) TimerEvent: {}
[882.627282] (-) TimerEvent: {}
[882.728213] (-) TimerEvent: {}
[882.829145] (-) TimerEvent: {}
[882.930107] (-) TimerEvent: {}
[883.031030] (-) TimerEvent: {}
[883.131954] (-) TimerEvent: {}
[883.232908] (-) TimerEvent: {}
[883.333907] (-) TimerEvent: {}
[883.434867] (-) TimerEvent: {}
[883.535902] (-) TimerEvent: {}
[883.636843] (-) TimerEvent: {}
[883.737815] (-) TimerEvent: {}
[883.838755] (-) TimerEvent: {}
[883.939688] (-) TimerEvent: {}
[884.040605] (-) TimerEvent: {}
[884.141541] (-) TimerEvent: {}
[884.242459] (-) TimerEvent: {}
[884.343418] (-) TimerEvent: {}
[884.444396] (-) TimerEvent: {}
[884.545346] (-) TimerEvent: {}
[884.646309] (-) TimerEvent: {}
[884.747234] (-) TimerEvent: {}
[884.848178] (-) TimerEvent: {}
[884.949089] (-) TimerEvent: {}
[885.050043] (-) TimerEvent: {}
[885.150970] (-) TimerEvent: {}
[885.251925] (-) TimerEvent: {}
[885.352855] (-) TimerEvent: {}
[885.453801] (-) TimerEvent: {}
[885.554740] (-) TimerEvent: {}
[885.655667] (-) TimerEvent: {}
[885.756586] (-) TimerEvent: {}
[885.857536] (-) TimerEvent: {}
[885.958507] (-) TimerEvent: {}
[886.059443] (-) TimerEvent: {}
[886.160384] (-) TimerEvent: {}
[886.261306] (-) TimerEvent: {}
[886.362343] (-) TimerEvent: {}
[886.463275] (-) TimerEvent: {}
[886.564223] (-) TimerEvent: {}
[886.665163] (-) TimerEvent: {}
[886.766134] (-) TimerEvent: {}
[886.867059] (-) TimerEvent: {}
[886.967981] (-) TimerEvent: {}
[887.068986] (-) TimerEvent: {}
[887.170067] (-) TimerEvent: {}
[887.271112] (-) TimerEvent: {}
[887.372200] (-) TimerEvent: {}
[887.473210] (-) TimerEvent: {}
[887.574157] (-) TimerEvent: {}
[887.675070] (-) TimerEvent: {}
[887.775982] (-) TimerEvent: {}
[887.876889] (-) TimerEvent: {}
[887.977837] (-) TimerEvent: {}
[888.078743] (-) TimerEvent: {}
[888.179664] (-) TimerEvent: {}
[888.280610] (-) TimerEvent: {}
[888.381551] (-) TimerEvent: {}
[888.482465] (-) TimerEvent: {}
[888.583478] (-) TimerEvent: {}
[888.684421] (-) TimerEvent: {}
[888.785344] (-) TimerEvent: {}
[888.886325] (-) TimerEvent: {}
[888.987252] (-) TimerEvent: {}
[889.088161] (-) TimerEvent: {}
[889.189115] (-) TimerEvent: {}
[889.290055] (-) TimerEvent: {}
[889.391001] (-) TimerEvent: {}
[889.491915] (-) TimerEvent: {}
[889.592878] (-) TimerEvent: {}
[889.693833] (-) TimerEvent: {}
[889.794764] (-) TimerEvent: {}
[889.895663] (-) TimerEvent: {}
[889.996600] (-) TimerEvent: {}
[890.097541] (-) TimerEvent: {}
[890.198464] (-) TimerEvent: {}
[890.299372] (-) TimerEvent: {}
[890.400310] (-) TimerEvent: {}
[890.501306] (-) TimerEvent: {}
[890.602263] (-) TimerEvent: {}
[890.703756] (-) TimerEvent: {}
[890.804809] (-) TimerEvent: {}
[890.905883] (-) TimerEvent: {}
[891.006815] (-) TimerEvent: {}
[891.107756] (-) TimerEvent: {}
[891.208687] (-) TimerEvent: {}
[891.309660] (-) TimerEvent: {}
[891.410594] (-) TimerEvent: {}
[891.511504] (-) TimerEvent: {}
[891.612421] (-) TimerEvent: {}
[891.713369] (-) TimerEvent: {}
[891.814330] (-) TimerEvent: {}
[891.915246] (-) TimerEvent: {}
[892.016175] (-) TimerEvent: {}
[892.117121] (-) TimerEvent: {}
[892.218083] (-) TimerEvent: {}
[892.319025] (-) TimerEvent: {}
[892.419975] (-) TimerEvent: {}
[892.520906] (-) TimerEvent: {}
[892.621851] (-) TimerEvent: {}
[892.722788] (-) TimerEvent: {}
[892.823770] (-) TimerEvent: {}
[892.924767] (-) TimerEvent: {}
[893.025742] (-) TimerEvent: {}
[893.126668] (-) TimerEvent: {}
[893.227601] (-) TimerEvent: {}
[893.328524] (-) TimerEvent: {}
[893.429486] (-) TimerEvent: {}
[893.530425] (-) TimerEvent: {}
[893.631393] (-) TimerEvent: {}
[893.732312] (-) TimerEvent: {}
[893.833239] (-) TimerEvent: {}
[893.934187] (-) TimerEvent: {}
[894.035108] (-) TimerEvent: {}
[894.136038] (-) TimerEvent: {}
[894.236965] (-) TimerEvent: {}
[894.337932] (-) TimerEvent: {}
[894.438894] (-) TimerEvent: {}
[894.539863] (-) TimerEvent: {}
[894.640815] (-) TimerEvent: {}
[894.742535] (-) TimerEvent: {}
[894.843506] (-) TimerEvent: {}
[894.944427] (-) TimerEvent: {}
[895.045363] (-) TimerEvent: {}
[895.146339] (-) TimerEvent: {}
[895.247257] (-) TimerEvent: {}
[895.348197] (-) TimerEvent: {}
[895.449347] (-) TimerEvent: {}
[895.552105] (-) TimerEvent: {}
[895.653161] (-) TimerEvent: {}
[895.754133] (-) TimerEvent: {}
[895.855054] (-) TimerEvent: {}
[895.956000] (-) TimerEvent: {}
[896.056930] (-) TimerEvent: {}
[896.157880] (-) TimerEvent: {}
[896.258811] (-) TimerEvent: {}
[896.359722] (-) TimerEvent: {}
[896.460660] (-) TimerEvent: {}
[896.561603] (-) TimerEvent: {}
[896.662553] (-) TimerEvent: {}
[896.763484] (-) TimerEvent: {}
[896.864452] (-) TimerEvent: {}
[896.965574] (-) TimerEvent: {}
[897.066599] (-) TimerEvent: {}
[897.167537] (-) TimerEvent: {}
[897.268483] (-) TimerEvent: {}
[897.369866] (-) TimerEvent: {}
[897.470953] (-) TimerEvent: {}
[897.571951] (-) TimerEvent: {}
[897.672973] (-) TimerEvent: {}
[897.773989] (-) TimerEvent: {}
[897.874926] (-) TimerEvent: {}
[897.975864] (-) TimerEvent: {}
[898.076850] (-) TimerEvent: {}
[898.243982] (-) TimerEvent: {}
[898.282927] (xgo_head) StdoutLine: {'line': b'[ 50%] \x1b[32mBuilding CXX object CMakeFiles/xgo_head.dir/src/mainwindow.cpp.o\x1b[0m\n'}
[898.499710] (-) TimerEvent: {}
[898.601801] (-) TimerEvent: {}
[898.702872] (-) TimerEvent: {}
[898.804004] (-) TimerEvent: {}
[898.904998] (-) TimerEvent: {}
[899.006005] (-) TimerEvent: {}
[899.106932] (-) TimerEvent: {}
[899.207896] (-) TimerEvent: {}
[899.308901] (-) TimerEvent: {}
[899.409957] (-) TimerEvent: {}
[899.510931] (-) TimerEvent: {}
[899.611932] (-) TimerEvent: {}
[899.712959] (-) TimerEvent: {}
[899.814021] (-) TimerEvent: {}
[899.915003] (-) TimerEvent: {}
[900.015976] (-) TimerEvent: {}
[900.117026] (-) TimerEvent: {}
[900.218108] (-) TimerEvent: {}
[900.319165] (-) TimerEvent: {}
[900.420145] (-) TimerEvent: {}
[900.521144] (-) TimerEvent: {}
[900.622182] (-) TimerEvent: {}
[900.723277] (-) TimerEvent: {}
[900.824301] (-) TimerEvent: {}
[900.925307] (-) TimerEvent: {}
[901.026393] (-) TimerEvent: {}
[901.127371] (-) TimerEvent: {}
[901.228447] (-) TimerEvent: {}
[901.329406] (-) TimerEvent: {}
[901.430449] (-) TimerEvent: {}
[901.531467] (-) TimerEvent: {}
[901.632507] (-) TimerEvent: {}
[901.733514] (-) TimerEvent: {}
[901.834530] (-) TimerEvent: {}
[901.935514] (-) TimerEvent: {}
[902.036526] (-) TimerEvent: {}
[902.137506] (-) TimerEvent: {}
[902.238539] (-) TimerEvent: {}
[902.339597] (-) TimerEvent: {}
[902.440560] (-) TimerEvent: {}
[902.541608] (-) TimerEvent: {}
[902.642625] (-) TimerEvent: {}
[902.743710] (-) TimerEvent: {}
[902.844701] (-) TimerEvent: {}
[902.945734] (-) TimerEvent: {}
[903.046742] (-) TimerEvent: {}
[903.147737] (-) TimerEvent: {}
[903.248723] (-) TimerEvent: {}
[903.349780] (-) TimerEvent: {}
[903.450787] (-) TimerEvent: {}
[903.551760] (-) TimerEvent: {}
[903.652727] (-) TimerEvent: {}
[903.753841] (-) TimerEvent: {}
[903.854821] (-) TimerEvent: {}
[903.955763] (-) TimerEvent: {}
[904.056799] (-) TimerEvent: {}
[904.157857] (-) TimerEvent: {}
[904.258865] (-) TimerEvent: {}
[904.359844] (-) TimerEvent: {}
[904.460875] (-) TimerEvent: {}
[904.562004] (-) TimerEvent: {}
[904.663021] (-) TimerEvent: {}
[904.763999] (-) TimerEvent: {}
[904.865020] (-) TimerEvent: {}
[904.966061] (-) TimerEvent: {}
[905.067040] (-) TimerEvent: {}
[905.168011] (-) TimerEvent: {}
[905.268973] (-) TimerEvent: {}
[905.370060] (-) TimerEvent: {}
[905.471324] (-) TimerEvent: {}
[905.572338] (-) TimerEvent: {}
[905.673339] (-) TimerEvent: {}
[905.774415] (-) TimerEvent: {}
[905.875396] (-) TimerEvent: {}
[905.976409] (-) TimerEvent: {}
[906.077398] (-) TimerEvent: {}
[906.178406] (-) TimerEvent: {}
[906.279345] (-) TimerEvent: {}
[906.380303] (-) TimerEvent: {}
[906.481308] (-) TimerEvent: {}
[906.582340] (-) TimerEvent: {}
[906.683401] (-) TimerEvent: {}
[906.784466] (-) TimerEvent: {}
[906.885475] (-) TimerEvent: {}
[906.986504] (-) TimerEvent: {}
[907.087505] (-) TimerEvent: {}
[907.188489] (-) TimerEvent: {}
[907.289505] (-) TimerEvent: {}
[907.390492] (-) TimerEvent: {}
[907.491481] (-) TimerEvent: {}
[907.592494] (-) TimerEvent: {}
[907.693480] (-) TimerEvent: {}
[907.794451] (-) TimerEvent: {}
[907.895415] (-) TimerEvent: {}
[907.996433] (-) TimerEvent: {}
[908.097381] (-) TimerEvent: {}
[908.198405] (-) TimerEvent: {}
[908.299414] (-) TimerEvent: {}
[908.400349] (-) TimerEvent: {}
[908.501313] (-) TimerEvent: {}
[908.602415] (-) TimerEvent: {}
[908.703392] (-) TimerEvent: {}
[908.754318] (<colcon_parallel_executor.executor.parallel.ParallelExecutorExtension object at 0x7faa4c4d90>) ParallelStatus: {'processing': ('hobot_audio', 'xgo_face_control', 'xgo_gesture_control', 'xgo_head')}
[908.803576] (-) TimerEvent: {}
[908.904489] (-) TimerEvent: {}
[909.005458] (-) TimerEvent: {}
[909.106410] (-) TimerEvent: {}
[909.207390] (-) TimerEvent: {}
[909.308412] (-) TimerEvent: {}
[909.409579] (-) TimerEvent: {}
[909.510530] (-) TimerEvent: {}
[909.611556] (-) TimerEvent: {}
[909.713225] (-) TimerEvent: {}
[909.814361] (-) TimerEvent: {}
[909.915408] (-) TimerEvent: {}
[910.016334] (-) TimerEvent: {}
[910.117326] (-) TimerEvent: {}
[910.218382] (-) TimerEvent: {}
[910.320791] (-) TimerEvent: {}
[910.421847] (-) TimerEvent: {}
[910.522838] (-) TimerEvent: {}
[910.623822] (-) TimerEvent: {}
[910.724864] (-) TimerEvent: {}
[910.825987] (-) TimerEvent: {}
[910.926952] (-) TimerEvent: {}
[911.027883] (-) TimerEvent: {}
[911.128851] (-) TimerEvent: {}
[911.229878] (-) TimerEvent: {}
[911.330963] (-) TimerEvent: {}
[911.431903] (-) TimerEvent: {}
[911.532932] (-) TimerEvent: {}
[911.634111] (-) TimerEvent: {}
[911.735212] (-) TimerEvent: {}
[911.836167] (-) TimerEvent: {}
[911.937228] (-) TimerEvent: {}
[912.038365] (-) TimerEvent: {}
[912.139409] (-) TimerEvent: {}
[912.240569] (-) TimerEvent: {}
[912.341689] (-) TimerEvent: {}
[912.442877] (-) TimerEvent: {}
[912.543999] (-) TimerEvent: {}
[912.645237] (-) TimerEvent: {}
[912.747212] (-) TimerEvent: {}
[912.848435] (-) TimerEvent: {}
[912.949688] (-) TimerEvent: {}
[913.050685] (-) TimerEvent: {}
[913.152375] (-) TimerEvent: {}
[913.253528] (-) TimerEvent: {}
[913.354675] (-) TimerEvent: {}
[913.456471] (-) TimerEvent: {}
[913.557627] (-) TimerEvent: {}
[913.658813] (-) TimerEvent: {}
[913.760054] (-) TimerEvent: {}
[913.861292] (-) TimerEvent: {}
[913.963344] (-) TimerEvent: {}
[914.064441] (-) TimerEvent: {}
[914.165588] (-) TimerEvent: {}
[914.266751] (-) TimerEvent: {}
[914.367877] (-) TimerEvent: {}
[914.469067] (-) TimerEvent: {}
[914.570340] (-) TimerEvent: {}
[914.671453] (-) TimerEvent: {}
[914.773283] (-) TimerEvent: {}
[914.874505] (-) TimerEvent: {}
[914.975620] (-) TimerEvent: {}
[915.078019] (-) TimerEvent: {}
[915.180199] (-) TimerEvent: {}
[915.281560] (-) TimerEvent: {}
[915.382858] (-) TimerEvent: {}
[915.484107] (-) TimerEvent: {}
[915.586271] (-) TimerEvent: {}
[915.687409] (-) TimerEvent: {}
[915.788573] (-) TimerEvent: {}
[915.889780] (-) TimerEvent: {}
[915.991057] (-) TimerEvent: {}
[916.092353] (-) TimerEvent: {}
[916.194696] (-) TimerEvent: {}
[916.295775] (-) TimerEvent: {}
[916.397001] (-) TimerEvent: {}
[916.498976] (-) TimerEvent: {}
[916.600193] (-) TimerEvent: {}
[916.701372] (-) TimerEvent: {}
[916.803376] (-) TimerEvent: {}
[916.904540] (-) TimerEvent: {}
[917.005670] (-) TimerEvent: {}
[917.106793] (-) TimerEvent: {}
[917.207900] (-) TimerEvent: {}
[917.309067] (-) TimerEvent: {}
[917.411158] (-) TimerEvent: {}
[917.512295] (-) TimerEvent: {}
[917.613855] (-) TimerEvent: {}
[917.715006] (-) TimerEvent: {}
[917.816936] (-) TimerEvent: {}
[917.918105] (-) TimerEvent: {}
[918.019850] (-) TimerEvent: {}
[918.121019] (-) TimerEvent: {}
[918.222360] (-) TimerEvent: {}
[918.323541] (-) TimerEvent: {}
[918.424844] (-) TimerEvent: {}
[918.526003] (-) TimerEvent: {}
[918.627159] (-) TimerEvent: {}
[918.728868] (-) TimerEvent: {}
[918.830101] (-) TimerEvent: {}
[918.931297] (-) TimerEvent: {}
[919.033337] (-) TimerEvent: {}
[919.134598] (-) TimerEvent: {}
[919.235933] (-) TimerEvent: {}
[919.338322] (-) TimerEvent: {}
[919.440642] (-) TimerEvent: {}
[919.541840] (-) TimerEvent: {}
[919.643590] (-) TimerEvent: {}
[919.745280] (-) TimerEvent: {}
[919.847695] (-) TimerEvent: {}
[919.948883] (-) TimerEvent: {}
[920.049982] (-) TimerEvent: {}
[920.151184] (-) TimerEvent: {}
[920.252438] (-) TimerEvent: {}
[920.353647] (-) TimerEvent: {}
[920.454859] (-) TimerEvent: {}
[920.556120] (-) TimerEvent: {}
[920.657275] (-) TimerEvent: {}
[920.758437] (-) TimerEvent: {}
[920.859630] (-) TimerEvent: {}
[920.961661] (-) TimerEvent: {}
[921.063711] (-) TimerEvent: {}
[921.165793] (-) TimerEvent: {}
[921.267339] (-) TimerEvent: {}
[921.369399] (-) TimerEvent: {}
[921.470521] (-) TimerEvent: {}
[921.571619] (-) TimerEvent: {}
[921.672704] (-) TimerEvent: {}
[921.773842] (-) TimerEvent: {}
[921.874940] (-) TimerEvent: {}
[921.976241] (-) TimerEvent: {}
[922.077557] (-) TimerEvent: {}
[922.179376] (-) TimerEvent: {}
[922.280549] (-) TimerEvent: {}
[922.382835] (-) TimerEvent: {}
[922.485048] (-) TimerEvent: {}
[922.586303] (-) TimerEvent: {}
[922.687445] (-) TimerEvent: {}
[922.788551] (-) TimerEvent: {}
[922.889832] (-) TimerEvent: {}
[922.990912] (-) TimerEvent: {}
[923.091999] (-) TimerEvent: {}
[923.193094] (-) TimerEvent: {}
[923.294323] (-) TimerEvent: {}
[923.395586] (-) TimerEvent: {}
[923.497277] (-) TimerEvent: {}
[923.598637] (-) TimerEvent: {}
[923.700482] (-) TimerEvent: {}
[923.801906] (-) TimerEvent: {}
[923.903333] (-) TimerEvent: {}
[924.004590] (-) TimerEvent: {}
[924.105972] (-) TimerEvent: {}
[924.207172] (-) TimerEvent: {}
[924.309241] (-) TimerEvent: {}
[924.410440] (-) TimerEvent: {}
[924.511672] (-) TimerEvent: {}
[924.612860] (-) TimerEvent: {}
[924.714107] (-) TimerEvent: {}
[924.815246] (-) TimerEvent: {}
[924.916446] (-) TimerEvent: {}
[925.018510] (-) TimerEvent: {}
[925.120226] (-) TimerEvent: {}
[925.221362] (-) TimerEvent: {}
[925.322583] (-) TimerEvent: {}
[925.423774] (-) TimerEvent: {}
[925.524890] (-) TimerEvent: {}
[925.626325] (-) TimerEvent: {}
[925.727428] (-) TimerEvent: {}
[925.828599] (-) TimerEvent: {}
[925.931101] (-) TimerEvent: {}
[926.033256] (-) TimerEvent: {}
[926.135490] (-) TimerEvent: {}
[926.236788] (-) TimerEvent: {}
[926.339066] (-) TimerEvent: {}
[926.440200] (-) TimerEvent: {}
[926.541341] (-) TimerEvent: {}
[926.643519] (-) TimerEvent: {}
[926.744754] (-) TimerEvent: {}
[926.845985] (-) TimerEvent: {}
[926.947093] (-) TimerEvent: {}
[927.049238] (-) TimerEvent: {}
[927.150642] (-) TimerEvent: {}
[927.251842] (-) TimerEvent: {}
[927.352972] (-) TimerEvent: {}
[927.454749] (-) TimerEvent: {}
[927.555961] (-) TimerEvent: {}
[927.658056] (-) TimerEvent: {}
[927.760275] (-) TimerEvent: {}
[927.861703] (-) TimerEvent: {}
[927.963889] (-) TimerEvent: {}
[928.064826] (-) TimerEvent: {}
[928.165831] (-) TimerEvent: {}
[928.266851] (-) TimerEvent: {}
[928.367844] (-) TimerEvent: {}
[928.468880] (-) TimerEvent: {}
[928.569910] (-) TimerEvent: {}
[928.671037] (-) TimerEvent: {}
[928.772066] (-) TimerEvent: {}
[929.115059] (-) TimerEvent: {}
[929.216811] (-) TimerEvent: {}
[929.318071] (-) TimerEvent: {}
[929.419330] (-) TimerEvent: {}
[929.520438] (-) TimerEvent: {}
[929.621612] (-) TimerEvent: {}
[929.722586] (-) TimerEvent: {}
[929.823519] (-) TimerEvent: {}
[929.924480] (-) TimerEvent: {}
[930.025427] (-) TimerEvent: {}
[930.126435] (-) TimerEvent: {}
[930.227394] (-) TimerEvent: {}
[930.328387] (-) TimerEvent: {}
[930.429320] (-) TimerEvent: {}
[930.530278] (-) TimerEvent: {}
[930.631220] (-) TimerEvent: {}
[930.732132] (-) TimerEvent: {}
[930.833099] (-) TimerEvent: {}
[930.934192] (-) TimerEvent: {}
[931.035122] (-) TimerEvent: {}
[931.136062] (-) TimerEvent: {}
[931.236991] (-) TimerEvent: {}
[931.337922] (-) TimerEvent: {}
[931.438861] (-) TimerEvent: {}
[931.539773] (-) TimerEvent: {}
[931.640701] (-) TimerEvent: {}
[931.741619] (-) TimerEvent: {}
[931.842900] (-) TimerEvent: {}
[931.944166] (-) TimerEvent: {}
[932.045109] (-) TimerEvent: {}
[932.146122] (-) TimerEvent: {}
[932.247124] (-) TimerEvent: {}
[932.348064] (-) TimerEvent: {}
[932.448985] (-) TimerEvent: {}
[932.549936] (-) TimerEvent: {}
[932.650864] (-) TimerEvent: {}
[932.751784] (-) TimerEvent: {}
[932.852708] (-) TimerEvent: {}
[932.953632] (-) TimerEvent: {}
[933.054616] (-) TimerEvent: {}
[933.155700] (-) TimerEvent: {}
[933.256914] (-) TimerEvent: {}
[933.358128] (-) TimerEvent: {}
[933.459333] (-) TimerEvent: {}
[933.560543] (-) TimerEvent: {}
[933.662548] (-) TimerEvent: {}
[933.763595] (-) TimerEvent: {}
[933.864906] (-) TimerEvent: {}
[933.972622] (-) TimerEvent: {}
[934.073580] (-) TimerEvent: {}
[934.174514] (-) TimerEvent: {}
[934.275457] (-) TimerEvent: {}
[934.376397] (-) TimerEvent: {}
[934.477341] (-) TimerEvent: {}
[934.578307] (-) TimerEvent: {}
[934.679253] (-) TimerEvent: {}
[934.780190] (-) TimerEvent: {}
[934.881129] (-) TimerEvent: {}
[934.982104] (-) TimerEvent: {}
[935.083064] (-) TimerEvent: {}
[935.183994] (-) TimerEvent: {}
[935.284949] (-) TimerEvent: {}
[935.386025] (-) TimerEvent: {}
[935.487063] (-) TimerEvent: {}
[935.588105] (-) TimerEvent: {}
[935.689142] (-) TimerEvent: {}
[935.790216] (-) TimerEvent: {}
[935.891262] (-) TimerEvent: {}
[935.992241] (-) TimerEvent: {}
[936.093246] (-) TimerEvent: {}
[936.194329] (-) TimerEvent: {}
[936.295250] (-) TimerEvent: {}
[936.396192] (-) TimerEvent: {}
[936.497120] (-) TimerEvent: {}
[936.598066] (-) TimerEvent: {}
[936.698985] (-) TimerEvent: {}
[936.799942] (-) TimerEvent: {}
[936.900893] (-) TimerEvent: {}
[937.001869] (-) TimerEvent: {}
[937.102807] (-) TimerEvent: {}
[937.203729] (-) TimerEvent: {}
[937.304686] (-) TimerEvent: {}
[937.405645] (-) TimerEvent: {}
[937.506693] (-) TimerEvent: {}
[937.607680] (-) TimerEvent: {}
[937.708730] (-) TimerEvent: {}
[937.809859] (-) TimerEvent: {}
[937.910906] (-) TimerEvent: {}
[938.011988] (-) TimerEvent: {}
[938.113005] (-) TimerEvent: {}
[938.213977] (-) TimerEvent: {}
[938.315516] (-) TimerEvent: {}
[938.416452] (-) TimerEvent: {}
[938.517384] (-) TimerEvent: {}
[938.618352] (-) TimerEvent: {}
[938.719278] (-) TimerEvent: {}
[943.389670] (-) TimerEvent: {}
[943.463941] (<colcon_parallel_executor.executor.parallel.ParallelExecutorExtension object at 0x7faa4c4d90>) ParallelStatus: {'processing': ('hobot_audio', 'xgo_face_control', 'xgo_gesture_control', 'xgo_head')}
[943.489839] (-) TimerEvent: {}
[943.590736] (-) TimerEvent: {}
[943.691675] (-) TimerEvent: {}
[943.792609] (-) TimerEvent: {}
[943.893573] (-) TimerEvent: {}
[943.994482] (-) TimerEvent: {}
[944.095442] (-) TimerEvent: {}
[944.196468] (-) TimerEvent: {}
[944.297390] (-) TimerEvent: {}
[944.398345] (-) TimerEvent: {}
[944.499371] (-) TimerEvent: {}
[944.600309] (-) TimerEvent: {}
[944.701253] (-) TimerEvent: {}
[944.802220] (-) TimerEvent: {}
[944.903156] (-) TimerEvent: {}
[945.004081] (-) TimerEvent: {}
[945.105002] (-) TimerEvent: {}
[945.205972] (-) TimerEvent: {}
[945.306998] (-) TimerEvent: {}
[945.407963] (-) TimerEvent: {}
[945.508915] (-) TimerEvent: {}
[945.609985] (-) TimerEvent: {}
[945.710914] (-) TimerEvent: {}
[945.811833] (-) TimerEvent: {}
[945.913017] (-) TimerEvent: {}
[946.014333] (-) TimerEvent: {}
[946.115547] (-) TimerEvent: {}
[946.216776] (-) TimerEvent: {}
[946.317747] (-) TimerEvent: {}
[946.418743] (-) TimerEvent: {}
[946.519686] (-) TimerEvent: {}
[946.620623] (-) TimerEvent: {}
[946.721578] (-) TimerEvent: {}
[946.822520] (-) TimerEvent: {}
[946.923456] (-) TimerEvent: {}
[947.024407] (-) TimerEvent: {}
[947.125332] (-) TimerEvent: {}
[947.226275] (-) TimerEvent: {}
[947.327227] (-) TimerEvent: {}
[947.428155] (-) TimerEvent: {}
[947.529095] (-) TimerEvent: {}
[947.630067] (-) TimerEvent: {}
[947.731012] (-) TimerEvent: {}
[947.831956] (-) TimerEvent: {}
[947.932896] (-) TimerEvent: {}
[948.033911] (-) TimerEvent: {}
[948.134914] (-) TimerEvent: {}
[948.235995] (-) TimerEvent: {}
[948.337925] (-) TimerEvent: {}
[948.439032] (-) TimerEvent: {}
[948.540108] (-) TimerEvent: {}
[948.641228] (-) TimerEvent: {}
[948.743454] (-) TimerEvent: {}
[948.844463] (-) TimerEvent: {}
[948.945570] (-) TimerEvent: {}
[949.046573] (-) TimerEvent: {}
[949.147674] (-) TimerEvent: {}
[949.249523] (-) TimerEvent: {}
[949.350731] (-) TimerEvent: {}
[949.451726] (-) TimerEvent: {}
[949.552817] (-) TimerEvent: {}
[949.654730] (-) TimerEvent: {}
[949.755729] (-) TimerEvent: {}
[949.856709] (-) TimerEvent: {}
[949.957701] (-) TimerEvent: {}
[950.058618] (-) TimerEvent: {}
[950.159556] (-) TimerEvent: {}
[950.260466] (-) TimerEvent: {}
[950.361390] (-) TimerEvent: {}
[950.462405] (-) TimerEvent: {}
[950.563327] (-) TimerEvent: {}
[950.664293] (-) TimerEvent: {}
[950.765303] (-) TimerEvent: {}
[950.866370] (-) TimerEvent: {}
[950.967468] (-) TimerEvent: {}
[951.068550] (-) TimerEvent: {}
[951.170500] (-) TimerEvent: {}
[951.272412] (-) TimerEvent: {}
[951.373593] (-) TimerEvent: {}
[951.474713] (-) TimerEvent: {}
[951.576320] (-) TimerEvent: {}
[951.677260] (-) TimerEvent: {}
[951.778208] (-) TimerEvent: {}
[951.879130] (-) TimerEvent: {}
[951.980067] (-) TimerEvent: {}
[952.080991] (-) TimerEvent: {}
[952.181974] (-) TimerEvent: {}
[952.282917] (-) TimerEvent: {}
[952.383866] (-) TimerEvent: {}
[952.484805] (-) TimerEvent: {}
[952.585753] (-) TimerEvent: {}
[952.686670] (-) TimerEvent: {}
[952.787584] (-) TimerEvent: {}
[952.888528] (-) TimerEvent: {}
[952.989467] (-) TimerEvent: {}
[953.090390] (-) TimerEvent: {}
[953.191315] (-) TimerEvent: {}
[953.292461] (-) TimerEvent: {}
[953.393399] (-) TimerEvent: {}
[953.494358] (-) TimerEvent: {}
[953.595271] (-) TimerEvent: {}
[953.696214] (-) TimerEvent: {}
[953.797141] (-) TimerEvent: {}
[953.898105] (-) TimerEvent: {}
[953.999052] (-) TimerEvent: {}
[954.100005] (-) TimerEvent: {}
[954.200944] (-) TimerEvent: {}
[954.301894] (-) TimerEvent: {}
[954.402845] (-) TimerEvent: {}
[954.503895] (-) TimerEvent: {}
[954.604832] (-) TimerEvent: {}
[954.705803] (-) TimerEvent: {}
[954.806742] (-) TimerEvent: {}
[954.907674] (-) TimerEvent: {}
[955.008625] (-) TimerEvent: {}
[955.109594] (-) TimerEvent: {}
[955.210564] (-) TimerEvent: {}
[955.311666] (-) TimerEvent: {}
[955.412746] (-) TimerEvent: {}
[955.513870] (-) TimerEvent: {}
[955.615267] (-) TimerEvent: {}
[955.716677] (-) TimerEvent: {}
[955.817803] (-) TimerEvent: {}
[955.918737] (-) TimerEvent: {}
[956.019708] (-) TimerEvent: {}
[956.120691] (-) TimerEvent: {}
[956.221642] (-) TimerEvent: {}
[956.322615] (-) TimerEvent: {}
[956.423592] (-) TimerEvent: {}
[956.524564] (-) TimerEvent: {}
[956.625518] (-) TimerEvent: {}
[956.726463] (-) TimerEvent: {}
[956.827422] (-) TimerEvent: {}
[956.928360] (-) TimerEvent: {}
[957.029565] (-) TimerEvent: {}
[957.130809] (-) TimerEvent: {}
[957.754457] (-) TimerEvent: {}
[957.855402] (-) TimerEvent: {}
[957.956372] (-) TimerEvent: {}
[958.057515] (-) TimerEvent: {}
[958.158606] (-) TimerEvent: {}
[958.259718] (-) TimerEvent: {}
[958.360788] (-) TimerEvent: {}
[958.461797] (-) TimerEvent: {}
[958.562758] (-) TimerEvent: {}
[958.663690] (-) TimerEvent: {}
[958.764641] (-) TimerEvent: {}
[958.865608] (-) TimerEvent: {}
[958.966590] (-) TimerEvent: {}
[959.067536] (-) TimerEvent: {}
[959.168506] (-) TimerEvent: {}
[959.269517] (-) TimerEvent: {}
[959.370466] (-) TimerEvent: {}
[959.471394] (-) TimerEvent: {}
[961.901297] (-) TimerEvent: {}
[962.002260] (-) TimerEvent: {}
[962.103202] (-) TimerEvent: {}
[962.204134] (-) TimerEvent: {}
[962.305112] (-) TimerEvent: {}
[962.406286] (-) TimerEvent: {}
[962.507333] (-) TimerEvent: {}
[962.608266] (-) TimerEvent: {}
[962.709187] (-) TimerEvent: {}
[962.810128] (-) TimerEvent: {}
[962.911068] (-) TimerEvent: {}
[963.012038] (-) TimerEvent: {}
[963.112980] (-) TimerEvent: {}
[963.213936] (-) TimerEvent: {}
[963.314861] (-) TimerEvent: {}
[963.415822] (-) TimerEvent: {}
[963.516743] (-) TimerEvent: {}
[963.617701] (-) TimerEvent: {}
[963.718622] (-) TimerEvent: {}
[963.819547] (-) TimerEvent: {}
[963.920498] (-) TimerEvent: {}
[964.021550] (-) TimerEvent: {}
[964.122482] (-) TimerEvent: {}
[964.223417] (-) TimerEvent: {}
[964.324353] (-) TimerEvent: {}
[964.425305] (-) TimerEvent: {}
[964.526258] (-) TimerEvent: {}
[964.627237] (-) TimerEvent: {}
[964.728161] (-) TimerEvent: {}
[964.829079] (-) TimerEvent: {}
[964.930039] (-) TimerEvent: {}
[965.030957] (-) TimerEvent: {}
[965.131884] (-) TimerEvent: {}
[965.232812] (-) TimerEvent: {}
[965.333774] (-) TimerEvent: {}
[965.434711] (-) TimerEvent: {}
[965.535654] (-) TimerEvent: {}
[965.636615] (-) TimerEvent: {}
[965.737564] (-) TimerEvent: {}
[965.838496] (-) TimerEvent: {}
[965.939441] (-) TimerEvent: {}
[966.040393] (-) TimerEvent: {}
[966.141306] (-) TimerEvent: {}
[966.242288] (-) TimerEvent: {}
[966.343261] (-) TimerEvent: {}
[966.444276] (-) TimerEvent: {}
[966.545201] (-) TimerEvent: {}
[966.646217] (-) TimerEvent: {}
[966.747156] (-) TimerEvent: {}
[966.848097] (-) TimerEvent: {}
[966.949043] (-) TimerEvent: {}
[967.050016] (-) TimerEvent: {}
[967.150946] (-) TimerEvent: {}
[967.251878] (-) TimerEvent: {}
[967.352806] (-) TimerEvent: {}
[967.453756] (-) TimerEvent: {}
[967.554689] (-) TimerEvent: {}
[967.655610] (-) TimerEvent: {}
[967.756531] (-) TimerEvent: {}
[967.857488] (-) TimerEvent: {}
[967.958416] (-) TimerEvent: {}
[968.059358] (-) TimerEvent: {}
[968.160279] (-) TimerEvent: {}
[968.261206] (-) TimerEvent: {}
[968.362172] (-) TimerEvent: {}
[968.463104] (-) TimerEvent: {}
[968.564031] (-) TimerEvent: {}
[968.664954] (-) TimerEvent: {}
[968.765920] (-) TimerEvent: {}
[968.866844] (-) TimerEvent: {}
[968.967762] (-) TimerEvent: {}
[969.068669] (-) TimerEvent: {}
[969.169584] (-) TimerEvent: {}
[969.270492] (-) TimerEvent: {}
[969.371498] (-) TimerEvent: {}
[969.472585] (-) TimerEvent: {}
[969.573613] (-) TimerEvent: {}
[969.674893] (-) TimerEvent: {}
[969.776081] (-) TimerEvent: {}
[969.877230] (-) TimerEvent: {}
[969.978181] (-) TimerEvent: {}
[970.079118] (-) TimerEvent: {}
[970.180037] (-) TimerEvent: {}
[970.280952] (-) TimerEvent: {}
[970.381899] (-) TimerEvent: {}
[970.482817] (-) TimerEvent: {}
[970.583740] (-) TimerEvent: {}
[970.684665] (-) TimerEvent: {}
[970.785747] (-) TimerEvent: {}
[970.886681] (-) TimerEvent: {}
[970.987601] (-) TimerEvent: {}
[971.088516] (-) TimerEvent: {}
[971.189468] (-) TimerEvent: {}
[971.290384] (-) TimerEvent: {}
[971.391312] (-) TimerEvent: {}
[971.492226] (-) TimerEvent: {}
[971.593168] (-) TimerEvent: {}
[971.694116] (-) TimerEvent: {}
[971.795063] (-) TimerEvent: {}
[971.895997] (-) TimerEvent: {}
[971.996931] (-) TimerEvent: {}
[972.097937] (-) TimerEvent: {}
[972.199362] (-) TimerEvent: {}
[972.300306] (-) TimerEvent: {}
[972.401244] (-) TimerEvent: {}
[972.502230] (-) TimerEvent: {}
[972.603177] (-) TimerEvent: {}
[972.704138] (-) TimerEvent: {}
[972.805095] (-) TimerEvent: {}
[972.906120] (-) TimerEvent: {}
[973.007213] (-) TimerEvent: {}
[973.108232] (-) TimerEvent: {}
[973.209159] (-) TimerEvent: {}
[973.310114] (-) TimerEvent: {}
[973.411067] (-) TimerEvent: {}
[973.511992] (-) TimerEvent: {}
[973.612917] (-) TimerEvent: {}
[973.713885] (-) TimerEvent: {}
[973.814801] (-) TimerEvent: {}
[973.915722] (-) TimerEvent: {}
[974.016677] (-) TimerEvent: {}
[974.117635] (-) TimerEvent: {}
[974.218813] (-) TimerEvent: {}
[974.319958] (-) TimerEvent: {}
[974.420849] (-) TimerEvent: {}
[974.521803] (-) TimerEvent: {}
[974.622731] (-) TimerEvent: {}
[974.723716] (-) TimerEvent: {}
[974.824676] (-) TimerEvent: {}
[974.925615] (-) TimerEvent: {}
[992.165382] (-) TimerEvent: {}
[992.198879] (<colcon_parallel_executor.executor.parallel.ParallelExecutorExtension object at 0x7faa4c4d90>) ParallelStatus: {'processing': ('hobot_audio', 'xgo_face_control', 'xgo_gesture_control', 'xgo_head')}
[992.265604] (-) TimerEvent: {}
[992.366525] (-) TimerEvent: {}
[992.467459] (-) TimerEvent: {}
[992.568399] (-) TimerEvent: {}
[992.669350] (-) TimerEvent: {}
[992.770291] (-) TimerEvent: {}
[992.871246] (-) TimerEvent: {}
[992.972170] (-) TimerEvent: {}
[993.073113] (-) TimerEvent: {}
[993.174098] (-) TimerEvent: {}
[993.275020] (-) TimerEvent: {}
[993.375949] (-) TimerEvent: {}
[993.476885] (-) TimerEvent: {}
[993.577860] (-) TimerEvent: {}
[993.678781] (-) TimerEvent: {}
[993.779708] (-) TimerEvent: {}
[993.880635] (-) TimerEvent: {}
[993.981601] (-) TimerEvent: {}
[994.082532] (-) TimerEvent: {}
[994.183467] (-) TimerEvent: {}
[994.284390] (-) TimerEvent: {}
[994.385335] (-) TimerEvent: {}
[994.486265] (-) TimerEvent: {}
[994.587188] (-) TimerEvent: {}
[994.688100] (-) TimerEvent: {}
[994.789037] (-) TimerEvent: {}
[994.890019] (-) TimerEvent: {}
[994.990963] (-) TimerEvent: {}
[995.091933] (-) TimerEvent: {}
[995.192924] (-) TimerEvent: {}
[995.293916] (-) TimerEvent: {}
[995.394858] (-) TimerEvent: {}
[995.495780] (-) TimerEvent: {}
[995.596704] (-) TimerEvent: {}
[995.697612] (-) TimerEvent: {}
[995.798540] (-) TimerEvent: {}
[995.899462] (-) TimerEvent: {}
[996.000376] (-) TimerEvent: {}
[996.101303] (-) TimerEvent: {}
[996.202272] (-) TimerEvent: {}
[996.303210] (-) TimerEvent: {}
[996.404148] (-) TimerEvent: {}
[996.505123] (-) TimerEvent: {}
[996.606095] (-) TimerEvent: {}
[996.707034] (-) TimerEvent: {}
[996.807956] (-) TimerEvent: {}
[996.908883] (-) TimerEvent: {}
[997.009840] (-) TimerEvent: {}
[997.110805] (-) TimerEvent: {}
[997.212092] (-) TimerEvent: {}
[997.313328] (-) TimerEvent: {}
[997.414313] (-) TimerEvent: {}
[997.515250] (-) TimerEvent: {}
[997.616177] (-) TimerEvent: {}
[997.717437] (-) TimerEvent: {}
[997.818926] (-) TimerEvent: {}
[997.919948] (-) TimerEvent: {}
[998.020886] (-) TimerEvent: {}
[998.121856] (-) TimerEvent: {}
[998.222793] (-) TimerEvent: {}
[998.323730] (-) TimerEvent: {}
[998.424658] (-) TimerEvent: {}
[998.525594] (-) TimerEvent: {}
[998.626524] (-) TimerEvent: {}
[998.727459] (-) TimerEvent: {}
[998.828396] (-) TimerEvent: {}
[998.929339] (-) TimerEvent: {}
[999.030294] (-) TimerEvent: {}
[999.131232] (-) TimerEvent: {}
[999.232203] (-) TimerEvent: {}
[999.333305] (-) TimerEvent: {}
[999.434424] (-) TimerEvent: {}
[999.535342] (-) TimerEvent: {}
[999.636266] (-) TimerEvent: {}
[999.737194] (-) TimerEvent: {}
[999.838140] (-) TimerEvent: {}
[999.939059] (-) TimerEvent: {}
[1000.039985] (-) TimerEvent: {}
[1000.140899] (-) TimerEvent: {}
[1000.241949] (-) TimerEvent: {}
[1000.342869] (-) TimerEvent: {}
[1000.443899] (-) TimerEvent: {}
[1000.544867] (-) TimerEvent: {}
[1000.645975] (-) TimerEvent: {}
[1000.747036] (-) TimerEvent: {}
[1000.848084] (-) TimerEvent: {}
[1000.949153] (-) TimerEvent: {}
[1001.050205] (-) TimerEvent: {}
[1001.151247] (-) TimerEvent: {}
[1001.252273] (-) TimerEvent: {}
[1001.353204] (-) TimerEvent: {}
[1001.454195] (-) TimerEvent: {}
[1001.555172] (-) TimerEvent: {}
[1001.656102] (-) TimerEvent: {}
[1001.757033] (-) TimerEvent: {}
[1001.858015] (-) TimerEvent: {}
[1001.958936] (-) TimerEvent: {}
[1002.059858] (-) TimerEvent: {}
[1002.160793] (-) TimerEvent: {}
[1002.261740] (-) TimerEvent: {}
[1002.362668] (-) TimerEvent: {}
[1002.463584] (-) TimerEvent: {}
[1002.564514] (-) TimerEvent: {}
[1002.665460] (-) TimerEvent: {}
[1002.766393] (-) TimerEvent: {}
[1002.867333] (-) TimerEvent: {}
[1002.968253] (-) TimerEvent: {}
[1003.069164] (-) TimerEvent: {}
[1003.170124] (-) TimerEvent: {}
[1003.271061] (-) TimerEvent: {}
[1003.372081] (-) TimerEvent: {}
[1003.473130] (-) TimerEvent: {}
[1003.574220] (-) TimerEvent: {}
[1003.675225] (-) TimerEvent: {}
[1003.776192] (-) TimerEvent: {}
[1003.877115] (-) TimerEvent: {}
[1003.978071] (-) TimerEvent: {}
[1004.079021] (-) TimerEvent: {}
[1004.180050] (-) TimerEvent: {}
[1004.280973] (-) TimerEvent: {}
[1004.381956] (-) TimerEvent: {}
[1004.482888] (-) TimerEvent: {}
[1004.583820] (-) TimerEvent: {}
[1004.684761] (-) TimerEvent: {}
[1004.785728] (-) TimerEvent: {}
[1004.886662] (-) TimerEvent: {}
[1004.987609] (-) TimerEvent: {}
[1005.088558] (-) TimerEvent: {}
[1005.189522] (-) TimerEvent: {}
[1005.290517] (-) TimerEvent: {}
[1005.391440] (-) TimerEvent: {}
[1005.492369] (-) TimerEvent: {}
[1005.593310] (-) TimerEvent: {}
[1005.694257] (-) TimerEvent: {}
[1005.795157] (-) TimerEvent: {}
[1005.896072] (-) TimerEvent: {}
[1005.997003] (-) TimerEvent: {}
[1006.097945] (-) TimerEvent: {}
[1006.198866] (-) TimerEvent: {}
[1006.299805] (-) TimerEvent: {}
[1006.400732] (-) TimerEvent: {}
[1006.501710] (-) TimerEvent: {}
[1006.602643] (-) TimerEvent: {}
[1006.703576] (-) TimerEvent: {}
[1006.804476] (-) TimerEvent: {}
[1006.905402] (-) TimerEvent: {}
[1007.006495] (-) TimerEvent: {}
[1007.107446] (-) TimerEvent: {}
[1007.208582] (-) TimerEvent: {}
[1007.309641] (-) TimerEvent: {}
[1007.410613] (-) TimerEvent: {}
[1007.511545] (-) TimerEvent: {}
[1007.612459] (-) TimerEvent: {}
[1007.713446] (-) TimerEvent: {}
[1007.814376] (-) TimerEvent: {}
[1007.915315] (-) TimerEvent: {}
[1008.016254] (-) TimerEvent: {}
[1008.117197] (-) TimerEvent: {}
[1008.218167] (-) TimerEvent: {}
[1008.319090] (-) TimerEvent: {}
[1008.420045] (-) TimerEvent: {}
[1008.520988] (-) TimerEvent: {}
[1008.621977] (-) TimerEvent: {}
[1008.722916] (-) TimerEvent: {}
[1008.823853] (-) TimerEvent: {}
[1008.924781] (-) TimerEvent: {}
[1009.025756] (-) TimerEvent: {}
[1009.126680] (-) TimerEvent: {}
[1009.227615] (-) TimerEvent: {}
[1009.328543] (-) TimerEvent: {}
[1009.429511] (-) TimerEvent: {}
[1009.530471] (-) TimerEvent: {}
[1009.631409] (-) TimerEvent: {}
[1009.732333] (-) TimerEvent: {}
[1009.833263] (-) TimerEvent: {}
[1009.934224] (-) TimerEvent: {}
[1010.035152] (-) TimerEvent: {}
[1010.136153] (-) TimerEvent: {}
[1010.237060] (-) TimerEvent: {}
[1010.338097] (-) TimerEvent: {}
[1010.439023] (-) TimerEvent: {}
[1010.539973] (-) TimerEvent: {}
[1010.640902] (-) TimerEvent: {}
[1010.741943] (-) TimerEvent: {}
[1010.842989] (-) TimerEvent: {}
[1010.943940] (-) TimerEvent: {}
[1011.044876] (-) TimerEvent: {}
[1011.145842] (-) TimerEvent: {}
[1011.246790] (-) TimerEvent: {}
[1011.347725] (-) TimerEvent: {}
[1011.448650] (-) TimerEvent: {}
[1011.549598] (-) TimerEvent: {}
[1011.650599] (-) TimerEvent: {}
[1011.751543] (-) TimerEvent: {}
[1011.852487] (-) TimerEvent: {}
[1011.953489] (-) TimerEvent: {}
[1012.054846] (-) TimerEvent: {}
[1012.156072] (-) TimerEvent: {}
[1012.257737] (-) TimerEvent: {}
[1012.358902] (-) TimerEvent: {}
[1012.460081] (-) TimerEvent: {}
[1012.560991] (-) TimerEvent: {}
[1012.661932] (-) TimerEvent: {}
[1012.762846] (-) TimerEvent: {}
[1012.863777] (-) TimerEvent: {}
[1012.964696] (-) TimerEvent: {}
[1013.065599] (-) TimerEvent: {}
[1013.166508] (-) TimerEvent: {}
[1013.267419] (-) TimerEvent: {}
[1013.368348] (-) TimerEvent: {}
[1013.469258] (-) TimerEvent: {}
[1013.570201] (-) TimerEvent: {}
[1013.671118] (-) TimerEvent: {}
[1013.772023] (-) TimerEvent: {}
[1013.872958] (-) TimerEvent: {}
[1013.973942] (-) TimerEvent: {}
[1014.074971] (-) TimerEvent: {}
[1014.176094] (-) TimerEvent: {}
[1014.277110] (-) TimerEvent: {}
[1014.378129] (-) TimerEvent: {}
[1014.479148] (-) TimerEvent: {}
[1014.580204] (-) TimerEvent: {}
[1014.681225] (-) TimerEvent: {}
[1014.782340] (-) TimerEvent: {}
[1014.883260] (-) TimerEvent: {}
[1014.984200] (-) TimerEvent: {}
[1015.085151] (-) TimerEvent: {}
[1015.186184] (-) TimerEvent: {}
[1015.287180] (-) TimerEvent: {}
[1015.388264] (-) TimerEvent: {}
[1015.489210] (-) TimerEvent: {}
[1015.590218] (-) TimerEvent: {}
[1015.691286] (-) TimerEvent: {}
[1015.792206] (-) TimerEvent: {}
[1015.893127] (-) TimerEvent: {}
[1015.994070] (-) TimerEvent: {}
[1016.095007] (-) TimerEvent: {}
[1016.195955] (-) TimerEvent: {}
[1016.296894] (-) TimerEvent: {}
[1016.397856] (-) TimerEvent: {}
[1016.498791] (-) TimerEvent: {}
[1016.599713] (-) TimerEvent: {}
[1016.700649] (-) TimerEvent: {}
[1016.801576] (-) TimerEvent: {}
[1016.902528] (-) TimerEvent: {}
[1017.003554] (-) TimerEvent: {}
[1017.104680] (-) TimerEvent: {}
[1017.206031] (-) TimerEvent: {}
[1017.307071] (-) TimerEvent: {}
[1017.408017] (-) TimerEvent: {}
[1017.508958] (-) TimerEvent: {}
[1017.609929] (-) TimerEvent: {}
[1017.710845] (-) TimerEvent: {}
[1017.811797] (-) TimerEvent: {}
[1017.912752] (-) TimerEvent: {}
[1018.013731] (-) TimerEvent: {}
[1018.114643] (-) TimerEvent: {}
[1018.215568] (-) TimerEvent: {}
[1018.316524] (-) TimerEvent: {}
[1018.417483] (-) TimerEvent: {}
[1018.518443] (-) TimerEvent: {}
[1018.619380] (-) TimerEvent: {}
[1018.720314] (-) TimerEvent: {}
[1018.821226] (-) TimerEvent: {}
[1018.922183] (-) TimerEvent: {}
[1019.023098] (-) TimerEvent: {}
[1019.124026] (-) TimerEvent: {}
[1019.224954] (-) TimerEvent: {}
[1019.325884] (-) TimerEvent: {}
[1019.426824] (-) TimerEvent: {}
[1019.527756] (-) TimerEvent: {}
[1019.628671] (-) TimerEvent: {}
[1019.729597] (-) TimerEvent: {}
[1019.830526] (-) TimerEvent: {}
[1019.931413] (-) TimerEvent: {}
[1020.032319] (-) TimerEvent: {}
[1020.133272] (-) TimerEvent: {}
[1020.234215] (-) TimerEvent: {}
[1020.335178] (-) TimerEvent: {}
[1020.436195] (-) TimerEvent: {}
[1020.537139] (-) TimerEvent: {}
[1020.638092] (-) TimerEvent: {}
[1020.739016] (-) TimerEvent: {}
[1020.839964] (-) TimerEvent: {}
[1020.940895] (-) TimerEvent: {}
[1021.041872] (-) TimerEvent: {}
[1021.142822] (-) TimerEvent: {}
[1021.243764] (-) TimerEvent: {}
[1021.344699] (-) TimerEvent: {}
[1021.445608] (-) TimerEvent: {}
[1021.546565] (-) TimerEvent: {}
[1021.647534] (-) TimerEvent: {}
[1021.748584] (-) TimerEvent: {}
[1021.849617] (-) TimerEvent: {}
[1021.950581] (-) TimerEvent: {}
[1022.051802] (-) TimerEvent: {}
[1022.153260] (-) TimerEvent: {}
[1022.223335] (<colcon_parallel_executor.executor.parallel.ParallelExecutorExtension object at 0x7faa4c4d90>) ParallelStatus: {'processing': ('hobot_audio', 'xgo_face_control', 'xgo_gesture_control', 'xgo_head')}
[1022.253243] (-) TimerEvent: {}
[1022.354153] (-) TimerEvent: {}
[1022.455092] (-) TimerEvent: {}
[1022.556092] (-) TimerEvent: {}
[1022.657030] (-) TimerEvent: {}
[1022.758034] (-) TimerEvent: {}
[1022.858975] (-) TimerEvent: {}
[1022.959924] (-) TimerEvent: {}
[1023.060866] (-) TimerEvent: {}
[1023.161835] (-) TimerEvent: {}
[1023.262794] (-) TimerEvent: {}
[1023.363802] (-) TimerEvent: {}
[1023.464740] (-) TimerEvent: {}
[1023.565720] (-) TimerEvent: {}
[1023.666666] (-) TimerEvent: {}
[1023.767613] (-) TimerEvent: {}
[1023.868560] (-) TimerEvent: {}
[1023.969519] (-) TimerEvent: {}
[1024.070455] (-) TimerEvent: {}
[1024.171387] (-) TimerEvent: {}
[1024.272321] (-) TimerEvent: {}
[1024.373263] (-) TimerEvent: {}
[1024.474250] (-) TimerEvent: {}
[1024.575172] (-) TimerEvent: {}
[1024.676097] (-) TimerEvent: {}
[1024.777037] (-) TimerEvent: {}
[1024.878017] (-) TimerEvent: {}
[1024.978977] (-) TimerEvent: {}
[1025.079942] (-) TimerEvent: {}
[1025.180956] (-) TimerEvent: {}
[1025.281950] (-) TimerEvent: {}
[1025.383239] (-) TimerEvent: {}
[1025.487319] (-) TimerEvent: {}
[1025.588249] (-) TimerEvent: {}
[1025.689158] (-) TimerEvent: {}
[1025.790100] (-) TimerEvent: {}
[1025.891020] (-) TimerEvent: {}
[1025.991953] (-) TimerEvent: {}
[1026.092876] (-) TimerEvent: {}
[1026.193840] (-) TimerEvent: {}
[1026.294768] (-) TimerEvent: {}
[1026.395692] (-) TimerEvent: {}
[1026.496610] (-) TimerEvent: {}
[1026.597557] (-) TimerEvent: {}
[1026.698473] (-) TimerEvent: {}
[1026.799385] (-) TimerEvent: {}
[1026.900325] (-) TimerEvent: {}
[1027.001231] (-) TimerEvent: {}
[1027.102232] (-) TimerEvent: {}
[1027.203153] (-) TimerEvent: {}
[1027.304119] (-) TimerEvent: {}
[1027.405159] (-) TimerEvent: {}
[1027.506115] (-) TimerEvent: {}
[1027.607046] (-) TimerEvent: {}
[1027.707978] (-) TimerEvent: {}
[1027.808926] (-) TimerEvent: {}
[1027.909930] (-) TimerEvent: {}
[1028.010887] (-) TimerEvent: {}
[1028.111854] (-) TimerEvent: {}
[1028.212888] (-) TimerEvent: {}
[1028.313861] (-) TimerEvent: {}
[1028.414806] (-) TimerEvent: {}
[1028.515770] (-) TimerEvent: {}
[1028.616796] (-) TimerEvent: {}
[1028.717775] (-) TimerEvent: {}
[1028.818708] (-) TimerEvent: {}
[1028.919655] (-) TimerEvent: {}
[1029.020608] (-) TimerEvent: {}
[1029.121555] (-) TimerEvent: {}
[1029.222480] (-) TimerEvent: {}
[1029.323423] (-) TimerEvent: {}
[1029.424361] (-) TimerEvent: {}
[1029.525291] (-) TimerEvent: {}
[1029.626289] (-) TimerEvent: {}
[1029.727240] (-) TimerEvent: {}
[1029.828244] (-) TimerEvent: {}
[1029.929253] (-) TimerEvent: {}
[1030.030316] (-) TimerEvent: {}
[1030.131264] (-) TimerEvent: {}
[1030.232191] (-) TimerEvent: {}
[1030.333128] (-) TimerEvent: {}
[1030.434112] (-) TimerEvent: {}
[1030.926619] (-) TimerEvent: {}
[1031.027566] (-) TimerEvent: {}
[1031.128495] (-) TimerEvent: {}
[1031.229468] (-) TimerEvent: {}
[1031.330392] (-) TimerEvent: {}
[1031.431345] (-) TimerEvent: {}
[1031.532281] (-) TimerEvent: {}
[1031.633183] (-) TimerEvent: {}
[1031.734145] (-) TimerEvent: {}
[1031.835072] (-) TimerEvent: {}
[1031.936026] (-) TimerEvent: {}
[1032.036950] (-) TimerEvent: {}
[1032.137885] (-) TimerEvent: {}
[1032.238799] (-) TimerEvent: {}
[1032.339715] (-) TimerEvent: {}
[1032.440662] (-) TimerEvent: {}
[1032.541787] (-) TimerEvent: {}
[1032.642722] (-) TimerEvent: {}
[1032.743669] (-) TimerEvent: {}
[1032.844568] (-) TimerEvent: {}
[1032.945537] (-) TimerEvent: {}
[1033.046593] (-) TimerEvent: {}
[1033.147620] (-) TimerEvent: {}
[1033.248536] (-) TimerEvent: {}
[1033.349477] (-) TimerEvent: {}
[1033.450401] (-) TimerEvent: {}
[1033.551332] (-) TimerEvent: {}
[1033.652282] (-) TimerEvent: {}
[1033.753248] (-) TimerEvent: {}
[1033.854227] (-) TimerEvent: {}
[1033.955160] (-) TimerEvent: {}
[1034.056093] (-) TimerEvent: {}
[1034.157020] (-) TimerEvent: {}
[1034.258018] (-) TimerEvent: {}
[1034.359086] (-) TimerEvent: {}
[1034.460128] (-) TimerEvent: {}
[1034.561076] (-) TimerEvent: {}
[1034.662057] (-) TimerEvent: {}
[1034.762989] (-) TimerEvent: {}
[1034.863911] (-) TimerEvent: {}
[1034.964838] (-) TimerEvent: {}
[1035.065804] (-) TimerEvent: {}
[1035.166737] (-) TimerEvent: {}
[1035.267671] (-) TimerEvent: {}
[1035.368600] (-) TimerEvent: {}
[1035.469548] (-) TimerEvent: {}
[1035.570489] (-) TimerEvent: {}
[1035.671424] (-) TimerEvent: {}
[1035.772375] (-) TimerEvent: {}
[1035.873313] (-) TimerEvent: {}
[1035.974284] (-) TimerEvent: {}
[1036.075198] (-) TimerEvent: {}
[1036.176148] (-) TimerEvent: {}
[1036.277112] (-) TimerEvent: {}
[1036.378370] (-) TimerEvent: {}
[1036.479317] (-) TimerEvent: {}
[1036.580268] (-) TimerEvent: {}
[1036.681202] (-) TimerEvent: {}
[1036.782169] (-) TimerEvent: {}
[1036.883184] (-) TimerEvent: {}
[1036.984115] (-) TimerEvent: {}
[1037.085124] (-) TimerEvent: {}
[1037.186385] (-) TimerEvent: {}
[1037.287413] (-) TimerEvent: {}
[1037.388343] (-) TimerEvent: {}
[1037.489278] (-) TimerEvent: {}
[1037.590236] (-) TimerEvent: {}
[1037.691162] (-) TimerEvent: {}
[1037.792095] (-) TimerEvent: {}
[1037.893014] (-) TimerEvent: {}
[1037.993981] (-) TimerEvent: {}
[1038.094917] (-) TimerEvent: {}
[1038.195827] (-) TimerEvent: {}
[1038.296746] (-) TimerEvent: {}
[1038.397727] (-) TimerEvent: {}
[1038.498658] (-) TimerEvent: {}
[1038.599569] (-) TimerEvent: {}
[1038.700519] (-) TimerEvent: {}
[1038.801589] (-) TimerEvent: {}
[1038.902494] (-) TimerEvent: {}
[1039.003409] (-) TimerEvent: {}
[1039.104378] (-) TimerEvent: {}
[1039.205281] (-) TimerEvent: {}
[1039.306215] (-) TimerEvent: {}
[1039.407152] (-) TimerEvent: {}
[1039.508049] (-) TimerEvent: {}
[1039.608972] (-) TimerEvent: {}
[1039.709946] (-) TimerEvent: {}
[1039.810881] (-) TimerEvent: {}
[1039.911829] (-) TimerEvent: {}
[1040.012785] (-) TimerEvent: {}
[1040.113730] (-) TimerEvent: {}
[1040.214691] (-) TimerEvent: {}
[1040.315617] (-) TimerEvent: {}
[1040.416551] (-) TimerEvent: {}
[1040.517524] (-) TimerEvent: {}
[1040.618465] (-) TimerEvent: {}
[1040.719401] (-) TimerEvent: {}
[1040.820336] (-) TimerEvent: {}
[1040.921318] (-) TimerEvent: {}
[1041.022474] (-) TimerEvent: {}
[1041.123528] (-) TimerEvent: {}
[1041.224844] (-) TimerEvent: {}
[1041.325878] (-) TimerEvent: {}
[1041.426826] (-) TimerEvent: {}
[1041.527756] (-) TimerEvent: {}
[1041.628696] (-) TimerEvent: {}
[1041.729673] (-) TimerEvent: {}
[1041.830610] (-) TimerEvent: {}
[1041.931548] (-) TimerEvent: {}
[1042.032534] (-) TimerEvent: {}
[1042.133533] (-) TimerEvent: {}
[1042.234546] (-) TimerEvent: {}
[1042.335470] (-) TimerEvent: {}
[1042.436398] (-) TimerEvent: {}
[1042.537333] (-) TimerEvent: {}
[1042.638317] (-) TimerEvent: {}
[1042.739275] (-) TimerEvent: {}
[1042.840207] (-) TimerEvent: {}
[1042.941139] (-) TimerEvent: {}
[1043.042096] (-) TimerEvent: {}
[1043.143027] (-) TimerEvent: {}
[1043.243976] (-) TimerEvent: {}
[1043.344912] (-) TimerEvent: {}
[1043.445914] (-) TimerEvent: {}
[1043.546847] (-) TimerEvent: {}
[1043.647787] (-) TimerEvent: {}
[1043.748706] (-) TimerEvent: {}
[1043.849685] (-) TimerEvent: {}
[1043.950634] (-) TimerEvent: {}
[1044.051560] (-) TimerEvent: {}
[1044.152495] (-) TimerEvent: {}
[1044.253473] (-) TimerEvent: {}
[1044.354439] (-) TimerEvent: {}
[1044.455340] (-) TimerEvent: {}
[1044.556264] (-) TimerEvent: {}
[1044.657183] (-) TimerEvent: {}
[1044.758125] (-) TimerEvent: {}
[1044.859027] (-) TimerEvent: {}
[1044.959942] (-) TimerEvent: {}
[1045.060900] (-) TimerEvent: {}
[1045.161842] (-) TimerEvent: {}
[1045.262750] (-) TimerEvent: {}
[1045.363686] (-) TimerEvent: {}
[1045.464607] (-) TimerEvent: {}
[1045.565550] (-) TimerEvent: {}
[1045.666476] (-) TimerEvent: {}
[1045.767391] (-) TimerEvent: {}
[1045.868305] (-) TimerEvent: {}
[1045.969230] (-) TimerEvent: {}
[1046.070181] (-) TimerEvent: {}
[1046.171103] (-) TimerEvent: {}
[1046.272039] (-) TimerEvent: {}
[1046.372977] (-) TimerEvent: {}
[1046.473974] (-) TimerEvent: {}
[1046.574913] (-) TimerEvent: {}
[1046.675844] (-) TimerEvent: {}
[1046.776795] (-) TimerEvent: {}
[1046.877784] (-) TimerEvent: {}
[1046.978858] (-) TimerEvent: {}
[1047.079971] (-) TimerEvent: {}
[1047.180893] (-) TimerEvent: {}
[1047.281908] (-) TimerEvent: {}
[1047.383243] (-) TimerEvent: {}
[1047.484168] (-) TimerEvent: {}
[1047.585108] (-) TimerEvent: {}
[1047.686085] (-) TimerEvent: {}
[1047.787012] (-) TimerEvent: {}
[1047.887950] (-) TimerEvent: {}
[1047.988882] (-) TimerEvent: {}
[1048.089861] (-) TimerEvent: {}
[1048.190792] (-) TimerEvent: {}
[1048.291729] (-) TimerEvent: {}
[1048.392676] (-) TimerEvent: {}
[1048.493607] (-) TimerEvent: {}
[1048.594580] (-) TimerEvent: {}
[1048.695512] (-) TimerEvent: {}
[1048.796455] (-) TimerEvent: {}
[1048.897408] (-) TimerEvent: {}
[1048.998363] (-) TimerEvent: {}
[1049.099277] (-) TimerEvent: {}
[1049.200207] (-) TimerEvent: {}
[1049.301166] (-) TimerEvent: {}
[1049.402288] (-) TimerEvent: {}
[1049.503216] (-) TimerEvent: {}
[1049.604140] (-) TimerEvent: {}
[1049.705068] (-) TimerEvent: {}
[1049.806133] (-) TimerEvent: {}
[1049.907071] (-) TimerEvent: {}
[1050.008004] (-) TimerEvent: {}
[1050.108944] (-) TimerEvent: {}
[1050.209919] (-) TimerEvent: {}
[1050.310865] (-) TimerEvent: {}
[1050.411814] (-) TimerEvent: {}
[1050.512734] (-) TimerEvent: {}
[1050.613694] (-) TimerEvent: {}
[1050.714627] (-) TimerEvent: {}
[1050.815556] (-) TimerEvent: {}
[1050.916501] (-) TimerEvent: {}
[1051.017444] (-) TimerEvent: {}
[1051.118379] (-) TimerEvent: {}
[1051.219326] (-) TimerEvent: {}
[1051.320264] (-) TimerEvent: {}
[1051.421206] (-) TimerEvent: {}
[1051.522141] (-) TimerEvent: {}
[1051.623066] (-) TimerEvent: {}
[1051.723998] (-) TimerEvent: {}
[1051.824924] (-) TimerEvent: {}
[1051.925881] (-) TimerEvent: {}
[1052.026802] (-) TimerEvent: {}
[1052.127767] (-) TimerEvent: {}
[1052.228674] (-) TimerEvent: {}
[1052.251860] (<colcon_parallel_executor.executor.parallel.ParallelExecutorExtension object at 0x7faa4c4d90>) ParallelStatus: {'processing': ('hobot_audio', 'xgo_face_control', 'xgo_gesture_control', 'xgo_head')}
[1052.328848] (-) TimerEvent: {}
[1052.429794] (-) TimerEvent: {}
[1052.530721] (-) TimerEvent: {}
[1052.631642] (-) TimerEvent: {}
[1052.732548] (-) TimerEvent: {}
[1052.833457] (-) TimerEvent: {}
[1052.934352] (-) TimerEvent: {}
[1053.035256] (-) TimerEvent: {}
[1053.136156] (-) TimerEvent: {}
[1053.237062] (-) TimerEvent: {}
[1053.338087] (-) TimerEvent: {}
[1053.439139] (-) TimerEvent: {}
[1053.540353] (-) TimerEvent: {}
[1053.641379] (-) TimerEvent: {}
[1053.742364] (-) TimerEvent: {}
[1053.843335] (-) TimerEvent: {}
[1053.944292] (-) TimerEvent: {}
[1054.045220] (-) TimerEvent: {}
[1054.146191] (-) TimerEvent: {}
[1054.247119] (-) TimerEvent: {}
[1054.348068] (-) TimerEvent: {}
[1054.448987] (-) TimerEvent: {}
[1054.549953] (-) TimerEvent: {}
[1054.650871] (-) TimerEvent: {}
[1054.751820] (-) TimerEvent: {}
[1054.852800] (-) TimerEvent: {}
[1054.953789] (-) TimerEvent: {}
[1055.054825] (-) TimerEvent: {}
[1055.155755] (-) TimerEvent: {}
[1055.256678] (-) TimerEvent: {}
[1055.357607] (-) TimerEvent: {}
[1055.458554] (-) TimerEvent: {}
[1055.559544] (-) TimerEvent: {}
[1055.660591] (-) TimerEvent: {}
[1055.761529] (-) TimerEvent: {}
[1055.862444] (-) TimerEvent: {}
[1055.963385] (-) TimerEvent: {}
[1056.064296] (-) TimerEvent: {}
[1056.165232] (-) TimerEvent: {}
[1056.266191] (-) TimerEvent: {}
[1056.367122] (-) TimerEvent: {}
[1056.468043] (-) TimerEvent: {}
[1056.568976] (-) TimerEvent: {}
[1056.669980] (-) TimerEvent: {}
[1056.770918] (-) TimerEvent: {}
[1056.871866] (-) TimerEvent: {}
[1056.972845] (-) TimerEvent: {}
[1057.073809] (-) TimerEvent: {}
[1057.174810] (-) TimerEvent: {}
[1057.275756] (-) TimerEvent: {}
[1057.376719] (-) TimerEvent: {}
[1057.477693] (-) TimerEvent: {}
[1057.578635] (-) TimerEvent: {}
[1057.679575] (-) TimerEvent: {}
[1057.780532] (-) TimerEvent: {}
[1057.881501] (-) TimerEvent: {}
[1057.982528] (-) TimerEvent: {}
[1058.083662] (-) TimerEvent: {}
[1058.184660] (-) TimerEvent: {}
[1058.285602] (-) TimerEvent: {}
[1058.386536] (-) TimerEvent: {}
[1058.487475] (-) TimerEvent: {}
[1058.588566] (-) TimerEvent: {}
[1058.689541] (-) TimerEvent: {}
[1058.790513] (-) TimerEvent: {}
[1058.891458] (-) TimerEvent: {}
[1058.992406] (-) TimerEvent: {}
[1059.093360] (-) TimerEvent: {}
[1059.194320] (-) TimerEvent: {}
[1059.295238] (-) TimerEvent: {}
[1059.396156] (-) TimerEvent: {}
[1059.497071] (-) TimerEvent: {}
[1059.598017] (-) TimerEvent: {}
[1059.698935] (-) TimerEvent: {}
[1059.799851] (-) TimerEvent: {}
[1059.900769] (-) TimerEvent: {}
[1060.001712] (-) TimerEvent: {}
[1060.102621] (-) TimerEvent: {}
[1060.203521] (-) TimerEvent: {}
[1060.304438] (-) TimerEvent: {}
[1060.405484] (-) TimerEvent: {}
[1060.506593] (-) TimerEvent: {}
[1060.607542] (-) TimerEvent: {}
[1060.708475] (-) TimerEvent: {}
[1060.809430] (-) TimerEvent: {}
[1060.910443] (-) TimerEvent: {}
[1061.011355] (-) TimerEvent: {}
[1061.112286] (-) TimerEvent: {}
[1061.213241] (-) TimerEvent: {}
[1061.314353] (-) TimerEvent: {}
[1061.415315] (-) TimerEvent: {}
[1061.516267] (-) TimerEvent: {}
[1061.617204] (-) TimerEvent: {}
[1061.718164] (-) TimerEvent: {}
[1061.819092] (-) TimerEvent: {}
[1061.920040] (-) TimerEvent: {}
[1062.020982] (-) TimerEvent: {}
[1062.121965] (-) TimerEvent: {}
[1062.222918] (-) TimerEvent: {}
[1062.323842] (-) TimerEvent: {}
[1062.424775] (-) TimerEvent: {}
[1062.525742] (-) TimerEvent: {}
[1062.626670] (-) TimerEvent: {}
[1062.727611] (-) TimerEvent: {}
[1062.828543] (-) TimerEvent: {}
[1062.929504] (-) TimerEvent: {}
[1063.030462] (-) TimerEvent: {}
[1063.131404] (-) TimerEvent: {}
[1063.232331] (-) TimerEvent: {}
[1063.333287] (-) TimerEvent: {}
[1063.434278] (-) TimerEvent: {}
[1063.535228] (-) TimerEvent: {}
[1063.636192] (-) TimerEvent: {}
[1063.737378] (-) TimerEvent: {}
[1063.838449] (-) TimerEvent: {}
[1063.939376] (-) TimerEvent: {}
[1064.040318] (-) TimerEvent: {}
[1064.141259] (-) TimerEvent: {}
[1064.242229] (-) TimerEvent: {}
[1064.343513] (-) TimerEvent: {}
[1064.444513] (-) TimerEvent: {}
[1064.545754] (-) TimerEvent: {}
[1064.647019] (-) TimerEvent: {}
[1064.748254] (-) TimerEvent: {}
[1064.849592] (-) TimerEvent: {}
[1064.951158] (-) TimerEvent: {}
[1065.052147] (-) TimerEvent: {}
[1065.153081] (-) TimerEvent: {}
[1065.254045] (-) TimerEvent: {}
[1065.354966] (-) TimerEvent: {}
[1065.455895] (-) TimerEvent: {}
[1065.556831] (-) TimerEvent: {}
[1065.657768] (-) TimerEvent: {}
[1065.758688] (-) TimerEvent: {}
[1065.859618] (-) TimerEvent: {}
[1065.960529] (-) TimerEvent: {}
[1066.061467] (-) TimerEvent: {}
[1066.162379] (-) TimerEvent: {}
[1066.263306] (-) TimerEvent: {}
[1066.364234] (-) TimerEvent: {}
[1066.465164] (-) TimerEvent: {}
[1066.566110] (-) TimerEvent: {}
[1066.667041] (-) TimerEvent: {}
[1066.767961] (-) TimerEvent: {}
[1066.868878] (-) TimerEvent: {}
[1066.969887] (-) TimerEvent: {}
[1067.070832] (-) TimerEvent: {}
[1067.171764] (-) TimerEvent: {}
[1067.272703] (-) TimerEvent: {}
[1067.373698] (-) TimerEvent: {}
[1067.474628] (-) TimerEvent: {}
[1067.575564] (-) TimerEvent: {}
[1067.676602] (-) TimerEvent: {}
[1067.777769] (-) TimerEvent: {}
[1067.878799] (-) TimerEvent: {}
[1067.979730] (-) TimerEvent: {}
[1068.080666] (-) TimerEvent: {}
[1068.181656] (-) TimerEvent: {}
[1068.282591] (-) TimerEvent: {}
[1068.383533] (-) TimerEvent: {}
[1068.484464] (-) TimerEvent: {}
[1068.585433] (-) TimerEvent: {}
[1068.686374] (-) TimerEvent: {}
[1068.787340] (-) TimerEvent: {}
[1068.888377] (-) TimerEvent: {}
[1068.989328] (-) TimerEvent: {}
[1069.090299] (-) TimerEvent: {}
[1069.191224] (-) TimerEvent: {}
[1069.292163] (-) TimerEvent: {}
[1069.393102] (-) TimerEvent: {}
[1069.494134] (-) TimerEvent: {}
[1069.595070] (-) TimerEvent: {}
[1069.696011] (-) TimerEvent: {}
[1069.797212] (-) TimerEvent: {}
[1069.898679] (-) TimerEvent: {}
[1069.999690] (-) TimerEvent: {}
[1070.100633] (-) TimerEvent: {}
[1070.201577] (-) TimerEvent: {}
[1070.302541] (-) TimerEvent: {}
[1070.403486] (-) TimerEvent: {}
[1070.504428] (-) TimerEvent: {}
[1070.605353] (-) TimerEvent: {}
[1070.706310] (-) TimerEvent: {}
[1070.807252] (-) TimerEvent: {}
[1070.908188] (-) TimerEvent: {}
[1071.009133] (-) TimerEvent: {}
[1071.110091] (-) TimerEvent: {}
[1071.211030] (-) TimerEvent: {}
[1071.311972] (-) TimerEvent: {}
[1071.412913] (-) TimerEvent: {}
[1071.513889] (-) TimerEvent: {}
[1071.614828] (-) TimerEvent: {}
[1071.715751] (-) TimerEvent: {}
[1071.816682] (-) TimerEvent: {}
[1071.917607] (-) TimerEvent: {}
[1072.018533] (-) TimerEvent: {}
[1072.119452] (-) TimerEvent: {}
[1072.220384] (-) TimerEvent: {}
[1072.321304] (-) TimerEvent: {}
[1072.422261] (-) TimerEvent: {}
[1072.523198] (-) TimerEvent: {}
[1072.624120] (-) TimerEvent: {}
[1072.725061] (-) TimerEvent: {}
[1072.826006] (-) TimerEvent: {}
[1072.926929] (-) TimerEvent: {}
[1073.027852] (-) TimerEvent: {}
[1073.128776] (-) TimerEvent: {}
[1073.229799] (-) TimerEvent: {}
[1073.330723] (-) TimerEvent: {}
[1073.431651] (-) TimerEvent: {}
[1073.532586] (-) TimerEvent: {}
[1073.633531] (-) TimerEvent: {}
[1073.734453] (-) TimerEvent: {}
[1073.835375] (-) TimerEvent: {}
[1073.936319] (-) TimerEvent: {}
[1074.037251] (-) TimerEvent: {}
[1074.138202] (-) TimerEvent: {}
[1074.239145] (-) TimerEvent: {}
[1074.340078] (-) TimerEvent: {}
[1074.441035] (-) TimerEvent: {}
[1074.542007] (-) TimerEvent: {}
[1074.642933] (-) TimerEvent: {}
[1074.743880] (-) TimerEvent: {}
[1074.844829] (-) TimerEvent: {}
[1074.945816] (-) TimerEvent: {}
[1075.046854] (-) TimerEvent: {}
[1075.147797] (-) TimerEvent: {}
[1075.248731] (-) TimerEvent: {}
[1075.349704] (-) TimerEvent: {}
[1075.450694] (-) TimerEvent: {}
[1075.551618] (-) TimerEvent: {}
[1075.652528] (-) TimerEvent: {}
[1075.753501] (-) TimerEvent: {}
[1075.854425] (-) TimerEvent: {}
[1075.955368] (-) TimerEvent: {}
[1076.056302] (-) TimerEvent: {}
[1076.157283] (-) TimerEvent: {}
[1076.258348] (-) TimerEvent: {}
[1076.359280] (-) TimerEvent: {}
[1076.460261] (-) TimerEvent: {}
[1076.561203] (-) TimerEvent: {}
[1076.662183] (-) TimerEvent: {}
[1076.763097] (-) TimerEvent: {}
[1076.864023] (-) TimerEvent: {}
[1076.964961] (-) TimerEvent: {}
[1077.065919] (-) TimerEvent: {}
[1077.166861] (-) TimerEvent: {}
[1077.267915] (-) TimerEvent: {}
[1077.368938] (-) TimerEvent: {}
[1077.469924] (-) TimerEvent: {}
[1077.570850] (-) TimerEvent: {}
[1077.671919] (-) TimerEvent: {}
[1077.772895] (-) TimerEvent: {}
[1077.873851] (-) TimerEvent: {}
[1077.974788] (-) TimerEvent: {}
[1078.075715] (-) TimerEvent: {}
[1078.176640] (-) TimerEvent: {}
[1078.277626] (-) TimerEvent: {}
[1078.378573] (-) TimerEvent: {}
[1078.479513] (-) TimerEvent: {}
[1078.580473] (-) TimerEvent: {}
[1078.681440] (-) TimerEvent: {}
[1078.782373] (-) TimerEvent: {}
[1078.883299] (-) TimerEvent: {}
[1078.984232] (-) TimerEvent: {}
[1079.085187] (-) TimerEvent: {}
[1079.186150] (-) TimerEvent: {}
[1079.287073] (-) TimerEvent: {}
[1079.388017] (-) TimerEvent: {}
[1079.488947] (-) TimerEvent: {}
[1079.589928] (-) TimerEvent: {}
[1079.690866] (-) TimerEvent: {}
[1079.791799] (-) TimerEvent: {}
[1079.892756] (-) TimerEvent: {}
[1079.993741] (-) TimerEvent: {}
[1080.094686] (-) TimerEvent: {}
[1080.195607] (-) TimerEvent: {}
[1080.296510] (-) TimerEvent: {}
[1080.397699] (-) TimerEvent: {}
[1080.499891] (-) TimerEvent: {}
[1080.601831] (-) TimerEvent: {}
[1080.702774] (-) TimerEvent: {}
[1080.803690] (-) TimerEvent: {}
[1080.904616] (-) TimerEvent: {}
[1081.005564] (-) TimerEvent: {}
[1081.106485] (-) TimerEvent: {}
[1081.207421] (-) TimerEvent: {}
[1081.308322] (-) TimerEvent: {}
[1081.409231] (-) TimerEvent: {}
[1081.510202] (-) TimerEvent: {}
[1081.611241] (-) TimerEvent: {}
[1081.712164] (-) TimerEvent: {}
[1081.813091] (-) TimerEvent: {}
[1081.914155] (-) TimerEvent: {}
[1082.015153] (-) TimerEvent: {}
[1082.116092] (-) TimerEvent: {}
[1082.217024] (-) TimerEvent: {}
[1082.282603] (<colcon_parallel_executor.executor.parallel.ParallelExecutorExtension object at 0x7faa4c4d90>) ParallelStatus: {'processing': ('hobot_audio', 'xgo_face_control', 'xgo_gesture_control', 'xgo_head')}
[1082.317458] (-) TimerEvent: {}
[1082.419419] (-) TimerEvent: {}
[1082.520632] (-) TimerEvent: {}
[1082.621591] (-) TimerEvent: {}
[1082.722526] (-) TimerEvent: {}
[1082.823463] (-) TimerEvent: {}
[1082.924398] (-) TimerEvent: {}
[1083.025337] (-) TimerEvent: {}
[1083.126303] (-) TimerEvent: {}
[1083.227244] (-) TimerEvent: {}
[1083.328171] (-) TimerEvent: {}
[1083.429153] (-) TimerEvent: {}
[1083.530133] (-) TimerEvent: {}
[1083.631177] (-) TimerEvent: {}
[1083.732106] (-) TimerEvent: {}
[1083.833041] (-) TimerEvent: {}
[1083.934017] (-) TimerEvent: {}
[1084.034956] (-) TimerEvent: {}
[1084.135880] (-) TimerEvent: {}
[1084.236799] (-) TimerEvent: {}
[1084.337794] (-) TimerEvent: {}
[1084.438752] (-) TimerEvent: {}
[1084.539679] (-) TimerEvent: {}
[1084.640636] (-) TimerEvent: {}
[1084.741645] (-) TimerEvent: {}
[1084.842693] (-) TimerEvent: {}
[1084.943607] (-) TimerEvent: {}
[1085.044538] (-) TimerEvent: {}
[1085.145525] (-) TimerEvent: {}
[1085.246591] (-) TimerEvent: {}
[1085.347686] (-) TimerEvent: {}
[1085.448742] (-) TimerEvent: {}
[1085.549964] (-) TimerEvent: {}
[1085.650911] (-) TimerEvent: {}
[1085.752360] (-) TimerEvent: {}
[1085.854185] (-) TimerEvent: {}
[1085.955131] (-) TimerEvent: {}
[1086.056079] (-) TimerEvent: {}
[1086.157021] (-) TimerEvent: {}
[1086.257976] (-) TimerEvent: {}
[1086.358882] (-) TimerEvent: {}
[1086.459798] (-) TimerEvent: {}
[1086.560710] (-) TimerEvent: {}
[1086.661663] (-) TimerEvent: {}
[1086.762612] (-) TimerEvent: {}
[1086.863536] (-) TimerEvent: {}
[1086.964486] (-) TimerEvent: {}
[1087.065470] (-) TimerEvent: {}
[1087.166478] (-) TimerEvent: {}
[1087.267421] (-) TimerEvent: {}
[1087.368569] (-) TimerEvent: {}
[1087.470401] (-) TimerEvent: {}
[1087.571355] (-) TimerEvent: {}
[1087.672362] (-) TimerEvent: {}
[1087.773391] (-) TimerEvent: {}
[1087.874367] (-) TimerEvent: {}
[1087.975565] (-) TimerEvent: {}
[1088.076489] (-) TimerEvent: {}
[1088.177749] (-) TimerEvent: {}
[1088.278752] (-) TimerEvent: {}
[1088.380005] (-) TimerEvent: {}
[1088.481005] (-) TimerEvent: {}
[1088.581965] (-) TimerEvent: {}
[1088.682885] (-) TimerEvent: {}
[1088.783805] (-) TimerEvent: {}
[1088.884707] (-) TimerEvent: {}
[1088.985620] (-) TimerEvent: {}
[1089.086543] (-) TimerEvent: {}
[1089.187484] (-) TimerEvent: {}
[1089.288513] (-) TimerEvent: {}
[1089.389465] (-) TimerEvent: {}
[1089.490405] (-) TimerEvent: {}
[1089.591342] (-) TimerEvent: {}
[1089.692263] (-) TimerEvent: {}
[1089.793185] (-) TimerEvent: {}
[1089.894133] (-) TimerEvent: {}
[1089.995075] (-) TimerEvent: {}
[1090.096005] (-) TimerEvent: {}
[1090.196937] (-) TimerEvent: {}
[1090.297896] (-) TimerEvent: {}
[1090.398824] (-) TimerEvent: {}
[1090.499757] (-) TimerEvent: {}
[1090.600708] (-) TimerEvent: {}
[1090.701680] (-) TimerEvent: {}
[1090.802597] (-) TimerEvent: {}
[1090.903545] (-) TimerEvent: {}
[1091.004482] (-) TimerEvent: {}
[1091.105438] (-) TimerEvent: {}
[1091.206389] (-) TimerEvent: {}
[1091.307340] (-) TimerEvent: {}
[1091.408354] (-) TimerEvent: {}
[1091.509277] (-) TimerEvent: {}
[1091.610278] (-) TimerEvent: {}
[1091.711240] (-) TimerEvent: {}
[1091.812162] (-) TimerEvent: {}
[1091.913111] (-) TimerEvent: {}
[1092.014093] (-) TimerEvent: {}
[1092.115036] (-) TimerEvent: {}
[1092.215983] (-) TimerEvent: {}
[1092.316918] (-) TimerEvent: {}
[1092.417917] (-) TimerEvent: {}
[1092.518860] (-) TimerEvent: {}
[1092.619797] (-) TimerEvent: {}
[1092.720712] (-) TimerEvent: {}
[1092.821691] (-) TimerEvent: {}
[1092.922648] (-) TimerEvent: {}
[1093.023687] (-) TimerEvent: {}
[1093.124721] (-) TimerEvent: {}
[1093.225650] (-) TimerEvent: {}
[1093.326550] (-) TimerEvent: {}
[1093.427480] (-) TimerEvent: {}
[1093.528447] (-) TimerEvent: {}
[1093.629382] (-) TimerEvent: {}
[1093.730320] (-) TimerEvent: {}
[1093.831249] (-) TimerEvent: {}
[1093.932219] (-) TimerEvent: {}
[1094.033161] (-) TimerEvent: {}
[1094.134250] (-) TimerEvent: {}
[1094.235179] (-) TimerEvent: {}
[1094.336111] (-) TimerEvent: {}
[1094.437051] (-) TimerEvent: {}
[1094.538014] (-) TimerEvent: {}
[1094.638951] (-) TimerEvent: {}
[1094.739870] (-) TimerEvent: {}
[1094.840819] (-) TimerEvent: {}
[1094.941784] (-) TimerEvent: {}
[1095.042712] (-) TimerEvent: {}
[1095.143631] (-) TimerEvent: {}
[1095.244541] (-) TimerEvent: {}
[1095.345522] (-) TimerEvent: {}
[1095.446442] (-) TimerEvent: {}
[1095.547362] (-) TimerEvent: {}
[1095.648275] (-) TimerEvent: {}
[1095.749193] (-) TimerEvent: {}
[1095.850145] (-) TimerEvent: {}
[1095.951057] (-) TimerEvent: {}
[1096.051965] (-) TimerEvent: {}
[1096.152884] (-) TimerEvent: {}
[1096.253819] (-) TimerEvent: {}
[1096.354736] (-) TimerEvent: {}
[1096.455646] (-) TimerEvent: {}
[1096.556557] (-) TimerEvent: {}
[1096.657502] (-) TimerEvent: {}
[1096.758429] (-) TimerEvent: {}
[1096.859339] (-) TimerEvent: {}
[1096.960287] (-) TimerEvent: {}
[1097.061223] (-) TimerEvent: {}
[1097.162201] (-) TimerEvent: {}
[1097.263130] (-) TimerEvent: {}
[1097.364072] (-) TimerEvent: {}
[1097.465011] (-) TimerEvent: {}
[1097.566028] (-) TimerEvent: {}
[1097.667050] (-) TimerEvent: {}
[1097.768069] (-) TimerEvent: {}
[1097.869031] (-) TimerEvent: {}
[1097.970159] (-) TimerEvent: {}
[1098.071173] (-) TimerEvent: {}
[1098.172101] (-) TimerEvent: {}
[1098.273037] (-) TimerEvent: {}
[1098.374001] (-) TimerEvent: {}
[1098.474936] (-) TimerEvent: {}
[1098.575967] (-) TimerEvent: {}
[1098.676891] (-) TimerEvent: {}
[1098.777918] (-) TimerEvent: {}
[1098.878848] (-) TimerEvent: {}
[1098.979794] (-) TimerEvent: {}
[1099.080756] (-) TimerEvent: {}
[1099.181724] (-) TimerEvent: {}
[1099.282672] (-) TimerEvent: {}
[1099.383616] (-) TimerEvent: {}
[1099.484556] (-) TimerEvent: {}
[1099.585582] (-) TimerEvent: {}
[1099.686585] (-) TimerEvent: {}
[1099.787538] (-) TimerEvent: {}
[1099.888480] (-) TimerEvent: {}
[1099.989433] (-) TimerEvent: {}
[1100.090385] (-) TimerEvent: {}
[1100.191336] (-) TimerEvent: {}
[1100.292300] (-) TimerEvent: {}
[1100.393346] (-) TimerEvent: {}
[1100.494437] (-) TimerEvent: {}
[1100.595464] (-) TimerEvent: {}
[1100.696415] (-) TimerEvent: {}
[1100.797339] (-) TimerEvent: {}
[1100.898289] (-) TimerEvent: {}
[1100.999230] (-) TimerEvent: {}
[1101.100166] (-) TimerEvent: {}
[1101.201103] (-) TimerEvent: {}
[1101.302081] (-) TimerEvent: {}
[1101.403062] (-) TimerEvent: {}
[1101.504106] (-) TimerEvent: {}
[1101.605058] (-) TimerEvent: {}
[1101.706021] (-) TimerEvent: {}
[1101.806955] (-) TimerEvent: {}
[1101.907886] (-) TimerEvent: {}
[1102.008831] (-) TimerEvent: {}
[1102.109804] (-) TimerEvent: {}
[1102.210723] (-) TimerEvent: {}
[1102.311643] (-) TimerEvent: {}
[1102.412570] (-) TimerEvent: {}
[1102.513513] (-) TimerEvent: {}
[1102.614443] (-) TimerEvent: {}
[1102.715360] (-) TimerEvent: {}
[1102.816289] (-) TimerEvent: {}
[1102.917202] (-) TimerEvent: {}
[1103.018142] (-) TimerEvent: {}
[1103.119046] (-) TimerEvent: {}
[1103.219953] (-) TimerEvent: {}
[1103.320866] (-) TimerEvent: {}
[1103.421828] (-) TimerEvent: {}
[1103.522781] (-) TimerEvent: {}
[1103.623902] (-) TimerEvent: {}
[1103.724935] (-) TimerEvent: {}
[1103.825900] (-) TimerEvent: {}
[1103.926837] (-) TimerEvent: {}
[1104.027760] (-) TimerEvent: {}
[1104.128707] (-) TimerEvent: {}
[1104.229685] (-) TimerEvent: {}
[1104.330614] (-) TimerEvent: {}
[1104.431559] (-) TimerEvent: {}
[1104.532492] (-) TimerEvent: {}
[1104.633465] (-) TimerEvent: {}
[1104.734401] (-) TimerEvent: {}
[1104.835390] (-) TimerEvent: {}
[1104.936371] (-) TimerEvent: {}
[1105.037462] (-) TimerEvent: {}
[1105.138416] (-) TimerEvent: {}
[1105.239355] (-) TimerEvent: {}
[1105.340254] (-) TimerEvent: {}
[1105.441175] (-) TimerEvent: {}
[1105.542143] (-) TimerEvent: {}
[1105.643065] (-) TimerEvent: {}
[1105.744005] (-) TimerEvent: {}
[1105.844935] (-) TimerEvent: {}
[1105.945902] (-) TimerEvent: {}
[1106.046810] (-) TimerEvent: {}
[1106.147751] (-) TimerEvent: {}
[1106.248698] (-) TimerEvent: {}
[1106.349677] (-) TimerEvent: {}
[1106.450657] (-) TimerEvent: {}
[1106.551598] (-) TimerEvent: {}
[1106.652565] (-) TimerEvent: {}
[1106.753540] (-) TimerEvent: {}
[1106.854459] (-) TimerEvent: {}
[1106.955447] (-) TimerEvent: {}
[1107.056397] (-) TimerEvent: {}
[1107.157327] (-) TimerEvent: {}
[1107.258294] (-) TimerEvent: {}
[1107.359230] (-) TimerEvent: {}
[1107.460193] (-) TimerEvent: {}
[1107.561128] (-) TimerEvent: {}
[1107.662084] (-) TimerEvent: {}
[1107.763007] (-) TimerEvent: {}
[1107.863971] (-) TimerEvent: {}
[1107.965062] (-) TimerEvent: {}
[1108.066161] (-) TimerEvent: {}
[1108.167166] (-) TimerEvent: {}
[1108.268119] (-) TimerEvent: {}
[1108.369039] (-) TimerEvent: {}
[1108.469989] (-) TimerEvent: {}
[1108.570902] (-) TimerEvent: {}
[1108.671822] (-) TimerEvent: {}
[1108.772789] (-) TimerEvent: {}
[1108.873725] (-) TimerEvent: {}
[1108.974642] (-) TimerEvent: {}
[1109.075548] (-) TimerEvent: {}
[1109.176453] (-) TimerEvent: {}
[1109.277381] (-) TimerEvent: {}
[1109.378323] (-) TimerEvent: {}
[1109.479248] (-) TimerEvent: {}
[1109.580183] (-) TimerEvent: {}
[1109.681098] (-) TimerEvent: {}
[1109.782066] (-) TimerEvent: {}
[1109.882974] (-) TimerEvent: {}
[1109.983886] (-) TimerEvent: {}
[1110.084796] (-) TimerEvent: {}
[1110.185747] (-) TimerEvent: {}
[1110.286659] (-) TimerEvent: {}
[1110.387612] (-) TimerEvent: {}
[1110.488533] (-) TimerEvent: {}
[1110.589490] (-) TimerEvent: {}
[1110.690416] (-) TimerEvent: {}
[1110.791359] (-) TimerEvent: {}
[1110.892367] (-) TimerEvent: {}
[1110.993286] (-) TimerEvent: {}
[1111.094248] (-) TimerEvent: {}
[1111.195206] (-) TimerEvent: {}
[1111.296151] (-) TimerEvent: {}
[1111.397091] (-) TimerEvent: {}
[1111.498061] (-) TimerEvent: {}
[1111.598982] (-) TimerEvent: {}
[1111.699941] (-) TimerEvent: {}
[1111.800974] (-) TimerEvent: {}
[1111.901948] (-) TimerEvent: {}
[1112.002877] (-) TimerEvent: {}
[1112.103811] (-) TimerEvent: {}
[1112.204745] (-) TimerEvent: {}
[1112.305720] (-) TimerEvent: {}
[1112.310265] (<colcon_parallel_executor.executor.parallel.ParallelExecutorExtension object at 0x7faa4c4d90>) ParallelStatus: {'processing': ('hobot_audio', 'xgo_face_control', 'xgo_gesture_control', 'xgo_head')}
[1112.405920] (-) TimerEvent: {}
[1112.506817] (-) TimerEvent: {}
[1112.607746] (-) TimerEvent: {}
[1112.708665] (-) TimerEvent: {}
[1112.809595] (-) TimerEvent: {}
[1112.910543] (-) TimerEvent: {}
[1113.011479] (-) TimerEvent: {}
[1113.112429] (-) TimerEvent: {}
[1113.213375] (-) TimerEvent: {}
[1113.314353] (-) TimerEvent: {}
[1113.415328] (-) TimerEvent: {}
[1113.516299] (-) TimerEvent: {}
[1113.617366] (-) TimerEvent: {}
[1113.718653] (-) TimerEvent: {}
[1113.820025] (-) TimerEvent: {}
[1113.921225] (-) TimerEvent: {}
[1114.022191] (-) TimerEvent: {}
[1114.123122] (-) TimerEvent: {}
[1114.224066] (-) TimerEvent: {}
[1114.325009] (-) TimerEvent: {}
[1114.426017] (-) TimerEvent: {}
[1114.527088] (-) TimerEvent: {}
[1114.628011] (-) TimerEvent: {}
[1114.728943] (-) TimerEvent: {}
[1114.829918] (-) TimerEvent: {}
[1114.930874] (-) TimerEvent: {}
[1115.031812] (-) TimerEvent: {}
[1115.132733] (-) TimerEvent: {}
[1115.233699] (-) TimerEvent: {}
[1115.334616] (-) TimerEvent: {}
[1115.435541] (-) TimerEvent: {}
[1115.536497] (-) TimerEvent: {}
[1115.637441] (-) TimerEvent: {}
[1115.738354] (-) TimerEvent: {}
[1115.839269] (-) TimerEvent: {}
[1115.940179] (-) TimerEvent: {}
[1116.041100] (-) TimerEvent: {}
[1116.142092] (-) TimerEvent: {}
[1116.243089] (-) TimerEvent: {}
[1116.344125] (-) TimerEvent: {}
[1116.445043] (-) TimerEvent: {}
[1116.546001] (-) TimerEvent: {}
[1116.646914] (-) TimerEvent: {}
[1116.747863] (-) TimerEvent: {}
[1116.848839] (-) TimerEvent: {}
[1116.949790] (-) TimerEvent: {}
[1117.050734] (-) TimerEvent: {}
[1117.151658] (-) TimerEvent: {}
[1117.252579] (-) TimerEvent: {}
[1117.353540] (-) TimerEvent: {}
[1117.454674] (-) TimerEvent: {}
[1117.555615] (-) TimerEvent: {}
[1117.656559] (-) TimerEvent: {}
[1117.757511] (-) TimerEvent: {}
[1117.858451] (-) TimerEvent: {}
[1117.959376] (-) TimerEvent: {}
[1118.060300] (-) TimerEvent: {}
[1118.161255] (-) TimerEvent: {}
[1118.262342] (-) TimerEvent: {}
[1124.841094] (-) TimerEvent: {}
[1124.942234] (-) TimerEvent: {}
[1125.043298] (-) TimerEvent: {}
[1125.144312] (-) TimerEvent: {}
[1125.245232] (-) TimerEvent: {}
[1125.346201] (-) TimerEvent: {}
[1125.447121] (-) TimerEvent: {}
[1125.548043] (-) TimerEvent: {}
[1125.648966] (-) TimerEvent: {}
[1125.749951] (-) TimerEvent: {}
[1125.850873] (-) TimerEvent: {}
[1125.951795] (-) TimerEvent: {}
[1126.052729] (-) TimerEvent: {}
[1126.153666] (-) TimerEvent: {}
[1126.254596] (-) TimerEvent: {}
[1126.355541] (-) TimerEvent: {}
[1126.456497] (-) TimerEvent: {}
[1126.557510] (-) TimerEvent: {}
[1126.658438] (-) TimerEvent: {}
[1126.759608] (-) TimerEvent: {}
[1126.860545] (-) TimerEvent: {}
[1126.961496] (-) TimerEvent: {}
[1127.062447] (-) TimerEvent: {}
[1127.163389] (-) TimerEvent: {}
[1127.264317] (-) TimerEvent: {}
[1127.365268] (-) TimerEvent: {}
[1127.466274] (-) TimerEvent: {}
[1127.567323] (-) TimerEvent: {}
[1127.668301] (-) TimerEvent: {}
[1127.769300] (-) TimerEvent: {}
[1127.870352] (-) TimerEvent: {}
[1127.971349] (-) TimerEvent: {}
[1128.072310] (-) TimerEvent: {}
[1128.173254] (-) TimerEvent: {}
[1128.274229] (-) TimerEvent: {}
[1128.375209] (-) TimerEvent: {}
[1128.476150] (-) TimerEvent: {}
[1128.577074] (-) TimerEvent: {}
[1128.678014] (-) TimerEvent: {}
[1128.778930] (-) TimerEvent: {}
[1128.879851] (-) TimerEvent: {}
[1128.980758] (-) TimerEvent: {}
[1129.081699] (-) TimerEvent: {}
[1129.182600] (-) TimerEvent: {}
[1129.283511] (-) TimerEvent: {}
[1129.384422] (-) TimerEvent: {}
[1129.485331] (-) TimerEvent: {}
[1129.586273] (-) TimerEvent: {}
[1129.687484] (-) TimerEvent: {}
[1129.788783] (-) TimerEvent: {}
[1129.889776] (-) TimerEvent: {}
[1129.990681] (-) TimerEvent: {}
[1130.091592] (-) TimerEvent: {}
[1130.192501] (-) TimerEvent: {}
[1130.293455] (-) TimerEvent: {}
[1130.394390] (-) TimerEvent: {}
[1130.495323] (-) TimerEvent: {}
[1130.596259] (-) TimerEvent: {}
[1130.697202] (-) TimerEvent: {}
[1130.798172] (-) TimerEvent: {}
[1130.899100] (-) TimerEvent: {}
[1131.000054] (-) TimerEvent: {}
[1131.101003] (-) TimerEvent: {}
[1131.201976] (-) TimerEvent: {}
[1131.302906] (-) TimerEvent: {}
[1131.403856] (-) TimerEvent: {}
[1131.504794] (-) TimerEvent: {}
[1131.605811] (-) TimerEvent: {}
[1131.706962] (-) TimerEvent: {}
[1131.808087] (-) TimerEvent: {}
[1131.909035] (-) TimerEvent: {}
[1132.010009] (-) TimerEvent: {}
[1132.110974] (-) TimerEvent: {}
[1132.211911] (-) TimerEvent: {}
[1132.312864] (-) TimerEvent: {}
[1132.413848] (-) TimerEvent: {}
[1132.514805] (-) TimerEvent: {}
[1132.615744] (-) TimerEvent: {}
[1132.716682] (-) TimerEvent: {}
[1132.817601] (-) TimerEvent: {}
[1132.918527] (-) TimerEvent: {}
[1133.019456] (-) TimerEvent: {}
[1133.120389] (-) TimerEvent: {}
[1133.221313] (-) TimerEvent: {}
[1133.322277] (-) TimerEvent: {}
[1133.423208] (-) TimerEvent: {}
[1133.524138] (-) TimerEvent: {}
[1133.625058] (-) TimerEvent: {}
[1133.726039] (-) TimerEvent: {}
[1133.827053] (-) TimerEvent: {}
[1133.927982] (-) TimerEvent: {}
[1134.028913] (-) TimerEvent: {}
[1134.129911] (-) TimerEvent: {}
[1134.230868] (-) TimerEvent: {}
[1134.331810] (-) TimerEvent: {}
[1134.432746] (-) TimerEvent: {}
[1134.533722] (-) TimerEvent: {}
[1134.634666] (-) TimerEvent: {}
[1134.735599] (-) TimerEvent: {}
[1134.836551] (-) TimerEvent: {}
[1134.937558] (-) TimerEvent: {}
[1135.038538] (-) TimerEvent: {}
[1135.139554] (-) TimerEvent: {}
[1135.240552] (-) TimerEvent: {}
[1135.341514] (-) TimerEvent: {}
[1135.442443] (-) TimerEvent: {}
[1135.543358] (-) TimerEvent: {}
[1135.644280] (-) TimerEvent: {}
[1135.745207] (-) TimerEvent: {}
[1135.846157] (-) TimerEvent: {}
[1135.947071] (-) TimerEvent: {}
[1136.048220] (-) TimerEvent: {}
[1136.150362] (-) TimerEvent: {}
[1136.252624] (-) TimerEvent: {}
[1136.354982] (-) TimerEvent: {}
[1136.457341] (-) TimerEvent: {}
[1136.559448] (-) TimerEvent: {}
[1136.661512] (-) TimerEvent: {}
[1136.762647] (-) TimerEvent: {}
[1136.864669] (-) TimerEvent: {}
[1136.965767] (-) TimerEvent: {}
[1137.066689] (-) TimerEvent: {}
[1137.167617] (-) TimerEvent: {}
[1137.268542] (-) TimerEvent: {}
[1137.369521] (-) TimerEvent: {}
[1137.470443] (-) TimerEvent: {}
[1137.571366] (-) TimerEvent: {}
[1137.672297] (-) TimerEvent: {}
[1137.773243] (-) TimerEvent: {}
[1137.874222] (-) TimerEvent: {}
[1137.975163] (-) TimerEvent: {}
[1138.076093] (-) TimerEvent: {}
[1138.177031] (-) TimerEvent: {}
[1138.278003] (-) TimerEvent: {}
[1138.378945] (-) TimerEvent: {}
[1138.479885] (-) TimerEvent: {}
[1138.580924] (-) TimerEvent: {}
[1138.681892] (-) TimerEvent: {}
[1138.782830] (-) TimerEvent: {}
[1138.883799] (-) TimerEvent: {}
[1138.984786] (-) TimerEvent: {}
[1139.085765] (-) TimerEvent: {}
[1139.186696] (-) TimerEvent: {}
[1139.287646] (-) TimerEvent: {}
[1139.388613] (-) TimerEvent: {}
[1139.489554] (-) TimerEvent: {}
[1139.590552] (-) TimerEvent: {}
[1139.691981] (-) TimerEvent: {}
[1139.793494] (-) TimerEvent: {}
[1139.894709] (-) TimerEvent: {}
[1139.995699] (-) TimerEvent: {}
[1140.096626] (-) TimerEvent: {}
[1140.197564] (-) TimerEvent: {}
[1140.298537] (-) TimerEvent: {}
[1140.399705] (-) TimerEvent: {}
[1140.500670] (-) TimerEvent: {}
[1140.601619] (-) TimerEvent: {}
[1140.702538] (-) TimerEvent: {}
[1140.803474] (-) TimerEvent: {}
[1140.904390] (-) TimerEvent: {}
[1141.005304] (-) TimerEvent: {}
[1141.106329] (-) TimerEvent: {}
[1141.207269] (-) TimerEvent: {}
[1141.308211] (-) TimerEvent: {}
[1141.409163] (-) TimerEvent: {}
[1141.510225] (-) TimerEvent: {}
[1141.611144] (-) TimerEvent: {}
[1141.712079] (-) TimerEvent: {}
[1141.813018] (-) TimerEvent: {}
[1141.913988] (-) TimerEvent: {}
[1142.014917] (-) TimerEvent: {}
[1142.115857] (-) TimerEvent: {}
[1142.216812] (-) TimerEvent: {}
[1142.317865] (-) TimerEvent: {}
[1142.334368] (<colcon_parallel_executor.executor.parallel.ParallelExecutorExtension object at 0x7faa4c4d90>) ParallelStatus: {'processing': ('hobot_audio', 'xgo_face_control', 'xgo_gesture_control', 'xgo_head')}
[1142.418093] (-) TimerEvent: {}
[1142.519111] (-) TimerEvent: {}
[1142.620065] (-) TimerEvent: {}
[1142.721019] (-) TimerEvent: {}
[1142.821954] (-) TimerEvent: {}
[1142.922876] (-) TimerEvent: {}
[1143.023800] (-) TimerEvent: {}
[1143.124711] (-) TimerEvent: {}
[1143.225629] (-) TimerEvent: {}
[1143.326528] (-) TimerEvent: {}
[1143.427455] (-) TimerEvent: {}
[1143.528369] (-) TimerEvent: {}
[1143.629339] (-) TimerEvent: {}
[1143.730338] (-) TimerEvent: {}
[1143.831429] (-) TimerEvent: {}
[1143.932470] (-) TimerEvent: {}
[1144.033402] (-) TimerEvent: {}
[1144.134376] (-) TimerEvent: {}
[1144.235312] (-) TimerEvent: {}
[1144.336287] (-) TimerEvent: {}
[1144.437256] (-) TimerEvent: {}
[1144.538322] (-) TimerEvent: {}
[1144.639312] (-) TimerEvent: {}
[1144.740245] (-) TimerEvent: {}
[1144.841177] (-) TimerEvent: {}
[1144.942165] (-) TimerEvent: {}
[1145.043098] (-) TimerEvent: {}
[1145.083527] (xgo_head) StdoutLine: {'line': b'[ 55%] \x1b[32mBuilding CXX object CMakeFiles/xgo_head.dir/src/rclcomm.cpp.o\x1b[0m\n'}
[1145.143323] (-) TimerEvent: {}
[1145.244357] (-) TimerEvent: {}
[1145.345301] (-) TimerEvent: {}
[1145.446272] (-) TimerEvent: {}
[1145.547245] (-) TimerEvent: {}
[1145.648266] (-) TimerEvent: {}
[1145.749224] (-) TimerEvent: {}
[1145.850318] (-) TimerEvent: {}
[1145.951273] (-) TimerEvent: {}
[1146.052222] (-) TimerEvent: {}
[1146.153189] (-) TimerEvent: {}
[1146.254276] (-) TimerEvent: {}
[1146.355209] (-) TimerEvent: {}
[1146.456181] (-) TimerEvent: {}
[1146.557232] (-) TimerEvent: {}
[1146.658333] (-) TimerEvent: {}
[1146.759268] (-) TimerEvent: {}
[1146.860464] (-) TimerEvent: {}
[1146.962619] (-) TimerEvent: {}
[1147.063568] (-) TimerEvent: {}
[1147.164653] (-) TimerEvent: {}
[1147.265856] (-) TimerEvent: {}
[1147.366995] (-) TimerEvent: {}
[1147.467973] (-) TimerEvent: {}
[1147.569106] (-) TimerEvent: {}
[1147.670161] (-) TimerEvent: {}
[1147.771135] (-) TimerEvent: {}
[1147.872165] (-) TimerEvent: {}
[1147.973158] (-) TimerEvent: {}
[1148.074310] (-) TimerEvent: {}
[1148.175482] (-) TimerEvent: {}
[1148.276514] (-) TimerEvent: {}
[1148.377566] (-) TimerEvent: {}
[1148.478595] (-) TimerEvent: {}
[1148.579624] (-) TimerEvent: {}
[1148.680669] (-) TimerEvent: {}
[1148.781670] (-) TimerEvent: {}
[1148.882700] (-) TimerEvent: {}
[1148.983717] (-) TimerEvent: {}
[1149.084821] (-) TimerEvent: {}
[1149.185821] (-) TimerEvent: {}
[1149.286791] (-) TimerEvent: {}
[1149.387759] (-) TimerEvent: {}
[1149.488718] (-) TimerEvent: {}
[1149.589686] (-) TimerEvent: {}
[1149.690691] (-) TimerEvent: {}
[1149.791717] (-) TimerEvent: {}
[1149.892734] (-) TimerEvent: {}
[1149.993730] (-) TimerEvent: {}
[1150.094784] (-) TimerEvent: {}
[1150.195729] (-) TimerEvent: {}
[1150.296719] (-) TimerEvent: {}
[1150.397744] (-) TimerEvent: {}
[1150.498786] (-) TimerEvent: {}
[1150.599755] (-) TimerEvent: {}
[1150.700771] (-) TimerEvent: {}
[1150.801841] (-) TimerEvent: {}
[1150.902894] (-) TimerEvent: {}
[1151.003861] (-) TimerEvent: {}
[1151.104971] (-) TimerEvent: {}
[1151.206009] (-) TimerEvent: {}
[1151.307031] (-) TimerEvent: {}
[1151.408057] (-) TimerEvent: {}
[1151.509019] (-) TimerEvent: {}
[1151.610134] (-) TimerEvent: {}
[1151.711174] (-) TimerEvent: {}
[1151.812140] (-) TimerEvent: {}
[1151.913130] (-) TimerEvent: {}
[1152.014187] (-) TimerEvent: {}
[1152.115193] (-) TimerEvent: {}
[1152.216184] (-) TimerEvent: {}
[1152.317244] (-) TimerEvent: {}
[1152.418198] (-) TimerEvent: {}
[1152.519169] (-) TimerEvent: {}
[1152.620140] (-) TimerEvent: {}
[1152.721162] (-) TimerEvent: {}
[1152.822276] (-) TimerEvent: {}
[1152.923452] (-) TimerEvent: {}
[1153.024509] (-) TimerEvent: {}
[1153.125558] (-) TimerEvent: {}
[1153.226566] (-) TimerEvent: {}
[1153.327595] (-) TimerEvent: {}
[1153.428705] (-) TimerEvent: {}
[1153.529855] (-) TimerEvent: {}
[1153.630982] (-) TimerEvent: {}
[1153.732001] (-) TimerEvent: {}
[1153.833071] (-) TimerEvent: {}
[1153.934161] (-) TimerEvent: {}
[1154.035355] (-) TimerEvent: {}
[1154.136853] (-) TimerEvent: {}
[1154.238581] (-) TimerEvent: {}
[1154.339778] (-) TimerEvent: {}
[1154.440921] (-) TimerEvent: {}
[1154.542079] (-) TimerEvent: {}
[1154.643801] (-) TimerEvent: {}
[1154.744888] (-) TimerEvent: {}
[1154.846173] (-) TimerEvent: {}
[1154.947803] (-) TimerEvent: {}
[1155.049037] (-) TimerEvent: {}
[1155.150656] (-) TimerEvent: {}
[1155.251879] (-) TimerEvent: {}
[1155.353065] (-) TimerEvent: {}
[1155.454363] (-) TimerEvent: {}
[1155.555624] (-) TimerEvent: {}
[1155.656769] (-) TimerEvent: {}
[1155.757851] (-) TimerEvent: {}
[1155.858881] (-) TimerEvent: {}
[1155.960032] (-) TimerEvent: {}
[1156.061094] (-) TimerEvent: {}
[1156.162270] (-) TimerEvent: {}
[1156.263348] (-) TimerEvent: {}
[1156.364519] (-) TimerEvent: {}
[1156.466789] (-) TimerEvent: {}
[1156.567919] (-) TimerEvent: {}
[1156.669193] (-) TimerEvent: {}
[1156.770466] (-) TimerEvent: {}
[1156.871647] (-) TimerEvent: {}
[1156.972769] (-) TimerEvent: {}
[1157.074018] (-) TimerEvent: {}
[1157.175159] (-) TimerEvent: {}
[1157.276383] (-) TimerEvent: {}
[1157.377778] (-) TimerEvent: {}
[1157.478903] (-) TimerEvent: {}
[1157.580091] (-) TimerEvent: {}
[1157.682043] (-) TimerEvent: {}
[1157.783143] (-) TimerEvent: {}
[1157.884320] (-) TimerEvent: {}
[1157.985994] (-) TimerEvent: {}
[1158.087035] (-) TimerEvent: {}
[1158.188187] (-) TimerEvent: {}
[1158.289294] (-) TimerEvent: {}
[1158.390447] (-) TimerEvent: {}
[1158.491609] (-) TimerEvent: {}
[1158.592721] (-) TimerEvent: {}
[1158.693903] (-) TimerEvent: {}
[1158.795380] (-) TimerEvent: {}
[1158.896656] (-) TimerEvent: {}
[1158.997923] (-) TimerEvent: {}
[1159.099112] (-) TimerEvent: {}
[1159.200309] (-) TimerEvent: {}
[1159.301351] (-) TimerEvent: {}
[1159.402560] (-) TimerEvent: {}
[1159.503674] (-) TimerEvent: {}
[1159.605010] (-) TimerEvent: {}
[1159.707506] (-) TimerEvent: {}
[1159.808732] (-) TimerEvent: {}
[1159.911077] (-) TimerEvent: {}
[1160.013353] (-) TimerEvent: {}
[1160.115533] (-) TimerEvent: {}
[1160.218231] (-) TimerEvent: {}
[1160.319348] (-) TimerEvent: {}
[1160.421727] (-) TimerEvent: {}
[1160.523909] (-) TimerEvent: {}
[1160.625907] (-) TimerEvent: {}
[1160.727356] (-) TimerEvent: {}
[1160.828447] (-) TimerEvent: {}
[1160.929633] (-) TimerEvent: {}
[1161.030772] (-) TimerEvent: {}
[1161.131904] (-) TimerEvent: {}
[1161.234611] (-) TimerEvent: {}
[1161.337057] (-) TimerEvent: {}
[1161.438322] (-) TimerEvent: {}
[1161.540648] (-) TimerEvent: {}
[1161.641999] (-) TimerEvent: {}
[1161.743552] (-) TimerEvent: {}
[1161.844636] (-) TimerEvent: {}
[1161.945918] (-) TimerEvent: {}
[1162.047654] (-) TimerEvent: {}
[1162.154136] (-) TimerEvent: {}
[1162.164653] (hobot_audio) StdoutLine: {'line': b'[100%] \x1b[32m\x1b[1mLinking CXX executable hobot_audio\x1b[0m\n'}
[1162.254346] (-) TimerEvent: {}
[1162.355509] (-) TimerEvent: {}
[1162.456897] (-) TimerEvent: {}
[1162.558475] (-) TimerEvent: {}
[1162.660826] (-) TimerEvent: {}
[1162.763855] (-) TimerEvent: {}
[1162.865555] (-) TimerEvent: {}
[1162.966813] (-) TimerEvent: {}
[1163.069359] (-) TimerEvent: {}
[1163.172104] (-) TimerEvent: {}
[1163.273452] (-) TimerEvent: {}
[1163.374688] (-) TimerEvent: {}
[1163.475706] (-) TimerEvent: {}
[1163.576864] (-) TimerEvent: {}
[1163.678447] (-) TimerEvent: {}
[1163.779471] (-) TimerEvent: {}
[1163.880733] (-) TimerEvent: {}
[1163.982441] (-) TimerEvent: {}
[1164.083602] (-) TimerEvent: {}
[1164.185045] (-) TimerEvent: {}
[1164.286207] (-) TimerEvent: {}
[1164.388054] (-) TimerEvent: {}
[1164.490527] (-) TimerEvent: {}
[1164.593631] (-) TimerEvent: {}
[1164.696536] (-) TimerEvent: {}
[1164.798294] (-) TimerEvent: {}
[1164.899737] (-) TimerEvent: {}
[1165.000965] (-) TimerEvent: {}
[1165.102490] (-) TimerEvent: {}
[1165.203786] (-) TimerEvent: {}
[1165.305974] (-) TimerEvent: {}
[1165.407588] (-) TimerEvent: {}
[1165.508658] (-) TimerEvent: {}
[1165.610142] (-) TimerEvent: {}
[1165.712438] (-) TimerEvent: {}
[1165.814424] (-) TimerEvent: {}
[1165.916334] (-) TimerEvent: {}
[1166.018491] (-) TimerEvent: {}
[1166.120889] (-) TimerEvent: {}
[1166.223484] (-) TimerEvent: {}
[1166.325870] (-) TimerEvent: {}
[1166.427885] (-) TimerEvent: {}
[1166.529778] (-) TimerEvent: {}
[1166.631853] (-) TimerEvent: {}
[1166.697520] (hobot_audio) StdoutLine: {'line': b'[100%] Built target hobot_audio\n'}
[1166.732262] (-) TimerEvent: {}
[1166.834961] (-) TimerEvent: {}
[1166.937499] (-) TimerEvent: {}
[1167.049613] (-) TimerEvent: {}
[1167.224434] (-) TimerEvent: {}
[1167.346093] (hobot_audio) CommandEnded: {'returncode': 0}
[1167.677024] (-) TimerEvent: {}
[1167.688981] (hobot_audio) JobProgress: {'identifier': 'hobot_audio', 'progress': 'install'}
[1167.782572] (hobot_audio) Command: {'cmd': ['/usr/bin/cmake', '--install', '/home/sunrise/xgo_demo/src/build/hobot_audio'], 'cwd': '/home/sunrise/xgo_demo/src/build/hobot_audio', 'env': OrderedDict([('LANGUAGE', 'en_US.UTF-8'), ('USER', 'sunrise'), ('SSH_CLIENT', '192.168.66.221 5121 22'), ('XDG_SESSION_TYPE', 'tty'), ('SHLVL', '1'), ('LD_LIBRARY_PATH', '/home/sunrise/xgo_demo/src/install/xgolib/lib:/home/sunrise/xgo_demo/install/hobot_audio/lib:/home/sunrise/xgo_demo/install/xgoscreen/lib:/home/sunrise/xgo_demo/install/xgolib/lib:/opt/tros/humble/lib/aarch64-linux-gnu:/opt/tros/humble/lib:/opt/ros/humble/lib/aarch64-linux-gnu:/opt/ros/humble/lib'), ('MOTD_SHOWN', 'pam'), ('HOME', '/home/sunrise'), ('OLDPWD', '/home/sunrise/xgo_demo'), ('SSH_TTY', '/dev/pts/0'), ('ROS_PYTHON_VERSION', '3'), ('DBUS_SESSION_BUS_ADDRESS', 'unix:path=/run/user/1000/bus'), ('TROS_DISTRO', 'humble'), ('COLCON_PREFIX_PATH', '/home/sunrise/xgo_demo/install'), ('ROS_DISTRO', 'humble'), ('LOGNAME', 'sunrise'), ('_', '/home/sunrise/.local/bin/colcon'), ('ROS_VERSION', '2'), ('XDG_SESSION_CLASS', 'user'), ('TERM', 'xterm'), ('XDG_SESSION_ID', '2'), ('ROS_LOCALHOST_ONLY', '0'), ('PATH', '/home/sunrise/xgo_demo/install/hobot_audio/bin:/home/sunrise/.local/bin:/home/sunrise/.local/bin:/opt/tros/humble/bin:/opt/ros/humble/bin:/usr/local/sbin:/usr/local/bin:/usr/sbin:/usr/bin:/sbin:/bin:/usr/games:/usr/local/games:/snap/bin'), ('XDG_RUNTIME_DIR', '/run/user/1000'), ('DISPLAY', 'localhost:10.0'), ('LANG', 'en_US.UTF-8'), ('LS_COLORS', 'rs=0:di=01;34:ln=01;36:mh=00:pi=40;33:so=01;35:do=01;35:bd=40;33;01:cd=40;33;01:or=40;31;01:mi=00:su=37;41:sg=30;43:ca=30;41:tw=30;42:ow=34;42:st=37;44:ex=01;32:*.tar=01;31:*.tgz=01;31:*.arc=01;31:*.arj=01;31:*.taz=01;31:*.lha=01;31:*.lz4=01;31:*.lzh=01;31:*.lzma=01;31:*.tlz=01;31:*.txz=01;31:*.tzo=01;31:*.t7z=01;31:*.zip=01;31:*.z=01;31:*.dz=01;31:*.gz=01;31:*.lrz=01;31:*.lz=01;31:*.lzo=01;31:*.xz=01;31:*.zst=01;31:*.tzst=01;31:*.bz2=01;31:*.bz=01;31:*.tbz=01;31:*.tbz2=01;31:*.tz=01;31:*.deb=01;31:*.rpm=01;31:*.jar=01;31:*.war=01;31:*.ear=01;31:*.sar=01;31:*.rar=01;31:*.alz=01;31:*.ace=01;31:*.zoo=01;31:*.cpio=01;31:*.7z=01;31:*.rz=01;31:*.cab=01;31:*.wim=01;31:*.swm=01;31:*.dwm=01;31:*.esd=01;31:*.jpg=01;35:*.jpeg=01;35:*.mjpg=01;35:*.mjpeg=01;35:*.gif=01;35:*.bmp=01;35:*.pbm=01;35:*.pgm=01;35:*.ppm=01;35:*.tga=01;35:*.xbm=01;35:*.xpm=01;35:*.tif=01;35:*.tiff=01;35:*.png=01;35:*.svg=01;35:*.svgz=01;35:*.mng=01;35:*.pcx=01;35:*.mov=01;35:*.mpg=01;35:*.mpeg=01;35:*.m2v=01;35:*.mkv=01;35:*.webm=01;35:*.webp=01;35:*.ogm=01;35:*.mp4=01;35:*.m4v=01;35:*.mp4v=01;35:*.vob=01;35:*.qt=01;35:*.nuv=01;35:*.wmv=01;35:*.asf=01;35:*.rm=01;35:*.rmvb=01;35:*.flc=01;35:*.avi=01;35:*.fli=01;35:*.flv=01;35:*.gl=01;35:*.dl=01;35:*.xcf=01;35:*.xwd=01;35:*.yuv=01;35:*.cgm=01;35:*.emf=01;35:*.ogv=01;35:*.ogx=01;35:*.aac=00;36:*.au=00;36:*.flac=00;36:*.m4a=00;36:*.mid=00;36:*.midi=00;36:*.mka=00;36:*.mp3=00;36:*.mpc=00;36:*.ogg=00;36:*.ra=00;36:*.wav=00;36:*.oga=00;36:*.opus=00;36:*.spx=00;36:*.xspf=00;36:'), ('AMENT_PREFIX_PATH', '/home/sunrise/xgo_demo/src/install/xgolib:/home/sunrise/xgo_demo/install/xgo_gesture_control:/home/sunrise/xgo_demo/install/hobot_audio:/home/sunrise/xgo_demo/install/xgo_motion:/home/sunrise/xgo_demo/install/xgo_head:/home/sunrise/xgo_demo/install/xgo_device:/home/sunrise/xgo_demo/install/xgoscreen:/home/sunrise/xgo_demo/install/xgolib:/home/sunrise/xgo_demo/install/xgo_display:/opt/tros/humble:/opt/ros/humble'), ('SHELL', '/bin/bash'), ('PWD', '/home/sunrise/xgo_demo/src/build/hobot_audio'), ('SSH_CONNECTION', '192.168.66.221 5121 192.168.66.94 22'), ('PYTHONPATH', '/home/sunrise/xgo_demo/install/xgo_display/lib/python3.10/site-packages:/opt/tros/humble/lib/python3.10/site-packages:/opt/tros/humble/local/lib/python3.10/dist-packages:/opt/ros/humble/lib/python3.10/site-packages:/opt/ros/humble/local/lib/python3.10/dist-packages'), ('COLCON', '1'), ('CMAKE_PREFIX_PATH', '/home/sunrise/xgo_demo/src/install/xgolib:/home/sunrise/xgo_demo/install/xgo_gesture_control:/home/sunrise/xgo_demo/install/hobot_audio:/home/sunrise/xgo_demo/install/xgo_motion:/home/sunrise/xgo_demo/install/xgo_head:/home/sunrise/xgo_demo/install/xgo_device:/home/sunrise/xgo_demo/install/xgoscreen:/home/sunrise/xgo_demo/install/xgolib:/home/sunrise/xgo_demo/install/xgo_display:/opt/tros/humble:/opt/ros/humble')]), 'shell': False}
[1167.832969] (-) TimerEvent: {}
[1167.985475] (-) TimerEvent: {}
[1168.003861] (hobot_audio) StdoutLine: {'line': b'-- Install configuration: ""\n'}
[1168.005006] (hobot_audio) StdoutLine: {'line': b'-- Installing: /home/sunrise/xgo_demo/src/install/hobot_audio/lib/\n'}
[1168.005856] (hobot_audio) StdoutLine: {'line': b'-- Installing: /home/sunrise/xgo_demo/src/install/hobot_audio/lib//libmodelvad.so\n'}
[1168.041252] (hobot_audio) StdoutLine: {'line': b'-- Installing: /home/sunrise/xgo_demo/src/install/hobot_audio/lib//libhrsc.so\n'}
[1168.076413] (hobot_audio) StdoutLine: {'line': b'-- Installing: /home/sunrise/xgo_demo/src/install/hobot_audio/lib//liblvcsr.so\n'}
[1168.085770] (-) TimerEvent: {}
[1168.187678] (-) TimerEvent: {}
[1168.288802] (-) TimerEvent: {}
[1168.390038] (-) TimerEvent: {}
[1168.492352] (-) TimerEvent: {}
[1168.593575] (-) TimerEvent: {}
[1168.602416] (hobot_audio) StdoutLine: {'line': b'-- Installing: /home/sunrise/xgo_demo/src/install/hobot_audio/lib/hobot_audio//hrsc\n'}
[1168.604122] (hobot_audio) StdoutLine: {'line': b'-- Installing: /home/sunrise/xgo_demo/src/install/hobot_audio/lib/hobot_audio//hrsc/cmd_word.json\n'}
[1168.607194] (hobot_audio) StdoutLine: {'line': b'-- Installing: /home/sunrise/xgo_demo/src/install/hobot_audio/lib/hobot_audio//hrsc/e2e_decoder_conf\n'}
[1168.610211] (hobot_audio) StdoutLine: {'line': b'-- Installing: /home/sunrise/xgo_demo/src/install/hobot_audio/lib/hobot_audio//hrsc/e2e_decoder_conf/lm\n'}
[1168.612896] (hobot_audio) StdoutLine: {'line': b'-- Installing: /home/sunrise/xgo_demo/src/install/hobot_audio/lib/hobot_audio//hrsc/e2e_decoder_conf/lm/words.txt\n'}
[1168.632022] (hobot_audio) StdoutLine: {'line': b'-- Installing: /home/sunrise/xgo_demo/src/install/hobot_audio/lib/hobot_audio//hrsc/e2e_decoder_conf/lm/TLG.fst\n'}
[1168.693812] (-) TimerEvent: {}
[1168.794920] (-) TimerEvent: {}
[1168.896062] (-) TimerEvent: {}
[1168.997165] (-) TimerEvent: {}
[1169.098363] (-) TimerEvent: {}
[1169.200318] (-) TimerEvent: {}
[1169.301541] (-) TimerEvent: {}
[1169.402944] (-) TimerEvent: {}
[1169.504142] (-) TimerEvent: {}
[1169.606473] (-) TimerEvent: {}
[1169.708737] (-) TimerEvent: {}
[1169.809911] (-) TimerEvent: {}
[1169.911138] (-) TimerEvent: {}
[1170.012299] (-) TimerEvent: {}
[1170.114537] (-) TimerEvent: {}
[1170.215747] (-) TimerEvent: {}
[1170.316969] (-) TimerEvent: {}
[1170.418194] (-) TimerEvent: {}
[1170.520326] (-) TimerEvent: {}
[1170.621529] (-) TimerEvent: {}
[1170.722668] (-) TimerEvent: {}
[1170.823848] (-) TimerEvent: {}
[1170.925019] (-) TimerEvent: {}
[1171.026106] (-) TimerEvent: {}
[1171.127244] (-) TimerEvent: {}
[1171.228451] (-) TimerEvent: {}
[1171.329646] (-) TimerEvent: {}
[1171.430724] (-) TimerEvent: {}
[1171.531757] (-) TimerEvent: {}
[1171.632832] (-) TimerEvent: {}
[1171.733939] (-) TimerEvent: {}
[1171.835019] (-) TimerEvent: {}
[1171.936110] (-) TimerEvent: {}
[1172.037153] (-) TimerEvent: {}
[1172.138199] (-) TimerEvent: {}
[1172.239190] (-) TimerEvent: {}
[1172.364696] (-) TimerEvent: {}
[1172.375925] (<colcon_parallel_executor.executor.parallel.ParallelExecutorExtension object at 0x7faa4c4d90>) ParallelStatus: {'processing': ('hobot_audio', 'xgo_face_control', 'xgo_gesture_control', 'xgo_head')}
[1172.464946] (-) TimerEvent: {}
[1172.508437] (xgo_gesture_control) StdoutLine: {'line': b'[100%] \x1b[32m\x1b[1mLinking CXX executable gesture_node\x1b[0m\n'}
[1172.588407] (-) TimerEvent: {}
[1172.689391] (-) TimerEvent: {}
[1172.790519] (-) TimerEvent: {}
[1172.891573] (-) TimerEvent: {}
[1172.992654] (-) TimerEvent: {}
[1173.019259] (hobot_audio) StdoutLine: {'line': b'-- Installing: /home/sunrise/xgo_demo/src/install/hobot_audio/lib/hobot_audio//hrsc/e2e_decoder_conf/online_asr.flag\n'}
[1173.020695] (hobot_audio) StdoutLine: {'line': b'-- Installing: /home/sunrise/xgo_demo/src/install/hobot_audio/lib/hobot_audio//hrsc/e2e_decoder_conf/context_type\n'}
[1173.022907] (hobot_audio) StdoutLine: {'line': b'-- Installing: /home/sunrise/xgo_demo/src/install/hobot_audio/lib/hobot_audio//hrsc/e2e_decoder_conf/units.txt\n'}
[1173.026636] (hobot_audio) StdoutLine: {'line': b'-- Installing: /home/sunrise/xgo_demo/src/install/hobot_audio/lib/hobot_audio//hrsc/e2e_decoder_conf/replace.txt\n'}
[1173.029577] (hobot_audio) StdoutLine: {'line': b'-- Installing: /home/sunrise/xgo_demo/src/install/hobot_audio/lib/hobot_audio//hrsc/e2e_decoder_conf/rescore\n'}
[1173.033971] (hobot_audio) StdoutLine: {'line': b'-- Installing: /home/sunrise/xgo_demo/src/install/hobot_audio/lib/hobot_audio//hrsc/e2e_decoder_conf/rescore/model.flag\n'}
[1173.035170] (hobot_audio) StdoutLine: {'line': b'-- Installing: /home/sunrise/xgo_demo/src/install/hobot_audio/lib/hobot_audio//hrsc/e2e_decoder_conf/rescore/decoder.bin\n'}
[1173.092925] (-) TimerEvent: {}
[1173.194465] (-) TimerEvent: {}
[1173.295972] (-) TimerEvent: {}
[1173.398334] (-) TimerEvent: {}
[1173.500933] (-) TimerEvent: {}
[1173.602507] (-) TimerEvent: {}
[1173.703835] (-) TimerEvent: {}
[1173.805088] (-) TimerEvent: {}
[1173.906225] (-) TimerEvent: {}
[1174.008401] (-) TimerEvent: {}
[1174.051391] (hobot_audio) StdoutLine: {'line': b'-- Installing: /home/sunrise/xgo_demo/src/install/hobot_audio/lib/hobot_audio//hrsc/e2e_decoder_conf/rescore/encoder.bin\n'}
[1174.108642] (-) TimerEvent: {}
[1174.211560] (-) TimerEvent: {}
[1174.314746] (-) TimerEvent: {}
[1174.416041] (-) TimerEvent: {}
[1174.517185] (-) TimerEvent: {}
[1174.618772] (-) TimerEvent: {}
[1174.719936] (-) TimerEvent: {}
[1174.822610] (-) TimerEvent: {}
[1174.924174] (-) TimerEvent: {}
[1175.025628] (-) TimerEvent: {}
[1175.127918] (-) TimerEvent: {}
[1175.229616] (-) TimerEvent: {}
[1175.330762] (-) TimerEvent: {}
[1175.431819] (-) TimerEvent: {}
[1175.533358] (-) TimerEvent: {}
[1175.635132] (-) TimerEvent: {}
[1175.736209] (-) TimerEvent: {}
[1175.837269] (-) TimerEvent: {}
[1175.938460] (-) TimerEvent: {}
[1176.039523] (-) TimerEvent: {}
[1176.140577] (-) TimerEvent: {}
[1176.241708] (-) TimerEvent: {}
[1176.342777] (-) TimerEvent: {}
[1176.444915] (-) TimerEvent: {}
[1176.546050] (-) TimerEvent: {}
[1176.648033] (-) TimerEvent: {}
[1176.749184] (-) TimerEvent: {}
[1176.850386] (-) TimerEvent: {}
[1176.951516] (-) TimerEvent: {}
[1177.052562] (-) TimerEvent: {}
[1177.153643] (-) TimerEvent: {}
[1177.254736] (-) TimerEvent: {}
[1177.355882] (-) TimerEvent: {}
[1177.456965] (-) TimerEvent: {}
[1177.558121] (-) TimerEvent: {}
[1177.568514] (xgo_gesture_control) StdoutLine: {'line': b'[100%] Built target gesture_node\n'}
[1177.658333] (-) TimerEvent: {}
[1177.759532] (-) TimerEvent: {}
[1177.860596] (-) TimerEvent: {}
[1177.961695] (-) TimerEvent: {}
[1178.062924] (-) TimerEvent: {}
[1178.164071] (-) TimerEvent: {}
[1178.265524] (-) TimerEvent: {}
[1178.366573] (-) TimerEvent: {}
[1178.467595] (-) TimerEvent: {}
[1178.568680] (-) TimerEvent: {}
[1178.670004] (-) TimerEvent: {}
[1178.755000] (hobot_audio) StdoutLine: {'line': b'-- Installing: /home/sunrise/xgo_demo/src/install/hobot_audio/lib/hobot_audio//hrsc/e2e_decoder_conf/rescore/ctc.bin\n'}
[1178.770242] (-) TimerEvent: {}
[1178.806248] (hobot_audio) StdoutLine: {'line': b'-- Installing: /home/sunrise/xgo_demo/src/install/hobot_audio/lib/hobot_audio//hrsc/hrsc_config.cfg\n'}
[1178.808266] (hobot_audio) StdoutLine: {'line': b'-- Installing: /home/sunrise/xgo_demo/src/install/hobot_audio/lib/hobot_audio//hrsc/hisf_conf\n'}
[1178.809870] (hobot_audio) StdoutLine: {'line': b'-- Installing: /home/sunrise/xgo_demo/src/install/hobot_audio/lib/hobot_audio//hrsc/hisf_conf/hisf_config_4mic_linear_encrypt.ini\n'}
[1178.811428] (hobot_audio) StdoutLine: {'line': b'-- Installing: /home/sunrise/xgo_demo/src/install/hobot_audio/lib/hobot_audio//hrsc/hisf_conf/CRGRU_SUBBAND_HIOK_reset_hx_-1.meanvar\n'}
[1178.813074] (hobot_audio) StdoutLine: {'line': b'-- Installing: /home/sunrise/xgo_demo/src/install/hobot_audio/lib/hobot_audio//hrsc/hisf_conf/CRGRU_SUBBAND_VAD_ONLY_-1.meanvar\n'}
[1178.814609] (hobot_audio) StdoutLine: {'line': b'-- Installing: /home/sunrise/xgo_demo/src/install/hobot_audio/lib/hobot_audio//hrsc/hisf_conf/CRGRU_SUBBAND_VAD_ONLY_-1.params\n'}
[1178.818773] (hobot_audio) StdoutLine: {'line': b'-- Installing: /home/sunrise/xgo_demo/src/install/hobot_audio/lib/hobot_audio//hrsc/hisf_conf/Dt-99.params\n'}
[1178.821736] (hobot_audio) StdoutLine: {'line': b'-- Installing: /home/sunrise/xgo_demo/src/install/hobot_audio/lib/hobot_audio//hrsc/hisf_conf/hisf_config_4mic_circular_encrypt.ini\n'}
[1178.823729] (hobot_audio) StdoutLine: {'line': b'-- Installing: /home/sunrise/xgo_demo/src/install/hobot_audio/lib/hobot_audio//hrsc/hisf_conf/hisf_config_encrypt.ini\n'}
[1178.826447] (hobot_audio) StdoutLine: {'line': b'-- Installing: /home/sunrise/xgo_demo/src/install/hobot_audio/lib/hobot_audio//hrsc/hisf_conf/RGRU_PAD_64.meanvar\n'}
[1178.828023] (hobot_audio) StdoutLine: {'line': b'-- Installing: /home/sunrise/xgo_demo/src/install/hobot_audio/lib/hobot_audio//hrsc/hisf_conf/RGRU_PAD_64.params\n'}
[1178.833936] (hobot_audio) StdoutLine: {'line': b'-- Installing: /home/sunrise/xgo_demo/src/install/hobot_audio/lib/hobot_audio//hrsc/hisf_conf/CRGRU_SUBBAND_HIOK_reset_hx_-1.params\n'}
[1178.842454] (hobot_audio) StdoutLine: {'line': b'-- Installing: /home/sunrise/xgo_demo/src/install/hobot_audio/lib/hobot_audio//hrsc/hisf_conf/hisf_config_2mic_encrypt.ini\n'}
[1178.846639] (hobot_audio) StdoutLine: {'line': b'-- Installing: /home/sunrise/xgo_demo/src/install/hobot_audio/lib/hobot_audio/hobot_audio\n'}
[1178.855859] (hobot_audio) StdoutLine: {'line': b'-- Set runtime path of "/home/sunrise/xgo_demo/src/install/hobot_audio/lib/hobot_audio/hobot_audio" to ""\n'}
[1178.857007] (hobot_audio) StdoutLine: {'line': b'-- Installing: /home/sunrise/xgo_demo/src/install/hobot_audio/lib/hobot_audio//config\n'}
[1178.858503] (hobot_audio) StdoutLine: {'line': b'-- Installing: /home/sunrise/xgo_demo/src/install/hobot_audio/lib/hobot_audio//config/audio_config.json\n'}
[1178.860653] (hobot_audio) StdoutLine: {'line': b'-- Installing: /home/sunrise/xgo_demo/src/install/hobot_audio/share/hobot_audio/launch\n'}
[1178.862789] (hobot_audio) StdoutLine: {'line': b'-- Installing: /home/sunrise/xgo_demo/src/install/hobot_audio/share/hobot_audio/launch/hobot_audio.launch.py\n'}
[1178.866759] (hobot_audio) StdoutLine: {'line': b'-- Installing: /home/sunrise/xgo_demo/src/install/hobot_audio/bin/hobot_audio\n'}
[1178.870998] (-) TimerEvent: {}
[1178.876702] (hobot_audio) StdoutLine: {'line': b'-- Set runtime path of "/home/sunrise/xgo_demo/src/install/hobot_audio/bin/hobot_audio" to ""\n'}
[1178.885251] (hobot_audio) StdoutLine: {'line': b'-- Installing: /home/sunrise/xgo_demo/src/install/hobot_audio/share/hobot_audio/environment/library_path.sh\n'}
[1178.889600] (hobot_audio) StdoutLine: {'line': b'-- Installing: /home/sunrise/xgo_demo/src/install/hobot_audio/share/hobot_audio/environment/library_path.dsv\n'}
[1178.900714] (hobot_audio) StdoutLine: {'line': b'-- Installing: /home/sunrise/xgo_demo/src/install/hobot_audio/share/ament_index/resource_index/package_run_dependencies/hobot_audio\n'}
[1178.903152] (hobot_audio) StdoutLine: {'line': b'-- Installing: /home/sunrise/xgo_demo/src/install/hobot_audio/share/ament_index/resource_index/parent_prefix_path/hobot_audio\n'}
[1178.926801] (hobot_audio) StdoutLine: {'line': b'-- Installing: /home/sunrise/xgo_demo/src/install/hobot_audio/share/hobot_audio/environment/ament_prefix_path.sh\n'}
[1178.929334] (hobot_audio) StdoutLine: {'line': b'-- Installing: /home/sunrise/xgo_demo/src/install/hobot_audio/share/hobot_audio/environment/ament_prefix_path.dsv\n'}
[1178.930906] (hobot_audio) StdoutLine: {'line': b'-- Installing: /home/sunrise/xgo_demo/src/install/hobot_audio/share/hobot_audio/environment/path.sh\n'}
[1178.932693] (hobot_audio) StdoutLine: {'line': b'-- Installing: /home/sunrise/xgo_demo/src/install/hobot_audio/share/hobot_audio/environment/path.dsv\n'}
[1178.935295] (hobot_audio) StdoutLine: {'line': b'-- Installing: /home/sunrise/xgo_demo/src/install/hobot_audio/share/hobot_audio/local_setup.bash\n'}
[1178.937462] (hobot_audio) StdoutLine: {'line': b'-- Installing: /home/sunrise/xgo_demo/src/install/hobot_audio/share/hobot_audio/local_setup.sh\n'}
[1178.939949] (hobot_audio) StdoutLine: {'line': b'-- Installing: /home/sunrise/xgo_demo/src/install/hobot_audio/share/hobot_audio/local_setup.zsh\n'}
[1178.942270] (hobot_audio) StdoutLine: {'line': b'-- Installing: /home/sunrise/xgo_demo/src/install/hobot_audio/share/hobot_audio/local_setup.dsv\n'}
[1178.944650] (hobot_audio) StdoutLine: {'line': b'-- Installing: /home/sunrise/xgo_demo/src/install/hobot_audio/share/hobot_audio/package.dsv\n'}
[1178.947832] (hobot_audio) StdoutLine: {'line': b'-- Installing: /home/sunrise/xgo_demo/src/install/hobot_audio/share/ament_index/resource_index/packages/hobot_audio\n'}
[1178.959495] (hobot_audio) StdoutLine: {'line': b'-- Installing: /home/sunrise/xgo_demo/src/install/hobot_audio/share/hobot_audio/cmake/hobot_audioExport.cmake\n'}
[1178.969763] (hobot_audio) StdoutLine: {'line': b'-- Installing: /home/sunrise/xgo_demo/src/install/hobot_audio/share/hobot_audio/cmake/hobot_audioExport-noconfig.cmake\n'}
[1178.982063] (-) TimerEvent: {}
[1178.986390] (hobot_audio) StdoutLine: {'line': b'-- Installing: /home/sunrise/xgo_demo/src/install/hobot_audio/share/hobot_audio/cmake/ament_cmake_export_include_directories-extras.cmake\n'}
[1178.989368] (hobot_audio) StdoutLine: {'line': b'-- Installing: /home/sunrise/xgo_demo/src/install/hobot_audio/share/hobot_audio/cmake/ament_cmake_export_libraries-extras.cmake\n'}
[1178.993460] (hobot_audio) StdoutLine: {'line': b'-- Installing: /home/sunrise/xgo_demo/src/install/hobot_audio/share/hobot_audio/cmake/ament_cmake_export_targets-extras.cmake\n'}
[1178.994414] (hobot_audio) StdoutLine: {'line': b'-- Installing: /home/sunrise/xgo_demo/src/install/hobot_audio/share/hobot_audio/cmake/hobot_audioConfig.cmake\n'}
[1178.996033] (xgo_gesture_control) CommandEnded: {'returncode': 0}
[1179.004406] (hobot_audio) StdoutLine: {'line': b'-- Installing: /home/sunrise/xgo_demo/src/install/hobot_audio/share/hobot_audio/cmake/hobot_audioConfig-version.cmake\n'}
[1179.009629] (hobot_audio) StdoutLine: {'line': b'-- Installing: /home/sunrise/xgo_demo/src/install/hobot_audio/share/hobot_audio/package.xml\n'}
[1179.028990] (xgo_gesture_control) JobProgress: {'identifier': 'xgo_gesture_control', 'progress': 'install'}
[1179.043857] (xgo_gesture_control) Command: {'cmd': ['/usr/bin/cmake', '--install', '/home/sunrise/xgo_demo/src/build/xgo_gesture_control'], 'cwd': '/home/sunrise/xgo_demo/src/build/xgo_gesture_control', 'env': OrderedDict([('LANGUAGE', 'en_US.UTF-8'), ('USER', 'sunrise'), ('SSH_CLIENT', '192.168.66.221 5121 22'), ('XDG_SESSION_TYPE', 'tty'), ('SHLVL', '1'), ('LD_LIBRARY_PATH', '/home/sunrise/xgo_demo/src/install/xgolib/lib:/home/sunrise/xgo_demo/install/hobot_audio/lib:/home/sunrise/xgo_demo/install/xgoscreen/lib:/home/sunrise/xgo_demo/install/xgolib/lib:/opt/tros/humble/lib/aarch64-linux-gnu:/opt/tros/humble/lib:/opt/ros/humble/lib/aarch64-linux-gnu:/opt/ros/humble/lib'), ('MOTD_SHOWN', 'pam'), ('HOME', '/home/sunrise'), ('OLDPWD', '/home/sunrise/xgo_demo'), ('SSH_TTY', '/dev/pts/0'), ('ROS_PYTHON_VERSION', '3'), ('DBUS_SESSION_BUS_ADDRESS', 'unix:path=/run/user/1000/bus'), ('TROS_DISTRO', 'humble'), ('COLCON_PREFIX_PATH', '/home/sunrise/xgo_demo/install'), ('ROS_DISTRO', 'humble'), ('LOGNAME', 'sunrise'), ('_', '/home/sunrise/.local/bin/colcon'), ('ROS_VERSION', '2'), ('XDG_SESSION_CLASS', 'user'), ('TERM', 'xterm'), ('XDG_SESSION_ID', '2'), ('ROS_LOCALHOST_ONLY', '0'), ('PATH', '/home/sunrise/xgo_demo/install/hobot_audio/bin:/home/sunrise/.local/bin:/home/sunrise/.local/bin:/opt/tros/humble/bin:/opt/ros/humble/bin:/usr/local/sbin:/usr/local/bin:/usr/sbin:/usr/bin:/sbin:/bin:/usr/games:/usr/local/games:/snap/bin'), ('XDG_RUNTIME_DIR', '/run/user/1000'), ('DISPLAY', 'localhost:10.0'), ('LANG', 'en_US.UTF-8'), ('LS_COLORS', 'rs=0:di=01;34:ln=01;36:mh=00:pi=40;33:so=01;35:do=01;35:bd=40;33;01:cd=40;33;01:or=40;31;01:mi=00:su=37;41:sg=30;43:ca=30;41:tw=30;42:ow=34;42:st=37;44:ex=01;32:*.tar=01;31:*.tgz=01;31:*.arc=01;31:*.arj=01;31:*.taz=01;31:*.lha=01;31:*.lz4=01;31:*.lzh=01;31:*.lzma=01;31:*.tlz=01;31:*.txz=01;31:*.tzo=01;31:*.t7z=01;31:*.zip=01;31:*.z=01;31:*.dz=01;31:*.gz=01;31:*.lrz=01;31:*.lz=01;31:*.lzo=01;31:*.xz=01;31:*.zst=01;31:*.tzst=01;31:*.bz2=01;31:*.bz=01;31:*.tbz=01;31:*.tbz2=01;31:*.tz=01;31:*.deb=01;31:*.rpm=01;31:*.jar=01;31:*.war=01;31:*.ear=01;31:*.sar=01;31:*.rar=01;31:*.alz=01;31:*.ace=01;31:*.zoo=01;31:*.cpio=01;31:*.7z=01;31:*.rz=01;31:*.cab=01;31:*.wim=01;31:*.swm=01;31:*.dwm=01;31:*.esd=01;31:*.jpg=01;35:*.jpeg=01;35:*.mjpg=01;35:*.mjpeg=01;35:*.gif=01;35:*.bmp=01;35:*.pbm=01;35:*.pgm=01;35:*.ppm=01;35:*.tga=01;35:*.xbm=01;35:*.xpm=01;35:*.tif=01;35:*.tiff=01;35:*.png=01;35:*.svg=01;35:*.svgz=01;35:*.mng=01;35:*.pcx=01;35:*.mov=01;35:*.mpg=01;35:*.mpeg=01;35:*.m2v=01;35:*.mkv=01;35:*.webm=01;35:*.webp=01;35:*.ogm=01;35:*.mp4=01;35:*.m4v=01;35:*.mp4v=01;35:*.vob=01;35:*.qt=01;35:*.nuv=01;35:*.wmv=01;35:*.asf=01;35:*.rm=01;35:*.rmvb=01;35:*.flc=01;35:*.avi=01;35:*.fli=01;35:*.flv=01;35:*.gl=01;35:*.dl=01;35:*.xcf=01;35:*.xwd=01;35:*.yuv=01;35:*.cgm=01;35:*.emf=01;35:*.ogv=01;35:*.ogx=01;35:*.aac=00;36:*.au=00;36:*.flac=00;36:*.m4a=00;36:*.mid=00;36:*.midi=00;36:*.mka=00;36:*.mp3=00;36:*.mpc=00;36:*.ogg=00;36:*.ra=00;36:*.wav=00;36:*.oga=00;36:*.opus=00;36:*.spx=00;36:*.xspf=00;36:'), ('AMENT_PREFIX_PATH', '/home/sunrise/xgo_demo/src/install/xgolib:/home/sunrise/xgo_demo/install/xgo_gesture_control:/home/sunrise/xgo_demo/install/hobot_audio:/home/sunrise/xgo_demo/install/xgo_motion:/home/sunrise/xgo_demo/install/xgo_head:/home/sunrise/xgo_demo/install/xgo_device:/home/sunrise/xgo_demo/install/xgoscreen:/home/sunrise/xgo_demo/install/xgolib:/home/sunrise/xgo_demo/install/xgo_display:/opt/tros/humble:/opt/ros/humble'), ('SHELL', '/bin/bash'), ('PWD', '/home/sunrise/xgo_demo/src/build/xgo_gesture_control'), ('SSH_CONNECTION', '192.168.66.221 5121 192.168.66.94 22'), ('PYTHONPATH', '/home/sunrise/xgo_demo/install/xgo_display/lib/python3.10/site-packages:/opt/tros/humble/lib/python3.10/site-packages:/opt/tros/humble/local/lib/python3.10/dist-packages:/opt/ros/humble/lib/python3.10/site-packages:/opt/ros/humble/local/lib/python3.10/dist-packages'), ('COLCON', '1'), ('CMAKE_PREFIX_PATH', '/home/sunrise/xgo_demo/src/install/xgolib:/home/sunrise/xgo_demo/install/xgo_gesture_control:/home/sunrise/xgo_demo/install/hobot_audio:/home/sunrise/xgo_demo/install/xgo_motion:/home/sunrise/xgo_demo/install/xgo_head:/home/sunrise/xgo_demo/install/xgo_device:/home/sunrise/xgo_demo/install/xgoscreen:/home/sunrise/xgo_demo/install/xgolib:/home/sunrise/xgo_demo/install/xgo_display:/opt/tros/humble:/opt/ros/humble')]), 'shell': False}
[1179.079223] (hobot_audio) CommandEnded: {'returncode': 0}
[1179.100969] (-) TimerEvent: {}
[1179.113893] (xgo_gesture_control) StdoutLine: {'line': b'-- Install configuration: ""\n'}
[1179.140207] (xgo_gesture_control) StdoutLine: {'line': b'-- Installing: /home/sunrise/xgo_demo/src/install/xgo_gesture_control/lib/xgo_gesture_control/gesture_node\n'}
[1179.170960] (xgo_gesture_control) StdoutLine: {'line': b'-- Set runtime path of "/home/sunrise/xgo_demo/src/install/xgo_gesture_control/lib/xgo_gesture_control/gesture_node" to ""\n'}
[1179.189759] (xgo_gesture_control) StdoutLine: {'line': b'-- Installing: /home/sunrise/xgo_demo/src/install/xgo_gesture_control/share/xgo_gesture_control/launch/\n'}
[1179.193930] (xgo_gesture_control) StdoutLine: {'line': b'-- Installing: /home/sunrise/xgo_demo/src/install/xgo_gesture_control/share/xgo_gesture_control/launch//gesture.launch.py\n'}
[1179.198086] (xgo_gesture_control) StdoutLine: {'line': b'-- Installing: /home/sunrise/xgo_demo/src/install/xgo_gesture_control/share/ament_index/resource_index/package_run_dependencies/xgo_gesture_control\n'}
[1179.199169] (xgo_gesture_control) StdoutLine: {'line': b'-- Installing: /home/sunrise/xgo_demo/src/install/xgo_gesture_control/share/ament_index/resource_index/parent_prefix_path/xgo_gesture_control\n'}
[1179.200102] (xgo_gesture_control) StdoutLine: {'line': b'-- Installing: /home/sunrise/xgo_demo/src/install/xgo_gesture_control/share/xgo_gesture_control/environment/ament_prefix_path.sh\n'}
[1179.201323] (-) TimerEvent: {}
[1179.202455] (xgo_gesture_control) StdoutLine: {'line': b'-- Installing: /home/sunrise/xgo_demo/src/install/xgo_gesture_control/share/xgo_gesture_control/environment/ament_prefix_path.dsv\n'}
[1179.203901] (xgo_gesture_control) StdoutLine: {'line': b'-- Installing: /home/sunrise/xgo_demo/src/install/xgo_gesture_control/share/xgo_gesture_control/environment/path.sh\n'}
[1179.205055] (xgo_gesture_control) StdoutLine: {'line': b'-- Installing: /home/sunrise/xgo_demo/src/install/xgo_gesture_control/share/xgo_gesture_control/environment/path.dsv\n'}
[1179.206104] (xgo_gesture_control) StdoutLine: {'line': b'-- Installing: /home/sunrise/xgo_demo/src/install/xgo_gesture_control/share/xgo_gesture_control/local_setup.bash\n'}
[1179.206927] (xgo_gesture_control) StdoutLine: {'line': b'-- Installing: /home/sunrise/xgo_demo/src/install/xgo_gesture_control/share/xgo_gesture_control/local_setup.sh\n'}
[1179.207666] (xgo_gesture_control) StdoutLine: {'line': b'-- Installing: /home/sunrise/xgo_demo/src/install/xgo_gesture_control/share/xgo_gesture_control/local_setup.zsh\n'}
[1179.208465] (xgo_gesture_control) StdoutLine: {'line': b'-- Installing: /home/sunrise/xgo_demo/src/install/xgo_gesture_control/share/xgo_gesture_control/local_setup.dsv\n'}
[1179.219081] (xgo_gesture_control) StdoutLine: {'line': b'-- Installing: /home/sunrise/xgo_demo/src/install/xgo_gesture_control/share/xgo_gesture_control/package.dsv\n'}
[1179.219929] (xgo_gesture_control) StdoutLine: {'line': b'-- Installing: /home/sunrise/xgo_demo/src/install/xgo_gesture_control/share/ament_index/resource_index/packages/xgo_gesture_control\n'}
[1179.223383] (xgo_gesture_control) StdoutLine: {'line': b'-- Installing: /home/sunrise/xgo_demo/src/install/xgo_gesture_control/share/xgo_gesture_control/cmake/ament_cmake_export_dependencies-extras.cmake\n'}
[1179.224439] (xgo_gesture_control) StdoutLine: {'line': b'-- Installing: /home/sunrise/xgo_demo/src/install/xgo_gesture_control/share/xgo_gesture_control/cmake/xgo_gesture_controlConfig.cmake\n'}
[1179.229918] (xgo_gesture_control) StdoutLine: {'line': b'-- Installing: /home/sunrise/xgo_demo/src/install/xgo_gesture_control/share/xgo_gesture_control/cmake/xgo_gesture_controlConfig-version.cmake\n'}
[1179.258196] (xgo_gesture_control) StdoutLine: {'line': b'-- Installing: /home/sunrise/xgo_demo/src/install/xgo_gesture_control/share/xgo_gesture_control/package.xml\n'}
[1179.308185] (-) TimerEvent: {}
[1179.426736] (-) TimerEvent: {}
[1179.559257] (-) TimerEvent: {}
[1179.673926] (-) TimerEvent: {}
[1179.775516] (-) TimerEvent: {}
[1179.949992] (-) TimerEvent: {}
[1180.053436] (-) TimerEvent: {}
[1180.172896] (-) TimerEvent: {}
[1180.181793] (hobot_audio) JobEnded: {'identifier': 'hobot_audio', 'rc': 0}
[1180.305497] (-) TimerEvent: {}
[1180.306375] (xgo_motion) JobStarted: {'identifier': 'xgo_motion'}
[1180.407999] (-) TimerEvent: {}
[1180.420159] (xgo_gesture_control) CommandEnded: {'returncode': 0}
[1180.511030] (-) TimerEvent: {}
[1180.547760] (xgo_gesture_control) JobEnded: {'identifier': 'xgo_gesture_control', 'rc': 0}
[1180.615652] (-) TimerEvent: {}
[1180.617971] (xgo_motion) JobProgress: {'identifier': 'xgo_motion', 'progress': 'cmake'}
[1180.621870] (xgo_motion) Command: {'cmd': ['/usr/bin/cmake', '/home/sunrise/xgo_demo/src/xgo_motion', '-DCMAKE_INSTALL_PREFIX=/home/sunrise/xgo_demo/src/install/xgo_motion'], 'cwd': '/home/sunrise/xgo_demo/src/build/xgo_motion', 'env': OrderedDict([('LANGUAGE', 'en_US.UTF-8'), ('USER', 'sunrise'), ('SSH_CLIENT', '192.168.66.221 5121 22'), ('XDG_SESSION_TYPE', 'tty'), ('SHLVL', '1'), ('LD_LIBRARY_PATH', '/home/sunrise/xgo_demo/src/install/xgoscreen/lib:/home/sunrise/xgo_demo/src/install/xgolib/lib:/home/sunrise/xgo_demo/install/hobot_audio/lib:/home/sunrise/xgo_demo/install/xgoscreen/lib:/home/sunrise/xgo_demo/install/xgolib/lib:/opt/tros/humble/lib/aarch64-linux-gnu:/opt/tros/humble/lib:/opt/ros/humble/lib/aarch64-linux-gnu:/opt/ros/humble/lib'), ('MOTD_SHOWN', 'pam'), ('HOME', '/home/sunrise'), ('OLDPWD', '/home/sunrise/xgo_demo'), ('SSH_TTY', '/dev/pts/0'), ('ROS_PYTHON_VERSION', '3'), ('DBUS_SESSION_BUS_ADDRESS', 'unix:path=/run/user/1000/bus'), ('TROS_DISTRO', 'humble'), ('COLCON_PREFIX_PATH', '/home/sunrise/xgo_demo/install'), ('ROS_DISTRO', 'humble'), ('LOGNAME', 'sunrise'), ('_', '/home/sunrise/.local/bin/colcon'), ('ROS_VERSION', '2'), ('XDG_SESSION_CLASS', 'user'), ('TERM', 'xterm'), ('XDG_SESSION_ID', '2'), ('ROS_LOCALHOST_ONLY', '0'), ('PATH', '/home/sunrise/xgo_demo/install/hobot_audio/bin:/home/sunrise/.local/bin:/home/sunrise/.local/bin:/opt/tros/humble/bin:/opt/ros/humble/bin:/usr/local/sbin:/usr/local/bin:/usr/sbin:/usr/bin:/sbin:/bin:/usr/games:/usr/local/games:/snap/bin'), ('XDG_RUNTIME_DIR', '/run/user/1000'), ('DISPLAY', 'localhost:10.0'), ('LANG', 'en_US.UTF-8'), ('LS_COLORS', 'rs=0:di=01;34:ln=01;36:mh=00:pi=40;33:so=01;35:do=01;35:bd=40;33;01:cd=40;33;01:or=40;31;01:mi=00:su=37;41:sg=30;43:ca=30;41:tw=30;42:ow=34;42:st=37;44:ex=01;32:*.tar=01;31:*.tgz=01;31:*.arc=01;31:*.arj=01;31:*.taz=01;31:*.lha=01;31:*.lz4=01;31:*.lzh=01;31:*.lzma=01;31:*.tlz=01;31:*.txz=01;31:*.tzo=01;31:*.t7z=01;31:*.zip=01;31:*.z=01;31:*.dz=01;31:*.gz=01;31:*.lrz=01;31:*.lz=01;31:*.lzo=01;31:*.xz=01;31:*.zst=01;31:*.tzst=01;31:*.bz2=01;31:*.bz=01;31:*.tbz=01;31:*.tbz2=01;31:*.tz=01;31:*.deb=01;31:*.rpm=01;31:*.jar=01;31:*.war=01;31:*.ear=01;31:*.sar=01;31:*.rar=01;31:*.alz=01;31:*.ace=01;31:*.zoo=01;31:*.cpio=01;31:*.7z=01;31:*.rz=01;31:*.cab=01;31:*.wim=01;31:*.swm=01;31:*.dwm=01;31:*.esd=01;31:*.jpg=01;35:*.jpeg=01;35:*.mjpg=01;35:*.mjpeg=01;35:*.gif=01;35:*.bmp=01;35:*.pbm=01;35:*.pgm=01;35:*.ppm=01;35:*.tga=01;35:*.xbm=01;35:*.xpm=01;35:*.tif=01;35:*.tiff=01;35:*.png=01;35:*.svg=01;35:*.svgz=01;35:*.mng=01;35:*.pcx=01;35:*.mov=01;35:*.mpg=01;35:*.mpeg=01;35:*.m2v=01;35:*.mkv=01;35:*.webm=01;35:*.webp=01;35:*.ogm=01;35:*.mp4=01;35:*.m4v=01;35:*.mp4v=01;35:*.vob=01;35:*.qt=01;35:*.nuv=01;35:*.wmv=01;35:*.asf=01;35:*.rm=01;35:*.rmvb=01;35:*.flc=01;35:*.avi=01;35:*.fli=01;35:*.flv=01;35:*.gl=01;35:*.dl=01;35:*.xcf=01;35:*.xwd=01;35:*.yuv=01;35:*.cgm=01;35:*.emf=01;35:*.ogv=01;35:*.ogx=01;35:*.aac=00;36:*.au=00;36:*.flac=00;36:*.m4a=00;36:*.mid=00;36:*.midi=00;36:*.mka=00;36:*.mp3=00;36:*.mpc=00;36:*.ogg=00;36:*.ra=00;36:*.wav=00;36:*.oga=00;36:*.opus=00;36:*.spx=00;36:*.xspf=00;36:'), ('AMENT_PREFIX_PATH', '/home/sunrise/xgo_demo/src/install/xgoscreen:/home/sunrise/xgo_demo/src/install/xgolib:/home/sunrise/xgo_demo/install/xgo_gesture_control:/home/sunrise/xgo_demo/install/hobot_audio:/home/sunrise/xgo_demo/install/xgo_motion:/home/sunrise/xgo_demo/install/xgo_head:/home/sunrise/xgo_demo/install/xgo_device:/home/sunrise/xgo_demo/install/xgoscreen:/home/sunrise/xgo_demo/install/xgolib:/home/sunrise/xgo_demo/install/xgo_display:/opt/tros/humble:/opt/ros/humble'), ('SHELL', '/bin/bash'), ('PWD', '/home/sunrise/xgo_demo/src/build/xgo_motion'), ('SSH_CONNECTION', '192.168.66.221 5121 192.168.66.94 22'), ('PYTHONPATH', '/home/sunrise/xgo_demo/install/xgo_display/lib/python3.10/site-packages:/opt/tros/humble/lib/python3.10/site-packages:/opt/tros/humble/local/lib/python3.10/dist-packages:/opt/ros/humble/lib/python3.10/site-packages:/opt/ros/humble/local/lib/python3.10/dist-packages'), ('COLCON', '1'), ('CMAKE_PREFIX_PATH', '/home/sunrise/xgo_demo/src/install/xgoscreen:/home/sunrise/xgo_demo/src/install/xgolib:/home/sunrise/xgo_demo/install/xgo_gesture_control:/home/sunrise/xgo_demo/install/hobot_audio:/home/sunrise/xgo_demo/install/xgo_motion:/home/sunrise/xgo_demo/install/xgo_head:/home/sunrise/xgo_demo/install/xgo_device:/home/sunrise/xgo_demo/install/xgoscreen:/home/sunrise/xgo_demo/install/xgolib:/home/sunrise/xgo_demo/install/xgo_display:/opt/tros/humble:/opt/ros/humble')]), 'shell': False}
[1180.715905] (-) TimerEvent: {}
[1180.818123] (-) TimerEvent: {}
[1180.919107] (-) TimerEvent: {}
[1181.020178] (-) TimerEvent: {}
[1181.121229] (-) TimerEvent: {}
[1181.222414] (-) TimerEvent: {}
[1181.295854] (xgo_motion) StdoutLine: {'line': b'-- The C compiler identification is GNU 11.2.0\n'}
[1181.322608] (-) TimerEvent: {}
[1181.424667] (-) TimerEvent: {}
[1181.526879] (-) TimerEvent: {}
[1181.627944] (-) TimerEvent: {}
[1181.648670] (xgo_motion) StdoutLine: {'line': b'-- The CXX compiler identification is GNU 11.2.0\n'}
[1181.706138] (xgo_motion) StdoutLine: {'line': b'-- Detecting C compiler ABI info\n'}
[1181.728173] (-) TimerEvent: {}
[1181.829241] (-) TimerEvent: {}
[1181.930713] (-) TimerEvent: {}
[1182.031943] (-) TimerEvent: {}
[1182.078064] (xgo_motion) StdoutLine: {'line': b'-- Detecting C compiler ABI info - done\n'}
[1182.132391] (xgo_motion) StdoutLine: {'line': b'-- Check for working C compiler: /usr/bin/cc - skipped\n'}
[1182.133321] (-) TimerEvent: {}
[1182.135265] (xgo_motion) StdoutLine: {'line': b'-- Detecting C compile features\n'}
[1182.139789] (xgo_motion) StdoutLine: {'line': b'-- Detecting C compile features - done\n'}
[1182.163247] (xgo_motion) StdoutLine: {'line': b'-- Detecting CXX compiler ABI info\n'}
[1182.233619] (-) TimerEvent: {}
[1182.334828] (-) TimerEvent: {}
[1182.436043] (-) TimerEvent: {}
[1182.537289] (-) TimerEvent: {}
[1182.578500] (xgo_motion) StdoutLine: {'line': b'-- Detecting CXX compiler ABI info - done\n'}
[1182.635945] (xgo_motion) StdoutLine: {'line': b'-- Check for working CXX compiler: /usr/bin/c++ - skipped\n'}
[1182.637518] (xgo_motion) StdoutLine: {'line': b'-- Detecting CXX compile features\n'}
[1182.638609] (-) TimerEvent: {}
[1182.640622] (xgo_motion) StdoutLine: {'line': b'-- Detecting CXX compile features - done\n'}
[1182.703518] (xgo_motion) StdoutLine: {'line': b'-- Found ament_cmake: 1.3.11 (/opt/ros/humble/share/ament_cmake/cmake)\n'}
[1182.738840] (-) TimerEvent: {}
[1182.839947] (-) TimerEvent: {}
[1182.941026] (-) TimerEvent: {}
[1183.042260] (-) TimerEvent: {}
[1183.144131] (-) TimerEvent: {}
[1183.245167] (-) TimerEvent: {}
[1183.346421] (-) TimerEvent: {}
[1183.448407] (-) TimerEvent: {}
[1183.549571] (-) TimerEvent: {}
[1183.650736] (-) TimerEvent: {}
[1183.752958] (-) TimerEvent: {}
[1183.854243] (-) TimerEvent: {}
[1183.955254] (-) TimerEvent: {}
[1184.057085] (-) TimerEvent: {}
[1184.110022] (xgo_motion) StdoutLine: {'line': b'-- Found Python3: /usr/bin/python3 (found version "3.10.12") found components: Interpreter \n'}
[1184.157331] (-) TimerEvent: {}
[1184.258450] (-) TimerEvent: {}
[1184.359644] (-) TimerEvent: {}
[1184.461318] (-) TimerEvent: {}
[1184.562424] (-) TimerEvent: {}
[1184.663443] (-) TimerEvent: {}
[1184.764478] (-) TimerEvent: {}
[1184.967165] (-) TimerEvent: {}
[1185.068301] (-) TimerEvent: {}
[1185.099666] (xgo_motion) StdoutLine: {'line': b'-- Found rclcpp: 16.0.12 (/opt/ros/humble/share/rclcpp/cmake)\n'}
[1185.168519] (-) TimerEvent: {}
[1185.269647] (-) TimerEvent: {}
[1185.371236] (-) TimerEvent: {}
[1185.472333] (-) TimerEvent: {}
[1185.506043] (xgo_motion) StdoutLine: {'line': b'-- Found rosidl_generator_c: 3.1.6 (/opt/ros/humble/share/rosidl_generator_c/cmake)\n'}
[1185.562432] (xgo_motion) StdoutLine: {'line': b'-- Found rosidl_adapter: 3.1.6 (/opt/ros/humble/share/rosidl_adapter/cmake)\n'}
[1185.572560] (-) TimerEvent: {}
[1185.673888] (-) TimerEvent: {}
[1185.701990] (xgo_motion) StdoutLine: {'line': b'-- Found rosidl_generator_cpp: 3.1.6 (/opt/ros/humble/share/rosidl_generator_cpp/cmake)\n'}
[1185.774096] (-) TimerEvent: {}
[1185.876009] (-) TimerEvent: {}
[1185.927798] (xgo_motion) StdoutLine: {'line': b'-- Using all available rosidl_typesupport_c: rosidl_typesupport_fastrtps_c;rosidl_typesupport_introspection_c\n'}
[1185.976267] (-) TimerEvent: {}
[1186.076245] (xgo_motion) StdoutLine: {'line': b'-- Using all available rosidl_typesupport_cpp: rosidl_typesupport_fastrtps_cpp;rosidl_typesupport_introspection_cpp\n'}
[1186.077279] (-) TimerEvent: {}
[1186.179368] (-) TimerEvent: {}
[1186.281227] (-) TimerEvent: {}
[1186.382469] (-) TimerEvent: {}
[1186.484293] (-) TimerEvent: {}
[1186.486233] (xgo_motion) StdoutLine: {'line': b'-- Found rmw_implementation_cmake: 6.1.2 (/opt/ros/humble/share/rmw_implementation_cmake/cmake)\n'}
[1186.511493] (xgo_motion) StdoutLine: {'line': b'-- Found rmw_fastrtps_cpp: 6.2.7 (/opt/ros/humble/share/rmw_fastrtps_cpp/cmake)\n'}
[1186.584512] (-) TimerEvent: {}
[1186.685636] (-) TimerEvent: {}
[1186.786853] (-) TimerEvent: {}
[1186.888907] (-) TimerEvent: {}
[1186.990257] (-) TimerEvent: {}
[1187.035337] (xgo_motion) StdoutLine: {'line': b'-- Found OpenSSL: /usr/lib/aarch64-linux-gnu/libcrypto.so (found version "3.0.2")  \n'}
[1187.090466] (-) TimerEvent: {}
[1187.188061] (xgo_motion) StdoutLine: {'line': b'-- Found FastRTPS: /opt/ros/humble/include  \n'}
[1187.190671] (-) TimerEvent: {}
[1187.291776] (-) TimerEvent: {}
[1187.392907] (-) TimerEvent: {}
[1187.394833] (xgo_motion) StdoutLine: {'line': b"-- Using RMW implementation 'rmw_fastrtps_cpp' as default\n"}
[1187.478994] (xgo_motion) StdoutLine: {'line': b'-- Looking for pthread.h\n'}
[1187.493143] (-) TimerEvent: {}
[1187.594307] (-) TimerEvent: {}
[1187.695442] (-) TimerEvent: {}
[1187.797490] (-) TimerEvent: {}
[1187.871351] (xgo_motion) StdoutLine: {'line': b'-- Looking for pthread.h - found\n'}
[1187.873171] (xgo_motion) StdoutLine: {'line': b'-- Performing Test CMAKE_HAVE_LIBC_PTHREAD\n'}
[1187.897696] (-) TimerEvent: {}
[1187.999864] (-) TimerEvent: {}
[1188.100977] (-) TimerEvent: {}
[1188.202011] (-) TimerEvent: {}
[1188.303017] (-) TimerEvent: {}
[1188.404047] (-) TimerEvent: {}
[1188.505071] (-) TimerEvent: {}
[1188.606209] (-) TimerEvent: {}
[1188.707288] (-) TimerEvent: {}
[1188.808292] (-) TimerEvent: {}
[1188.909569] (-) TimerEvent: {}
[1189.010798] (-) TimerEvent: {}
[1189.111840] (-) TimerEvent: {}
[1189.212885] (-) TimerEvent: {}
[1189.314042] (-) TimerEvent: {}
[1189.415119] (-) TimerEvent: {}
[1189.516122] (-) TimerEvent: {}
[1189.617175] (-) TimerEvent: {}
[1189.693871] (xgo_motion) StdoutLine: {'line': b'-- Performing Test CMAKE_HAVE_LIBC_PTHREAD - Success\n'}
[1189.699989] (xgo_motion) StdoutLine: {'line': b'-- Found Threads: TRUE  \n'}
[1189.717392] (-) TimerEvent: {}
[1189.818550] (-) TimerEvent: {}
[1189.919796] (-) TimerEvent: {}
[1190.021913] (-) TimerEvent: {}
[1190.122961] (-) TimerEvent: {}
[1190.223992] (-) TimerEvent: {}
[1190.306159] (xgo_motion) StdoutLine: {'line': b'-- Found xgolib: 1.0.0 (/home/sunrise/xgo_demo/src/install/xgolib/share/xgolib/cmake)\n'}
[1190.324222] (-) TimerEvent: {}
[1190.330245] (xgo_motion) StdoutLine: {'line': b'-- Found xgoscreen: 0.0.1 (/home/sunrise/xgo_demo/src/install/xgoscreen/share/xgoscreen/cmake)\n'}
[1190.424452] (-) TimerEvent: {}
[1190.525635] (-) TimerEvent: {}
[1190.626723] (-) TimerEvent: {}
[1190.728183] (-) TimerEvent: {}
[1190.829265] (-) TimerEvent: {}
[1190.931485] (-) TimerEvent: {}
[1191.033506] (-) TimerEvent: {}
[1191.134539] (-) TimerEvent: {}
[1191.235571] (-) TimerEvent: {}
[1191.336637] (-) TimerEvent: {}
[1191.437770] (-) TimerEvent: {}
[1191.465233] (xgo_motion) StdoutLine: {'line': b'-- Configuring done\n'}
[1191.538023] (-) TimerEvent: {}
[1191.547092] (xgo_motion) StdoutLine: {'line': b'-- Generating done\n'}
[1191.571324] (xgo_motion) StdoutLine: {'line': b'-- Build files have been written to: /home/sunrise/xgo_demo/src/build/xgo_motion\n'}
[1191.638204] (-) TimerEvent: {}
[1191.648663] (xgo_motion) CommandEnded: {'returncode': 0}
[1191.659633] (xgo_motion) JobProgress: {'identifier': 'xgo_motion', 'progress': 'build'}
[1191.670342] (xgo_motion) Command: {'cmd': ['/usr/bin/cmake', '--build', '/home/sunrise/xgo_demo/src/build/xgo_motion', '--', '-j4', '-l4'], 'cwd': '/home/sunrise/xgo_demo/src/build/xgo_motion', 'env': OrderedDict([('LANGUAGE', 'en_US.UTF-8'), ('USER', 'sunrise'), ('SSH_CLIENT', '192.168.66.221 5121 22'), ('XDG_SESSION_TYPE', 'tty'), ('SHLVL', '1'), ('LD_LIBRARY_PATH', '/home/sunrise/xgo_demo/src/install/xgoscreen/lib:/home/sunrise/xgo_demo/src/install/xgolib/lib:/home/sunrise/xgo_demo/install/hobot_audio/lib:/home/sunrise/xgo_demo/install/xgoscreen/lib:/home/sunrise/xgo_demo/install/xgolib/lib:/opt/tros/humble/lib/aarch64-linux-gnu:/opt/tros/humble/lib:/opt/ros/humble/lib/aarch64-linux-gnu:/opt/ros/humble/lib'), ('MOTD_SHOWN', 'pam'), ('HOME', '/home/sunrise'), ('OLDPWD', '/home/sunrise/xgo_demo'), ('SSH_TTY', '/dev/pts/0'), ('ROS_PYTHON_VERSION', '3'), ('DBUS_SESSION_BUS_ADDRESS', 'unix:path=/run/user/1000/bus'), ('TROS_DISTRO', 'humble'), ('COLCON_PREFIX_PATH', '/home/sunrise/xgo_demo/install'), ('ROS_DISTRO', 'humble'), ('LOGNAME', 'sunrise'), ('_', '/home/sunrise/.local/bin/colcon'), ('ROS_VERSION', '2'), ('XDG_SESSION_CLASS', 'user'), ('TERM', 'xterm'), ('XDG_SESSION_ID', '2'), ('ROS_LOCALHOST_ONLY', '0'), ('PATH', '/home/sunrise/xgo_demo/install/hobot_audio/bin:/home/sunrise/.local/bin:/home/sunrise/.local/bin:/opt/tros/humble/bin:/opt/ros/humble/bin:/usr/local/sbin:/usr/local/bin:/usr/sbin:/usr/bin:/sbin:/bin:/usr/games:/usr/local/games:/snap/bin'), ('XDG_RUNTIME_DIR', '/run/user/1000'), ('DISPLAY', 'localhost:10.0'), ('LANG', 'en_US.UTF-8'), ('LS_COLORS', 'rs=0:di=01;34:ln=01;36:mh=00:pi=40;33:so=01;35:do=01;35:bd=40;33;01:cd=40;33;01:or=40;31;01:mi=00:su=37;41:sg=30;43:ca=30;41:tw=30;42:ow=34;42:st=37;44:ex=01;32:*.tar=01;31:*.tgz=01;31:*.arc=01;31:*.arj=01;31:*.taz=01;31:*.lha=01;31:*.lz4=01;31:*.lzh=01;31:*.lzma=01;31:*.tlz=01;31:*.txz=01;31:*.tzo=01;31:*.t7z=01;31:*.zip=01;31:*.z=01;31:*.dz=01;31:*.gz=01;31:*.lrz=01;31:*.lz=01;31:*.lzo=01;31:*.xz=01;31:*.zst=01;31:*.tzst=01;31:*.bz2=01;31:*.bz=01;31:*.tbz=01;31:*.tbz2=01;31:*.tz=01;31:*.deb=01;31:*.rpm=01;31:*.jar=01;31:*.war=01;31:*.ear=01;31:*.sar=01;31:*.rar=01;31:*.alz=01;31:*.ace=01;31:*.zoo=01;31:*.cpio=01;31:*.7z=01;31:*.rz=01;31:*.cab=01;31:*.wim=01;31:*.swm=01;31:*.dwm=01;31:*.esd=01;31:*.jpg=01;35:*.jpeg=01;35:*.mjpg=01;35:*.mjpeg=01;35:*.gif=01;35:*.bmp=01;35:*.pbm=01;35:*.pgm=01;35:*.ppm=01;35:*.tga=01;35:*.xbm=01;35:*.xpm=01;35:*.tif=01;35:*.tiff=01;35:*.png=01;35:*.svg=01;35:*.svgz=01;35:*.mng=01;35:*.pcx=01;35:*.mov=01;35:*.mpg=01;35:*.mpeg=01;35:*.m2v=01;35:*.mkv=01;35:*.webm=01;35:*.webp=01;35:*.ogm=01;35:*.mp4=01;35:*.m4v=01;35:*.mp4v=01;35:*.vob=01;35:*.qt=01;35:*.nuv=01;35:*.wmv=01;35:*.asf=01;35:*.rm=01;35:*.rmvb=01;35:*.flc=01;35:*.avi=01;35:*.fli=01;35:*.flv=01;35:*.gl=01;35:*.dl=01;35:*.xcf=01;35:*.xwd=01;35:*.yuv=01;35:*.cgm=01;35:*.emf=01;35:*.ogv=01;35:*.ogx=01;35:*.aac=00;36:*.au=00;36:*.flac=00;36:*.m4a=00;36:*.mid=00;36:*.midi=00;36:*.mka=00;36:*.mp3=00;36:*.mpc=00;36:*.ogg=00;36:*.ra=00;36:*.wav=00;36:*.oga=00;36:*.opus=00;36:*.spx=00;36:*.xspf=00;36:'), ('AMENT_PREFIX_PATH', '/home/sunrise/xgo_demo/src/install/xgoscreen:/home/sunrise/xgo_demo/src/install/xgolib:/home/sunrise/xgo_demo/install/xgo_gesture_control:/home/sunrise/xgo_demo/install/hobot_audio:/home/sunrise/xgo_demo/install/xgo_motion:/home/sunrise/xgo_demo/install/xgo_head:/home/sunrise/xgo_demo/install/xgo_device:/home/sunrise/xgo_demo/install/xgoscreen:/home/sunrise/xgo_demo/install/xgolib:/home/sunrise/xgo_demo/install/xgo_display:/opt/tros/humble:/opt/ros/humble'), ('SHELL', '/bin/bash'), ('PWD', '/home/sunrise/xgo_demo/src/build/xgo_motion'), ('SSH_CONNECTION', '192.168.66.221 5121 192.168.66.94 22'), ('PYTHONPATH', '/home/sunrise/xgo_demo/install/xgo_display/lib/python3.10/site-packages:/opt/tros/humble/lib/python3.10/site-packages:/opt/tros/humble/local/lib/python3.10/dist-packages:/opt/ros/humble/lib/python3.10/site-packages:/opt/ros/humble/local/lib/python3.10/dist-packages'), ('COLCON', '1'), ('CMAKE_PREFIX_PATH', '/home/sunrise/xgo_demo/src/install/xgoscreen:/home/sunrise/xgo_demo/src/install/xgolib:/home/sunrise/xgo_demo/install/xgo_gesture_control:/home/sunrise/xgo_demo/install/hobot_audio:/home/sunrise/xgo_demo/install/xgo_motion:/home/sunrise/xgo_demo/install/xgo_head:/home/sunrise/xgo_demo/install/xgo_device:/home/sunrise/xgo_demo/install/xgoscreen:/home/sunrise/xgo_demo/install/xgolib:/home/sunrise/xgo_demo/install/xgo_display:/opt/tros/humble:/opt/ros/humble')]), 'shell': False}
[1191.738435] (-) TimerEvent: {}
[1191.839518] (-) TimerEvent: {}
[1191.869195] (xgo_motion) StdoutLine: {'line': b'[ 50%] \x1b[32mBuilding CXX object CMakeFiles/dog_show_combined.dir/src/dog_show_combined.cpp.o\x1b[0m\n'}
[1191.939760] (-) TimerEvent: {}
[1192.040836] (-) TimerEvent: {}
[1192.141929] (-) TimerEvent: {}
[1192.242956] (-) TimerEvent: {}
[1192.343897] (-) TimerEvent: {}
[1192.444873] (-) TimerEvent: {}
[1192.546205] (-) TimerEvent: {}
[1192.647237] (-) TimerEvent: {}
[1192.748213] (-) TimerEvent: {}
[1192.849180] (-) TimerEvent: {}
[1192.950206] (-) TimerEvent: {}
[1193.051223] (-) TimerEvent: {}
[1193.152236] (-) TimerEvent: {}
[1193.253196] (-) TimerEvent: {}
[1193.354193] (-) TimerEvent: {}
[1193.455106] (-) TimerEvent: {}
[1193.556069] (-) TimerEvent: {}
[1193.657044] (-) TimerEvent: {}
[1193.758033] (-) TimerEvent: {}
[1193.859010] (-) TimerEvent: {}
[1193.959950] (-) TimerEvent: {}
[1194.060907] (-) TimerEvent: {}
[1194.161905] (-) TimerEvent: {}
[1194.262903] (-) TimerEvent: {}
[1194.363905] (-) TimerEvent: {}
[1194.464909] (-) TimerEvent: {}
[1194.566329] (-) TimerEvent: {}
[1194.667308] (-) TimerEvent: {}
[1194.768381] (-) TimerEvent: {}
[1194.869456] (-) TimerEvent: {}
[1194.970524] (-) TimerEvent: {}
[1195.071747] (-) TimerEvent: {}
[1195.172783] (-) TimerEvent: {}
[1195.273934] (-) TimerEvent: {}
[1195.375111] (-) TimerEvent: {}
[1195.476249] (-) TimerEvent: {}
[1195.577525] (-) TimerEvent: {}
[1195.678726] (-) TimerEvent: {}
[1195.779845] (-) TimerEvent: {}
[1195.881006] (-) TimerEvent: {}
[1195.983031] (-) TimerEvent: {}
[1196.084517] (-) TimerEvent: {}
[1196.185642] (-) TimerEvent: {}
[1196.286680] (-) TimerEvent: {}
[1196.387894] (-) TimerEvent: {}
[1196.489038] (-) TimerEvent: {}
[1196.590394] (-) TimerEvent: {}
[1196.692261] (-) TimerEvent: {}
[1196.793389] (-) TimerEvent: {}
[1196.894561] (-) TimerEvent: {}
[1196.995818] (-) TimerEvent: {}
[1197.098127] (-) TimerEvent: {}
[1197.199307] (-) TimerEvent: {}
[1197.300501] (-) TimerEvent: {}
[1197.401739] (-) TimerEvent: {}
[1197.502842] (-) TimerEvent: {}
[1197.604940] (-) TimerEvent: {}
[1197.707214] (-) TimerEvent: {}
[1197.809491] (-) TimerEvent: {}
[1197.911569] (-) TimerEvent: {}
[1198.012960] (-) TimerEvent: {}
[1198.114903] (-) TimerEvent: {}
[1198.216041] (-) TimerEvent: {}
[1198.317211] (-) TimerEvent: {}
[1198.418406] (-) TimerEvent: {}
[1198.520441] (-) TimerEvent: {}
[1198.621619] (-) TimerEvent: {}
[1198.722802] (-) TimerEvent: {}
[1198.823838] (-) TimerEvent: {}
[1198.925021] (-) TimerEvent: {}
[1199.026288] (-) TimerEvent: {}
[1199.128460] (-) TimerEvent: {}
[1199.230818] (-) TimerEvent: {}
[1199.331921] (-) TimerEvent: {}
[1199.433048] (-) TimerEvent: {}
[1199.534242] (-) TimerEvent: {}
[1199.635383] (-) TimerEvent: {}
[1199.736468] (-) TimerEvent: {}
[1199.837678] (-) TimerEvent: {}
[1199.938896] (-) TimerEvent: {}
[1200.040012] (-) TimerEvent: {}
[1200.142094] (-) TimerEvent: {}
[1200.243325] (-) TimerEvent: {}
[1200.344565] (-) TimerEvent: {}
[1200.445878] (-) TimerEvent: {}
[1200.548092] (-) TimerEvent: {}
[1200.650168] (-) TimerEvent: {}
[1200.752402] (-) TimerEvent: {}
[1200.853661] (-) TimerEvent: {}
[1200.956047] (-) TimerEvent: {}
[1201.058085] (-) TimerEvent: {}
[1201.159229] (-) TimerEvent: {}
[1201.260363] (-) TimerEvent: {}
[1201.361619] (-) TimerEvent: {}
[1201.462847] (-) TimerEvent: {}
[1201.565170] (-) TimerEvent: {}
[1201.667469] (-) TimerEvent: {}
[1201.768608] (-) TimerEvent: {}
[1201.870748] (-) TimerEvent: {}
[1201.972645] (-) TimerEvent: {}
[1202.075397] (-) TimerEvent: {}
[1202.178274] (-) TimerEvent: {}
[1202.280390] (-) TimerEvent: {}
[1202.381549] (-) TimerEvent: {}
[1202.483647] (-) TimerEvent: {}
[1202.585052] (-) TimerEvent: {}
[1202.687446] (-) TimerEvent: {}
[1202.788629] (-) TimerEvent: {}
[1202.890226] (-) TimerEvent: {}
[1202.991409] (-) TimerEvent: {}
[1203.092541] (-) TimerEvent: {}
[1203.194581] (-) TimerEvent: {}
[1203.296222] (-) TimerEvent: {}
[1203.397573] (-) TimerEvent: {}
[1203.499740] (-) TimerEvent: {}
[1203.601080] (-) TimerEvent: {}
[1203.703224] (-) TimerEvent: {}
[1203.804779] (-) TimerEvent: {}
[1203.905869] (-) TimerEvent: {}
[1204.006991] (-) TimerEvent: {}
[1204.108193] (-) TimerEvent: {}
[1204.209745] (-) TimerEvent: {}
[1204.311418] (-) TimerEvent: {}
[1204.413638] (-) TimerEvent: {}
[1204.515374] (-) TimerEvent: {}
[1204.617349] (-) TimerEvent: {}
[1204.723046] (-) TimerEvent: {}
[1204.824749] (-) TimerEvent: {}
[1204.925884] (-) TimerEvent: {}
[1205.026940] (-) TimerEvent: {}
[1205.128092] (-) TimerEvent: {}
[1205.229302] (-) TimerEvent: {}
[1205.330454] (-) TimerEvent: {}
[1205.431495] (-) TimerEvent: {}
[1205.532538] (-) TimerEvent: {}
[1205.633408] (-) TimerEvent: {}
[1205.734284] (-) TimerEvent: {}
[1205.835162] (-) TimerEvent: {}
[1205.936045] (-) TimerEvent: {}
[1206.036973] (-) TimerEvent: {}
[1206.138003] (-) TimerEvent: {}
[1206.238877] (-) TimerEvent: {}
[1206.339722] (-) TimerEvent: {}
[1206.440570] (-) TimerEvent: {}
[1206.541489] (-) TimerEvent: {}
[1206.642328] (-) TimerEvent: {}
[1206.743167] (-) TimerEvent: {}
[1206.844058] (-) TimerEvent: {}
[1206.944974] (-) TimerEvent: {}
[1207.050547] (-) TimerEvent: {}
[1207.151431] (-) TimerEvent: {}
[1207.252316] (-) TimerEvent: {}
[1207.353221] (-) TimerEvent: {}
[1207.454189] (-) TimerEvent: {}
[1207.555055] (-) TimerEvent: {}
[1207.656041] (-) TimerEvent: {}
[1207.756944] (-) TimerEvent: {}
[1207.857876] (-) TimerEvent: {}
[1207.958767] (-) TimerEvent: {}
[1208.059660] (-) TimerEvent: {}
[1208.160541] (-) TimerEvent: {}
[1208.261448] (-) TimerEvent: {}
[1208.362348] (-) TimerEvent: {}
[1208.463256] (-) TimerEvent: {}
[1208.564153] (-) TimerEvent: {}
[1208.665041] (-) TimerEvent: {}
[1208.765981] (-) TimerEvent: {}
[1208.866876] (-) TimerEvent: {}
[1208.967754] (-) TimerEvent: {}
[1209.068643] (-) TimerEvent: {}
[1209.169553] (-) TimerEvent: {}
[1209.270433] (-) TimerEvent: {}
[1209.371315] (-) TimerEvent: {}
[1209.472198] (-) TimerEvent: {}
[1209.573075] (-) TimerEvent: {}
[1209.673969] (-) TimerEvent: {}
[1209.774881] (-) TimerEvent: {}
[1209.875777] (-) TimerEvent: {}
[1209.976652] (-) TimerEvent: {}
[1210.077563] (-) TimerEvent: {}
[1210.178450] (-) TimerEvent: {}
[1210.279365] (-) TimerEvent: {}
[1210.380319] (-) TimerEvent: {}
[1210.481183] (-) TimerEvent: {}
[1210.582169] (-) TimerEvent: {}
[1215.405325] (-) TimerEvent: {}
[1215.454371] (<colcon_parallel_executor.executor.parallel.ParallelExecutorExtension object at 0x7faa4c4d90>) ParallelStatus: {'processing': ('xgo_face_control', 'xgo_head', 'xgo_motion')}
[1215.505522] (-) TimerEvent: {}
[1215.606455] (-) TimerEvent: {}
[1215.707411] (-) TimerEvent: {}
[1215.808308] (-) TimerEvent: {}
[1215.909201] (-) TimerEvent: {}
[1216.010187] (-) TimerEvent: {}
[1216.111091] (-) TimerEvent: {}
[1216.211981] (-) TimerEvent: {}
[1216.312877] (-) TimerEvent: {}
[1216.413809] (-) TimerEvent: {}
[1216.514722] (-) TimerEvent: {}
[1216.615639] (-) TimerEvent: {}
[1216.716561] (-) TimerEvent: {}
[1216.817488] (-) TimerEvent: {}
[1216.918407] (-) TimerEvent: {}
[1217.019333] (-) TimerEvent: {}
[1217.120270] (-) TimerEvent: {}
[1217.221203] (-) TimerEvent: {}
[1217.322168] (-) TimerEvent: {}
[1217.423065] (-) TimerEvent: {}
[1217.523964] (-) TimerEvent: {}
[1217.624853] (-) TimerEvent: {}
[1217.725796] (-) TimerEvent: {}
[1217.826722] (-) TimerEvent: {}
[1217.927632] (-) TimerEvent: {}
[1218.028529] (-) TimerEvent: {}
[1218.129453] (-) TimerEvent: {}
[1218.230321] (-) TimerEvent: {}
[1218.331202] (-) TimerEvent: {}
[1218.432089] (-) TimerEvent: {}
[1218.532991] (-) TimerEvent: {}
[1218.633902] (-) TimerEvent: {}
[1218.734796] (-) TimerEvent: {}
[1218.835671] (-) TimerEvent: {}
[1218.936562] (-) TimerEvent: {}
[1219.037445] (-) TimerEvent: {}
[1219.138326] (-) TimerEvent: {}
[1219.239193] (-) TimerEvent: {}
[1219.340058] (-) TimerEvent: {}
[1219.440934] (-) TimerEvent: {}
[1219.541841] (-) TimerEvent: {}
[1219.642731] (-) TimerEvent: {}
[1219.743618] (-) TimerEvent: {}
[1219.844497] (-) TimerEvent: {}
[1219.945376] (-) TimerEvent: {}
[1220.046294] (-) TimerEvent: {}
[1220.147168] (-) TimerEvent: {}
[1220.248057] (-) TimerEvent: {}
[1220.348962] (-) TimerEvent: {}
[1220.449914] (-) TimerEvent: {}
[1220.551238] (-) TimerEvent: {}
[1220.652254] (-) TimerEvent: {}
[1220.753465] (-) TimerEvent: {}
[1220.854371] (-) TimerEvent: {}
[1220.955291] (-) TimerEvent: {}
[1221.056201] (-) TimerEvent: {}
[1221.157088] (-) TimerEvent: {}
[1221.258059] (-) TimerEvent: {}
[1221.358970] (-) TimerEvent: {}
[1221.459879] (-) TimerEvent: {}
[1221.560875] (-) TimerEvent: {}
[1221.661807] (-) TimerEvent: {}
[1221.762718] (-) TimerEvent: {}
[1221.863612] (-) TimerEvent: {}
[1221.964518] (-) TimerEvent: {}
[1222.065444] (-) TimerEvent: {}
[1222.166339] (-) TimerEvent: {}
[1222.267232] (-) TimerEvent: {}
[1222.368130] (-) TimerEvent: {}
[1222.469036] (-) TimerEvent: {}
[1222.569959] (-) TimerEvent: {}
[1222.670838] (-) TimerEvent: {}
[1222.771764] (-) TimerEvent: {}
[1222.872752] (-) TimerEvent: {}
[1222.973683] (-) TimerEvent: {}
[1223.074590] (-) TimerEvent: {}
[1223.175490] (-) TimerEvent: {}
[1223.276377] (-) TimerEvent: {}
[1223.377287] (-) TimerEvent: {}
[1223.478212] (-) TimerEvent: {}
[1223.579109] (-) TimerEvent: {}
[1223.680011] (-) TimerEvent: {}
[1223.780903] (-) TimerEvent: {}
[1223.881885] (-) TimerEvent: {}
[1223.982882] (-) TimerEvent: {}
[1224.083799] (-) TimerEvent: {}
[1224.184699] (-) TimerEvent: {}
[1224.285609] (-) TimerEvent: {}
[1224.386520] (-) TimerEvent: {}
[1224.487409] (-) TimerEvent: {}
[1224.588324] (-) TimerEvent: {}
[1224.689211] (-) TimerEvent: {}
[1224.790133] (-) TimerEvent: {}
[1224.891000] (-) TimerEvent: {}
[1224.991861] (-) TimerEvent: {}
[1225.092751] (-) TimerEvent: {}
[1225.193658] (-) TimerEvent: {}
[1225.294536] (-) TimerEvent: {}
[1225.395426] (-) TimerEvent: {}
[1225.496302] (-) TimerEvent: {}
[1225.597185] (-) TimerEvent: {}
[1225.698096] (-) TimerEvent: {}
[1227.299149] (-) TimerEvent: {}
[1227.400042] (-) TimerEvent: {}
[1227.500955] (-) TimerEvent: {}
[1227.601933] (-) TimerEvent: {}
[1227.702831] (-) TimerEvent: {}
[1227.803718] (-) TimerEvent: {}
[1227.904614] (-) TimerEvent: {}
[1228.005521] (-) TimerEvent: {}
[1228.106421] (-) TimerEvent: {}
[1228.207362] (-) TimerEvent: {}
[1228.308281] (-) TimerEvent: {}
[1228.409202] (-) TimerEvent: {}
[1228.510171] (-) TimerEvent: {}
[1228.611046] (-) TimerEvent: {}
[1228.711926] (-) TimerEvent: {}
[1228.812878] (-) TimerEvent: {}
[1228.913829] (-) TimerEvent: {}
[1229.014759] (-) TimerEvent: {}
[1229.115665] (-) TimerEvent: {}
[1229.216556] (-) TimerEvent: {}
[1229.317477] (-) TimerEvent: {}
[1229.418389] (-) TimerEvent: {}
[1229.519275] (-) TimerEvent: {}
[1229.620167] (-) TimerEvent: {}
[1229.721061] (-) TimerEvent: {}
[1229.822010] (-) TimerEvent: {}
[1229.922916] (-) TimerEvent: {}
[1230.023950] (-) TimerEvent: {}
[1230.124849] (-) TimerEvent: {}
[1230.225750] (-) TimerEvent: {}
[1230.326655] (-) TimerEvent: {}
[1230.427550] (-) TimerEvent: {}
[1230.528450] (-) TimerEvent: {}
[1230.629350] (-) TimerEvent: {}
[1230.730273] (-) TimerEvent: {}
[1230.831256] (-) TimerEvent: {}
[1230.932147] (-) TimerEvent: {}
[1231.033020] (-) TimerEvent: {}
[1231.133914] (-) TimerEvent: {}
[1231.234798] (-) TimerEvent: {}
[1231.335683] (-) TimerEvent: {}
[1231.436577] (-) TimerEvent: {}
[1231.537493] (-) TimerEvent: {}
[1231.638383] (-) TimerEvent: {}
[1231.739256] (-) TimerEvent: {}
[1231.840130] (-) TimerEvent: {}
[1231.941017] (-) TimerEvent: {}
[1232.041903] (-) TimerEvent: {}
[1232.142776] (-) TimerEvent: {}
[1232.243649] (-) TimerEvent: {}
[1232.344531] (-) TimerEvent: {}
[1232.445439] (-) TimerEvent: {}
[1232.546326] (-) TimerEvent: {}
[1232.647210] (-) TimerEvent: {}
[1232.748114] (-) TimerEvent: {}
[1232.848992] (-) TimerEvent: {}
[1232.949946] (-) TimerEvent: {}
[1233.050832] (-) TimerEvent: {}
[1233.151717] (-) TimerEvent: {}
[1233.252626] (-) TimerEvent: {}
[1233.353545] (-) TimerEvent: {}
[1233.454422] (-) TimerEvent: {}
[1233.555366] (-) TimerEvent: {}
[1233.656339] (-) TimerEvent: {}
[1233.757256] (-) TimerEvent: {}
[1233.858205] (-) TimerEvent: {}
[1233.959109] (-) TimerEvent: {}
[1234.060009] (-) TimerEvent: {}
[1234.160924] (-) TimerEvent: {}
[1234.261850] (-) TimerEvent: {}
[1234.362745] (-) TimerEvent: {}
[1234.463632] (-) TimerEvent: {}
[1234.564529] (-) TimerEvent: {}
[1234.665431] (-) TimerEvent: {}
[1234.766359] (-) TimerEvent: {}
[1234.867302] (-) TimerEvent: {}
[1234.968223] (-) TimerEvent: {}
[1235.069158] (-) TimerEvent: {}
[1235.170122] (-) TimerEvent: {}
[1235.271652] (-) TimerEvent: {}
[1235.372566] (-) TimerEvent: {}
[1235.473482] (-) TimerEvent: {}
[1235.574500] (-) TimerEvent: {}
[1235.675425] (-) TimerEvent: {}
[1235.776332] (-) TimerEvent: {}
[1235.877291] (-) TimerEvent: {}
[1235.978226] (-) TimerEvent: {}
[1236.079108] (-) TimerEvent: {}
[1236.180012] (-) TimerEvent: {}
[1236.280902] (-) TimerEvent: {}
[1236.381830] (-) TimerEvent: {}
[1236.482727] (-) TimerEvent: {}
[1236.583645] (-) TimerEvent: {}
[1236.684537] (-) TimerEvent: {}
[1236.785467] (-) TimerEvent: {}
[1236.886349] (-) TimerEvent: {}
[1236.987252] (-) TimerEvent: {}
[1237.088148] (-) TimerEvent: {}
[1237.189031] (-) TimerEvent: {}
[1237.289995] (-) TimerEvent: {}
[1237.390911] (-) TimerEvent: {}
[1237.491830] (-) TimerEvent: {}
[1237.592733] (-) TimerEvent: {}
[1237.693623] (-) TimerEvent: {}
[1237.794513] (-) TimerEvent: {}
[1237.895413] (-) TimerEvent: {}
[1237.996294] (-) TimerEvent: {}
[1238.097166] (-) TimerEvent: {}
[1238.198058] (-) TimerEvent: {}
[1238.298945] (-) TimerEvent: {}
[1238.399836] (-) TimerEvent: {}
[1238.500706] (-) TimerEvent: {}
[1238.601595] (-) TimerEvent: {}
[1238.702479] (-) TimerEvent: {}
[1238.803376] (-) TimerEvent: {}
[1238.904274] (-) TimerEvent: {}
[1239.005165] (-) TimerEvent: {}
[1239.106123] (-) TimerEvent: {}
[1239.207021] (-) TimerEvent: {}
[1239.307908] (-) TimerEvent: {}
[1239.408797] (-) TimerEvent: {}
[1239.509725] (-) TimerEvent: {}
[1239.610612] (-) TimerEvent: {}
[1239.711523] (-) TimerEvent: {}
[1239.812422] (-) TimerEvent: {}
[1239.913310] (-) TimerEvent: {}
[1240.014337] (-) TimerEvent: {}
[1240.115241] (-) TimerEvent: {}
[1240.216156] (-) TimerEvent: {}
[1240.317057] (-) TimerEvent: {}
[1240.417984] (-) TimerEvent: {}
[1240.518882] (-) TimerEvent: {}
[1240.619787] (-) TimerEvent: {}
[1240.720690] (-) TimerEvent: {}
[1240.821594] (-) TimerEvent: {}
[1240.922534] (-) TimerEvent: {}
[1241.069467] (-) TimerEvent: {}
[1241.170417] (-) TimerEvent: {}
[1241.271338] (-) TimerEvent: {}
[1241.372224] (-) TimerEvent: {}
[1241.473115] (-) TimerEvent: {}
[1241.574056] (-) TimerEvent: {}
[1241.674948] (-) TimerEvent: {}
[1241.775862] (-) TimerEvent: {}
[1241.876762] (-) TimerEvent: {}
[1241.977743] (-) TimerEvent: {}
[1242.078650] (-) TimerEvent: {}
[1242.179548] (-) TimerEvent: {}
[1242.280461] (-) TimerEvent: {}
[1242.381528] (-) TimerEvent: {}
[1242.482547] (-) TimerEvent: {}
[1242.583445] (-) TimerEvent: {}
[1242.684345] (-) TimerEvent: {}
[1242.785243] (-) TimerEvent: {}
[1242.886173] (-) TimerEvent: {}
[1242.987051] (-) TimerEvent: {}
[1243.087957] (-) TimerEvent: {}
[1243.188892] (-) TimerEvent: {}
[1243.289808] (-) TimerEvent: {}
[1243.390703] (-) TimerEvent: {}
[1243.491614] (-) TimerEvent: {}
[1243.592521] (-) TimerEvent: {}
[1243.693448] (-) TimerEvent: {}
[1243.794357] (-) TimerEvent: {}
[1243.895256] (-) TimerEvent: {}
[1243.996163] (-) TimerEvent: {}
[1244.097067] (-) TimerEvent: {}
[1244.197981] (-) TimerEvent: {}
[1244.298863] (-) TimerEvent: {}
[1244.399760] (-) TimerEvent: {}
[1244.500660] (-) TimerEvent: {}
[1244.601567] (-) TimerEvent: {}
[1244.702438] (-) TimerEvent: {}
[1244.803311] (-) TimerEvent: {}
[1244.904189] (-) TimerEvent: {}
[1245.005063] (-) TimerEvent: {}
[1245.105961] (-) TimerEvent: {}
[1245.206840] (-) TimerEvent: {}
[1245.307702] (-) TimerEvent: {}
[1245.408591] (-) TimerEvent: {}
[1245.482218] (<colcon_parallel_executor.executor.parallel.ParallelExecutorExtension object at 0x7faa4c4d90>) ParallelStatus: {'processing': ('xgo_face_control', 'xgo_head', 'xgo_motion')}
[1245.508726] (-) TimerEvent: {}
[1245.609565] (-) TimerEvent: {}
[1245.710460] (-) TimerEvent: {}
[1245.811330] (-) TimerEvent: {}
[1245.912207] (-) TimerEvent: {}
[1246.013081] (-) TimerEvent: {}
[1246.114112] (-) TimerEvent: {}
[1246.215018] (-) TimerEvent: {}
[1246.315958] (-) TimerEvent: {}
[1246.417033] (-) TimerEvent: {}
[1246.517996] (-) TimerEvent: {}
[1246.619142] (-) TimerEvent: {}
[1246.720041] (-) TimerEvent: {}
[1246.820934] (-) TimerEvent: {}
[1246.921869] (-) TimerEvent: {}
[1247.022775] (-) TimerEvent: {}
[1247.123685] (-) TimerEvent: {}
[1247.224612] (-) TimerEvent: {}
[1247.325544] (-) TimerEvent: {}
[1247.426446] (-) TimerEvent: {}
[1247.527369] (-) TimerEvent: {}
[1247.628269] (-) TimerEvent: {}
[1247.729172] (-) TimerEvent: {}
[1247.830102] (-) TimerEvent: {}
[1247.931015] (-) TimerEvent: {}
[1248.031918] (-) TimerEvent: {}
[1248.132823] (-) TimerEvent: {}
[1248.233740] (-) TimerEvent: {}
[1248.334637] (-) TimerEvent: {}
[1248.435523] (-) TimerEvent: {}
[1248.536450] (-) TimerEvent: {}
[1248.637347] (-) TimerEvent: {}
[1248.738241] (-) TimerEvent: {}
[1248.839174] (-) TimerEvent: {}
[1248.940188] (-) TimerEvent: {}
[1249.041095] (-) TimerEvent: {}
[1249.142011] (-) TimerEvent: {}
[1249.242892] (-) TimerEvent: {}
[1249.343777] (-) TimerEvent: {}
[1249.444672] (-) TimerEvent: {}
[1249.545586] (-) TimerEvent: {}
[1249.646468] (-) TimerEvent: {}
[1249.747363] (-) TimerEvent: {}
[1249.848259] (-) TimerEvent: {}
[1249.949181] (-) TimerEvent: {}
[1250.050138] (-) TimerEvent: {}
[1250.151059] (-) TimerEvent: {}
[1250.251974] (-) TimerEvent: {}
[1250.352931] (-) TimerEvent: {}
[1250.454030] (-) TimerEvent: {}
[1250.554922] (-) TimerEvent: {}
[1250.655824] (-) TimerEvent: {}
[1250.756708] (-) TimerEvent: {}
[1250.857588] (-) TimerEvent: {}
[1250.958478] (-) TimerEvent: {}
[1251.059358] (-) TimerEvent: {}
[1251.160311] (-) TimerEvent: {}
[1262.782956] (-) TimerEvent: {}
[1262.883848] (-) TimerEvent: {}
[1262.984760] (-) TimerEvent: {}
[1263.085680] (-) TimerEvent: {}
[1263.186584] (-) TimerEvent: {}
[1263.287481] (-) TimerEvent: {}
[1263.388409] (-) TimerEvent: {}
[1263.489294] (-) TimerEvent: {}
[1263.590201] (-) TimerEvent: {}
[1263.691116] (-) TimerEvent: {}
[1263.792069] (-) TimerEvent: {}
[1263.892959] (-) TimerEvent: {}
[1263.993857] (-) TimerEvent: {}
[1264.094743] (-) TimerEvent: {}
[1264.195638] (-) TimerEvent: {}
[1264.296527] (-) TimerEvent: {}
[1264.397454] (-) TimerEvent: {}
[1264.498351] (-) TimerEvent: {}
[1264.599295] (-) TimerEvent: {}
[1264.700177] (-) TimerEvent: {}
[1264.801039] (-) TimerEvent: {}
[1264.901942] (-) TimerEvent: {}
[1265.002819] (-) TimerEvent: {}
[1265.103709] (-) TimerEvent: {}
[1265.204590] (-) TimerEvent: {}
[1265.305506] (-) TimerEvent: {}
[1265.406419] (-) TimerEvent: {}
[1265.507405] (-) TimerEvent: {}
[1265.608298] (-) TimerEvent: {}
[1265.709186] (-) TimerEvent: {}
[1265.810119] (-) TimerEvent: {}
[1265.911040] (-) TimerEvent: {}
[1266.011936] (-) TimerEvent: {}
[1266.112835] (-) TimerEvent: {}
[1266.213801] (-) TimerEvent: {}
[1266.314708] (-) TimerEvent: {}
[1266.415745] (-) TimerEvent: {}
[1266.516648] (-) TimerEvent: {}
[1266.617598] (-) TimerEvent: {}
[1266.718503] (-) TimerEvent: {}
[1266.819406] (-) TimerEvent: {}
[1266.920305] (-) TimerEvent: {}
[1267.021227] (-) TimerEvent: {}
[1267.122164] (-) TimerEvent: {}
[1267.223079] (-) TimerEvent: {}
[1267.323997] (-) TimerEvent: {}
[1267.424918] (-) TimerEvent: {}
[1267.525840] (-) TimerEvent: {}
[1267.626755] (-) TimerEvent: {}
[1267.727791] (-) TimerEvent: {}
[1269.566638] (-) TimerEvent: {}
[1269.667541] (-) TimerEvent: {}
[1269.768443] (-) TimerEvent: {}
[1269.869353] (-) TimerEvent: {}
[1269.970266] (-) TimerEvent: {}
[1270.071158] (-) TimerEvent: {}
[1270.172048] (-) TimerEvent: {}
[1270.272917] (-) TimerEvent: {}
[1270.373857] (-) TimerEvent: {}
[1270.474745] (-) TimerEvent: {}
[1270.575632] (-) TimerEvent: {}
[1270.676525] (-) TimerEvent: {}
[1270.777433] (-) TimerEvent: {}
[1270.878318] (-) TimerEvent: {}
[1270.979181] (-) TimerEvent: {}
[1271.080062] (-) TimerEvent: {}
[1271.180915] (-) TimerEvent: {}
[1271.281807] (-) TimerEvent: {}
[1271.382704] (-) TimerEvent: {}
[1271.483585] (-) TimerEvent: {}
[1271.584484] (-) TimerEvent: {}
[1271.685353] (-) TimerEvent: {}
[1271.786263] (-) TimerEvent: {}
[1271.887157] (-) TimerEvent: {}
[1271.988061] (-) TimerEvent: {}
[1272.088990] (-) TimerEvent: {}
[1272.189907] (-) TimerEvent: {}
[1272.290793] (-) TimerEvent: {}
[1272.391707] (-) TimerEvent: {}
[1272.492580] (-) TimerEvent: {}
[1272.593495] (-) TimerEvent: {}
[1272.694385] (-) TimerEvent: {}
[1272.795265] (-) TimerEvent: {}
[1272.896142] (-) TimerEvent: {}
[1272.997023] (-) TimerEvent: {}
[1273.097947] (-) TimerEvent: {}
[1273.198840] (-) TimerEvent: {}
[1273.299742] (-) TimerEvent: {}
[1273.400657] (-) TimerEvent: {}
[1273.501580] (-) TimerEvent: {}
[1273.602482] (-) TimerEvent: {}
[1273.703359] (-) TimerEvent: {}
[1273.804244] (-) TimerEvent: {}
[1273.905136] (-) TimerEvent: {}
[1274.006099] (-) TimerEvent: {}
[1274.107077] (-) TimerEvent: {}
[1274.207964] (-) TimerEvent: {}
[1274.308841] (-) TimerEvent: {}
[1274.409799] (-) TimerEvent: {}
[1274.510685] (-) TimerEvent: {}
[1274.611581] (-) TimerEvent: {}
[1274.712499] (-) TimerEvent: {}
[1274.813411] (-) TimerEvent: {}
[1274.914342] (-) TimerEvent: {}
[1275.015240] (-) TimerEvent: {}
[1275.116121] (-) TimerEvent: {}
[1275.216998] (-) TimerEvent: {}
[1275.317946] (-) TimerEvent: {}
[1275.418844] (-) TimerEvent: {}
[1275.512919] (<colcon_parallel_executor.executor.parallel.ParallelExecutorExtension object at 0x7faa4c4d90>) ParallelStatus: {'processing': ('xgo_face_control', 'xgo_head', 'xgo_motion')}
[1275.518983] (-) TimerEvent: {}
[1275.619810] (-) TimerEvent: {}
[1275.720718] (-) TimerEvent: {}
[1275.821669] (-) TimerEvent: {}
[1275.922555] (-) TimerEvent: {}
[1276.023429] (-) TimerEvent: {}
[1276.124313] (-) TimerEvent: {}
[1276.225215] (-) TimerEvent: {}
[1276.326158] (-) TimerEvent: {}
[1276.427073] (-) TimerEvent: {}
[1276.528007] (-) TimerEvent: {}
[1276.628950] (-) TimerEvent: {}
[1276.729963] (-) TimerEvent: {}
[1276.830846] (-) TimerEvent: {}
[1276.931732] (-) TimerEvent: {}
[1277.032629] (-) TimerEvent: {}
[1277.133543] (-) TimerEvent: {}
[1277.234427] (-) TimerEvent: {}
[1277.335305] (-) TimerEvent: {}
[1281.367036] (-) TimerEvent: {}
[1281.467990] (-) TimerEvent: {}
[1281.568973] (-) TimerEvent: {}
[1281.669962] (-) TimerEvent: {}
[1281.770849] (-) TimerEvent: {}
[1281.871748] (-) TimerEvent: {}
[1281.972652] (-) TimerEvent: {}
[1282.073590] (-) TimerEvent: {}
[1282.174542] (-) TimerEvent: {}
[1282.275448] (-) TimerEvent: {}
[1282.376371] (-) TimerEvent: {}
[1282.477369] (-) TimerEvent: {}
[1282.578287] (-) TimerEvent: {}
[1282.679192] (-) TimerEvent: {}
[1282.780094] (-) TimerEvent: {}
[1282.881005] (-) TimerEvent: {}
[1282.981947] (-) TimerEvent: {}
[1283.082839] (-) TimerEvent: {}
[1283.183747] (-) TimerEvent: {}
[1283.284627] (-) TimerEvent: {}
[1283.385546] (-) TimerEvent: {}
[1283.486440] (-) TimerEvent: {}
[1283.587317] (-) TimerEvent: {}
[1283.688213] (-) TimerEvent: {}
[1283.789121] (-) TimerEvent: {}
[1283.890105] (-) TimerEvent: {}
[1283.991000] (-) TimerEvent: {}
[1284.091890] (-) TimerEvent: {}
[1284.192789] (-) TimerEvent: {}
[1284.293707] (-) TimerEvent: {}
[1284.394605] (-) TimerEvent: {}
[1284.495487] (-) TimerEvent: {}
[1284.596384] (-) TimerEvent: {}
[1284.697245] (-) TimerEvent: {}
[1284.798223] (-) TimerEvent: {}
[1284.899090] (-) TimerEvent: {}
[1284.999966] (-) TimerEvent: {}
[1285.100847] (-) TimerEvent: {}
[1285.201771] (-) TimerEvent: {}
[1285.302656] (-) TimerEvent: {}
[1285.403565] (-) TimerEvent: {}
[1285.504478] (-) TimerEvent: {}
[1285.605397] (-) TimerEvent: {}
[1285.706440] (-) TimerEvent: {}
[1285.807408] (-) TimerEvent: {}
[1285.908332] (-) TimerEvent: {}
[1286.009276] (-) TimerEvent: {}
[1286.110236] (-) TimerEvent: {}
[1286.211177] (-) TimerEvent: {}
[1286.312116] (-) TimerEvent: {}
[1286.413015] (-) TimerEvent: {}
[1286.513923] (-) TimerEvent: {}
[1286.614818] (-) TimerEvent: {}
[1286.715729] (-) TimerEvent: {}
[1286.816629] (-) TimerEvent: {}
[1286.917578] (-) TimerEvent: {}
[1287.018463] (-) TimerEvent: {}
[1287.119391] (-) TimerEvent: {}
[1287.220290] (-) TimerEvent: {}
[1287.321178] (-) TimerEvent: {}
[1287.422126] (-) TimerEvent: {}
[1287.523184] (-) TimerEvent: {}
[1287.624098] (-) TimerEvent: {}
[1287.725022] (-) TimerEvent: {}
[1287.825969] (-) TimerEvent: {}
[1287.926899] (-) TimerEvent: {}
[1288.027814] (-) TimerEvent: {}
[1288.128725] (-) TimerEvent: {}
[1288.229647] (-) TimerEvent: {}
[1288.330545] (-) TimerEvent: {}
[1288.431433] (-) TimerEvent: {}
[1288.532351] (-) TimerEvent: {}
[1288.633862] (-) TimerEvent: {}
[1288.735043] (-) TimerEvent: {}
[1288.836233] (-) TimerEvent: {}
[1288.937134] (-) TimerEvent: {}
[1289.038069] (-) TimerEvent: {}
[1289.138977] (-) TimerEvent: {}
[1289.239903] (-) TimerEvent: {}
[1289.340797] (-) TimerEvent: {}
[1289.441719] (-) TimerEvent: {}
[1289.542637] (-) TimerEvent: {}
[1289.643544] (-) TimerEvent: {}
[1289.744439] (-) TimerEvent: {}
[1289.845327] (-) TimerEvent: {}
[1289.946253] (-) TimerEvent: {}
[1290.047192] (-) TimerEvent: {}
[1290.148088] (-) TimerEvent: {}
[1290.249016] (-) TimerEvent: {}
[1290.350059] (-) TimerEvent: {}
[1290.451020] (-) TimerEvent: {}
[1290.552030] (-) TimerEvent: {}
[1290.653104] (-) TimerEvent: {}
[1290.754122] (-) TimerEvent: {}
[1290.855086] (-) TimerEvent: {}
[1290.956307] (-) TimerEvent: {}
[1291.057395] (-) TimerEvent: {}
[1291.158450] (-) TimerEvent: {}
[1291.259508] (-) TimerEvent: {}
[1291.360483] (-) TimerEvent: {}
[1291.461518] (-) TimerEvent: {}
[1291.562680] (-) TimerEvent: {}
[1291.663709] (-) TimerEvent: {}
[1291.764804] (-) TimerEvent: {}
[1291.866875] (-) TimerEvent: {}
[1291.967894] (-) TimerEvent: {}
[1292.068889] (-) TimerEvent: {}
[1292.169927] (-) TimerEvent: {}
[1292.270963] (-) TimerEvent: {}
[1292.372117] (-) TimerEvent: {}
[1292.473016] (-) TimerEvent: {}
[1292.927246] (-) TimerEvent: {}
[1293.028394] (-) TimerEvent: {}
[1293.129294] (-) TimerEvent: {}
[1293.230224] (-) TimerEvent: {}
[1293.331113] (-) TimerEvent: {}
[1293.432044] (-) TimerEvent: {}
[1293.532959] (-) TimerEvent: {}
[1293.634023] (-) TimerEvent: {}
[1293.735020] (-) TimerEvent: {}
[1293.836011] (-) TimerEvent: {}
[1293.937010] (-) TimerEvent: {}
[1294.038040] (-) TimerEvent: {}
[1294.138930] (-) TimerEvent: {}
[1294.239824] (-) TimerEvent: {}
[1294.340734] (-) TimerEvent: {}
[1294.441682] (-) TimerEvent: {}
[1294.542591] (-) TimerEvent: {}
[1294.643498] (-) TimerEvent: {}
[1294.744408] (-) TimerEvent: {}
[1294.845314] (-) TimerEvent: {}
[1294.946239] (-) TimerEvent: {}
[1295.047189] (-) TimerEvent: {}
[1295.148090] (-) TimerEvent: {}
[1295.248992] (-) TimerEvent: {}
[1295.349954] (-) TimerEvent: {}
[1295.450880] (-) TimerEvent: {}
[1295.551865] (-) TimerEvent: {}
[1295.652926] (-) TimerEvent: {}
[1295.753952] (-) TimerEvent: {}
[1295.855127] (-) TimerEvent: {}
[1295.956157] (-) TimerEvent: {}
[1296.057146] (-) TimerEvent: {}
[1296.158180] (-) TimerEvent: {}
[1296.259075] (-) TimerEvent: {}
[1296.359954] (-) TimerEvent: {}
[1296.460846] (-) TimerEvent: {}
[1296.561755] (-) TimerEvent: {}
[1296.662670] (-) TimerEvent: {}
[1296.763562] (-) TimerEvent: {}
[1296.864441] (-) TimerEvent: {}
[1296.965336] (-) TimerEvent: {}
[1297.066220] (-) TimerEvent: {}
[1297.167075] (-) TimerEvent: {}
[1297.267944] (-) TimerEvent: {}
[1297.368840] (-) TimerEvent: {}
[1297.469789] (-) TimerEvent: {}
[1297.570723] (-) TimerEvent: {}
[1297.671614] (-) TimerEvent: {}
[1297.772499] (-) TimerEvent: {}
[1297.873362] (-) TimerEvent: {}
[1297.974258] (-) TimerEvent: {}
[1298.075151] (-) TimerEvent: {}
[1298.176035] (-) TimerEvent: {}
[1298.276907] (-) TimerEvent: {}
[1298.377823] (-) TimerEvent: {}
[1298.478696] (-) TimerEvent: {}
[1298.579582] (-) TimerEvent: {}
[1298.680499] (-) TimerEvent: {}
[1298.781403] (-) TimerEvent: {}
[1298.882321] (-) TimerEvent: {}
[1298.983363] (-) TimerEvent: {}
[1299.084356] (-) TimerEvent: {}
[1299.185448] (-) TimerEvent: {}
[1299.286467] (-) TimerEvent: {}
[1299.387492] (-) TimerEvent: {}
[1299.488393] (-) TimerEvent: {}
[1299.589288] (-) TimerEvent: {}
[1299.690216] (-) TimerEvent: {}
[1299.791117] (-) TimerEvent: {}
[1299.892000] (-) TimerEvent: {}
[1299.992900] (-) TimerEvent: {}
[1300.093856] (-) TimerEvent: {}
[1300.194769] (-) TimerEvent: {}
[1300.295677] (-) TimerEvent: {}
[1300.396620] (-) TimerEvent: {}
[1300.497547] (-) TimerEvent: {}
[1300.598500] (-) TimerEvent: {}
[1300.699429] (-) TimerEvent: {}
[1300.800317] (-) TimerEvent: {}
[1300.901199] (-) TimerEvent: {}
[1301.002107] (-) TimerEvent: {}
[1301.103029] (-) TimerEvent: {}
[1301.204089] (-) TimerEvent: {}
[1301.305389] (-) TimerEvent: {}
[1301.406338] (-) TimerEvent: {}
[1301.507310] (-) TimerEvent: {}
[1301.608216] (-) TimerEvent: {}
[1301.709114] (-) TimerEvent: {}
[1301.810042] (-) TimerEvent: {}
[1301.910939] (-) TimerEvent: {}
[1302.011976] (-) TimerEvent: {}
[1302.112953] (-) TimerEvent: {}
[1302.213853] (-) TimerEvent: {}
[1302.314738] (-) TimerEvent: {}
[1302.415628] (-) TimerEvent: {}
[1302.516540] (-) TimerEvent: {}
[1302.617563] (-) TimerEvent: {}
[1302.718536] (-) TimerEvent: {}
[1302.819434] (-) TimerEvent: {}
[1302.920335] (-) TimerEvent: {}
[1303.021244] (-) TimerEvent: {}
[1303.122174] (-) TimerEvent: {}
[1303.223083] (-) TimerEvent: {}
[1303.323972] (-) TimerEvent: {}
[1303.424854] (-) TimerEvent: {}
[1303.525765] (-) TimerEvent: {}
[1303.626640] (-) TimerEvent: {}
[1303.727510] (-) TimerEvent: {}
[1303.828433] (-) TimerEvent: {}
[1303.929468] (-) TimerEvent: {}
[1304.030335] (-) TimerEvent: {}
[1304.131216] (-) TimerEvent: {}
[1304.232117] (-) TimerEvent: {}
[1304.332992] (-) TimerEvent: {}
[1304.433926] (-) TimerEvent: {}
[1304.534811] (-) TimerEvent: {}
[1304.635660] (-) TimerEvent: {}
[1304.736536] (-) TimerEvent: {}
[1304.837403] (-) TimerEvent: {}
[1304.938322] (-) TimerEvent: {}
[1305.039335] (-) TimerEvent: {}
[1305.140231] (-) TimerEvent: {}
[1305.241124] (-) TimerEvent: {}
[1305.342047] (-) TimerEvent: {}
[1305.443005] (-) TimerEvent: {}
[1305.538447] (<colcon_parallel_executor.executor.parallel.ParallelExecutorExtension object at 0x7faa4c4d90>) ParallelStatus: {'processing': ('xgo_face_control', 'xgo_head', 'xgo_motion')}
[1305.543135] (-) TimerEvent: {}
[1305.643969] (-) TimerEvent: {}
[1305.744876] (-) TimerEvent: {}
[1305.845829] (-) TimerEvent: {}
[1305.946779] (-) TimerEvent: {}
[1306.048175] (-) TimerEvent: {}
[1306.149193] (-) TimerEvent: {}
[1306.250236] (-) TimerEvent: {}
[1306.351127] (-) TimerEvent: {}
[1306.452012] (-) TimerEvent: {}
[1306.552897] (-) TimerEvent: {}
[1306.653844] (-) TimerEvent: {}
[1306.754739] (-) TimerEvent: {}
[1306.855627] (-) TimerEvent: {}
[1306.956519] (-) TimerEvent: {}
[1307.057448] (-) TimerEvent: {}
[1307.158341] (-) TimerEvent: {}
[1307.259242] (-) TimerEvent: {}
[1307.360176] (-) TimerEvent: {}
[1307.461147] (-) TimerEvent: {}
[1307.562164] (-) TimerEvent: {}
[1307.663205] (-) TimerEvent: {}
[1307.764205] (-) TimerEvent: {}
[1307.865219] (-) TimerEvent: {}
[1307.966197] (-) TimerEvent: {}
[1308.067100] (-) TimerEvent: {}
[1308.167999] (-) TimerEvent: {}
[1308.268902] (-) TimerEvent: {}
[1308.369849] (-) TimerEvent: {}
[1308.470753] (-) TimerEvent: {}
[1308.571642] (-) TimerEvent: {}
[1308.672544] (-) TimerEvent: {}
[1308.773465] (-) TimerEvent: {}
[1308.874372] (-) TimerEvent: {}
[1308.975262] (-) TimerEvent: {}
[1309.076149] (-) TimerEvent: {}
[1309.177051] (-) TimerEvent: {}
[1309.277982] (-) TimerEvent: {}
[1309.378919] (-) TimerEvent: {}
[1309.479967] (-) TimerEvent: {}
[1309.580953] (-) TimerEvent: {}
[1309.682011] (-) TimerEvent: {}
[1309.782904] (-) TimerEvent: {}
[1309.883796] (-) TimerEvent: {}
[1309.984699] (-) TimerEvent: {}
[1310.085574] (-) TimerEvent: {}
[1310.186449] (-) TimerEvent: {}
[1310.287324] (-) TimerEvent: {}
[1310.388204] (-) TimerEvent: {}
[1310.489088] (-) TimerEvent: {}
[1310.590011] (-) TimerEvent: {}
[1310.690902] (-) TimerEvent: {}
[1310.791783] (-) TimerEvent: {}
[1310.892651] (-) TimerEvent: {}
[1310.993536] (-) TimerEvent: {}
[1311.094409] (-) TimerEvent: {}
[1311.195287] (-) TimerEvent: {}
[1311.296164] (-) TimerEvent: {}
[1311.397050] (-) TimerEvent: {}
[1311.497975] (-) TimerEvent: {}
[1311.598856] (-) TimerEvent: {}
[1311.699743] (-) TimerEvent: {}
[1311.800648] (-) TimerEvent: {}
[1311.901579] (-) TimerEvent: {}
[1312.002510] (-) TimerEvent: {}
[1312.103401] (-) TimerEvent: {}
[1312.204290] (-) TimerEvent: {}
[1312.305194] (-) TimerEvent: {}
[1312.406150] (-) TimerEvent: {}
[1312.507080] (-) TimerEvent: {}
[1312.608134] (-) TimerEvent: {}
[1312.709151] (-) TimerEvent: {}
[1312.810317] (-) TimerEvent: {}
[1312.911266] (-) TimerEvent: {}
[1313.012176] (-) TimerEvent: {}
[1313.113084] (-) TimerEvent: {}
[1313.214020] (-) TimerEvent: {}
[1313.314919] (-) TimerEvent: {}
[1313.415929] (-) TimerEvent: {}
[1313.516916] (-) TimerEvent: {}
[1313.617839] (-) TimerEvent: {}
[1313.718732] (-) TimerEvent: {}
[1313.819637] (-) TimerEvent: {}
[1313.920537] (-) TimerEvent: {}
[1314.021458] (-) TimerEvent: {}
[1314.122364] (-) TimerEvent: {}
[1314.223274] (-) TimerEvent: {}
[1314.324162] (-) TimerEvent: {}
[1314.425083] (-) TimerEvent: {}
[1314.526169] (-) TimerEvent: {}
[1314.627155] (-) TimerEvent: {}
[1314.728068] (-) TimerEvent: {}
[1314.828968] (-) TimerEvent: {}
[1314.929924] (-) TimerEvent: {}
[1315.030860] (-) TimerEvent: {}
[1315.131809] (-) TimerEvent: {}
[1315.232712] (-) TimerEvent: {}
[1315.333611] (-) TimerEvent: {}
[1315.434537] (-) TimerEvent: {}
[1315.535439] (-) TimerEvent: {}
[1315.636337] (-) TimerEvent: {}
[1315.737248] (-) TimerEvent: {}
[1315.838175] (-) TimerEvent: {}
[1315.939078] (-) TimerEvent: {}
[1316.039988] (-) TimerEvent: {}
[1316.140918] (-) TimerEvent: {}
[1316.241857] (-) TimerEvent: {}
[1316.342824] (-) TimerEvent: {}
[1316.443785] (-) TimerEvent: {}
[1316.544663] (-) TimerEvent: {}
[1316.645554] (-) TimerEvent: {}
[1316.746456] (-) TimerEvent: {}
[1316.847371] (-) TimerEvent: {}
[1316.948241] (-) TimerEvent: {}
[1317.049131] (-) TimerEvent: {}
[1317.150036] (-) TimerEvent: {}
[1317.250940] (-) TimerEvent: {}
[1317.351815] (-) TimerEvent: {}
[1317.452711] (-) TimerEvent: {}
[1317.553591] (-) TimerEvent: {}
[1317.654475] (-) TimerEvent: {}
[1317.755369] (-) TimerEvent: {}
[1317.856289] (-) TimerEvent: {}
[1317.957154] (-) TimerEvent: {}
[1318.058066] (-) TimerEvent: {}
[1318.158958] (-) TimerEvent: {}
[1318.259858] (-) TimerEvent: {}
[1318.360798] (-) TimerEvent: {}
[1318.461903] (-) TimerEvent: {}
[1318.562796] (-) TimerEvent: {}
[1318.663754] (-) TimerEvent: {}
[1318.764736] (-) TimerEvent: {}
[1318.865746] (-) TimerEvent: {}
[1318.966763] (-) TimerEvent: {}
[1319.067720] (-) TimerEvent: {}
[1319.168692] (-) TimerEvent: {}
[1319.269650] (-) TimerEvent: {}
[1319.370633] (-) TimerEvent: {}
[1319.471805] (-) TimerEvent: {}
[1319.573239] (-) TimerEvent: {}
[1319.674301] (-) TimerEvent: {}
[1319.775619] (-) TimerEvent: {}
[1319.876669] (-) TimerEvent: {}
[1319.977594] (-) TimerEvent: {}
[1320.078514] (-) TimerEvent: {}
[1320.179429] (-) TimerEvent: {}
[1320.280340] (-) TimerEvent: {}
[1320.381256] (-) TimerEvent: {}
[1320.482203] (-) TimerEvent: {}
[1320.583195] (-) TimerEvent: {}
[1320.684084] (-) TimerEvent: {}
[1320.784989] (-) TimerEvent: {}
[1320.885920] (-) TimerEvent: {}
[1320.986839] (-) TimerEvent: {}
[1321.087765] (-) TimerEvent: {}
[1321.188785] (-) TimerEvent: {}
[1321.289829] (-) TimerEvent: {}
[1321.390739] (-) TimerEvent: {}
[1321.491624] (-) TimerEvent: {}
[1321.592530] (-) TimerEvent: {}
[1321.693457] (-) TimerEvent: {}
[1321.794357] (-) TimerEvent: {}
[1321.895285] (-) TimerEvent: {}
[1321.996165] (-) TimerEvent: {}
[1322.097070] (-) TimerEvent: {}
[1322.198001] (-) TimerEvent: {}
[1322.298927] (-) TimerEvent: {}
[1322.399861] (-) TimerEvent: {}
[1322.500803] (-) TimerEvent: {}
[1322.601761] (-) TimerEvent: {}
[1322.702698] (-) TimerEvent: {}
[1322.803704] (-) TimerEvent: {}
[1322.904928] (-) TimerEvent: {}
[1323.006974] (-) TimerEvent: {}
[1323.107881] (-) TimerEvent: {}
[1323.208767] (-) TimerEvent: {}
[1323.309669] (-) TimerEvent: {}
[1323.410565] (-) TimerEvent: {}
[1323.511449] (-) TimerEvent: {}
[1323.612323] (-) TimerEvent: {}
[1323.713211] (-) TimerEvent: {}
[1323.814172] (-) TimerEvent: {}
[1323.915043] (-) TimerEvent: {}
[1324.015929] (-) TimerEvent: {}
[1324.116816] (-) TimerEvent: {}
[1324.217739] (-) TimerEvent: {}
[1324.318629] (-) TimerEvent: {}
[1324.419534] (-) TimerEvent: {}
[1324.520418] (-) TimerEvent: {}
[1324.621289] (-) TimerEvent: {}
[1324.722166] (-) TimerEvent: {}
[1324.823053] (-) TimerEvent: {}
[1324.923948] (-) TimerEvent: {}
[1325.024840] (-) TimerEvent: {}
[1325.125787] (-) TimerEvent: {}
[1325.226734] (-) TimerEvent: {}
[1325.327743] (-) TimerEvent: {}
[1325.428636] (-) TimerEvent: {}
[1325.529555] (-) TimerEvent: {}
[1325.630441] (-) TimerEvent: {}
[1325.731342] (-) TimerEvent: {}
[1325.832227] (-) TimerEvent: {}
[1325.933098] (-) TimerEvent: {}
[1326.034041] (-) TimerEvent: {}
[1326.134968] (-) TimerEvent: {}
[1326.235919] (-) TimerEvent: {}
[1326.336829] (-) TimerEvent: {}
[1326.437875] (-) TimerEvent: {}
[1326.539290] (-) TimerEvent: {}
[1326.640313] (-) TimerEvent: {}
[1326.741213] (-) TimerEvent: {}
[1326.842140] (-) TimerEvent: {}
[1326.943033] (-) TimerEvent: {}
[1327.043940] (-) TimerEvent: {}
[1327.144867] (-) TimerEvent: {}
[1327.245892] (-) TimerEvent: {}
[1327.346783] (-) TimerEvent: {}
[1327.447681] (-) TimerEvent: {}
[1327.548592] (-) TimerEvent: {}
[1327.649498] (-) TimerEvent: {}
[1327.750409] (-) TimerEvent: {}
[1327.851344] (-) TimerEvent: {}
[1327.952247] (-) TimerEvent: {}
[1328.053210] (-) TimerEvent: {}
[1328.154133] (-) TimerEvent: {}
[1328.255020] (-) TimerEvent: {}
[1328.355916] (-) TimerEvent: {}
[1328.456806] (-) TimerEvent: {}
[1328.557734] (-) TimerEvent: {}
[1328.658675] (-) TimerEvent: {}
[1328.759886] (-) TimerEvent: {}
[1328.861058] (-) TimerEvent: {}
[1328.961988] (-) TimerEvent: {}
[1329.062887] (-) TimerEvent: {}
[1329.163797] (-) TimerEvent: {}
[1329.264736] (-) TimerEvent: {}
[1329.365754] (-) TimerEvent: {}
[1329.466651] (-) TimerEvent: {}
[1329.567549] (-) TimerEvent: {}
[1329.668430] (-) TimerEvent: {}
[1329.769319] (-) TimerEvent: {}
[1329.870237] (-) TimerEvent: {}
[1329.971114] (-) TimerEvent: {}
[1330.071994] (-) TimerEvent: {}
[1330.172877] (-) TimerEvent: {}
[1330.273763] (-) TimerEvent: {}
[1330.374659] (-) TimerEvent: {}
[1330.475525] (-) TimerEvent: {}
[1330.576422] (-) TimerEvent: {}
[1330.677307] (-) TimerEvent: {}
[1330.778215] (-) TimerEvent: {}
[1330.879104] (-) TimerEvent: {}
[1330.979974] (-) TimerEvent: {}
[1331.080855] (-) TimerEvent: {}
[1331.181771] (-) TimerEvent: {}
[1331.282658] (-) TimerEvent: {}
[1331.383546] (-) TimerEvent: {}
[1331.484434] (-) TimerEvent: {}
[1331.585339] (-) TimerEvent: {}
[1331.686260] (-) TimerEvent: {}
[1331.787130] (-) TimerEvent: {}
[1331.887994] (-) TimerEvent: {}
[1331.988892] (-) TimerEvent: {}
[1332.089852] (-) TimerEvent: {}
[1332.190749] (-) TimerEvent: {}
[1332.291639] (-) TimerEvent: {}
[1332.392556] (-) TimerEvent: {}
[1332.493542] (-) TimerEvent: {}
[1332.594453] (-) TimerEvent: {}
[1332.695572] (-) TimerEvent: {}
[1332.796481] (-) TimerEvent: {}
[1332.897363] (-) TimerEvent: {}
[1332.998293] (-) TimerEvent: {}
[1333.099248] (-) TimerEvent: {}
[1333.200177] (-) TimerEvent: {}
[1333.301066] (-) TimerEvent: {}
[1333.402011] (-) TimerEvent: {}
[1333.502907] (-) TimerEvent: {}
[1333.603790] (-) TimerEvent: {}
[1333.704662] (-) TimerEvent: {}
[1333.805588] (-) TimerEvent: {}
[1333.906495] (-) TimerEvent: {}
[1334.007415] (-) TimerEvent: {}
[1334.108309] (-) TimerEvent: {}
[1334.209199] (-) TimerEvent: {}
[1334.310137] (-) TimerEvent: {}
[1334.411073] (-) TimerEvent: {}
[1334.512127] (-) TimerEvent: {}
[1334.613231] (-) TimerEvent: {}
[1334.714505] (-) TimerEvent: {}
[1334.815434] (-) TimerEvent: {}
[1334.916346] (-) TimerEvent: {}
[1335.017247] (-) TimerEvent: {}
[1335.118186] (-) TimerEvent: {}
[1335.219089] (-) TimerEvent: {}
[1335.319988] (-) TimerEvent: {}
[1335.420918] (-) TimerEvent: {}
[1335.521846] (-) TimerEvent: {}
[1335.546218] (<colcon_parallel_executor.executor.parallel.ParallelExecutorExtension object at 0x7faa4c4d90>) ParallelStatus: {'processing': ('xgo_face_control', 'xgo_head', 'xgo_motion')}
[1335.622023] (-) TimerEvent: {}
[1335.722887] (-) TimerEvent: {}
[1335.823827] (-) TimerEvent: {}
[1335.924860] (-) TimerEvent: {}
[1336.026197] (-) TimerEvent: {}
[1336.127088] (-) TimerEvent: {}
[1336.227952] (-) TimerEvent: {}
[1336.328835] (-) TimerEvent: {}
[1336.429758] (-) TimerEvent: {}
[1336.530644] (-) TimerEvent: {}
[1336.631527] (-) TimerEvent: {}
[1336.732395] (-) TimerEvent: {}
[1336.833265] (-) TimerEvent: {}
[1336.934171] (-) TimerEvent: {}
[1337.035050] (-) TimerEvent: {}
[1337.135945] (-) TimerEvent: {}
[1337.236840] (-) TimerEvent: {}
[1337.337759] (-) TimerEvent: {}
[1337.438654] (-) TimerEvent: {}
[1337.539543] (-) TimerEvent: {}
[1337.640422] (-) TimerEvent: {}
[1337.741311] (-) TimerEvent: {}
[1337.842238] (-) TimerEvent: {}
[1337.943148] (-) TimerEvent: {}
[1338.044066] (-) TimerEvent: {}
[1338.145015] (-) TimerEvent: {}
[1338.245941] (-) TimerEvent: {}
[1338.346832] (-) TimerEvent: {}
[1338.447714] (-) TimerEvent: {}
[1338.548615] (-) TimerEvent: {}
[1338.649519] (-) TimerEvent: {}
[1338.750414] (-) TimerEvent: {}
[1338.851345] (-) TimerEvent: {}
[1338.952363] (-) TimerEvent: {}
[1339.053398] (-) TimerEvent: {}
[1339.154389] (-) TimerEvent: {}
[1339.255276] (-) TimerEvent: {}
[1339.356193] (-) TimerEvent: {}
[1339.457099] (-) TimerEvent: {}
[1339.558031] (-) TimerEvent: {}
[1339.658943] (-) TimerEvent: {}
[1339.759930] (-) TimerEvent: {}
[1339.860918] (-) TimerEvent: {}
[1339.961872] (-) TimerEvent: {}
[1340.063139] (-) TimerEvent: {}
[1340.164041] (-) TimerEvent: {}
[1340.264992] (-) TimerEvent: {}
[1340.365922] (-) TimerEvent: {}
[1340.466826] (-) TimerEvent: {}
[1340.567723] (-) TimerEvent: {}
[1340.668622] (-) TimerEvent: {}
[1340.769583] (-) TimerEvent: {}
[1340.870600] (-) TimerEvent: {}
[1340.971537] (-) TimerEvent: {}
[1341.072448] (-) TimerEvent: {}
[1341.173333] (-) TimerEvent: {}
[1341.274264] (-) TimerEvent: {}
[1341.375208] (-) TimerEvent: {}
[1341.476232] (-) TimerEvent: {}
[1341.577143] (-) TimerEvent: {}
[1341.678079] (-) TimerEvent: {}
[1341.778995] (-) TimerEvent: {}
[1341.879910] (-) TimerEvent: {}
[1341.980812] (-) TimerEvent: {}
[1342.081785] (-) TimerEvent: {}
[1342.182764] (-) TimerEvent: {}
[1342.283837] (-) TimerEvent: {}
[1342.384907] (-) TimerEvent: {}
[1342.485977] (-) TimerEvent: {}
[1342.586877] (-) TimerEvent: {}
[1342.687791] (-) TimerEvent: {}
[1342.788730] (-) TimerEvent: {}
[1342.889758] (-) TimerEvent: {}
[1342.990637] (-) TimerEvent: {}
[1343.091528] (-) TimerEvent: {}
[1344.962609] (-) TimerEvent: {}
[1345.063534] (-) TimerEvent: {}
[1345.164424] (-) TimerEvent: {}
[1345.265337] (-) TimerEvent: {}
[1345.366423] (-) TimerEvent: {}
[1345.467322] (-) TimerEvent: {}
[1345.568210] (-) TimerEvent: {}
[1345.669096] (-) TimerEvent: {}
[1345.770038] (-) TimerEvent: {}
[1345.870970] (-) TimerEvent: {}
[1345.971871] (-) TimerEvent: {}
[1346.072775] (-) TimerEvent: {}
[1346.173720] (-) TimerEvent: {}
[1346.274626] (-) TimerEvent: {}
[1346.375539] (-) TimerEvent: {}
[1346.476437] (-) TimerEvent: {}
[1346.577331] (-) TimerEvent: {}
[1346.678273] (-) TimerEvent: {}
[1346.779179] (-) TimerEvent: {}
[1346.880070] (-) TimerEvent: {}
[1346.980955] (-) TimerEvent: {}
[1347.081890] (-) TimerEvent: {}
[1347.182812] (-) TimerEvent: {}
[1347.283712] (-) TimerEvent: {}
[1347.384625] (-) TimerEvent: {}
[1347.485594] (-) TimerEvent: {}
[1347.586616] (-) TimerEvent: {}
[1347.687521] (-) TimerEvent: {}
[1347.788415] (-) TimerEvent: {}
[1347.889313] (-) TimerEvent: {}
[1347.990246] (-) TimerEvent: {}
[1348.091145] (-) TimerEvent: {}
[1348.192043] (-) TimerEvent: {}
[1348.292926] (-) TimerEvent: {}
[1348.393879] (-) TimerEvent: {}
[1348.494762] (-) TimerEvent: {}
[1348.595655] (-) TimerEvent: {}
[1348.696510] (-) TimerEvent: {}
[1348.797398] (-) TimerEvent: {}
[1348.898271] (-) TimerEvent: {}
[1348.999141] (-) TimerEvent: {}
[1349.100082] (-) TimerEvent: {}
[1349.201100] (-) TimerEvent: {}
[1349.302184] (-) TimerEvent: {}
[1349.403133] (-) TimerEvent: {}
[1349.504015] (-) TimerEvent: {}
[1349.604870] (-) TimerEvent: {}
[1349.705749] (-) TimerEvent: {}
[1349.806630] (-) TimerEvent: {}
[1349.907544] (-) TimerEvent: {}
[1350.008450] (-) TimerEvent: {}
[1350.109337] (-) TimerEvent: {}
[1350.210253] (-) TimerEvent: {}
[1350.311129] (-) TimerEvent: {}
[1350.412030] (-) TimerEvent: {}
[1350.512924] (-) TimerEvent: {}
[1350.613863] (-) TimerEvent: {}
[1350.714754] (-) TimerEvent: {}
[1350.815697] (-) TimerEvent: {}
[1350.916702] (-) TimerEvent: {}
[1351.017663] (-) TimerEvent: {}
[1351.118585] (-) TimerEvent: {}
[1351.219504] (-) TimerEvent: {}
[1351.320431] (-) TimerEvent: {}
[1351.421318] (-) TimerEvent: {}
[1351.522247] (-) TimerEvent: {}
[1351.623187] (-) TimerEvent: {}
[1351.724101] (-) TimerEvent: {}
[1351.825000] (-) TimerEvent: {}
[1351.925928] (-) TimerEvent: {}
[1352.026817] (-) TimerEvent: {}
[1352.127714] (-) TimerEvent: {}
[1352.228656] (-) TimerEvent: {}
[1352.329706] (-) TimerEvent: {}
[1352.430613] (-) TimerEvent: {}
[1352.531504] (-) TimerEvent: {}
[1352.632377] (-) TimerEvent: {}
[1352.733263] (-) TimerEvent: {}
[1352.834357] (-) TimerEvent: {}
[1352.935237] (-) TimerEvent: {}
[1353.036135] (-) TimerEvent: {}
[1353.137032] (-) TimerEvent: {}
[1353.237958] (-) TimerEvent: {}
[1353.338880] (-) TimerEvent: {}
[1353.439792] (-) TimerEvent: {}
[1353.540681] (-) TimerEvent: {}
[1353.641594] (-) TimerEvent: {}
[1353.742478] (-) TimerEvent: {}
[1353.843376] (-) TimerEvent: {}
[1353.944287] (-) TimerEvent: {}
[1354.045176] (-) TimerEvent: {}
[1354.146086] (-) TimerEvent: {}
[1354.246992] (-) TimerEvent: {}
[1354.347894] (-) TimerEvent: {}
[1354.448815] (-) TimerEvent: {}
[1354.549885] (-) TimerEvent: {}
[1354.651016] (-) TimerEvent: {}
[1354.751914] (-) TimerEvent: {}
[1354.852812] (-) TimerEvent: {}
[1354.953737] (-) TimerEvent: {}
[1355.054612] (-) TimerEvent: {}
[1355.155488] (-) TimerEvent: {}
[1355.256358] (-) TimerEvent: {}
[1355.357250] (-) TimerEvent: {}
[1355.458148] (-) TimerEvent: {}
[1355.559053] (-) TimerEvent: {}
[1355.659931] (-) TimerEvent: {}
[1355.760806] (-) TimerEvent: {}
[1355.861710] (-) TimerEvent: {}
[1355.962593] (-) TimerEvent: {}
[1356.063484] (-) TimerEvent: {}
[1356.164358] (-) TimerEvent: {}
[1356.265303] (-) TimerEvent: {}
[1356.366239] (-) TimerEvent: {}
[1356.467130] (-) TimerEvent: {}
[1356.568064] (-) TimerEvent: {}
[1356.669080] (-) TimerEvent: {}
[1356.770116] (-) TimerEvent: {}
[1356.871028] (-) TimerEvent: {}
[1356.971907] (-) TimerEvent: {}
[1357.072810] (-) TimerEvent: {}
[1357.173761] (-) TimerEvent: {}
[1357.274658] (-) TimerEvent: {}
[1357.375568] (-) TimerEvent: {}
[1357.476454] (-) TimerEvent: {}
[1357.577353] (-) TimerEvent: {}
[1357.678293] (-) TimerEvent: {}
[1357.779218] (-) TimerEvent: {}
[1357.880220] (-) TimerEvent: {}
[1357.981123] (-) TimerEvent: {}
[1358.082045] (-) TimerEvent: {}
[1358.182948] (-) TimerEvent: {}
[1358.283878] (-) TimerEvent: {}
[1358.384838] (-) TimerEvent: {}
[1358.485802] (-) TimerEvent: {}
[1358.586713] (-) TimerEvent: {}
[1358.687617] (-) TimerEvent: {}
[1358.788532] (-) TimerEvent: {}
[1358.889487] (-) TimerEvent: {}
[1358.990431] (-) TimerEvent: {}
[1359.091340] (-) TimerEvent: {}
[1359.192248] (-) TimerEvent: {}
[1359.293161] (-) TimerEvent: {}
[1359.394113] (-) TimerEvent: {}
[1359.495087] (-) TimerEvent: {}
[1359.596157] (-) TimerEvent: {}
[1359.697076] (-) TimerEvent: {}
[1359.798060] (-) TimerEvent: {}
[1359.898959] (-) TimerEvent: {}
[1359.999859] (-) TimerEvent: {}
[1360.100749] (-) TimerEvent: {}
[1360.201675] (-) TimerEvent: {}
[1360.302610] (-) TimerEvent: {}
[1360.403547] (-) TimerEvent: {}
[1360.504437] (-) TimerEvent: {}
[1360.605332] (-) TimerEvent: {}
[1360.706238] (-) TimerEvent: {}
[1360.807131] (-) TimerEvent: {}
[1360.908031] (-) TimerEvent: {}
[1361.008920] (-) TimerEvent: {}
[1361.109864] (-) TimerEvent: {}
[1361.210774] (-) TimerEvent: {}
[1362.066888] (-) TimerEvent: {}
[1362.167776] (-) TimerEvent: {}
[1362.268658] (-) TimerEvent: {}
[1362.369586] (-) TimerEvent: {}
[1362.470485] (-) TimerEvent: {}
[1362.571367] (-) TimerEvent: {}
[1362.672236] (-) TimerEvent: {}
[1362.773110] (-) TimerEvent: {}
[1362.874030] (-) TimerEvent: {}
[1362.974899] (-) TimerEvent: {}
[1363.075776] (-) TimerEvent: {}
[1363.176646] (-) TimerEvent: {}
[1363.277544] (-) TimerEvent: {}
[1363.378482] (-) TimerEvent: {}
[1363.479362] (-) TimerEvent: {}
[1363.580242] (-) TimerEvent: {}
[1363.681134] (-) TimerEvent: {}
[1363.782069] (-) TimerEvent: {}
[1363.882971] (-) TimerEvent: {}
[1363.983873] (-) TimerEvent: {}
[1364.084790] (-) TimerEvent: {}
[1364.185870] (-) TimerEvent: {}
[1364.286756] (-) TimerEvent: {}
[1364.387662] (-) TimerEvent: {}
[1364.488565] (-) TimerEvent: {}
[1364.589477] (-) TimerEvent: {}
[1364.690382] (-) TimerEvent: {}
[1364.791264] (-) TimerEvent: {}
[1364.892142] (-) TimerEvent: {}
[1364.993028] (-) TimerEvent: {}
[1365.093963] (-) TimerEvent: {}
[1365.194866] (-) TimerEvent: {}
[1365.295777] (-) TimerEvent: {}
[1365.396672] (-) TimerEvent: {}
[1365.497596] (-) TimerEvent: {}
[1365.574240] (<colcon_parallel_executor.executor.parallel.ParallelExecutorExtension object at 0x7faa4c4d90>) ParallelStatus: {'processing': ('xgo_face_control', 'xgo_head', 'xgo_motion')}
[1365.597764] (-) TimerEvent: {}
[1365.698636] (-) TimerEvent: {}
[1365.799543] (-) TimerEvent: {}
[1365.900458] (-) TimerEvent: {}
[1366.001504] (-) TimerEvent: {}
[1366.102435] (-) TimerEvent: {}
[1366.203370] (-) TimerEvent: {}
[1366.304256] (-) TimerEvent: {}
[1366.405173] (-) TimerEvent: {}
[1366.506137] (-) TimerEvent: {}
[1366.607106] (-) TimerEvent: {}
[1366.708643] (-) TimerEvent: {}
[1366.809676] (-) TimerEvent: {}
[1366.910557] (-) TimerEvent: {}
[1367.011454] (-) TimerEvent: {}
[1367.112350] (-) TimerEvent: {}
[1367.213234] (-) TimerEvent: {}
[1367.314125] (-) TimerEvent: {}
[1367.415030] (-) TimerEvent: {}
[1367.515933] (-) TimerEvent: {}
[1367.616842] (-) TimerEvent: {}
[1367.717776] (-) TimerEvent: {}
[1367.818674] (-) TimerEvent: {}
[1367.919561] (-) TimerEvent: {}
[1368.020453] (-) TimerEvent: {}
[1368.121357] (-) TimerEvent: {}
[1368.222381] (-) TimerEvent: {}
[1368.323487] (-) TimerEvent: {}
[1368.424638] (-) TimerEvent: {}
[1368.525632] (-) TimerEvent: {}
[1368.626532] (-) TimerEvent: {}
[1368.727429] (-) TimerEvent: {}
[1368.828318] (-) TimerEvent: {}
[1368.929191] (-) TimerEvent: {}
[1369.030083] (-) TimerEvent: {}
[1369.130971] (-) TimerEvent: {}
[1369.231887] (-) TimerEvent: {}
[1369.332772] (-) TimerEvent: {}
[1369.433708] (-) TimerEvent: {}
[1369.534604] (-) TimerEvent: {}
[1369.635500] (-) TimerEvent: {}
[1369.736386] (-) TimerEvent: {}
[1369.837273] (-) TimerEvent: {}
[1369.938177] (-) TimerEvent: {}
[1370.039055] (-) TimerEvent: {}
[1370.139949] (-) TimerEvent: {}
[1370.240844] (-) TimerEvent: {}
[1370.341782] (-) TimerEvent: {}
[1370.442702] (-) TimerEvent: {}
[1370.543593] (-) TimerEvent: {}
[1370.644509] (-) TimerEvent: {}
[1370.745405] (-) TimerEvent: {}
[1370.846340] (-) TimerEvent: {}
[1370.947235] (-) TimerEvent: {}
[1371.048194] (-) TimerEvent: {}
[1371.149073] (-) TimerEvent: {}
[1371.249993] (-) TimerEvent: {}
[1371.350894] (-) TimerEvent: {}
[1371.451844] (-) TimerEvent: {}
[1371.552759] (-) TimerEvent: {}
[1371.653662] (-) TimerEvent: {}
[1371.754563] (-) TimerEvent: {}
[1371.855441] (-) TimerEvent: {}
[1371.956342] (-) TimerEvent: {}
[1372.057235] (-) TimerEvent: {}
[1372.158182] (-) TimerEvent: {}
[1372.259151] (-) TimerEvent: {}
[1372.360109] (-) TimerEvent: {}
[1372.461007] (-) TimerEvent: {}
[1372.561929] (-) TimerEvent: {}
[1372.663091] (-) TimerEvent: {}
[1372.764043] (-) TimerEvent: {}
[1372.864958] (-) TimerEvent: {}
[1372.965911] (-) TimerEvent: {}
[1373.066883] (-) TimerEvent: {}
[1373.167923] (-) TimerEvent: {}
[1373.269566] (-) TimerEvent: {}
[1373.370589] (-) TimerEvent: {}
[1373.471683] (-) TimerEvent: {}
[1373.572900] (-) TimerEvent: {}
[1373.673976] (-) TimerEvent: {}
[1373.775044] (-) TimerEvent: {}
[1373.876085] (-) TimerEvent: {}
[1373.977069] (-) TimerEvent: {}
[1374.078013] (-) TimerEvent: {}
[1374.178923] (-) TimerEvent: {}
[1374.279823] (-) TimerEvent: {}
[1374.380714] (-) TimerEvent: {}
[1374.481616] (-) TimerEvent: {}
[1374.582514] (-) TimerEvent: {}
[1374.683435] (-) TimerEvent: {}
[1374.784327] (-) TimerEvent: {}
[1374.885207] (-) TimerEvent: {}
[1374.986128] (-) TimerEvent: {}
[1375.087031] (-) TimerEvent: {}
[1375.188105] (-) TimerEvent: {}
[1375.289181] (-) TimerEvent: {}
[1375.390322] (-) TimerEvent: {}
[1375.491419] (-) TimerEvent: {}
[1375.592404] (-) TimerEvent: {}
[1375.693292] (-) TimerEvent: {}
[1375.794196] (-) TimerEvent: {}
[1375.895098] (-) TimerEvent: {}
[1375.995984] (-) TimerEvent: {}
[1376.096865] (-) TimerEvent: {}
[1376.197778] (-) TimerEvent: {}
[1376.298671] (-) TimerEvent: {}
[1376.399564] (-) TimerEvent: {}
[1376.500545] (-) TimerEvent: {}
[1376.601461] (-) TimerEvent: {}
[1376.702383] (-) TimerEvent: {}
[1376.803281] (-) TimerEvent: {}
[1376.904186] (-) TimerEvent: {}
[1377.005086] (-) TimerEvent: {}
[1377.106028] (-) TimerEvent: {}
[1377.206942] (-) TimerEvent: {}
[1377.307862] (-) TimerEvent: {}
[1377.408780] (-) TimerEvent: {}
[1377.509667] (-) TimerEvent: {}
[1377.610564] (-) TimerEvent: {}
[1377.711478] (-) TimerEvent: {}
[1377.812386] (-) TimerEvent: {}
[1377.913286] (-) TimerEvent: {}
[1378.014221] (-) TimerEvent: {}
[1378.115124] (-) TimerEvent: {}
[1378.216024] (-) TimerEvent: {}
[1378.316920] (-) TimerEvent: {}
[1378.417844] (-) TimerEvent: {}
[1378.518774] (-) TimerEvent: {}
[1378.619819] (-) TimerEvent: {}
[1378.720802] (-) TimerEvent: {}
[1378.821759] (-) TimerEvent: {}
[1378.922794] (-) TimerEvent: {}
[1379.023796] (-) TimerEvent: {}
[1379.124739] (-) TimerEvent: {}
[1379.225628] (-) TimerEvent: {}
[1379.326657] (-) TimerEvent: {}
[1379.427999] (-) TimerEvent: {}
[1379.529093] (-) TimerEvent: {}
[1379.630152] (-) TimerEvent: {}
[1379.731346] (-) TimerEvent: {}
[1379.832667] (-) TimerEvent: {}
[1379.933587] (-) TimerEvent: {}
[1380.034572] (-) TimerEvent: {}
[1380.135622] (-) TimerEvent: {}
[1380.236528] (-) TimerEvent: {}
[1380.337524] (-) TimerEvent: {}
[1380.438432] (-) TimerEvent: {}
[1380.545552] (xgo_motion) StdoutLine: {'line': b'[100%] \x1b[32m\x1b[1mLinking CXX executable dog_show_combined\x1b[0m\n'}
[1380.758072] (-) TimerEvent: {}
[1380.862312] (-) TimerEvent: {}
[1380.963469] (-) TimerEvent: {}
[1381.065317] (-) TimerEvent: {}
[1381.166612] (-) TimerEvent: {}
[1381.267994] (-) TimerEvent: {}
[1381.370026] (-) TimerEvent: {}
[1381.471362] (-) TimerEvent: {}
[1381.572751] (-) TimerEvent: {}
[1381.674108] (-) TimerEvent: {}
[1381.775535] (-) TimerEvent: {}
[1381.876744] (-) TimerEvent: {}
[1381.978044] (-) TimerEvent: {}
[1382.079334] (-) TimerEvent: {}
[1382.180323] (-) TimerEvent: {}
[1382.281654] (-) TimerEvent: {}
[1382.383344] (-) TimerEvent: {}
[1382.484662] (-) TimerEvent: {}
[1382.586071] (-) TimerEvent: {}
[1382.687149] (-) TimerEvent: {}
[1382.788446] (-) TimerEvent: {}
[1382.890439] (-) TimerEvent: {}
[1382.991726] (-) TimerEvent: {}
[1383.092896] (-) TimerEvent: {}
[1383.195392] (-) TimerEvent: {}
[1383.297867] (-) TimerEvent: {}
[1383.399216] (-) TimerEvent: {}
[1383.500351] (-) TimerEvent: {}
[1383.601545] (-) TimerEvent: {}
[1383.702849] (-) TimerEvent: {}
[1383.804247] (-) TimerEvent: {}
[1383.905711] (-) TimerEvent: {}
[1384.006979] (-) TimerEvent: {}
[1384.108145] (-) TimerEvent: {}
[1384.210152] (-) TimerEvent: {}
[1384.312534] (-) TimerEvent: {}
[1384.414114] (-) TimerEvent: {}
[1384.516037] (-) TimerEvent: {}
[1384.617557] (-) TimerEvent: {}
[1384.719181] (-) TimerEvent: {}
[1384.820651] (-) TimerEvent: {}
[1384.922143] (-) TimerEvent: {}
[1385.024138] (-) TimerEvent: {}
[1385.126842] (-) TimerEvent: {}
[1385.228118] (-) TimerEvent: {}
[1385.329275] (-) TimerEvent: {}
[1385.430497] (-) TimerEvent: {}
[1385.531529] (-) TimerEvent: {}
[1385.632553] (-) TimerEvent: {}
[1385.733764] (-) TimerEvent: {}
[1385.836610] (-) TimerEvent: {}
[1385.938126] (-) TimerEvent: {}
[1386.039517] (-) TimerEvent: {}
[1386.142449] (-) TimerEvent: {}
[1386.243791] (-) TimerEvent: {}
[1386.345399] (-) TimerEvent: {}
[1386.446715] (-) TimerEvent: {}
[1386.548033] (-) TimerEvent: {}
[1386.649366] (-) TimerEvent: {}
[1386.751678] (-) TimerEvent: {}
[1386.853282] (-) TimerEvent: {}
[1386.956256] (-) TimerEvent: {}
[1387.058902] (-) TimerEvent: {}
[1387.160256] (-) TimerEvent: {}
[1387.261383] (-) TimerEvent: {}
[1387.362804] (-) TimerEvent: {}
[1387.465249] (-) TimerEvent: {}
[1387.567344] (-) TimerEvent: {}
[1387.669915] (-) TimerEvent: {}
[1387.772043] (-) TimerEvent: {}
[1387.874630] (-) TimerEvent: {}
[1387.976666] (-) TimerEvent: {}
[1388.077833] (-) TimerEvent: {}
[1388.179268] (-) TimerEvent: {}
[1388.280693] (-) TimerEvent: {}
[1388.382265] (-) TimerEvent: {}
[1388.483764] (-) TimerEvent: {}
[1388.585240] (-) TimerEvent: {}
[1388.686595] (-) TimerEvent: {}
[1388.787858] (-) TimerEvent: {}
[1388.889168] (-) TimerEvent: {}
[1388.990360] (-) TimerEvent: {}
[1389.091648] (-) TimerEvent: {}
[1389.193074] (-) TimerEvent: {}
[1389.295639] (-) TimerEvent: {}
[1389.398478] (-) TimerEvent: {}
[1389.500058] (-) TimerEvent: {}
[1389.601038] (-) TimerEvent: {}
[1389.703389] (-) TimerEvent: {}
[1389.805629] (-) TimerEvent: {}
[1389.907747] (-) TimerEvent: {}
[1390.008863] (-) TimerEvent: {}
[1390.110041] (-) TimerEvent: {}
[1390.211868] (-) TimerEvent: {}
[1390.312970] (-) TimerEvent: {}
[1390.414544] (-) TimerEvent: {}
[1390.516694] (-) TimerEvent: {}
[1390.617832] (-) TimerEvent: {}
[1390.718923] (-) TimerEvent: {}
[1390.819955] (-) TimerEvent: {}
[1390.921041] (-) TimerEvent: {}
[1390.976424] (xgo_motion) StdoutLine: {'line': b'[100%] Built target dog_show_combined\n'}
[1391.021244] (-) TimerEvent: {}
[1391.122772] (xgo_motion) CommandEnded: {'returncode': 0}
[1391.169973] (-) TimerEvent: {}
[1391.198532] (xgo_motion) JobProgress: {'identifier': 'xgo_motion', 'progress': 'install'}
[1391.236949] (xgo_motion) Command: {'cmd': ['/usr/bin/cmake', '--install', '/home/sunrise/xgo_demo/src/build/xgo_motion'], 'cwd': '/home/sunrise/xgo_demo/src/build/xgo_motion', 'env': OrderedDict([('LANGUAGE', 'en_US.UTF-8'), ('USER', 'sunrise'), ('SSH_CLIENT', '192.168.66.221 5121 22'), ('XDG_SESSION_TYPE', 'tty'), ('SHLVL', '1'), ('LD_LIBRARY_PATH', '/home/sunrise/xgo_demo/src/install/xgoscreen/lib:/home/sunrise/xgo_demo/src/install/xgolib/lib:/home/sunrise/xgo_demo/install/hobot_audio/lib:/home/sunrise/xgo_demo/install/xgoscreen/lib:/home/sunrise/xgo_demo/install/xgolib/lib:/opt/tros/humble/lib/aarch64-linux-gnu:/opt/tros/humble/lib:/opt/ros/humble/lib/aarch64-linux-gnu:/opt/ros/humble/lib'), ('MOTD_SHOWN', 'pam'), ('HOME', '/home/sunrise'), ('OLDPWD', '/home/sunrise/xgo_demo'), ('SSH_TTY', '/dev/pts/0'), ('ROS_PYTHON_VERSION', '3'), ('DBUS_SESSION_BUS_ADDRESS', 'unix:path=/run/user/1000/bus'), ('TROS_DISTRO', 'humble'), ('COLCON_PREFIX_PATH', '/home/sunrise/xgo_demo/install'), ('ROS_DISTRO', 'humble'), ('LOGNAME', 'sunrise'), ('_', '/home/sunrise/.local/bin/colcon'), ('ROS_VERSION', '2'), ('XDG_SESSION_CLASS', 'user'), ('TERM', 'xterm'), ('XDG_SESSION_ID', '2'), ('ROS_LOCALHOST_ONLY', '0'), ('PATH', '/home/sunrise/xgo_demo/install/hobot_audio/bin:/home/sunrise/.local/bin:/home/sunrise/.local/bin:/opt/tros/humble/bin:/opt/ros/humble/bin:/usr/local/sbin:/usr/local/bin:/usr/sbin:/usr/bin:/sbin:/bin:/usr/games:/usr/local/games:/snap/bin'), ('XDG_RUNTIME_DIR', '/run/user/1000'), ('DISPLAY', 'localhost:10.0'), ('LANG', 'en_US.UTF-8'), ('LS_COLORS', 'rs=0:di=01;34:ln=01;36:mh=00:pi=40;33:so=01;35:do=01;35:bd=40;33;01:cd=40;33;01:or=40;31;01:mi=00:su=37;41:sg=30;43:ca=30;41:tw=30;42:ow=34;42:st=37;44:ex=01;32:*.tar=01;31:*.tgz=01;31:*.arc=01;31:*.arj=01;31:*.taz=01;31:*.lha=01;31:*.lz4=01;31:*.lzh=01;31:*.lzma=01;31:*.tlz=01;31:*.txz=01;31:*.tzo=01;31:*.t7z=01;31:*.zip=01;31:*.z=01;31:*.dz=01;31:*.gz=01;31:*.lrz=01;31:*.lz=01;31:*.lzo=01;31:*.xz=01;31:*.zst=01;31:*.tzst=01;31:*.bz2=01;31:*.bz=01;31:*.tbz=01;31:*.tbz2=01;31:*.tz=01;31:*.deb=01;31:*.rpm=01;31:*.jar=01;31:*.war=01;31:*.ear=01;31:*.sar=01;31:*.rar=01;31:*.alz=01;31:*.ace=01;31:*.zoo=01;31:*.cpio=01;31:*.7z=01;31:*.rz=01;31:*.cab=01;31:*.wim=01;31:*.swm=01;31:*.dwm=01;31:*.esd=01;31:*.jpg=01;35:*.jpeg=01;35:*.mjpg=01;35:*.mjpeg=01;35:*.gif=01;35:*.bmp=01;35:*.pbm=01;35:*.pgm=01;35:*.ppm=01;35:*.tga=01;35:*.xbm=01;35:*.xpm=01;35:*.tif=01;35:*.tiff=01;35:*.png=01;35:*.svg=01;35:*.svgz=01;35:*.mng=01;35:*.pcx=01;35:*.mov=01;35:*.mpg=01;35:*.mpeg=01;35:*.m2v=01;35:*.mkv=01;35:*.webm=01;35:*.webp=01;35:*.ogm=01;35:*.mp4=01;35:*.m4v=01;35:*.mp4v=01;35:*.vob=01;35:*.qt=01;35:*.nuv=01;35:*.wmv=01;35:*.asf=01;35:*.rm=01;35:*.rmvb=01;35:*.flc=01;35:*.avi=01;35:*.fli=01;35:*.flv=01;35:*.gl=01;35:*.dl=01;35:*.xcf=01;35:*.xwd=01;35:*.yuv=01;35:*.cgm=01;35:*.emf=01;35:*.ogv=01;35:*.ogx=01;35:*.aac=00;36:*.au=00;36:*.flac=00;36:*.m4a=00;36:*.mid=00;36:*.midi=00;36:*.mka=00;36:*.mp3=00;36:*.mpc=00;36:*.ogg=00;36:*.ra=00;36:*.wav=00;36:*.oga=00;36:*.opus=00;36:*.spx=00;36:*.xspf=00;36:'), ('AMENT_PREFIX_PATH', '/home/sunrise/xgo_demo/src/install/xgoscreen:/home/sunrise/xgo_demo/src/install/xgolib:/home/sunrise/xgo_demo/install/xgo_gesture_control:/home/sunrise/xgo_demo/install/hobot_audio:/home/sunrise/xgo_demo/install/xgo_motion:/home/sunrise/xgo_demo/install/xgo_head:/home/sunrise/xgo_demo/install/xgo_device:/home/sunrise/xgo_demo/install/xgoscreen:/home/sunrise/xgo_demo/install/xgolib:/home/sunrise/xgo_demo/install/xgo_display:/opt/tros/humble:/opt/ros/humble'), ('SHELL', '/bin/bash'), ('PWD', '/home/sunrise/xgo_demo/src/build/xgo_motion'), ('SSH_CONNECTION', '192.168.66.221 5121 192.168.66.94 22'), ('PYTHONPATH', '/home/sunrise/xgo_demo/install/xgo_display/lib/python3.10/site-packages:/opt/tros/humble/lib/python3.10/site-packages:/opt/tros/humble/local/lib/python3.10/dist-packages:/opt/ros/humble/lib/python3.10/site-packages:/opt/ros/humble/local/lib/python3.10/dist-packages'), ('COLCON', '1'), ('CMAKE_PREFIX_PATH', '/home/sunrise/xgo_demo/src/install/xgoscreen:/home/sunrise/xgo_demo/src/install/xgolib:/home/sunrise/xgo_demo/install/xgo_gesture_control:/home/sunrise/xgo_demo/install/hobot_audio:/home/sunrise/xgo_demo/install/xgo_motion:/home/sunrise/xgo_demo/install/xgo_head:/home/sunrise/xgo_demo/install/xgo_device:/home/sunrise/xgo_demo/install/xgoscreen:/home/sunrise/xgo_demo/install/xgolib:/home/sunrise/xgo_demo/install/xgo_display:/opt/tros/humble:/opt/ros/humble')]), 'shell': False}
[1391.271792] (-) TimerEvent: {}
[1391.316237] (xgo_motion) StdoutLine: {'line': b'-- Install configuration: ""\n'}
[1391.317203] (xgo_motion) StdoutLine: {'line': b'-- Installing: /home/sunrise/xgo_demo/src/install/xgo_motion/lib/xgo_motion/dog_show_combined\n'}
[1391.318209] (xgo_motion) StdoutLine: {'line': b'-- Set runtime path of "/home/sunrise/xgo_demo/src/install/xgo_motion/lib/xgo_motion/dog_show_combined" to ""\n'}
[1391.318781] (xgo_motion) StdoutLine: {'line': b'-- Installing: /home/sunrise/xgo_demo/src/install/xgo_motion/share/xgo_motion/expression\n'}
[1391.319270] (xgo_motion) StdoutLine: {'line': b'-- Installing: /home/sunrise/xgo_demo/src/install/xgo_motion/share/xgo_motion/expression/awkwardness_r\n'}
[1391.321270] (xgo_motion) StdoutLine: {'line': b'-- Installing: /home/sunrise/xgo_demo/src/install/xgo_motion/share/xgo_motion/expression/awkwardness_r/8.png\n'}
[1391.323478] (xgo_motion) StdoutLine: {'line': b'-- Installing: /home/sunrise/xgo_demo/src/install/xgo_motion/share/xgo_motion/expression/awkwardness_r/3.png\n'}
[1391.325931] (xgo_motion) StdoutLine: {'line': b'-- Installing: /home/sunrise/xgo_demo/src/install/xgo_motion/share/xgo_motion/expression/awkwardness_r/1.png\n'}
[1391.328093] (xgo_motion) StdoutLine: {'line': b'-- Installing: /home/sunrise/xgo_demo/src/install/xgo_motion/share/xgo_motion/expression/awkwardness_r/10.png\n'}
[1391.329715] (xgo_motion) StdoutLine: {'line': b'-- Installing: /home/sunrise/xgo_demo/src/install/xgo_motion/share/xgo_motion/expression/awkwardness_r/9.png\n'}
[1391.331684] (xgo_motion) StdoutLine: {'line': b'-- Installing: /home/sunrise/xgo_demo/src/install/xgo_motion/share/xgo_motion/expression/awkwardness_r/5.png\n'}
[1391.333652] (xgo_motion) StdoutLine: {'line': b'-- Installing: /home/sunrise/xgo_demo/src/install/xgo_motion/share/xgo_motion/expression/awkwardness_r/7.png\n'}
[1391.335973] (xgo_motion) StdoutLine: {'line': b'-- Installing: /home/sunrise/xgo_demo/src/install/xgo_motion/share/xgo_motion/expression/awkwardness_r/2.png\n'}
[1391.338389] (xgo_motion) StdoutLine: {'line': b'-- Installing: /home/sunrise/xgo_demo/src/install/xgo_motion/share/xgo_motion/expression/awkwardness_r/12.png\n'}
[1391.339979] (xgo_motion) StdoutLine: {'line': b'-- Installing: /home/sunrise/xgo_demo/src/install/xgo_motion/share/xgo_motion/expression/awkwardness_r/6.png\n'}
[1391.342243] (xgo_motion) StdoutLine: {'line': b'-- Installing: /home/sunrise/xgo_demo/src/install/xgo_motion/share/xgo_motion/expression/awkwardness_r/4.png\n'}
[1391.344135] (xgo_motion) StdoutLine: {'line': b'-- Installing: /home/sunrise/xgo_demo/src/install/xgo_motion/share/xgo_motion/expression/awkwardness_r/11.png\n'}
[1391.346225] (xgo_motion) StdoutLine: {'line': b'-- Installing: /home/sunrise/xgo_demo/src/install/xgo_motion/share/xgo_motion/expression/pray\n'}
[1391.347485] (xgo_motion) StdoutLine: {'line': b'-- Installing: /home/sunrise/xgo_demo/src/install/xgo_motion/share/xgo_motion/expression/pray/8.png\n'}
[1391.349465] (xgo_motion) StdoutLine: {'line': b'-- Installing: /home/sunrise/xgo_demo/src/install/xgo_motion/share/xgo_motion/expression/pray/3.png\n'}
[1391.351253] (xgo_motion) StdoutLine: {'line': b'-- Installing: /home/sunrise/xgo_demo/src/install/xgo_motion/share/xgo_motion/expression/pray/1.png\n'}
[1391.353527] (xgo_motion) StdoutLine: {'line': b'-- Installing: /home/sunrise/xgo_demo/src/install/xgo_motion/share/xgo_motion/expression/pray/5.png\n'}
[1391.355932] (xgo_motion) StdoutLine: {'line': b'-- Installing: /home/sunrise/xgo_demo/src/install/xgo_motion/share/xgo_motion/expression/pray/7.png\n'}
[1391.357469] (xgo_motion) StdoutLine: {'line': b'-- Installing: /home/sunrise/xgo_demo/src/install/xgo_motion/share/xgo_motion/expression/pray/2.png\n'}
[1391.359195] (xgo_motion) StdoutLine: {'line': b'-- Installing: /home/sunrise/xgo_demo/src/install/xgo_motion/share/xgo_motion/expression/pray/6.png\n'}
[1391.361187] (xgo_motion) StdoutLine: {'line': b'-- Installing: /home/sunrise/xgo_demo/src/install/xgo_motion/share/xgo_motion/expression/pray/4.png\n'}
[1391.362993] (xgo_motion) StdoutLine: {'line': b'-- Installing: /home/sunrise/xgo_demo/src/install/xgo_motion/share/xgo_motion/expression/happy\n'}
[1391.364278] (xgo_motion) StdoutLine: {'line': b'-- Installing: /home/sunrise/xgo_demo/src/install/xgo_motion/share/xgo_motion/expression/happy/8.png\n'}
[1391.366297] (xgo_motion) StdoutLine: {'line': b'-- Installing: /home/sunrise/xgo_demo/src/install/xgo_motion/share/xgo_motion/expression/happy/3.png\n'}
[1391.370416] (xgo_motion) StdoutLine: {'line': b'-- Installing: /home/sunrise/xgo_demo/src/install/xgo_motion/share/xgo_motion/expression/happy/1.png\n'}
[1391.371902] (xgo_motion) StdoutLine: {'line': b'-- Installing: /home/sunrise/xgo_demo/src/install/xgo_motion/share/xgo_motion/expression/happy/10.png\n'}
[1391.372778] (-) TimerEvent: {}
[1391.374032] (xgo_motion) StdoutLine: {'line': b'-- Installing: /home/sunrise/xgo_demo/src/install/xgo_motion/share/xgo_motion/expression/happy/9.png\n'}
[1391.376764] (xgo_motion) StdoutLine: {'line': b'-- Installing: /home/sunrise/xgo_demo/src/install/xgo_motion/share/xgo_motion/expression/happy/5.png\n'}
[1391.378661] (xgo_motion) StdoutLine: {'line': b'-- Installing: /home/sunrise/xgo_demo/src/install/xgo_motion/share/xgo_motion/expression/happy/7.png\n'}
[1391.380023] (xgo_motion) StdoutLine: {'line': b'-- Installing: /home/sunrise/xgo_demo/src/install/xgo_motion/share/xgo_motion/expression/happy/2.png\n'}
[1391.382262] (xgo_motion) StdoutLine: {'line': b'-- Installing: /home/sunrise/xgo_demo/src/install/xgo_motion/share/xgo_motion/expression/happy/12.png\n'}
[1391.385640] (xgo_motion) StdoutLine: {'line': b'-- Installing: /home/sunrise/xgo_demo/src/install/xgo_motion/share/xgo_motion/expression/happy/6.png\n'}
[1391.387874] (xgo_motion) StdoutLine: {'line': b'-- Installing: /home/sunrise/xgo_demo/src/install/xgo_motion/share/xgo_motion/expression/happy/4.png\n'}
[1391.391267] (xgo_motion) StdoutLine: {'line': b'-- Installing: /home/sunrise/xgo_demo/src/install/xgo_motion/share/xgo_motion/expression/happy/11.png\n'}
[1391.393398] (xgo_motion) StdoutLine: {'line': b'-- Installing: /home/sunrise/xgo_demo/src/install/xgo_motion/share/xgo_motion/expression/cute_r\n'}
[1391.394842] (xgo_motion) StdoutLine: {'line': b'-- Installing: /home/sunrise/xgo_demo/src/install/xgo_motion/share/xgo_motion/expression/cute_r/8.png\n'}
[1391.396409] (xgo_motion) StdoutLine: {'line': b'-- Installing: /home/sunrise/xgo_demo/src/install/xgo_motion/share/xgo_motion/expression/cute_r/3.png\n'}
[1391.398910] (xgo_motion) StdoutLine: {'line': b'-- Installing: /home/sunrise/xgo_demo/src/install/xgo_motion/share/xgo_motion/expression/cute_r/1.png\n'}
[1391.400361] (xgo_motion) StdoutLine: {'line': b'-- Installing: /home/sunrise/xgo_demo/src/install/xgo_motion/share/xgo_motion/expression/cute_r/5.png\n'}
[1391.402754] (xgo_motion) StdoutLine: {'line': b'-- Installing: /home/sunrise/xgo_demo/src/install/xgo_motion/share/xgo_motion/expression/cute_r/7.png\n'}
[1391.405203] (xgo_motion) StdoutLine: {'line': b'-- Installing: /home/sunrise/xgo_demo/src/install/xgo_motion/share/xgo_motion/expression/cute_r/2.png\n'}
[1391.409221] (xgo_motion) StdoutLine: {'line': b'-- Installing: /home/sunrise/xgo_demo/src/install/xgo_motion/share/xgo_motion/expression/cute_r/6.png\n'}
[1391.418309] (xgo_motion) StdoutLine: {'line': b'-- Installing: /home/sunrise/xgo_demo/src/install/xgo_motion/share/xgo_motion/expression/cute_r/4.png\n'}
[1391.419600] (xgo_motion) StdoutLine: {'line': b'-- Installing: /home/sunrise/xgo_demo/src/install/xgo_motion/share/xgo_motion/expression/naughty\n'}
[1391.420639] (xgo_motion) StdoutLine: {'line': b'-- Installing: /home/sunrise/xgo_demo/src/install/xgo_motion/share/xgo_motion/expression/naughty/8.png\n'}
[1391.422298] (xgo_motion) StdoutLine: {'line': b'-- Installing: /home/sunrise/xgo_demo/src/install/xgo_motion/share/xgo_motion/expression/naughty/3.png\n'}
[1391.425081] (xgo_motion) StdoutLine: {'line': b'-- Installing: /home/sunrise/xgo_demo/src/install/xgo_motion/share/xgo_motion/expression/naughty/1.png\n'}
[1391.426481] (xgo_motion) StdoutLine: {'line': b'-- Installing: /home/sunrise/xgo_demo/src/install/xgo_motion/share/xgo_motion/expression/naughty/10.png\n'}
[1391.430561] (xgo_motion) StdoutLine: {'line': b'-- Installing: /home/sunrise/xgo_demo/src/install/xgo_motion/share/xgo_motion/expression/naughty/9.png\n'}
[1391.434388] (xgo_motion) StdoutLine: {'line': b'-- Installing: /home/sunrise/xgo_demo/src/install/xgo_motion/share/xgo_motion/expression/naughty/5.png\n'}
[1391.436277] (xgo_motion) StdoutLine: {'line': b'-- Installing: /home/sunrise/xgo_demo/src/install/xgo_motion/share/xgo_motion/expression/naughty/7.png\n'}
[1391.438185] (xgo_motion) StdoutLine: {'line': b'-- Installing: /home/sunrise/xgo_demo/src/install/xgo_motion/share/xgo_motion/expression/naughty/2.png\n'}
[1391.439950] (xgo_motion) StdoutLine: {'line': b'-- Installing: /home/sunrise/xgo_demo/src/install/xgo_motion/share/xgo_motion/expression/naughty/12.png\n'}
[1391.442181] (xgo_motion) StdoutLine: {'line': b'-- Installing: /home/sunrise/xgo_demo/src/install/xgo_motion/share/xgo_motion/expression/naughty/6.png\n'}
[1391.449723] (xgo_motion) StdoutLine: {'line': b'-- Installing: /home/sunrise/xgo_demo/src/install/xgo_motion/share/xgo_motion/expression/naughty/13.png\n'}
[1391.456184] (xgo_motion) StdoutLine: {'line': b'-- Installing: /home/sunrise/xgo_demo/src/install/xgo_motion/share/xgo_motion/expression/naughty/4.png\n'}
[1391.464698] (xgo_motion) StdoutLine: {'line': b'-- Installing: /home/sunrise/xgo_demo/src/install/xgo_motion/share/xgo_motion/expression/naughty/11.png\n'}
[1391.471024] (xgo_motion) StdoutLine: {'line': b'-- Installing: /home/sunrise/xgo_demo/src/install/xgo_motion/share/xgo_motion/expression/naughty/14.png\n'}
[1391.472916] (-) TimerEvent: {}
[1391.476844] (xgo_motion) StdoutLine: {'line': b'-- Installing: /home/sunrise/xgo_demo/src/install/xgo_motion/share/xgo_motion/expression/hate_r\n'}
[1391.478377] (xgo_motion) StdoutLine: {'line': b'-- Installing: /home/sunrise/xgo_demo/src/install/xgo_motion/share/xgo_motion/expression/hate_r/8.png\n'}
[1391.484444] (xgo_motion) StdoutLine: {'line': b'-- Installing: /home/sunrise/xgo_demo/src/install/xgo_motion/share/xgo_motion/expression/hate_r/16.png\n'}
[1391.490310] (xgo_motion) StdoutLine: {'line': b'-- Installing: /home/sunrise/xgo_demo/src/install/xgo_motion/share/xgo_motion/expression/hate_r/3.png\n'}
[1391.492545] (xgo_motion) StdoutLine: {'line': b'-- Installing: /home/sunrise/xgo_demo/src/install/xgo_motion/share/xgo_motion/expression/hate_r/1.png\n'}
[1391.495790] (xgo_motion) StdoutLine: {'line': b'-- Installing: /home/sunrise/xgo_demo/src/install/xgo_motion/share/xgo_motion/expression/hate_r/10.png\n'}
[1391.497658] (xgo_motion) StdoutLine: {'line': b'-- Installing: /home/sunrise/xgo_demo/src/install/xgo_motion/share/xgo_motion/expression/hate_r/9.png\n'}
[1391.499868] (xgo_motion) StdoutLine: {'line': b'-- Installing: /home/sunrise/xgo_demo/src/install/xgo_motion/share/xgo_motion/expression/hate_r/5.png\n'}
[1391.501193] (xgo_motion) StdoutLine: {'line': b'-- Installing: /home/sunrise/xgo_demo/src/install/xgo_motion/share/xgo_motion/expression/hate_r/7.png\n'}
[1391.503413] (xgo_motion) StdoutLine: {'line': b'-- Installing: /home/sunrise/xgo_demo/src/install/xgo_motion/share/xgo_motion/expression/hate_r/2.png\n'}
[1391.504299] (xgo_motion) StdoutLine: {'line': b'-- Installing: /home/sunrise/xgo_demo/src/install/xgo_motion/share/xgo_motion/expression/hate_r/12.png\n'}
[1391.505534] (xgo_motion) StdoutLine: {'line': b'-- Installing: /home/sunrise/xgo_demo/src/install/xgo_motion/share/xgo_motion/expression/hate_r/15.png\n'}
[1391.506664] (xgo_motion) StdoutLine: {'line': b'-- Installing: /home/sunrise/xgo_demo/src/install/xgo_motion/share/xgo_motion/expression/hate_r/6.png\n'}
[1391.507718] (xgo_motion) StdoutLine: {'line': b'-- Installing: /home/sunrise/xgo_demo/src/install/xgo_motion/share/xgo_motion/expression/hate_r/13.png\n'}
[1391.508969] (xgo_motion) StdoutLine: {'line': b'-- Installing: /home/sunrise/xgo_demo/src/install/xgo_motion/share/xgo_motion/expression/hate_r/4.png\n'}
[1391.511418] (xgo_motion) StdoutLine: {'line': b'-- Installing: /home/sunrise/xgo_demo/src/install/xgo_motion/share/xgo_motion/expression/hate_r/11.png\n'}
[1391.513645] (xgo_motion) StdoutLine: {'line': b'-- Installing: /home/sunrise/xgo_demo/src/install/xgo_motion/share/xgo_motion/expression/hate_r/14.png\n'}
[1391.514942] (xgo_motion) StdoutLine: {'line': b'-- Installing: /home/sunrise/xgo_demo/src/install/xgo_motion/share/xgo_motion/expression/boring\n'}
[1391.516098] (xgo_motion) StdoutLine: {'line': b'-- Installing: /home/sunrise/xgo_demo/src/install/xgo_motion/share/xgo_motion/expression/boring/8.png\n'}
[1391.522328] (xgo_motion) StdoutLine: {'line': b'-- Installing: /home/sunrise/xgo_demo/src/install/xgo_motion/share/xgo_motion/expression/boring/3.png\n'}
[1391.524850] (xgo_motion) StdoutLine: {'line': b'-- Installing: /home/sunrise/xgo_demo/src/install/xgo_motion/share/xgo_motion/expression/boring/1.png\n'}
[1391.526262] (xgo_motion) StdoutLine: {'line': b'-- Installing: /home/sunrise/xgo_demo/src/install/xgo_motion/share/xgo_motion/expression/boring/10.png\n'}
[1391.530550] (xgo_motion) StdoutLine: {'line': b'-- Installing: /home/sunrise/xgo_demo/src/install/xgo_motion/share/xgo_motion/expression/boring/9.png\n'}
[1391.534360] (xgo_motion) StdoutLine: {'line': b'-- Installing: /home/sunrise/xgo_demo/src/install/xgo_motion/share/xgo_motion/expression/boring/5.png\n'}
[1391.536615] (xgo_motion) StdoutLine: {'line': b'-- Installing: /home/sunrise/xgo_demo/src/install/xgo_motion/share/xgo_motion/expression/boring/7.png\n'}
[1391.537821] (xgo_motion) StdoutLine: {'line': b'-- Installing: /home/sunrise/xgo_demo/src/install/xgo_motion/share/xgo_motion/expression/boring/2.png\n'}
[1391.539136] (xgo_motion) StdoutLine: {'line': b'-- Installing: /home/sunrise/xgo_demo/src/install/xgo_motion/share/xgo_motion/expression/boring/12.png\n'}
[1391.543008] (xgo_motion) StdoutLine: {'line': b'-- Installing: /home/sunrise/xgo_demo/src/install/xgo_motion/share/xgo_motion/expression/boring/6.png\n'}
[1391.545123] (xgo_motion) StdoutLine: {'line': b'-- Installing: /home/sunrise/xgo_demo/src/install/xgo_motion/share/xgo_motion/expression/boring/13.png\n'}
[1391.547748] (xgo_motion) StdoutLine: {'line': b'-- Installing: /home/sunrise/xgo_demo/src/install/xgo_motion/share/xgo_motion/expression/boring/4.png\n'}
[1391.549851] (xgo_motion) StdoutLine: {'line': b'-- Installing: /home/sunrise/xgo_demo/src/install/xgo_motion/share/xgo_motion/expression/boring/11.png\n'}
[1391.552378] (xgo_motion) StdoutLine: {'line': b'-- Installing: /home/sunrise/xgo_demo/src/install/xgo_motion/share/xgo_motion/expression/boring/14.png\n'}
[1391.554986] (xgo_motion) StdoutLine: {'line': b'-- Installing: /home/sunrise/xgo_demo/src/install/xgo_motion/share/xgo_motion/expression/drool\n'}
[1391.556268] (xgo_motion) StdoutLine: {'line': b'-- Installing: /home/sunrise/xgo_demo/src/install/xgo_motion/share/xgo_motion/expression/drool/8.png\n'}
[1391.557988] (xgo_motion) StdoutLine: {'line': b'-- Installing: /home/sunrise/xgo_demo/src/install/xgo_motion/share/xgo_motion/expression/drool/3.png\n'}
[1391.559462] (xgo_motion) StdoutLine: {'line': b'-- Installing: /home/sunrise/xgo_demo/src/install/xgo_motion/share/xgo_motion/expression/drool/1.png\n'}
[1391.560887] (xgo_motion) StdoutLine: {'line': b'-- Installing: /home/sunrise/xgo_demo/src/install/xgo_motion/share/xgo_motion/expression/drool/5.png\n'}
[1391.562445] (xgo_motion) StdoutLine: {'line': b'-- Installing: /home/sunrise/xgo_demo/src/install/xgo_motion/share/xgo_motion/expression/drool/7.png\n'}
[1391.564498] (xgo_motion) StdoutLine: {'line': b'-- Installing: /home/sunrise/xgo_demo/src/install/xgo_motion/share/xgo_motion/expression/drool/2.png\n'}
[1391.565837] (xgo_motion) StdoutLine: {'line': b'-- Installing: /home/sunrise/xgo_demo/src/install/xgo_motion/share/xgo_motion/expression/drool/6.png\n'}
[1391.567839] (xgo_motion) StdoutLine: {'line': b'-- Installing: /home/sunrise/xgo_demo/src/install/xgo_motion/share/xgo_motion/expression/drool/4.png\n'}
[1391.572662] (xgo_motion) StdoutLine: {'line': b'-- Installing: /home/sunrise/xgo_demo/src/install/xgo_motion/share/xgo_motion/expression/shame\n'}
[1391.573393] (-) TimerEvent: {}
[1391.577507] (xgo_motion) StdoutLine: {'line': b'-- Installing: /home/sunrise/xgo_demo/src/install/xgo_motion/share/xgo_motion/expression/shame/8.png\n'}
[1391.579712] (xgo_motion) StdoutLine: {'line': b'-- Installing: /home/sunrise/xgo_demo/src/install/xgo_motion/share/xgo_motion/expression/shame/3.png\n'}
[1391.580847] (xgo_motion) StdoutLine: {'line': b'-- Installing: /home/sunrise/xgo_demo/src/install/xgo_motion/share/xgo_motion/expression/shame/1.png\n'}
[1391.583127] (xgo_motion) StdoutLine: {'line': b'-- Installing: /home/sunrise/xgo_demo/src/install/xgo_motion/share/xgo_motion/expression/shame/10.png\n'}
[1391.585215] (xgo_motion) StdoutLine: {'line': b'-- Installing: /home/sunrise/xgo_demo/src/install/xgo_motion/share/xgo_motion/expression/shame/9.png\n'}
[1391.587229] (xgo_motion) StdoutLine: {'line': b'-- Installing: /home/sunrise/xgo_demo/src/install/xgo_motion/share/xgo_motion/expression/shame/5.png\n'}
[1391.588622] (xgo_motion) StdoutLine: {'line': b'-- Installing: /home/sunrise/xgo_demo/src/install/xgo_motion/share/xgo_motion/expression/shame/7.png\n'}
[1391.590765] (xgo_motion) StdoutLine: {'line': b'-- Installing: /home/sunrise/xgo_demo/src/install/xgo_motion/share/xgo_motion/expression/shame/2.png\n'}
[1391.593660] (xgo_motion) StdoutLine: {'line': b'-- Installing: /home/sunrise/xgo_demo/src/install/xgo_motion/share/xgo_motion/expression/shame/6.png\n'}
[1391.595310] (xgo_motion) StdoutLine: {'line': b'-- Installing: /home/sunrise/xgo_demo/src/install/xgo_motion/share/xgo_motion/expression/shame/4.png\n'}
[1391.597270] (xgo_motion) StdoutLine: {'line': b'-- Installing: /home/sunrise/xgo_demo/src/install/xgo_motion/share/xgo_motion/expression/shame/11.png\n'}
[1391.599603] (xgo_motion) StdoutLine: {'line': b'-- Installing: /home/sunrise/xgo_demo/src/install/xgo_motion/share/xgo_motion/expression/Shakehead\n'}
[1391.601132] (xgo_motion) StdoutLine: {'line': b'-- Installing: /home/sunrise/xgo_demo/src/install/xgo_motion/share/xgo_motion/expression/Shakehead/3.png\n'}
[1391.603448] (xgo_motion) StdoutLine: {'line': b'-- Installing: /home/sunrise/xgo_demo/src/install/xgo_motion/share/xgo_motion/expression/Shakehead/1.png\n'}
[1391.605214] (xgo_motion) StdoutLine: {'line': b'-- Installing: /home/sunrise/xgo_demo/src/install/xgo_motion/share/xgo_motion/expression/Shakehead/5.png\n'}
[1391.608465] (xgo_motion) StdoutLine: {'line': b'-- Installing: /home/sunrise/xgo_demo/src/install/xgo_motion/share/xgo_motion/expression/Shakehead/7.png\n'}
[1391.610210] (xgo_motion) StdoutLine: {'line': b'-- Installing: /home/sunrise/xgo_demo/src/install/xgo_motion/share/xgo_motion/expression/Shakehead/2.png\n'}
[1391.612056] (xgo_motion) StdoutLine: {'line': b'-- Installing: /home/sunrise/xgo_demo/src/install/xgo_motion/share/xgo_motion/expression/Shakehead/6.png\n'}
[1391.613613] (xgo_motion) StdoutLine: {'line': b'-- Installing: /home/sunrise/xgo_demo/src/install/xgo_motion/share/xgo_motion/expression/Shakehead/4.png\n'}
[1391.615951] (xgo_motion) StdoutLine: {'line': b'-- Installing: /home/sunrise/xgo_demo/src/install/xgo_motion/share/xgo_motion/expression/Stun\n'}
[1391.617159] (xgo_motion) StdoutLine: {'line': b'-- Installing: /home/sunrise/xgo_demo/src/install/xgo_motion/share/xgo_motion/expression/Stun/8.png\n'}
[1391.619556] (xgo_motion) StdoutLine: {'line': b'-- Installing: /home/sunrise/xgo_demo/src/install/xgo_motion/share/xgo_motion/expression/Stun/3.png\n'}
[1391.620892] (xgo_motion) StdoutLine: {'line': b'-- Installing: /home/sunrise/xgo_demo/src/install/xgo_motion/share/xgo_motion/expression/Stun/1.png\n'}
[1391.622708] (xgo_motion) StdoutLine: {'line': b'-- Installing: /home/sunrise/xgo_demo/src/install/xgo_motion/share/xgo_motion/expression/Stun/5.png\n'}
[1391.624464] (xgo_motion) StdoutLine: {'line': b'-- Installing: /home/sunrise/xgo_demo/src/install/xgo_motion/share/xgo_motion/expression/Stun/7.png\n'}
[1391.627615] (xgo_motion) StdoutLine: {'line': b'-- Installing: /home/sunrise/xgo_demo/src/install/xgo_motion/share/xgo_motion/expression/Stun/2.png\n'}
[1391.633699] (xgo_motion) StdoutLine: {'line': b'-- Installing: /home/sunrise/xgo_demo/src/install/xgo_motion/share/xgo_motion/expression/Stun/6.png\n'}
[1391.634690] (xgo_motion) StdoutLine: {'line': b'-- Installing: /home/sunrise/xgo_demo/src/install/xgo_motion/share/xgo_motion/expression/Stun/4.png\n'}
[1391.636341] (xgo_motion) StdoutLine: {'line': b'-- Installing: /home/sunrise/xgo_demo/src/install/xgo_motion/share/xgo_motion/expression/wronged\n'}
[1391.638012] (xgo_motion) StdoutLine: {'line': b'-- Installing: /home/sunrise/xgo_demo/src/install/xgo_motion/share/xgo_motion/expression/wronged/8.png\n'}
[1391.640277] (xgo_motion) StdoutLine: {'line': b'-- Installing: /home/sunrise/xgo_demo/src/install/xgo_motion/share/xgo_motion/expression/wronged/3.png\n'}
[1391.641823] (xgo_motion) StdoutLine: {'line': b'-- Installing: /home/sunrise/xgo_demo/src/install/xgo_motion/share/xgo_motion/expression/wronged/1.png\n'}
[1391.643432] (xgo_motion) StdoutLine: {'line': b'-- Installing: /home/sunrise/xgo_demo/src/install/xgo_motion/share/xgo_motion/expression/wronged/10.png\n'}
[1391.645744] (xgo_motion) StdoutLine: {'line': b'-- Installing: /home/sunrise/xgo_demo/src/install/xgo_motion/share/xgo_motion/expression/wronged/9.png\n'}
[1391.647167] (xgo_motion) StdoutLine: {'line': b'-- Installing: /home/sunrise/xgo_demo/src/install/xgo_motion/share/xgo_motion/expression/wronged/5.png\n'}
[1391.650896] (xgo_motion) StdoutLine: {'line': b'-- Installing: /home/sunrise/xgo_demo/src/install/xgo_motion/share/xgo_motion/expression/wronged/7.png\n'}
[1391.653099] (xgo_motion) StdoutLine: {'line': b'-- Installing: /home/sunrise/xgo_demo/src/install/xgo_motion/share/xgo_motion/expression/wronged/2.png\n'}
[1391.654917] (xgo_motion) StdoutLine: {'line': b'-- Installing: /home/sunrise/xgo_demo/src/install/xgo_motion/share/xgo_motion/expression/wronged/12.png\n'}
[1391.657363] (xgo_motion) StdoutLine: {'line': b'-- Installing: /home/sunrise/xgo_demo/src/install/xgo_motion/share/xgo_motion/expression/wronged/6.png\n'}
[1391.658993] (xgo_motion) StdoutLine: {'line': b'-- Installing: /home/sunrise/xgo_demo/src/install/xgo_motion/share/xgo_motion/expression/wronged/13.png\n'}
[1391.660292] (xgo_motion) StdoutLine: {'line': b'-- Installing: /home/sunrise/xgo_demo/src/install/xgo_motion/share/xgo_motion/expression/wronged/4.png\n'}
[1391.661711] (xgo_motion) StdoutLine: {'line': b'-- Installing: /home/sunrise/xgo_demo/src/install/xgo_motion/share/xgo_motion/expression/wronged/11.png\n'}
[1391.665625] (xgo_motion) StdoutLine: {'line': b'-- Installing: /home/sunrise/xgo_demo/src/install/xgo_motion/share/xgo_motion/expression/wronged/14.png\n'}
[1391.666675] (xgo_motion) StdoutLine: {'line': b'-- Installing: /home/sunrise/xgo_demo/src/install/xgo_motion/share/xgo_motion/expression/surprise_r\n'}
[1391.667258] (xgo_motion) StdoutLine: {'line': b'-- Installing: /home/sunrise/xgo_demo/src/install/xgo_motion/share/xgo_motion/expression/surprise_r/8.png\n'}
[1391.669697] (xgo_motion) StdoutLine: {'line': b'-- Installing: /home/sunrise/xgo_demo/src/install/xgo_motion/share/xgo_motion/expression/surprise_r/3.png\n'}
[1391.670950] (xgo_motion) StdoutLine: {'line': b'-- Installing: /home/sunrise/xgo_demo/src/install/xgo_motion/share/xgo_motion/expression/surprise_r/1.png\n'}
[1391.672065] (xgo_motion) StdoutLine: {'line': b'-- Installing: /home/sunrise/xgo_demo/src/install/xgo_motion/share/xgo_motion/expression/surprise_r/10.png\n'}
[1391.673614] (-) TimerEvent: {}
[1391.674989] (xgo_motion) StdoutLine: {'line': b'-- Installing: /home/sunrise/xgo_demo/src/install/xgo_motion/share/xgo_motion/expression/surprise_r/9.png\n'}
[1391.677128] (xgo_motion) StdoutLine: {'line': b'-- Installing: /home/sunrise/xgo_demo/src/install/xgo_motion/share/xgo_motion/expression/surprise_r/5.png\n'}
[1391.679034] (xgo_motion) StdoutLine: {'line': b'-- Installing: /home/sunrise/xgo_demo/src/install/xgo_motion/share/xgo_motion/expression/surprise_r/7.png\n'}
[1391.680535] (xgo_motion) StdoutLine: {'line': b'-- Installing: /home/sunrise/xgo_demo/src/install/xgo_motion/share/xgo_motion/expression/surprise_r/2.png\n'}
[1391.682834] (xgo_motion) StdoutLine: {'line': b'-- Installing: /home/sunrise/xgo_demo/src/install/xgo_motion/share/xgo_motion/expression/surprise_r/12.png\n'}
[1391.685267] (xgo_motion) StdoutLine: {'line': b'-- Installing: /home/sunrise/xgo_demo/src/install/xgo_motion/share/xgo_motion/expression/surprise_r/6.png\n'}
[1391.688032] (xgo_motion) StdoutLine: {'line': b'-- Installing: /home/sunrise/xgo_demo/src/install/xgo_motion/share/xgo_motion/expression/surprise_r/4.png\n'}
[1391.691661] (xgo_motion) StdoutLine: {'line': b'-- Installing: /home/sunrise/xgo_demo/src/install/xgo_motion/share/xgo_motion/expression/surprise_r/11.png\n'}
[1391.692975] (xgo_motion) StdoutLine: {'line': b'-- Installing: /home/sunrise/xgo_demo/src/install/xgo_motion/share/xgo_motion/expression/awkwardness\n'}
[1391.694393] (xgo_motion) StdoutLine: {'line': b'-- Installing: /home/sunrise/xgo_demo/src/install/xgo_motion/share/xgo_motion/expression/awkwardness/8.png\n'}
[1391.696283] (xgo_motion) StdoutLine: {'line': b'-- Installing: /home/sunrise/xgo_demo/src/install/xgo_motion/share/xgo_motion/expression/awkwardness/3.png\n'}
[1391.698026] (xgo_motion) StdoutLine: {'line': b'-- Installing: /home/sunrise/xgo_demo/src/install/xgo_motion/share/xgo_motion/expression/awkwardness/1.png\n'}
[1391.699399] (xgo_motion) StdoutLine: {'line': b'-- Installing: /home/sunrise/xgo_demo/src/install/xgo_motion/share/xgo_motion/expression/awkwardness/10.png\n'}
[1391.701197] (xgo_motion) StdoutLine: {'line': b'-- Installing: /home/sunrise/xgo_demo/src/install/xgo_motion/share/xgo_motion/expression/awkwardness/9.png\n'}
[1391.703387] (xgo_motion) StdoutLine: {'line': b'-- Installing: /home/sunrise/xgo_demo/src/install/xgo_motion/share/xgo_motion/expression/awkwardness/5.png\n'}
[1391.705688] (xgo_motion) StdoutLine: {'line': b'-- Installing: /home/sunrise/xgo_demo/src/install/xgo_motion/share/xgo_motion/expression/awkwardness/7.png\n'}
[1391.706811] (xgo_motion) StdoutLine: {'line': b'-- Installing: /home/sunrise/xgo_demo/src/install/xgo_motion/share/xgo_motion/expression/awkwardness/2.png\n'}
[1391.707654] (xgo_motion) StdoutLine: {'line': b'-- Installing: /home/sunrise/xgo_demo/src/install/xgo_motion/share/xgo_motion/expression/awkwardness/6.png\n'}
[1391.709215] (xgo_motion) StdoutLine: {'line': b'-- Installing: /home/sunrise/xgo_demo/src/install/xgo_motion/share/xgo_motion/expression/awkwardness/4.png\n'}
[1391.710925] (xgo_motion) StdoutLine: {'line': b'-- Installing: /home/sunrise/xgo_demo/src/install/xgo_motion/share/xgo_motion/expression/awkwardness/11.png\n'}
[1391.718710] (xgo_motion) StdoutLine: {'line': b'-- Installing: /home/sunrise/xgo_demo/src/install/xgo_motion/share/xgo_motion/expression/query\n'}
[1391.720063] (xgo_motion) StdoutLine: {'line': b'-- Installing: /home/sunrise/xgo_demo/src/install/xgo_motion/share/xgo_motion/expression/query/3.png\n'}
[1391.721800] (xgo_motion) StdoutLine: {'line': b'-- Installing: /home/sunrise/xgo_demo/src/install/xgo_motion/share/xgo_motion/expression/query/1.png\n'}
[1391.723269] (xgo_motion) StdoutLine: {'line': b'-- Installing: /home/sunrise/xgo_demo/src/install/xgo_motion/share/xgo_motion/expression/query/5.png\n'}
[1391.725594] (xgo_motion) StdoutLine: {'line': b'-- Installing: /home/sunrise/xgo_demo/src/install/xgo_motion/share/xgo_motion/expression/query/7.png\n'}
[1391.727124] (xgo_motion) StdoutLine: {'line': b'-- Installing: /home/sunrise/xgo_demo/src/install/xgo_motion/share/xgo_motion/expression/query/2.png\n'}
[1391.728999] (xgo_motion) StdoutLine: {'line': b'-- Installing: /home/sunrise/xgo_demo/src/install/xgo_motion/share/xgo_motion/expression/query/6.png\n'}
[1391.730216] (xgo_motion) StdoutLine: {'line': b'-- Installing: /home/sunrise/xgo_demo/src/install/xgo_motion/share/xgo_motion/expression/query/4.png\n'}
[1391.732110] (xgo_motion) StdoutLine: {'line': b'-- Installing: /home/sunrise/xgo_demo/src/install/xgo_motion/share/xgo_motion/expression/eyes\n'}
[1391.733617] (xgo_motion) StdoutLine: {'line': b'-- Installing: /home/sunrise/xgo_demo/src/install/xgo_motion/share/xgo_motion/expression/eyes/8.png\n'}
[1391.735550] (xgo_motion) StdoutLine: {'line': b'-- Installing: /home/sunrise/xgo_demo/src/install/xgo_motion/share/xgo_motion/expression/eyes/3.png\n'}
[1391.737171] (xgo_motion) StdoutLine: {'line': b'-- Installing: /home/sunrise/xgo_demo/src/install/xgo_motion/share/xgo_motion/expression/eyes/1.png\n'}
[1391.738509] (xgo_motion) StdoutLine: {'line': b'-- Installing: /home/sunrise/xgo_demo/src/install/xgo_motion/share/xgo_motion/expression/eyes/10.png\n'}
[1391.741405] (xgo_motion) StdoutLine: {'line': b'-- Installing: /home/sunrise/xgo_demo/src/install/xgo_motion/share/xgo_motion/expression/eyes/9.png\n'}
[1391.744269] (xgo_motion) StdoutLine: {'line': b'-- Installing: /home/sunrise/xgo_demo/src/install/xgo_motion/share/xgo_motion/expression/eyes/5.png\n'}
[1391.746380] (xgo_motion) StdoutLine: {'line': b'-- Installing: /home/sunrise/xgo_demo/src/install/xgo_motion/share/xgo_motion/expression/eyes/7.png\n'}
[1391.748323] (xgo_motion) StdoutLine: {'line': b'-- Installing: /home/sunrise/xgo_demo/src/install/xgo_motion/share/xgo_motion/expression/eyes/2.png\n'}
[1391.750313] (xgo_motion) StdoutLine: {'line': b'-- Installing: /home/sunrise/xgo_demo/src/install/xgo_motion/share/xgo_motion/expression/eyes/12.png\n'}
[1391.752486] (xgo_motion) StdoutLine: {'line': b'-- Installing: /home/sunrise/xgo_demo/src/install/xgo_motion/share/xgo_motion/expression/eyes/15.png\n'}
[1391.754822] (xgo_motion) StdoutLine: {'line': b'-- Installing: /home/sunrise/xgo_demo/src/install/xgo_motion/share/xgo_motion/expression/eyes/6.png\n'}
[1391.757732] (xgo_motion) StdoutLine: {'line': b'-- Installing: /home/sunrise/xgo_demo/src/install/xgo_motion/share/xgo_motion/expression/eyes/13.png\n'}
[1391.762741] (xgo_motion) StdoutLine: {'line': b'-- Installing: /home/sunrise/xgo_demo/src/install/xgo_motion/share/xgo_motion/expression/eyes/4.png\n'}
[1391.763660] (xgo_motion) StdoutLine: {'line': b'-- Installing: /home/sunrise/xgo_demo/src/install/xgo_motion/share/xgo_motion/expression/eyes/11.png\n'}
[1391.765277] (xgo_motion) StdoutLine: {'line': b'-- Installing: /home/sunrise/xgo_demo/src/install/xgo_motion/share/xgo_motion/expression/eyes/14.png\n'}
[1391.767030] (xgo_motion) StdoutLine: {'line': b'-- Installing: /home/sunrise/xgo_demo/src/install/xgo_motion/share/xgo_motion/expression/rider\n'}
[1391.771498] (xgo_motion) StdoutLine: {'line': b'-- Installing: /home/sunrise/xgo_demo/src/install/xgo_motion/share/xgo_motion/expression/rider/doubt\n'}
[1391.773770] (-) TimerEvent: {}
[1391.775787] (xgo_motion) StdoutLine: {'line': b'-- Installing: /home/sunrise/xgo_demo/src/install/xgo_motion/share/xgo_motion/expression/rider/doubt/doubt7.png\n'}
[1391.777933] (xgo_motion) StdoutLine: {'line': b'-- Installing: /home/sunrise/xgo_demo/src/install/xgo_motion/share/xgo_motion/expression/rider/doubt/doubt25.png\n'}
[1391.780673] (xgo_motion) StdoutLine: {'line': b'-- Installing: /home/sunrise/xgo_demo/src/install/xgo_motion/share/xgo_motion/expression/rider/doubt/doubt36.png\n'}
[1391.781943] (xgo_motion) StdoutLine: {'line': b'-- Installing: /home/sunrise/xgo_demo/src/install/xgo_motion/share/xgo_motion/expression/rider/doubt/doubt17.png\n'}
[1391.783111] (xgo_motion) StdoutLine: {'line': b'-- Installing: /home/sunrise/xgo_demo/src/install/xgo_motion/share/xgo_motion/expression/rider/doubt/doubt50.png\n'}
[1391.786330] (xgo_motion) StdoutLine: {'line': b'-- Installing: /home/sunrise/xgo_demo/src/install/xgo_motion/share/xgo_motion/expression/rider/doubt/doubt47.png\n'}
[1391.788159] (xgo_motion) StdoutLine: {'line': b'-- Installing: /home/sunrise/xgo_demo/src/install/xgo_motion/share/xgo_motion/expression/rider/doubt/doubt28.png\n'}
[1391.790250] (xgo_motion) StdoutLine: {'line': b'-- Installing: /home/sunrise/xgo_demo/src/install/xgo_motion/share/xgo_motion/expression/rider/doubt/doubt62.png\n'}
[1391.791858] (xgo_motion) StdoutLine: {'line': b'-- Installing: /home/sunrise/xgo_demo/src/install/xgo_motion/share/xgo_motion/expression/rider/doubt/doubt19.png\n'}
[1391.793726] (xgo_motion) StdoutLine: {'line': b'-- Installing: /home/sunrise/xgo_demo/src/install/xgo_motion/share/xgo_motion/expression/rider/doubt/doubt20.png\n'}
[1391.795710] (xgo_motion) StdoutLine: {'line': b'-- Installing: /home/sunrise/xgo_demo/src/install/xgo_motion/share/xgo_motion/expression/rider/doubt/doubt51.png\n'}
[1391.798390] (xgo_motion) StdoutLine: {'line': b'-- Installing: /home/sunrise/xgo_demo/src/install/xgo_motion/share/xgo_motion/expression/rider/doubt/doubt56.png\n'}
[1391.800452] (xgo_motion) StdoutLine: {'line': b'-- Installing: /home/sunrise/xgo_demo/src/install/xgo_motion/share/xgo_motion/expression/rider/doubt/doubt31.png\n'}
[1391.802404] (xgo_motion) StdoutLine: {'line': b'-- Installing: /home/sunrise/xgo_demo/src/install/xgo_motion/share/xgo_motion/expression/rider/doubt/doubt59.png\n'}
[1391.804207] (xgo_motion) StdoutLine: {'line': b'-- Installing: /home/sunrise/xgo_demo/src/install/xgo_motion/share/xgo_motion/expression/rider/doubt/doubt1.png\n'}
[1391.806199] (xgo_motion) StdoutLine: {'line': b'-- Installing: /home/sunrise/xgo_demo/src/install/xgo_motion/share/xgo_motion/expression/rider/doubt/doubt15.png\n'}
[1391.807891] (xgo_motion) StdoutLine: {'line': b'-- Installing: /home/sunrise/xgo_demo/src/install/xgo_motion/share/xgo_motion/expression/rider/doubt/doubt45.png\n'}
[1391.809386] (xgo_motion) StdoutLine: {'line': b'-- Installing: /home/sunrise/xgo_demo/src/install/xgo_motion/share/xgo_motion/expression/rider/doubt/doubt3.png\n'}
[1391.811683] (xgo_motion) StdoutLine: {'line': b'-- Installing: /home/sunrise/xgo_demo/src/install/xgo_motion/share/xgo_motion/expression/rider/doubt/doubt27.png\n'}
[1391.813179] (xgo_motion) StdoutLine: {'line': b'-- Installing: /home/sunrise/xgo_demo/src/install/xgo_motion/share/xgo_motion/expression/rider/doubt/doubt10.png\n'}
[1391.814551] (xgo_motion) StdoutLine: {'line': b'-- Installing: /home/sunrise/xgo_demo/src/install/xgo_motion/share/xgo_motion/expression/rider/doubt/doubt8.png\n'}
[1391.817155] (xgo_motion) StdoutLine: {'line': b'-- Installing: /home/sunrise/xgo_demo/src/install/xgo_motion/share/xgo_motion/expression/rider/doubt/doubt41.png\n'}
[1391.818825] (xgo_motion) StdoutLine: {'line': b'-- Installing: /home/sunrise/xgo_demo/src/install/xgo_motion/share/xgo_motion/expression/rider/doubt/doubt39.png\n'}
[1391.820474] (xgo_motion) StdoutLine: {'line': b'-- Installing: /home/sunrise/xgo_demo/src/install/xgo_motion/share/xgo_motion/expression/rider/doubt/doubt24.png\n'}
[1391.822115] (xgo_motion) StdoutLine: {'line': b'-- Installing: /home/sunrise/xgo_demo/src/install/xgo_motion/share/xgo_motion/expression/rider/doubt/doubt23.png\n'}
[1391.823858] (xgo_motion) StdoutLine: {'line': b'-- Installing: /home/sunrise/xgo_demo/src/install/xgo_motion/share/xgo_motion/expression/rider/doubt/doubt40.png\n'}
[1391.830429] (xgo_motion) StdoutLine: {'line': b'-- Installing: /home/sunrise/xgo_demo/src/install/xgo_motion/share/xgo_motion/expression/rider/doubt/doubt44.png\n'}
[1391.832292] (xgo_motion) StdoutLine: {'line': b'-- Installing: /home/sunrise/xgo_demo/src/install/xgo_motion/share/xgo_motion/expression/rider/doubt/doubt6.png\n'}
[1391.834120] (xgo_motion) StdoutLine: {'line': b'-- Installing: /home/sunrise/xgo_demo/src/install/xgo_motion/share/xgo_motion/expression/rider/doubt/doubt48.png\n'}
[1391.835555] (xgo_motion) StdoutLine: {'line': b'-- Installing: /home/sunrise/xgo_demo/src/install/xgo_motion/share/xgo_motion/expression/rider/doubt/doubt49.png\n'}
[1391.836963] (xgo_motion) StdoutLine: {'line': b'-- Installing: /home/sunrise/xgo_demo/src/install/xgo_motion/share/xgo_motion/expression/rider/doubt/doubt58.png\n'}
[1391.838696] (xgo_motion) StdoutLine: {'line': b'-- Installing: /home/sunrise/xgo_demo/src/install/xgo_motion/share/xgo_motion/expression/rider/doubt/doubt2.png\n'}
[1391.840235] (xgo_motion) StdoutLine: {'line': b'-- Installing: /home/sunrise/xgo_demo/src/install/xgo_motion/share/xgo_motion/expression/rider/doubt/doubt9.png\n'}
[1391.842141] (xgo_motion) StdoutLine: {'line': b'-- Installing: /home/sunrise/xgo_demo/src/install/xgo_motion/share/xgo_motion/expression/rider/doubt/doubt42.png\n'}
[1391.843740] (xgo_motion) StdoutLine: {'line': b'-- Installing: /home/sunrise/xgo_demo/src/install/xgo_motion/share/xgo_motion/expression/rider/doubt/doubt32.png\n'}
[1391.846853] (xgo_motion) StdoutLine: {'line': b'-- Installing: /home/sunrise/xgo_demo/src/install/xgo_motion/share/xgo_motion/expression/rider/doubt/doubt46.png\n'}
[1391.849126] (xgo_motion) StdoutLine: {'line': b'-- Installing: /home/sunrise/xgo_demo/src/install/xgo_motion/share/xgo_motion/expression/rider/doubt/doubt57.png\n'}
[1391.851512] (xgo_motion) StdoutLine: {'line': b'-- Installing: /home/sunrise/xgo_demo/src/install/xgo_motion/share/xgo_motion/expression/rider/doubt/doubt22.png\n'}
[1391.853840] (xgo_motion) StdoutLine: {'line': b'-- Installing: /home/sunrise/xgo_demo/src/install/xgo_motion/share/xgo_motion/expression/rider/doubt/doubt12.png\n'}
[1391.855815] (xgo_motion) StdoutLine: {'line': b'-- Installing: /home/sunrise/xgo_demo/src/install/xgo_motion/share/xgo_motion/expression/rider/doubt/doubt18.png\n'}
[1391.857470] (xgo_motion) StdoutLine: {'line': b'-- Installing: /home/sunrise/xgo_demo/src/install/xgo_motion/share/xgo_motion/expression/rider/doubt/doubt60.png\n'}
[1391.859358] (xgo_motion) StdoutLine: {'line': b'-- Installing: /home/sunrise/xgo_demo/src/install/xgo_motion/share/xgo_motion/expression/rider/doubt/doubt16.png\n'}
[1391.861297] (xgo_motion) StdoutLine: {'line': b'-- Installing: /home/sunrise/xgo_demo/src/install/xgo_motion/share/xgo_motion/expression/rider/doubt/doubt52.png\n'}
[1391.863089] (xgo_motion) StdoutLine: {'line': b'-- Installing: /home/sunrise/xgo_demo/src/install/xgo_motion/share/xgo_motion/expression/rider/doubt/doubt13.png\n'}
[1391.865472] (xgo_motion) StdoutLine: {'line': b'-- Installing: /home/sunrise/xgo_demo/src/install/xgo_motion/share/xgo_motion/expression/rider/doubt/doubt53.png\n'}
[1391.867304] (xgo_motion) StdoutLine: {'line': b'-- Installing: /home/sunrise/xgo_demo/src/install/xgo_motion/share/xgo_motion/expression/rider/doubt/doubt33.png\n'}
[1391.868704] (xgo_motion) StdoutLine: {'line': b'-- Installing: /home/sunrise/xgo_demo/src/install/xgo_motion/share/xgo_motion/expression/rider/doubt/doubt5.png\n'}
[1391.871121] (xgo_motion) StdoutLine: {'line': b'-- Installing: /home/sunrise/xgo_demo/src/install/xgo_motion/share/xgo_motion/expression/rider/doubt/doubt4.png\n'}
[1391.872903] (xgo_motion) StdoutLine: {'line': b'-- Installing: /home/sunrise/xgo_demo/src/install/xgo_motion/share/xgo_motion/expression/rider/doubt/doubt63.png\n'}
[1391.873807] (-) TimerEvent: {}
[1391.874967] (xgo_motion) StdoutLine: {'line': b'-- Installing: /home/sunrise/xgo_demo/src/install/xgo_motion/share/xgo_motion/expression/rider/doubt/doubt21.png\n'}
[1391.876584] (xgo_motion) StdoutLine: {'line': b'-- Installing: /home/sunrise/xgo_demo/src/install/xgo_motion/share/xgo_motion/expression/rider/doubt/doubt61.png\n'}
[1391.878253] (xgo_motion) StdoutLine: {'line': b'-- Installing: /home/sunrise/xgo_demo/src/install/xgo_motion/share/xgo_motion/expression/rider/doubt/doubt55.png\n'}
[1391.879778] (xgo_motion) StdoutLine: {'line': b'-- Installing: /home/sunrise/xgo_demo/src/install/xgo_motion/share/xgo_motion/expression/rider/doubt/doubt26.png\n'}
[1391.881746] (xgo_motion) StdoutLine: {'line': b'-- Installing: /home/sunrise/xgo_demo/src/install/xgo_motion/share/xgo_motion/expression/rider/doubt/doubt30.png\n'}
[1391.883523] (xgo_motion) StdoutLine: {'line': b'-- Installing: /home/sunrise/xgo_demo/src/install/xgo_motion/share/xgo_motion/expression/rider/doubt/doubt64.png\n'}
[1391.885012] (xgo_motion) StdoutLine: {'line': b'-- Installing: /home/sunrise/xgo_demo/src/install/xgo_motion/share/xgo_motion/expression/rider/doubt/doubt34.png\n'}
[1391.886546] (xgo_motion) StdoutLine: {'line': b'-- Installing: /home/sunrise/xgo_demo/src/install/xgo_motion/share/xgo_motion/expression/rider/doubt/doubt54.png\n'}
[1391.888404] (xgo_motion) StdoutLine: {'line': b'-- Installing: /home/sunrise/xgo_demo/src/install/xgo_motion/share/xgo_motion/expression/rider/doubt/doubt35.png\n'}
[1391.890046] (xgo_motion) StdoutLine: {'line': b'-- Installing: /home/sunrise/xgo_demo/src/install/xgo_motion/share/xgo_motion/expression/rider/doubt/doubt14.png\n'}
[1391.892141] (xgo_motion) StdoutLine: {'line': b'-- Installing: /home/sunrise/xgo_demo/src/install/xgo_motion/share/xgo_motion/expression/rider/doubt/doubt37.png\n'}
[1391.893781] (xgo_motion) StdoutLine: {'line': b'-- Installing: /home/sunrise/xgo_demo/src/install/xgo_motion/share/xgo_motion/expression/rider/doubt/doubt38.png\n'}
[1391.895613] (xgo_motion) StdoutLine: {'line': b'-- Installing: /home/sunrise/xgo_demo/src/install/xgo_motion/share/xgo_motion/expression/rider/doubt/doubt43.png\n'}
[1391.897984] (xgo_motion) StdoutLine: {'line': b'-- Installing: /home/sunrise/xgo_demo/src/install/xgo_motion/share/xgo_motion/expression/rider/doubt/doubt29.png\n'}
[1391.899920] (xgo_motion) StdoutLine: {'line': b'-- Installing: /home/sunrise/xgo_demo/src/install/xgo_motion/share/xgo_motion/expression/rider/doubt/doubt11.png\n'}
[1391.902369] (xgo_motion) StdoutLine: {'line': b'-- Installing: /home/sunrise/xgo_demo/src/install/xgo_motion/share/xgo_motion/expression/rider/sleep\n'}
[1391.904417] (xgo_motion) StdoutLine: {'line': b'-- Installing: /home/sunrise/xgo_demo/src/install/xgo_motion/share/xgo_motion/expression/rider/sleep/sleep63.png\n'}
[1391.906426] (xgo_motion) StdoutLine: {'line': b'-- Installing: /home/sunrise/xgo_demo/src/install/xgo_motion/share/xgo_motion/expression/rider/sleep/sleep49.png\n'}
[1391.907932] (xgo_motion) StdoutLine: {'line': b'-- Installing: /home/sunrise/xgo_demo/src/install/xgo_motion/share/xgo_motion/expression/rider/sleep/sleep58.png\n'}
[1391.909532] (xgo_motion) StdoutLine: {'line': b'-- Installing: /home/sunrise/xgo_demo/src/install/xgo_motion/share/xgo_motion/expression/rider/sleep/sleep52.png\n'}
[1391.911128] (xgo_motion) StdoutLine: {'line': b'-- Installing: /home/sunrise/xgo_demo/src/install/xgo_motion/share/xgo_motion/expression/rider/sleep/sleep23.png\n'}
[1391.913029] (xgo_motion) StdoutLine: {'line': b'-- Installing: /home/sunrise/xgo_demo/src/install/xgo_motion/share/xgo_motion/expression/rider/sleep/sleep79.png\n'}
[1391.914462] (xgo_motion) StdoutLine: {'line': b'-- Installing: /home/sunrise/xgo_demo/src/install/xgo_motion/share/xgo_motion/expression/rider/sleep/sleep86.png\n'}
[1391.916667] (xgo_motion) StdoutLine: {'line': b'-- Installing: /home/sunrise/xgo_demo/src/install/xgo_motion/share/xgo_motion/expression/rider/sleep/sleep3.png\n'}
[1391.918069] (xgo_motion) StdoutLine: {'line': b'-- Installing: /home/sunrise/xgo_demo/src/install/xgo_motion/share/xgo_motion/expression/rider/sleep/sleep20.png\n'}
[1391.919374] (xgo_motion) StdoutLine: {'line': b'-- Installing: /home/sunrise/xgo_demo/src/install/xgo_motion/share/xgo_motion/expression/rider/sleep/sleep91.png\n'}
[1391.920653] (xgo_motion) StdoutLine: {'line': b'-- Installing: /home/sunrise/xgo_demo/src/install/xgo_motion/share/xgo_motion/expression/rider/sleep/sleep84.png\n'}
[1391.921998] (xgo_motion) StdoutLine: {'line': b'-- Installing: /home/sunrise/xgo_demo/src/install/xgo_motion/share/xgo_motion/expression/rider/sleep/sleep71.png\n'}
[1391.923292] (xgo_motion) StdoutLine: {'line': b'-- Installing: /home/sunrise/xgo_demo/src/install/xgo_motion/share/xgo_motion/expression/rider/sleep/sleep42.png\n'}
[1391.924562] (xgo_motion) StdoutLine: {'line': b'-- Installing: /home/sunrise/xgo_demo/src/install/xgo_motion/share/xgo_motion/expression/rider/sleep/sleep74.png\n'}
[1391.926328] (xgo_motion) StdoutLine: {'line': b'-- Installing: /home/sunrise/xgo_demo/src/install/xgo_motion/share/xgo_motion/expression/rider/sleep/sleep70.png\n'}
[1391.927818] (xgo_motion) StdoutLine: {'line': b'-- Installing: /home/sunrise/xgo_demo/src/install/xgo_motion/share/xgo_motion/expression/rider/sleep/sleep16.png\n'}
[1391.929225] (xgo_motion) StdoutLine: {'line': b'-- Installing: /home/sunrise/xgo_demo/src/install/xgo_motion/share/xgo_motion/expression/rider/sleep/sleep47.png\n'}
[1391.930732] (xgo_motion) StdoutLine: {'line': b'-- Installing: /home/sunrise/xgo_demo/src/install/xgo_motion/share/xgo_motion/expression/rider/sleep/sleep15.png\n'}
[1391.932142] (xgo_motion) StdoutLine: {'line': b'-- Installing: /home/sunrise/xgo_demo/src/install/xgo_motion/share/xgo_motion/expression/rider/sleep/sleep72.png\n'}
[1391.933560] (xgo_motion) StdoutLine: {'line': b'-- Installing: /home/sunrise/xgo_demo/src/install/xgo_motion/share/xgo_motion/expression/rider/sleep/sleep29.png\n'}
[1391.935344] (xgo_motion) StdoutLine: {'line': b'-- Installing: /home/sunrise/xgo_demo/src/install/xgo_motion/share/xgo_motion/expression/rider/sleep/sleep88.png\n'}
[1391.937634] (xgo_motion) StdoutLine: {'line': b'-- Installing: /home/sunrise/xgo_demo/src/install/xgo_motion/share/xgo_motion/expression/rider/sleep/sleep43.png\n'}
[1391.942095] (xgo_motion) StdoutLine: {'line': b'-- Installing: /home/sunrise/xgo_demo/src/install/xgo_motion/share/xgo_motion/expression/rider/sleep/sleep28.png\n'}
[1391.943453] (xgo_motion) StdoutLine: {'line': b'-- Installing: /home/sunrise/xgo_demo/src/install/xgo_motion/share/xgo_motion/expression/rider/sleep/sleep61.png\n'}
[1391.944493] (xgo_motion) StdoutLine: {'line': b'-- Installing: /home/sunrise/xgo_demo/src/install/xgo_motion/share/xgo_motion/expression/rider/sleep/sleep26.png\n'}
[1391.945214] (xgo_motion) StdoutLine: {'line': b'-- Installing: /home/sunrise/xgo_demo/src/install/xgo_motion/share/xgo_motion/expression/rider/sleep/sleep94.png\n'}
[1391.946594] (xgo_motion) StdoutLine: {'line': b'-- Installing: /home/sunrise/xgo_demo/src/install/xgo_motion/share/xgo_motion/expression/rider/sleep/sleep78.png\n'}
[1391.947609] (xgo_motion) StdoutLine: {'line': b'-- Installing: /home/sunrise/xgo_demo/src/install/xgo_motion/share/xgo_motion/expression/rider/sleep/sleep31.png\n'}
[1391.948412] (xgo_motion) StdoutLine: {'line': b'-- Installing: /home/sunrise/xgo_demo/src/install/xgo_motion/share/xgo_motion/expression/rider/sleep/sleep66.png\n'}
[1391.949634] (xgo_motion) StdoutLine: {'line': b'-- Installing: /home/sunrise/xgo_demo/src/install/xgo_motion/share/xgo_motion/expression/rider/sleep/sleep36.png\n'}
[1391.950690] (xgo_motion) StdoutLine: {'line': b'-- Installing: /home/sunrise/xgo_demo/src/install/xgo_motion/share/xgo_motion/expression/rider/sleep/sleep8.png\n'}
[1391.952221] (xgo_motion) StdoutLine: {'line': b'-- Installing: /home/sunrise/xgo_demo/src/install/xgo_motion/share/xgo_motion/expression/rider/sleep/sleep62.png\n'}
[1391.953750] (xgo_motion) StdoutLine: {'line': b'-- Installing: /home/sunrise/xgo_demo/src/install/xgo_motion/share/xgo_motion/expression/rider/sleep/sleep24.png\n'}
[1391.955277] (xgo_motion) StdoutLine: {'line': b'-- Installing: /home/sunrise/xgo_demo/src/install/xgo_motion/share/xgo_motion/expression/rider/sleep/sleep14.png\n'}
[1391.956850] (xgo_motion) StdoutLine: {'line': b'-- Installing: /home/sunrise/xgo_demo/src/install/xgo_motion/share/xgo_motion/expression/rider/sleep/sleep19.png\n'}
[1391.958342] (xgo_motion) StdoutLine: {'line': b'-- Installing: /home/sunrise/xgo_demo/src/install/xgo_motion/share/xgo_motion/expression/rider/sleep/sleep41.png\n'}
[1391.959838] (xgo_motion) StdoutLine: {'line': b'-- Installing: /home/sunrise/xgo_demo/src/install/xgo_motion/share/xgo_motion/expression/rider/sleep/sleep89.png\n'}
[1391.961395] (xgo_motion) StdoutLine: {'line': b'-- Installing: /home/sunrise/xgo_demo/src/install/xgo_motion/share/xgo_motion/expression/rider/sleep/sleep87.png\n'}
[1391.963082] (xgo_motion) StdoutLine: {'line': b'-- Installing: /home/sunrise/xgo_demo/src/install/xgo_motion/share/xgo_motion/expression/rider/sleep/sleep11.png\n'}
[1391.964568] (xgo_motion) StdoutLine: {'line': b'-- Installing: /home/sunrise/xgo_demo/src/install/xgo_motion/share/xgo_motion/expression/rider/sleep/sleep73.png\n'}
[1391.966448] (xgo_motion) StdoutLine: {'line': b'-- Installing: /home/sunrise/xgo_demo/src/install/xgo_motion/share/xgo_motion/expression/rider/sleep/sleep51.png\n'}
[1391.967834] (xgo_motion) StdoutLine: {'line': b'-- Installing: /home/sunrise/xgo_demo/src/install/xgo_motion/share/xgo_motion/expression/rider/sleep/sleep1.png\n'}
[1391.969191] (xgo_motion) StdoutLine: {'line': b'-- Installing: /home/sunrise/xgo_demo/src/install/xgo_motion/share/xgo_motion/expression/rider/sleep/sleep17.png\n'}
[1391.970649] (xgo_motion) StdoutLine: {'line': b'-- Installing: /home/sunrise/xgo_demo/src/install/xgo_motion/share/xgo_motion/expression/rider/sleep/sleep69.png\n'}
[1391.972049] (xgo_motion) StdoutLine: {'line': b'-- Installing: /home/sunrise/xgo_demo/src/install/xgo_motion/share/xgo_motion/expression/rider/sleep/sleep76.png\n'}
[1391.973388] (xgo_motion) StdoutLine: {'line': b'-- Installing: /home/sunrise/xgo_demo/src/install/xgo_motion/share/xgo_motion/expression/rider/sleep/sleep33.png\n'}
[1391.974541] (-) TimerEvent: {}
[1391.975754] (xgo_motion) StdoutLine: {'line': b'-- Installing: /home/sunrise/xgo_demo/src/install/xgo_motion/share/xgo_motion/expression/rider/sleep/sleep9.png\n'}
[1391.977214] (xgo_motion) StdoutLine: {'line': b'-- Installing: /home/sunrise/xgo_demo/src/install/xgo_motion/share/xgo_motion/expression/rider/sleep/sleep44.png\n'}
[1391.978749] (xgo_motion) StdoutLine: {'line': b'-- Installing: /home/sunrise/xgo_demo/src/install/xgo_motion/share/xgo_motion/expression/rider/sleep/sleep56.png\n'}
[1391.980460] (xgo_motion) StdoutLine: {'line': b'-- Installing: /home/sunrise/xgo_demo/src/install/xgo_motion/share/xgo_motion/expression/rider/sleep/sleep5.png\n'}
[1391.981662] (xgo_motion) StdoutLine: {'line': b'-- Installing: /home/sunrise/xgo_demo/src/install/xgo_motion/share/xgo_motion/expression/rider/sleep/sleep59.png\n'}
[1391.982909] (xgo_motion) StdoutLine: {'line': b'-- Installing: /home/sunrise/xgo_demo/src/install/xgo_motion/share/xgo_motion/expression/rider/sleep/sleep93.png\n'}
[1391.984843] (xgo_motion) StdoutLine: {'line': b'-- Installing: /home/sunrise/xgo_demo/src/install/xgo_motion/share/xgo_motion/expression/rider/sleep/sleep38.png\n'}
[1391.986665] (xgo_motion) StdoutLine: {'line': b'-- Installing: /home/sunrise/xgo_demo/src/install/xgo_motion/share/xgo_motion/expression/rider/sleep/sleep81.png\n'}
[1391.988089] (xgo_motion) StdoutLine: {'line': b'-- Installing: /home/sunrise/xgo_demo/src/install/xgo_motion/share/xgo_motion/expression/rider/sleep/sleep7.png\n'}
[1391.990287] (xgo_motion) StdoutLine: {'line': b'-- Installing: /home/sunrise/xgo_demo/src/install/xgo_motion/share/xgo_motion/expression/rider/sleep/sleep30.png\n'}
[1391.991970] (xgo_motion) StdoutLine: {'line': b'-- Installing: /home/sunrise/xgo_demo/src/install/xgo_motion/share/xgo_motion/expression/rider/sleep/sleep92.png\n'}
[1391.993359] (xgo_motion) StdoutLine: {'line': b'-- Installing: /home/sunrise/xgo_demo/src/install/xgo_motion/share/xgo_motion/expression/rider/sleep/sleep21.png\n'}
[1391.994830] (xgo_motion) StdoutLine: {'line': b'-- Installing: /home/sunrise/xgo_demo/src/install/xgo_motion/share/xgo_motion/expression/rider/sleep/sleep67.png\n'}
[1391.997050] (xgo_motion) StdoutLine: {'line': b'-- Installing: /home/sunrise/xgo_demo/src/install/xgo_motion/share/xgo_motion/expression/rider/sleep/sleep53.png\n'}
[1391.998256] (xgo_motion) StdoutLine: {'line': b'-- Installing: /home/sunrise/xgo_demo/src/install/xgo_motion/share/xgo_motion/expression/rider/sleep/sleep75.png\n'}
[1391.999410] (xgo_motion) StdoutLine: {'line': b'-- Installing: /home/sunrise/xgo_demo/src/install/xgo_motion/share/xgo_motion/expression/rider/sleep/sleep85.png\n'}
[1392.000811] (xgo_motion) StdoutLine: {'line': b'-- Installing: /home/sunrise/xgo_demo/src/install/xgo_motion/share/xgo_motion/expression/rider/sleep/sleep54.png\n'}
[1392.002464] (xgo_motion) StdoutLine: {'line': b'-- Installing: /home/sunrise/xgo_demo/src/install/xgo_motion/share/xgo_motion/expression/rider/sleep/sleep65.png\n'}
[1392.005558] (xgo_motion) StdoutLine: {'line': b'-- Installing: /home/sunrise/xgo_demo/src/install/xgo_motion/share/xgo_motion/expression/rider/sleep/sleep39.png\n'}
[1392.007207] (xgo_motion) StdoutLine: {'line': b'-- Installing: /home/sunrise/xgo_demo/src/install/xgo_motion/share/xgo_motion/expression/rider/sleep/sleep68.png\n'}
[1392.009142] (xgo_motion) StdoutLine: {'line': b'-- Installing: /home/sunrise/xgo_demo/src/install/xgo_motion/share/xgo_motion/expression/rider/sleep/sleep55.png\n'}
[1392.011911] (xgo_motion) StdoutLine: {'line': b'-- Installing: /home/sunrise/xgo_demo/src/install/xgo_motion/share/xgo_motion/expression/rider/sleep/sleep22.png\n'}
[1392.014677] (xgo_motion) StdoutLine: {'line': b'-- Installing: /home/sunrise/xgo_demo/src/install/xgo_motion/share/xgo_motion/expression/rider/sleep/sleep64.png\n'}
[1392.018920] (xgo_motion) StdoutLine: {'line': b'-- Installing: /home/sunrise/xgo_demo/src/install/xgo_motion/share/xgo_motion/expression/rider/sleep/sleep82.png\n'}
[1392.020748] (xgo_motion) StdoutLine: {'line': b'-- Installing: /home/sunrise/xgo_demo/src/install/xgo_motion/share/xgo_motion/expression/rider/sleep/sleep46.png\n'}
[1392.022461] (xgo_motion) StdoutLine: {'line': b'-- Installing: /home/sunrise/xgo_demo/src/install/xgo_motion/share/xgo_motion/expression/rider/sleep/sleep37.png\n'}
[1392.024667] (xgo_motion) StdoutLine: {'line': b'-- Installing: /home/sunrise/xgo_demo/src/install/xgo_motion/share/xgo_motion/expression/rider/sleep/sleep77.png\n'}
[1392.026999] (xgo_motion) StdoutLine: {'line': b'-- Installing: /home/sunrise/xgo_demo/src/install/xgo_motion/share/xgo_motion/expression/rider/sleep/sleep18.png\n'}
[1392.028549] (xgo_motion) StdoutLine: {'line': b'-- Installing: /home/sunrise/xgo_demo/src/install/xgo_motion/share/xgo_motion/expression/rider/sleep/sleep12.png\n'}
[1392.030284] (xgo_motion) StdoutLine: {'line': b'-- Installing: /home/sunrise/xgo_demo/src/install/xgo_motion/share/xgo_motion/expression/rider/sleep/sleep6.png\n'}
[1392.031895] (xgo_motion) StdoutLine: {'line': b'-- Installing: /home/sunrise/xgo_demo/src/install/xgo_motion/share/xgo_motion/expression/rider/sleep/sleep83.png\n'}
[1392.033975] (xgo_motion) StdoutLine: {'line': b'-- Installing: /home/sunrise/xgo_demo/src/install/xgo_motion/share/xgo_motion/expression/rider/sleep/sleep13.png\n'}
[1392.035859] (xgo_motion) StdoutLine: {'line': b'-- Installing: /home/sunrise/xgo_demo/src/install/xgo_motion/share/xgo_motion/expression/rider/sleep/sleep27.png\n'}
[1392.038159] (xgo_motion) StdoutLine: {'line': b'-- Installing: /home/sunrise/xgo_demo/src/install/xgo_motion/share/xgo_motion/expression/rider/sleep/sleep60.png\n'}
[1392.039767] (xgo_motion) StdoutLine: {'line': b'-- Installing: /home/sunrise/xgo_demo/src/install/xgo_motion/share/xgo_motion/expression/rider/sleep/sleep4.png\n'}
[1392.041410] (xgo_motion) StdoutLine: {'line': b'-- Installing: /home/sunrise/xgo_demo/src/install/xgo_motion/share/xgo_motion/expression/rider/sleep/sleep57.png\n'}
[1392.043445] (xgo_motion) StdoutLine: {'line': b'-- Installing: /home/sunrise/xgo_demo/src/install/xgo_motion/share/xgo_motion/expression/rider/sleep/sleep45.png\n'}
[1392.046196] (xgo_motion) StdoutLine: {'line': b'-- Installing: /home/sunrise/xgo_demo/src/install/xgo_motion/share/xgo_motion/expression/rider/sleep/sleep25.png\n'}
[1392.048451] (xgo_motion) StdoutLine: {'line': b'-- Installing: /home/sunrise/xgo_demo/src/install/xgo_motion/share/xgo_motion/expression/rider/sleep/sleep2.png\n'}
[1392.050054] (xgo_motion) StdoutLine: {'line': b'-- Installing: /home/sunrise/xgo_demo/src/install/xgo_motion/share/xgo_motion/expression/rider/sleep/sleep40.png\n'}
[1392.052136] (xgo_motion) StdoutLine: {'line': b'-- Installing: /home/sunrise/xgo_demo/src/install/xgo_motion/share/xgo_motion/expression/rider/sleep/sleep90.png\n'}
[1392.054770] (xgo_motion) StdoutLine: {'line': b'-- Installing: /home/sunrise/xgo_demo/src/install/xgo_motion/share/xgo_motion/expression/rider/sleep/sleep32.png\n'}
[1392.056303] (xgo_motion) StdoutLine: {'line': b'-- Installing: /home/sunrise/xgo_demo/src/install/xgo_motion/share/xgo_motion/expression/rider/sleep/sleep35.png\n'}
[1392.057802] (xgo_motion) StdoutLine: {'line': b'-- Installing: /home/sunrise/xgo_demo/src/install/xgo_motion/share/xgo_motion/expression/rider/sleep/sleep10.png\n'}
[1392.059772] (xgo_motion) StdoutLine: {'line': b'-- Installing: /home/sunrise/xgo_demo/src/install/xgo_motion/share/xgo_motion/expression/rider/sleep/sleep50.png\n'}
[1392.061502] (xgo_motion) StdoutLine: {'line': b'-- Installing: /home/sunrise/xgo_demo/src/install/xgo_motion/share/xgo_motion/expression/rider/sleep/sleep80.png\n'}
[1392.063812] (xgo_motion) StdoutLine: {'line': b'-- Installing: /home/sunrise/xgo_demo/src/install/xgo_motion/share/xgo_motion/expression/rider/sleep/sleep34.png\n'}
[1392.065819] (xgo_motion) StdoutLine: {'line': b'-- Installing: /home/sunrise/xgo_demo/src/install/xgo_motion/share/xgo_motion/expression/rider/sleep/sleep48.png\n'}
[1392.067471] (xgo_motion) StdoutLine: {'line': b'-- Installing: /home/sunrise/xgo_demo/src/install/xgo_motion/share/xgo_motion/expression/rider/grievance\n'}
[1392.068850] (xgo_motion) StdoutLine: {'line': b'-- Installing: /home/sunrise/xgo_demo/src/install/xgo_motion/share/xgo_motion/expression/rider/grievance/grievance35.png\n'}
[1392.071315] (xgo_motion) StdoutLine: {'line': b'-- Installing: /home/sunrise/xgo_demo/src/install/xgo_motion/share/xgo_motion/expression/rider/grievance/grievance5.png\n'}
[1392.073193] (xgo_motion) StdoutLine: {'line': b'-- Installing: /home/sunrise/xgo_demo/src/install/xgo_motion/share/xgo_motion/expression/rider/grievance/grievance37.png\n'}
[1392.074695] (-) TimerEvent: {}
[1392.075747] (xgo_motion) StdoutLine: {'line': b'-- Installing: /home/sunrise/xgo_demo/src/install/xgo_motion/share/xgo_motion/expression/rider/grievance/grievance57.png\n'}
[1392.079261] (xgo_motion) StdoutLine: {'line': b'-- Installing: /home/sunrise/xgo_demo/src/install/xgo_motion/share/xgo_motion/expression/rider/grievance/grievance4.png\n'}
[1392.080109] (xgo_motion) StdoutLine: {'line': b'-- Installing: /home/sunrise/xgo_demo/src/install/xgo_motion/share/xgo_motion/expression/rider/grievance/grievance51.png\n'}
[1392.081145] (xgo_motion) StdoutLine: {'line': b'-- Installing: /home/sunrise/xgo_demo/src/install/xgo_motion/share/xgo_motion/expression/rider/grievance/grievance18.png\n'}
[1392.082309] (xgo_motion) StdoutLine: {'line': b'-- Installing: /home/sunrise/xgo_demo/src/install/xgo_motion/share/xgo_motion/expression/rider/grievance/grievance17.png\n'}
[1392.084817] (xgo_motion) StdoutLine: {'line': b'-- Installing: /home/sunrise/xgo_demo/src/install/xgo_motion/share/xgo_motion/expression/rider/grievance/grievance42.png\n'}
[1392.086399] (xgo_motion) StdoutLine: {'line': b'-- Installing: /home/sunrise/xgo_demo/src/install/xgo_motion/share/xgo_motion/expression/rider/grievance/grievance72.png\n'}
[1392.088592] (xgo_motion) StdoutLine: {'line': b'-- Installing: /home/sunrise/xgo_demo/src/install/xgo_motion/share/xgo_motion/expression/rider/grievance/grievance43.png\n'}
[1392.090081] (xgo_motion) StdoutLine: {'line': b'-- Installing: /home/sunrise/xgo_demo/src/install/xgo_motion/share/xgo_motion/expression/rider/grievance/grievance20.png\n'}
[1392.092087] (xgo_motion) StdoutLine: {'line': b'-- Installing: /home/sunrise/xgo_demo/src/install/xgo_motion/share/xgo_motion/expression/rider/grievance/grievance11.png\n'}
[1392.093757] (xgo_motion) StdoutLine: {'line': b'-- Installing: /home/sunrise/xgo_demo/src/install/xgo_motion/share/xgo_motion/expression/rider/grievance/grievance14.png\n'}
[1392.095980] (xgo_motion) StdoutLine: {'line': b'-- Installing: /home/sunrise/xgo_demo/src/install/xgo_motion/share/xgo_motion/expression/rider/grievance/grievance54.png\n'}
[1392.098073] (xgo_motion) StdoutLine: {'line': b'-- Installing: /home/sunrise/xgo_demo/src/install/xgo_motion/share/xgo_motion/expression/rider/grievance/grievance40.png\n'}
[1392.099668] (xgo_motion) StdoutLine: {'line': b'-- Installing: /home/sunrise/xgo_demo/src/install/xgo_motion/share/xgo_motion/expression/rider/grievance/grievance70.png\n'}
[1392.101120] (xgo_motion) StdoutLine: {'line': b'-- Installing: /home/sunrise/xgo_demo/src/install/xgo_motion/share/xgo_motion/expression/rider/grievance/grievance63.png\n'}
[1392.102575] (xgo_motion) StdoutLine: {'line': b'-- Installing: /home/sunrise/xgo_demo/src/install/xgo_motion/share/xgo_motion/expression/rider/grievance/grievance48.png\n'}
[1392.104537] (xgo_motion) StdoutLine: {'line': b'-- Installing: /home/sunrise/xgo_demo/src/install/xgo_motion/share/xgo_motion/expression/rider/grievance/grievance39.png\n'}
[1392.106054] (xgo_motion) StdoutLine: {'line': b'-- Installing: /home/sunrise/xgo_demo/src/install/xgo_motion/share/xgo_motion/expression/rider/grievance/grievance60.png\n'}
[1392.107383] (xgo_motion) StdoutLine: {'line': b'-- Installing: /home/sunrise/xgo_demo/src/install/xgo_motion/share/xgo_motion/expression/rider/grievance/grievance15.png\n'}
[1392.109355] (xgo_motion) StdoutLine: {'line': b'-- Installing: /home/sunrise/xgo_demo/src/install/xgo_motion/share/xgo_motion/expression/rider/grievance/grievance71.png\n'}
[1392.110777] (xgo_motion) StdoutLine: {'line': b'-- Installing: /home/sunrise/xgo_demo/src/install/xgo_motion/share/xgo_motion/expression/rider/grievance/grievance61.png\n'}
[1392.114274] (xgo_motion) StdoutLine: {'line': b'-- Installing: /home/sunrise/xgo_demo/src/install/xgo_motion/share/xgo_motion/expression/rider/grievance/grievance47.png\n'}
[1392.115736] (xgo_motion) StdoutLine: {'line': b'-- Installing: /home/sunrise/xgo_demo/src/install/xgo_motion/share/xgo_motion/expression/rider/grievance/grievance34.png\n'}
[1392.118282] (xgo_motion) StdoutLine: {'line': b'-- Installing: /home/sunrise/xgo_demo/src/install/xgo_motion/share/xgo_motion/expression/rider/grievance/grievance55.png\n'}
[1392.119974] (xgo_motion) StdoutLine: {'line': b'-- Installing: /home/sunrise/xgo_demo/src/install/xgo_motion/share/xgo_motion/expression/rider/grievance/grievance56.png\n'}
[1392.121233] (xgo_motion) StdoutLine: {'line': b'-- Installing: /home/sunrise/xgo_demo/src/install/xgo_motion/share/xgo_motion/expression/rider/grievance/grievance67.png\n'}
[1392.122564] (xgo_motion) StdoutLine: {'line': b'-- Installing: /home/sunrise/xgo_demo/src/install/xgo_motion/share/xgo_motion/expression/rider/grievance/grievance3.png\n'}
[1392.126277] (xgo_motion) StdoutLine: {'line': b'-- Installing: /home/sunrise/xgo_demo/src/install/xgo_motion/share/xgo_motion/expression/rider/grievance/grievance25.png\n'}
[1392.127931] (xgo_motion) StdoutLine: {'line': b'-- Installing: /home/sunrise/xgo_demo/src/install/xgo_motion/share/xgo_motion/expression/rider/grievance/grievance33.png\n'}
[1392.130355] (xgo_motion) StdoutLine: {'line': b'-- Installing: /home/sunrise/xgo_demo/src/install/xgo_motion/share/xgo_motion/expression/rider/grievance/grievance13.png\n'}
[1392.131979] (xgo_motion) StdoutLine: {'line': b'-- Installing: /home/sunrise/xgo_demo/src/install/xgo_motion/share/xgo_motion/expression/rider/grievance/grievance52.png\n'}
[1392.133922] (xgo_motion) StdoutLine: {'line': b'-- Installing: /home/sunrise/xgo_demo/src/install/xgo_motion/share/xgo_motion/expression/rider/grievance/grievance2.png\n'}
[1392.135352] (xgo_motion) StdoutLine: {'line': b'-- Installing: /home/sunrise/xgo_demo/src/install/xgo_motion/share/xgo_motion/expression/rider/grievance/grievance53.png\n'}
[1392.137646] (xgo_motion) StdoutLine: {'line': b'-- Installing: /home/sunrise/xgo_demo/src/install/xgo_motion/share/xgo_motion/expression/rider/grievance/grievance41.png\n'}
[1392.138860] (xgo_motion) StdoutLine: {'line': b'-- Installing: /home/sunrise/xgo_demo/src/install/xgo_motion/share/xgo_motion/expression/rider/grievance/grievance28.png\n'}
[1392.141680] (xgo_motion) StdoutLine: {'line': b'-- Installing: /home/sunrise/xgo_demo/src/install/xgo_motion/share/xgo_motion/expression/rider/grievance/grievance10.png\n'}
[1392.142920] (xgo_motion) StdoutLine: {'line': b'-- Installing: /home/sunrise/xgo_demo/src/install/xgo_motion/share/xgo_motion/expression/rider/grievance/grievance49.png\n'}
[1392.145863] (xgo_motion) StdoutLine: {'line': b'-- Installing: /home/sunrise/xgo_demo/src/install/xgo_motion/share/xgo_motion/expression/rider/grievance/grievance69.png\n'}
[1392.146842] (xgo_motion) StdoutLine: {'line': b'-- Installing: /home/sunrise/xgo_demo/src/install/xgo_motion/share/xgo_motion/expression/rider/grievance/grievance32.png\n'}
[1392.149635] (xgo_motion) StdoutLine: {'line': b'-- Installing: /home/sunrise/xgo_demo/src/install/xgo_motion/share/xgo_motion/expression/rider/grievance/grievance9.png\n'}
[1392.150960] (xgo_motion) StdoutLine: {'line': b'-- Installing: /home/sunrise/xgo_demo/src/install/xgo_motion/share/xgo_motion/expression/rider/grievance/grievance36.png\n'}
[1392.152485] (xgo_motion) StdoutLine: {'line': b'-- Installing: /home/sunrise/xgo_demo/src/install/xgo_motion/share/xgo_motion/expression/rider/grievance/grievance31.png\n'}
[1392.154290] (xgo_motion) StdoutLine: {'line': b'-- Installing: /home/sunrise/xgo_demo/src/install/xgo_motion/share/xgo_motion/expression/rider/grievance/grievance50.png\n'}
[1392.155493] (xgo_motion) StdoutLine: {'line': b'-- Installing: /home/sunrise/xgo_demo/src/install/xgo_motion/share/xgo_motion/expression/rider/grievance/grievance30.png\n'}
[1392.157235] (xgo_motion) StdoutLine: {'line': b'-- Installing: /home/sunrise/xgo_demo/src/install/xgo_motion/share/xgo_motion/expression/rider/grievance/grievance62.png\n'}
[1392.158975] (xgo_motion) StdoutLine: {'line': b'-- Installing: /home/sunrise/xgo_demo/src/install/xgo_motion/share/xgo_motion/expression/rider/grievance/grievance64.png\n'}
[1392.161825] (xgo_motion) StdoutLine: {'line': b'-- Installing: /home/sunrise/xgo_demo/src/install/xgo_motion/share/xgo_motion/expression/rider/grievance/grievance7.png\n'}
[1392.163981] (xgo_motion) StdoutLine: {'line': b'-- Installing: /home/sunrise/xgo_demo/src/install/xgo_motion/share/xgo_motion/expression/rider/grievance/grievance65.png\n'}
[1392.166283] (xgo_motion) StdoutLine: {'line': b'-- Installing: /home/sunrise/xgo_demo/src/install/xgo_motion/share/xgo_motion/expression/rider/grievance/grievance21.png\n'}
[1392.167880] (xgo_motion) StdoutLine: {'line': b'-- Installing: /home/sunrise/xgo_demo/src/install/xgo_motion/share/xgo_motion/expression/rider/grievance/grievance29.png\n'}
[1392.170081] (xgo_motion) StdoutLine: {'line': b'-- Installing: /home/sunrise/xgo_demo/src/install/xgo_motion/share/xgo_motion/expression/rider/grievance/grievance44.png\n'}
[1392.172176] (xgo_motion) StdoutLine: {'line': b'-- Installing: /home/sunrise/xgo_demo/src/install/xgo_motion/share/xgo_motion/expression/rider/grievance/grievance27.png\n'}
[1392.173959] (xgo_motion) StdoutLine: {'line': b'-- Installing: /home/sunrise/xgo_demo/src/install/xgo_motion/share/xgo_motion/expression/rider/grievance/grievance24.png\n'}
[1392.174940] (-) TimerEvent: {}
[1392.175949] (xgo_motion) StdoutLine: {'line': b'-- Installing: /home/sunrise/xgo_demo/src/install/xgo_motion/share/xgo_motion/expression/rider/grievance/grievance16.png\n'}
[1392.176903] (xgo_motion) StdoutLine: {'line': b'-- Installing: /home/sunrise/xgo_demo/src/install/xgo_motion/share/xgo_motion/expression/rider/grievance/grievance66.png\n'}
[1392.178893] (xgo_motion) StdoutLine: {'line': b'-- Installing: /home/sunrise/xgo_demo/src/install/xgo_motion/share/xgo_motion/expression/rider/grievance/grievance59.png\n'}
[1392.180375] (xgo_motion) StdoutLine: {'line': b'-- Installing: /home/sunrise/xgo_demo/src/install/xgo_motion/share/xgo_motion/expression/rider/grievance/grievance22.png\n'}
[1392.182799] (xgo_motion) StdoutLine: {'line': b'-- Installing: /home/sunrise/xgo_demo/src/install/xgo_motion/share/xgo_motion/expression/rider/grievance/grievance45.png\n'}
[1392.184960] (xgo_motion) StdoutLine: {'line': b'-- Installing: /home/sunrise/xgo_demo/src/install/xgo_motion/share/xgo_motion/expression/rider/grievance/grievance68.png\n'}
[1392.187806] (xgo_motion) StdoutLine: {'line': b'-- Installing: /home/sunrise/xgo_demo/src/install/xgo_motion/share/xgo_motion/expression/rider/grievance/grievance38.png\n'}
[1392.189202] (xgo_motion) StdoutLine: {'line': b'-- Installing: /home/sunrise/xgo_demo/src/install/xgo_motion/share/xgo_motion/expression/rider/grievance/grievance19.png\n'}
[1392.190640] (xgo_motion) StdoutLine: {'line': b'-- Installing: /home/sunrise/xgo_demo/src/install/xgo_motion/share/xgo_motion/expression/rider/grievance/grievance23.png\n'}
[1392.192944] (xgo_motion) StdoutLine: {'line': b'-- Installing: /home/sunrise/xgo_demo/src/install/xgo_motion/share/xgo_motion/expression/rider/grievance/grievance46.png\n'}
[1392.194777] (xgo_motion) StdoutLine: {'line': b'-- Installing: /home/sunrise/xgo_demo/src/install/xgo_motion/share/xgo_motion/expression/rider/grievance/grievance58.png\n'}
[1392.196175] (xgo_motion) StdoutLine: {'line': b'-- Installing: /home/sunrise/xgo_demo/src/install/xgo_motion/share/xgo_motion/expression/rider/grievance/grievance12.png\n'}
[1392.200082] (xgo_motion) StdoutLine: {'line': b'-- Installing: /home/sunrise/xgo_demo/src/install/xgo_motion/share/xgo_motion/expression/rider/grievance/grievance26.png\n'}
[1392.201972] (xgo_motion) StdoutLine: {'line': b'-- Installing: /home/sunrise/xgo_demo/src/install/xgo_motion/share/xgo_motion/expression/rider/grievance/grievance8.png\n'}
[1392.204477] (xgo_motion) StdoutLine: {'line': b'-- Installing: /home/sunrise/xgo_demo/src/install/xgo_motion/share/xgo_motion/expression/rider/grievance/grievance6.png\n'}
[1392.205767] (xgo_motion) StdoutLine: {'line': b'-- Installing: /home/sunrise/xgo_demo/src/install/xgo_motion/share/xgo_motion/expression/rider/grievance/grievance1.png\n'}
[1392.207510] (xgo_motion) StdoutLine: {'line': b'-- Installing: /home/sunrise/xgo_demo/src/install/xgo_motion/share/xgo_motion/expression/rider/cute\n'}
[1392.208597] (xgo_motion) StdoutLine: {'line': b'-- Installing: /home/sunrise/xgo_demo/src/install/xgo_motion/share/xgo_motion/expression/rider/cute/cute20.png\n'}
[1392.210504] (xgo_motion) StdoutLine: {'line': b'-- Installing: /home/sunrise/xgo_demo/src/install/xgo_motion/share/xgo_motion/expression/rider/cute/cute67.png\n'}
[1392.212045] (xgo_motion) StdoutLine: {'line': b'-- Installing: /home/sunrise/xgo_demo/src/install/xgo_motion/share/xgo_motion/expression/rider/cute/cute41.png\n'}
[1392.213527] (xgo_motion) StdoutLine: {'line': b'-- Installing: /home/sunrise/xgo_demo/src/install/xgo_motion/share/xgo_motion/expression/rider/cute/cute49.png\n'}
[1392.215598] (xgo_motion) StdoutLine: {'line': b'-- Installing: /home/sunrise/xgo_demo/src/install/xgo_motion/share/xgo_motion/expression/rider/cute/cute5.png\n'}
[1392.217540] (xgo_motion) StdoutLine: {'line': b'-- Installing: /home/sunrise/xgo_demo/src/install/xgo_motion/share/xgo_motion/expression/rider/cute/cute35.png\n'}
[1392.219563] (xgo_motion) StdoutLine: {'line': b'-- Installing: /home/sunrise/xgo_demo/src/install/xgo_motion/share/xgo_motion/expression/rider/cute/cute42.png\n'}
[1392.222076] (xgo_motion) StdoutLine: {'line': b'-- Installing: /home/sunrise/xgo_demo/src/install/xgo_motion/share/xgo_motion/expression/rider/cute/cute21.png\n'}
[1392.225755] (xgo_motion) StdoutLine: {'line': b'-- Installing: /home/sunrise/xgo_demo/src/install/xgo_motion/share/xgo_motion/expression/rider/cute/cute33.png\n'}
[1392.227279] (xgo_motion) StdoutLine: {'line': b'-- Installing: /home/sunrise/xgo_demo/src/install/xgo_motion/share/xgo_motion/expression/rider/cute/cute73.png\n'}
[1392.228898] (xgo_motion) StdoutLine: {'line': b'-- Installing: /home/sunrise/xgo_demo/src/install/xgo_motion/share/xgo_motion/expression/rider/cute/cute8.png\n'}
[1392.230345] (xgo_motion) StdoutLine: {'line': b'-- Installing: /home/sunrise/xgo_demo/src/install/xgo_motion/share/xgo_motion/expression/rider/cute/cute34.png\n'}
[1392.232988] (xgo_motion) StdoutLine: {'line': b'-- Installing: /home/sunrise/xgo_demo/src/install/xgo_motion/share/xgo_motion/expression/rider/cute/cute66.png\n'}
[1392.234720] (xgo_motion) StdoutLine: {'line': b'-- Installing: /home/sunrise/xgo_demo/src/install/xgo_motion/share/xgo_motion/expression/rider/cute/cute75.png\n'}
[1392.236275] (xgo_motion) StdoutLine: {'line': b'-- Installing: /home/sunrise/xgo_demo/src/install/xgo_motion/share/xgo_motion/expression/rider/cute/cute14.png\n'}
[1392.238280] (xgo_motion) StdoutLine: {'line': b'-- Installing: /home/sunrise/xgo_demo/src/install/xgo_motion/share/xgo_motion/expression/rider/cute/cute9.png\n'}
[1392.240316] (xgo_motion) StdoutLine: {'line': b'-- Installing: /home/sunrise/xgo_demo/src/install/xgo_motion/share/xgo_motion/expression/rider/cute/cute12.png\n'}
[1392.243876] (xgo_motion) StdoutLine: {'line': b'-- Installing: /home/sunrise/xgo_demo/src/install/xgo_motion/share/xgo_motion/expression/rider/cute/cute43.png\n'}
[1392.245970] (xgo_motion) StdoutLine: {'line': b'-- Installing: /home/sunrise/xgo_demo/src/install/xgo_motion/share/xgo_motion/expression/rider/cute/cute56.png\n'}
[1392.247829] (xgo_motion) StdoutLine: {'line': b'-- Installing: /home/sunrise/xgo_demo/src/install/xgo_motion/share/xgo_motion/expression/rider/cute/cute58.png\n'}
[1392.249396] (xgo_motion) StdoutLine: {'line': b'-- Installing: /home/sunrise/xgo_demo/src/install/xgo_motion/share/xgo_motion/expression/rider/cute/cute36.png\n'}
[1392.251740] (xgo_motion) StdoutLine: {'line': b'-- Installing: /home/sunrise/xgo_demo/src/install/xgo_motion/share/xgo_motion/expression/rider/cute/cute59.png\n'}
[1392.254465] (xgo_motion) StdoutLine: {'line': b'-- Installing: /home/sunrise/xgo_demo/src/install/xgo_motion/share/xgo_motion/expression/rider/cute/cute18.png\n'}
[1392.256430] (xgo_motion) StdoutLine: {'line': b'-- Installing: /home/sunrise/xgo_demo/src/install/xgo_motion/share/xgo_motion/expression/rider/cute/cute31.png\n'}
[1392.258269] (xgo_motion) StdoutLine: {'line': b'-- Installing: /home/sunrise/xgo_demo/src/install/xgo_motion/share/xgo_motion/expression/rider/cute/cute38.png\n'}
[1392.260298] (xgo_motion) StdoutLine: {'line': b'-- Installing: /home/sunrise/xgo_demo/src/install/xgo_motion/share/xgo_motion/expression/rider/cute/cute28.png\n'}
[1392.261617] (xgo_motion) StdoutLine: {'line': b'-- Installing: /home/sunrise/xgo_demo/src/install/xgo_motion/share/xgo_motion/expression/rider/cute/cute48.png\n'}
[1392.263355] (xgo_motion) StdoutLine: {'line': b'-- Installing: /home/sunrise/xgo_demo/src/install/xgo_motion/share/xgo_motion/expression/rider/cute/cute30.png\n'}
[1392.265658] (xgo_motion) StdoutLine: {'line': b'-- Installing: /home/sunrise/xgo_demo/src/install/xgo_motion/share/xgo_motion/expression/rider/cute/cute4.png\n'}
[1392.267467] (xgo_motion) StdoutLine: {'line': b'-- Installing: /home/sunrise/xgo_demo/src/install/xgo_motion/share/xgo_motion/expression/rider/cute/cute1.png\n'}
[1392.269916] (xgo_motion) StdoutLine: {'line': b'-- Installing: /home/sunrise/xgo_demo/src/install/xgo_motion/share/xgo_motion/expression/rider/cute/cute57.png\n'}
[1392.271645] (xgo_motion) StdoutLine: {'line': b'-- Installing: /home/sunrise/xgo_demo/src/install/xgo_motion/share/xgo_motion/expression/rider/cute/cute64.png\n'}
[1392.273724] (xgo_motion) StdoutLine: {'line': b'-- Installing: /home/sunrise/xgo_demo/src/install/xgo_motion/share/xgo_motion/expression/rider/cute/cute13.png\n'}
[1392.275255] (-) TimerEvent: {}
[1392.276348] (xgo_motion) StdoutLine: {'line': b'-- Installing: /home/sunrise/xgo_demo/src/install/xgo_motion/share/xgo_motion/expression/rider/cute/cute22.png\n'}
[1392.277763] (xgo_motion) StdoutLine: {'line': b'-- Installing: /home/sunrise/xgo_demo/src/install/xgo_motion/share/xgo_motion/expression/rider/cute/cute52.png\n'}
[1392.278844] (xgo_motion) StdoutLine: {'line': b'-- Installing: /home/sunrise/xgo_demo/src/install/xgo_motion/share/xgo_motion/expression/rider/cute/cute71.png\n'}
[1392.281178] (xgo_motion) StdoutLine: {'line': b'-- Installing: /home/sunrise/xgo_demo/src/install/xgo_motion/share/xgo_motion/expression/rider/cute/cute37.png\n'}
[1392.282926] (xgo_motion) StdoutLine: {'line': b'-- Installing: /home/sunrise/xgo_demo/src/install/xgo_motion/share/xgo_motion/expression/rider/cute/cute3.png\n'}
[1392.284617] (xgo_motion) StdoutLine: {'line': b'-- Installing: /home/sunrise/xgo_demo/src/install/xgo_motion/share/xgo_motion/expression/rider/cute/cute10.png\n'}
[1392.286918] (xgo_motion) StdoutLine: {'line': b'-- Installing: /home/sunrise/xgo_demo/src/install/xgo_motion/share/xgo_motion/expression/rider/cute/cute17.png\n'}
[1392.288364] (xgo_motion) StdoutLine: {'line': b'-- Installing: /home/sunrise/xgo_demo/src/install/xgo_motion/share/xgo_motion/expression/rider/cute/cute23.png\n'}
[1392.290344] (xgo_motion) StdoutLine: {'line': b'-- Installing: /home/sunrise/xgo_demo/src/install/xgo_motion/share/xgo_motion/expression/rider/cute/cute39.png\n'}
[1392.293675] (xgo_motion) StdoutLine: {'line': b'-- Installing: /home/sunrise/xgo_demo/src/install/xgo_motion/share/xgo_motion/expression/rider/cute/cute65.png\n'}
[1392.294762] (xgo_motion) StdoutLine: {'line': b'-- Installing: /home/sunrise/xgo_demo/src/install/xgo_motion/share/xgo_motion/expression/rider/cute/cute62.png\n'}
[1392.295698] (xgo_motion) StdoutLine: {'line': b'-- Installing: /home/sunrise/xgo_demo/src/install/xgo_motion/share/xgo_motion/expression/rider/cute/cute46.png\n'}
[1392.297534] (xgo_motion) StdoutLine: {'line': b'-- Installing: /home/sunrise/xgo_demo/src/install/xgo_motion/share/xgo_motion/expression/rider/cute/cute2.png\n'}
[1392.299118] (xgo_motion) StdoutLine: {'line': b'-- Installing: /home/sunrise/xgo_demo/src/install/xgo_motion/share/xgo_motion/expression/rider/cute/cute54.png\n'}
[1392.301587] (xgo_motion) StdoutLine: {'line': b'-- Installing: /home/sunrise/xgo_demo/src/install/xgo_motion/share/xgo_motion/expression/rider/cute/cute68.png\n'}
[1392.304423] (xgo_motion) StdoutLine: {'line': b'-- Installing: /home/sunrise/xgo_demo/src/install/xgo_motion/share/xgo_motion/expression/rider/cute/cute60.png\n'}
[1392.306886] (xgo_motion) StdoutLine: {'line': b'-- Installing: /home/sunrise/xgo_demo/src/install/xgo_motion/share/xgo_motion/expression/rider/cute/cute11.png\n'}
[1392.309349] (xgo_motion) StdoutLine: {'line': b'-- Installing: /home/sunrise/xgo_demo/src/install/xgo_motion/share/xgo_motion/expression/rider/cute/cute51.png\n'}
[1392.311715] (xgo_motion) StdoutLine: {'line': b'-- Installing: /home/sunrise/xgo_demo/src/install/xgo_motion/share/xgo_motion/expression/rider/cute/cute55.png\n'}
[1392.313503] (xgo_motion) StdoutLine: {'line': b'-- Installing: /home/sunrise/xgo_demo/src/install/xgo_motion/share/xgo_motion/expression/rider/cute/cute25.png\n'}
[1392.315852] (xgo_motion) StdoutLine: {'line': b'-- Installing: /home/sunrise/xgo_demo/src/install/xgo_motion/share/xgo_motion/expression/rider/cute/cute72.png\n'}
[1392.317831] (xgo_motion) StdoutLine: {'line': b'-- Installing: /home/sunrise/xgo_demo/src/install/xgo_motion/share/xgo_motion/expression/rider/cute/cute7.png\n'}
[1392.319366] (xgo_motion) StdoutLine: {'line': b'-- Installing: /home/sunrise/xgo_demo/src/install/xgo_motion/share/xgo_motion/expression/rider/cute/cute45.png\n'}
[1392.321835] (xgo_motion) StdoutLine: {'line': b'-- Installing: /home/sunrise/xgo_demo/src/install/xgo_motion/share/xgo_motion/expression/rider/cute/cute76.png\n'}
[1392.323273] (xgo_motion) StdoutLine: {'line': b'-- Installing: /home/sunrise/xgo_demo/src/install/xgo_motion/share/xgo_motion/expression/rider/cute/cute16.png\n'}
[1392.325527] (xgo_motion) StdoutLine: {'line': b'-- Installing: /home/sunrise/xgo_demo/src/install/xgo_motion/share/xgo_motion/expression/rider/cute/cute26.png\n'}
[1392.327022] (xgo_motion) StdoutLine: {'line': b'-- Installing: /home/sunrise/xgo_demo/src/install/xgo_motion/share/xgo_motion/expression/rider/cute/cute19.png\n'}
[1392.329534] (xgo_motion) StdoutLine: {'line': b'-- Installing: /home/sunrise/xgo_demo/src/install/xgo_motion/share/xgo_motion/expression/rider/cute/cute70.png\n'}
[1392.331565] (xgo_motion) StdoutLine: {'line': b'-- Installing: /home/sunrise/xgo_demo/src/install/xgo_motion/share/xgo_motion/expression/rider/cute/cute61.png\n'}
[1392.333816] (xgo_motion) StdoutLine: {'line': b'-- Installing: /home/sunrise/xgo_demo/src/install/xgo_motion/share/xgo_motion/expression/rider/cute/cute15.png\n'}
[1392.335795] (xgo_motion) StdoutLine: {'line': b'-- Installing: /home/sunrise/xgo_demo/src/install/xgo_motion/share/xgo_motion/expression/rider/cute/cute63.png\n'}
[1392.337772] (xgo_motion) StdoutLine: {'line': b'-- Installing: /home/sunrise/xgo_demo/src/install/xgo_motion/share/xgo_motion/expression/rider/cute/cute40.png\n'}
[1392.340314] (xgo_motion) StdoutLine: {'line': b'-- Installing: /home/sunrise/xgo_demo/src/install/xgo_motion/share/xgo_motion/expression/rider/cute/cute50.png\n'}
[1392.341924] (xgo_motion) StdoutLine: {'line': b'-- Installing: /home/sunrise/xgo_demo/src/install/xgo_motion/share/xgo_motion/expression/rider/cute/cute47.png\n'}
[1392.344413] (xgo_motion) StdoutLine: {'line': b'-- Installing: /home/sunrise/xgo_demo/src/install/xgo_motion/share/xgo_motion/expression/rider/cute/cute27.png\n'}
[1392.345517] (xgo_motion) StdoutLine: {'line': b'-- Installing: /home/sunrise/xgo_demo/src/install/xgo_motion/share/xgo_motion/expression/rider/cute/cute29.png\n'}
[1392.347917] (xgo_motion) StdoutLine: {'line': b'-- Installing: /home/sunrise/xgo_demo/src/install/xgo_motion/share/xgo_motion/expression/rider/cute/cute74.png\n'}
[1392.349766] (xgo_motion) StdoutLine: {'line': b'-- Installing: /home/sunrise/xgo_demo/src/install/xgo_motion/share/xgo_motion/expression/rider/cute/cute24.png\n'}
[1392.352192] (xgo_motion) StdoutLine: {'line': b'-- Installing: /home/sunrise/xgo_demo/src/install/xgo_motion/share/xgo_motion/expression/rider/cute/cute44.png\n'}
[1392.353899] (xgo_motion) StdoutLine: {'line': b'-- Installing: /home/sunrise/xgo_demo/src/install/xgo_motion/share/xgo_motion/expression/rider/cute/cute53.png\n'}
[1392.356000] (xgo_motion) StdoutLine: {'line': b'-- Installing: /home/sunrise/xgo_demo/src/install/xgo_motion/share/xgo_motion/expression/rider/cute/cute69.png\n'}
[1392.357362] (xgo_motion) StdoutLine: {'line': b'-- Installing: /home/sunrise/xgo_demo/src/install/xgo_motion/share/xgo_motion/expression/rider/cute/cute32.png\n'}
[1392.359660] (xgo_motion) StdoutLine: {'line': b'-- Installing: /home/sunrise/xgo_demo/src/install/xgo_motion/share/xgo_motion/expression/rider/cute/cute6.png\n'}
[1392.361351] (xgo_motion) StdoutLine: {'line': b'-- Installing: /home/sunrise/xgo_demo/src/install/xgo_motion/share/xgo_motion/expression/rider/vertigo\n'}
[1392.362666] (xgo_motion) StdoutLine: {'line': b'-- Installing: /home/sunrise/xgo_demo/src/install/xgo_motion/share/xgo_motion/expression/rider/vertigo/vertigo56.png\n'}
[1392.365556] (xgo_motion) StdoutLine: {'line': b'-- Installing: /home/sunrise/xgo_demo/src/install/xgo_motion/share/xgo_motion/expression/rider/vertigo/vertigo29.png\n'}
[1392.368278] (xgo_motion) StdoutLine: {'line': b'-- Installing: /home/sunrise/xgo_demo/src/install/xgo_motion/share/xgo_motion/expression/rider/vertigo/vertigo12.png\n'}
[1392.371317] (xgo_motion) StdoutLine: {'line': b'-- Installing: /home/sunrise/xgo_demo/src/install/xgo_motion/share/xgo_motion/expression/rider/vertigo/vertigo8.png\n'}
[1392.373776] (xgo_motion) StdoutLine: {'line': b'-- Installing: /home/sunrise/xgo_demo/src/install/xgo_motion/share/xgo_motion/expression/rider/vertigo/vertigo15.png\n'}
[1392.375370] (-) TimerEvent: {}
[1392.377277] (xgo_motion) StdoutLine: {'line': b'-- Installing: /home/sunrise/xgo_demo/src/install/xgo_motion/share/xgo_motion/expression/rider/vertigo/vertigo41.png\n'}
[1392.380067] (xgo_motion) StdoutLine: {'line': b'-- Installing: /home/sunrise/xgo_demo/src/install/xgo_motion/share/xgo_motion/expression/rider/vertigo/vertigo14.png\n'}
[1392.383353] (xgo_motion) StdoutLine: {'line': b'-- Installing: /home/sunrise/xgo_demo/src/install/xgo_motion/share/xgo_motion/expression/rider/vertigo/vertigo10.png\n'}
[1392.386594] (xgo_motion) StdoutLine: {'line': b'-- Installing: /home/sunrise/xgo_demo/src/install/xgo_motion/share/xgo_motion/expression/rider/vertigo/vertigo32.png\n'}
[1392.389860] (xgo_motion) StdoutLine: {'line': b'-- Installing: /home/sunrise/xgo_demo/src/install/xgo_motion/share/xgo_motion/expression/rider/vertigo/vertigo51.png\n'}
[1392.393233] (xgo_motion) StdoutLine: {'line': b'-- Installing: /home/sunrise/xgo_demo/src/install/xgo_motion/share/xgo_motion/expression/rider/vertigo/vertigo2.png\n'}
[1392.395809] (xgo_motion) StdoutLine: {'line': b'-- Installing: /home/sunrise/xgo_demo/src/install/xgo_motion/share/xgo_motion/expression/rider/vertigo/vertigo19.png\n'}
[1392.398916] (xgo_motion) StdoutLine: {'line': b'-- Installing: /home/sunrise/xgo_demo/src/install/xgo_motion/share/xgo_motion/expression/rider/vertigo/vertigo53.png\n'}
[1392.403562] (xgo_motion) StdoutLine: {'line': b'-- Installing: /home/sunrise/xgo_demo/src/install/xgo_motion/share/xgo_motion/expression/rider/vertigo/vertigo16.png\n'}
[1392.407963] (xgo_motion) StdoutLine: {'line': b'-- Installing: /home/sunrise/xgo_demo/src/install/xgo_motion/share/xgo_motion/expression/rider/vertigo/vertigo18.png\n'}
[1392.410299] (xgo_motion) StdoutLine: {'line': b'-- Installing: /home/sunrise/xgo_demo/src/install/xgo_motion/share/xgo_motion/expression/rider/vertigo/vertigo6.png\n'}
[1392.413227] (xgo_motion) StdoutLine: {'line': b'-- Installing: /home/sunrise/xgo_demo/src/install/xgo_motion/share/xgo_motion/expression/rider/vertigo/vertigo26.png\n'}
[1392.416797] (xgo_motion) StdoutLine: {'line': b'-- Installing: /home/sunrise/xgo_demo/src/install/xgo_motion/share/xgo_motion/expression/rider/vertigo/vertigo23.png\n'}
[1392.419623] (xgo_motion) StdoutLine: {'line': b'-- Installing: /home/sunrise/xgo_demo/src/install/xgo_motion/share/xgo_motion/expression/rider/vertigo/vertigo20.png\n'}
[1392.423345] (xgo_motion) StdoutLine: {'line': b'-- Installing: /home/sunrise/xgo_demo/src/install/xgo_motion/share/xgo_motion/expression/rider/vertigo/vertigo34.png\n'}
[1392.427116] (xgo_motion) StdoutLine: {'line': b'-- Installing: /home/sunrise/xgo_demo/src/install/xgo_motion/share/xgo_motion/expression/rider/vertigo/vertigo11.png\n'}
[1392.430945] (xgo_motion) StdoutLine: {'line': b'-- Installing: /home/sunrise/xgo_demo/src/install/xgo_motion/share/xgo_motion/expression/rider/vertigo/vertigo27.png\n'}
[1392.434290] (xgo_motion) StdoutLine: {'line': b'-- Installing: /home/sunrise/xgo_demo/src/install/xgo_motion/share/xgo_motion/expression/rider/vertigo/vertigo48.png\n'}
[1392.436843] (xgo_motion) StdoutLine: {'line': b'-- Installing: /home/sunrise/xgo_demo/src/install/xgo_motion/share/xgo_motion/expression/rider/vertigo/vertigo37.png\n'}
[1392.440472] (xgo_motion) StdoutLine: {'line': b'-- Installing: /home/sunrise/xgo_demo/src/install/xgo_motion/share/xgo_motion/expression/rider/vertigo/vertigo24.png\n'}
[1392.444159] (xgo_motion) StdoutLine: {'line': b'-- Installing: /home/sunrise/xgo_demo/src/install/xgo_motion/share/xgo_motion/expression/rider/vertigo/vertigo43.png\n'}
[1392.447451] (xgo_motion) StdoutLine: {'line': b'-- Installing: /home/sunrise/xgo_demo/src/install/xgo_motion/share/xgo_motion/expression/rider/vertigo/vertigo38.png\n'}
[1392.450393] (xgo_motion) StdoutLine: {'line': b'-- Installing: /home/sunrise/xgo_demo/src/install/xgo_motion/share/xgo_motion/expression/rider/vertigo/vertigo7.png\n'}
[1392.452298] (xgo_motion) StdoutLine: {'line': b'-- Installing: /home/sunrise/xgo_demo/src/install/xgo_motion/share/xgo_motion/expression/rider/vertigo/vertigo39.png\n'}
[1392.454426] (xgo_motion) StdoutLine: {'line': b'-- Installing: /home/sunrise/xgo_demo/src/install/xgo_motion/share/xgo_motion/expression/rider/vertigo/vertigo50.png\n'}
[1392.456632] (xgo_motion) StdoutLine: {'line': b'-- Installing: /home/sunrise/xgo_demo/src/install/xgo_motion/share/xgo_motion/expression/rider/vertigo/vertigo57.png\n'}
[1392.459024] (xgo_motion) StdoutLine: {'line': b'-- Installing: /home/sunrise/xgo_demo/src/install/xgo_motion/share/xgo_motion/expression/rider/vertigo/vertigo13.png\n'}
[1392.461734] (xgo_motion) StdoutLine: {'line': b'-- Installing: /home/sunrise/xgo_demo/src/install/xgo_motion/share/xgo_motion/expression/rider/vertigo/vertigo28.png\n'}
[1392.463905] (xgo_motion) StdoutLine: {'line': b'-- Installing: /home/sunrise/xgo_demo/src/install/xgo_motion/share/xgo_motion/expression/rider/vertigo/vertigo36.png\n'}
[1392.466594] (xgo_motion) StdoutLine: {'line': b'-- Installing: /home/sunrise/xgo_demo/src/install/xgo_motion/share/xgo_motion/expression/rider/vertigo/vertigo54.png\n'}
[1392.469066] (xgo_motion) StdoutLine: {'line': b'-- Installing: /home/sunrise/xgo_demo/src/install/xgo_motion/share/xgo_motion/expression/rider/vertigo/vertigo30.png\n'}
[1392.471750] (xgo_motion) StdoutLine: {'line': b'-- Installing: /home/sunrise/xgo_demo/src/install/xgo_motion/share/xgo_motion/expression/rider/vertigo/vertigo40.png\n'}
[1392.473937] (xgo_motion) StdoutLine: {'line': b'-- Installing: /home/sunrise/xgo_demo/src/install/xgo_motion/share/xgo_motion/expression/rider/vertigo/vertigo52.png\n'}
[1392.475567] (-) TimerEvent: {}
[1392.476770] (xgo_motion) StdoutLine: {'line': b'-- Installing: /home/sunrise/xgo_demo/src/install/xgo_motion/share/xgo_motion/expression/rider/vertigo/vertigo55.png\n'}
[1392.479267] (xgo_motion) StdoutLine: {'line': b'-- Installing: /home/sunrise/xgo_demo/src/install/xgo_motion/share/xgo_motion/expression/rider/vertigo/vertigo21.png\n'}
[1392.482304] (xgo_motion) StdoutLine: {'line': b'-- Installing: /home/sunrise/xgo_demo/src/install/xgo_motion/share/xgo_motion/expression/rider/vertigo/vertigo9.png\n'}
[1392.484955] (xgo_motion) StdoutLine: {'line': b'-- Installing: /home/sunrise/xgo_demo/src/install/xgo_motion/share/xgo_motion/expression/rider/vertigo/vertigo31.png\n'}
[1392.487711] (xgo_motion) StdoutLine: {'line': b'-- Installing: /home/sunrise/xgo_demo/src/install/xgo_motion/share/xgo_motion/expression/rider/vertigo/vertigo17.png\n'}
[1392.490372] (xgo_motion) StdoutLine: {'line': b'-- Installing: /home/sunrise/xgo_demo/src/install/xgo_motion/share/xgo_motion/expression/rider/vertigo/vertigo46.png\n'}
[1392.492959] (xgo_motion) StdoutLine: {'line': b'-- Installing: /home/sunrise/xgo_demo/src/install/xgo_motion/share/xgo_motion/expression/rider/vertigo/vertigo5.png\n'}
[1392.495011] (xgo_motion) StdoutLine: {'line': b'-- Installing: /home/sunrise/xgo_demo/src/install/xgo_motion/share/xgo_motion/expression/rider/vertigo/vertigo3.png\n'}
[1392.496894] (xgo_motion) StdoutLine: {'line': b'-- Installing: /home/sunrise/xgo_demo/src/install/xgo_motion/share/xgo_motion/expression/rider/vertigo/vertigo35.png\n'}
[1392.499975] (xgo_motion) StdoutLine: {'line': b'-- Installing: /home/sunrise/xgo_demo/src/install/xgo_motion/share/xgo_motion/expression/rider/vertigo/vertigo1.png\n'}
[1392.501878] (xgo_motion) StdoutLine: {'line': b'-- Installing: /home/sunrise/xgo_demo/src/install/xgo_motion/share/xgo_motion/expression/rider/vertigo/vertigo49.png\n'}
[1392.505241] (xgo_motion) StdoutLine: {'line': b'-- Installing: /home/sunrise/xgo_demo/src/install/xgo_motion/share/xgo_motion/expression/rider/vertigo/vertigo58.png\n'}
[1392.507266] (xgo_motion) StdoutLine: {'line': b'-- Installing: /home/sunrise/xgo_demo/src/install/xgo_motion/share/xgo_motion/expression/rider/vertigo/vertigo45.png\n'}
[1392.510075] (xgo_motion) StdoutLine: {'line': b'-- Installing: /home/sunrise/xgo_demo/src/install/xgo_motion/share/xgo_motion/expression/rider/vertigo/vertigo44.png\n'}
[1392.513022] (xgo_motion) StdoutLine: {'line': b'-- Installing: /home/sunrise/xgo_demo/src/install/xgo_motion/share/xgo_motion/expression/rider/vertigo/vertigo33.png\n'}
[1392.515943] (xgo_motion) StdoutLine: {'line': b'-- Installing: /home/sunrise/xgo_demo/src/install/xgo_motion/share/xgo_motion/expression/rider/vertigo/vertigo4.png\n'}
[1392.517778] (xgo_motion) StdoutLine: {'line': b'-- Installing: /home/sunrise/xgo_demo/src/install/xgo_motion/share/xgo_motion/expression/rider/vertigo/vertigo42.png\n'}
[1392.520488] (xgo_motion) StdoutLine: {'line': b'-- Installing: /home/sunrise/xgo_demo/src/install/xgo_motion/share/xgo_motion/expression/rider/vertigo/vertigo59.png\n'}
[1392.523369] (xgo_motion) StdoutLine: {'line': b'-- Installing: /home/sunrise/xgo_demo/src/install/xgo_motion/share/xgo_motion/expression/rider/vertigo/vertigo22.png\n'}
[1392.527340] (xgo_motion) StdoutLine: {'line': b'-- Installing: /home/sunrise/xgo_demo/src/install/xgo_motion/share/xgo_motion/expression/rider/vertigo/vertigo47.png\n'}
[1392.530476] (xgo_motion) StdoutLine: {'line': b'-- Installing: /home/sunrise/xgo_demo/src/install/xgo_motion/share/xgo_motion/expression/rider/vertigo/vertigo25.png\n'}
[1392.533642] (xgo_motion) StdoutLine: {'line': b'-- Installing: /home/sunrise/xgo_demo/src/install/xgo_motion/share/xgo_motion/expression/rider/like\n'}
[1392.535255] (xgo_motion) StdoutLine: {'line': b'-- Installing: /home/sunrise/xgo_demo/src/install/xgo_motion/share/xgo_motion/expression/rider/like/like39.png\n'}
[1392.536992] (xgo_motion) StdoutLine: {'line': b'-- Installing: /home/sunrise/xgo_demo/src/install/xgo_motion/share/xgo_motion/expression/rider/like/like31.png\n'}
[1392.538773] (xgo_motion) StdoutLine: {'line': b'-- Installing: /home/sunrise/xgo_demo/src/install/xgo_motion/share/xgo_motion/expression/rider/like/like7.png\n'}
[1392.541128] (xgo_motion) StdoutLine: {'line': b'-- Installing: /home/sunrise/xgo_demo/src/install/xgo_motion/share/xgo_motion/expression/rider/like/like78.png\n'}
[1392.542975] (xgo_motion) StdoutLine: {'line': b'-- Installing: /home/sunrise/xgo_demo/src/install/xgo_motion/share/xgo_motion/expression/rider/like/like37.png\n'}
[1392.544815] (xgo_motion) StdoutLine: {'line': b'-- Installing: /home/sunrise/xgo_demo/src/install/xgo_motion/share/xgo_motion/expression/rider/like/like73.png\n'}
[1392.546526] (xgo_motion) StdoutLine: {'line': b'-- Installing: /home/sunrise/xgo_demo/src/install/xgo_motion/share/xgo_motion/expression/rider/like/like29.png\n'}
[1392.548794] (xgo_motion) StdoutLine: {'line': b'-- Installing: /home/sunrise/xgo_demo/src/install/xgo_motion/share/xgo_motion/expression/rider/like/like51.png\n'}
[1392.550386] (xgo_motion) StdoutLine: {'line': b'-- Installing: /home/sunrise/xgo_demo/src/install/xgo_motion/share/xgo_motion/expression/rider/like/like20.png\n'}
[1392.552497] (xgo_motion) StdoutLine: {'line': b'-- Installing: /home/sunrise/xgo_demo/src/install/xgo_motion/share/xgo_motion/expression/rider/like/like81.png\n'}
[1392.553943] (xgo_motion) StdoutLine: {'line': b'-- Installing: /home/sunrise/xgo_demo/src/install/xgo_motion/share/xgo_motion/expression/rider/like/like65.png\n'}
[1392.555849] (xgo_motion) StdoutLine: {'line': b'-- Installing: /home/sunrise/xgo_demo/src/install/xgo_motion/share/xgo_motion/expression/rider/like/like66.png\n'}
[1392.557733] (xgo_motion) StdoutLine: {'line': b'-- Installing: /home/sunrise/xgo_demo/src/install/xgo_motion/share/xgo_motion/expression/rider/like/like30.png\n'}
[1392.559354] (xgo_motion) StdoutLine: {'line': b'-- Installing: /home/sunrise/xgo_demo/src/install/xgo_motion/share/xgo_motion/expression/rider/like/like28.png\n'}
[1392.561067] (xgo_motion) StdoutLine: {'line': b'-- Installing: /home/sunrise/xgo_demo/src/install/xgo_motion/share/xgo_motion/expression/rider/like/like 47.png\n'}
[1392.562667] (xgo_motion) StdoutLine: {'line': b'-- Installing: /home/sunrise/xgo_demo/src/install/xgo_motion/share/xgo_motion/expression/rider/like/like57.png\n'}
[1392.564675] (xgo_motion) StdoutLine: {'line': b'-- Installing: /home/sunrise/xgo_demo/src/install/xgo_motion/share/xgo_motion/expression/rider/like/like80.png\n'}
[1392.566701] (xgo_motion) StdoutLine: {'line': b'-- Installing: /home/sunrise/xgo_demo/src/install/xgo_motion/share/xgo_motion/expression/rider/like/like77.png\n'}
[1392.568892] (xgo_motion) StdoutLine: {'line': b'-- Installing: /home/sunrise/xgo_demo/src/install/xgo_motion/share/xgo_motion/expression/rider/like/like9.png\n'}
[1392.572014] (xgo_motion) StdoutLine: {'line': b'-- Installing: /home/sunrise/xgo_demo/src/install/xgo_motion/share/xgo_motion/expression/rider/like/like50.png\n'}
[1392.574118] (xgo_motion) StdoutLine: {'line': b'-- Installing: /home/sunrise/xgo_demo/src/install/xgo_motion/share/xgo_motion/expression/rider/like/like67.png\n'}
[1392.575750] (-) TimerEvent: {}
[1392.577096] (xgo_motion) StdoutLine: {'line': b'-- Installing: /home/sunrise/xgo_demo/src/install/xgo_motion/share/xgo_motion/expression/rider/like/like4.png\n'}
[1392.578206] (xgo_motion) StdoutLine: {'line': b'-- Installing: /home/sunrise/xgo_demo/src/install/xgo_motion/share/xgo_motion/expression/rider/like/like82.png\n'}
[1392.580296] (xgo_motion) StdoutLine: {'line': b'-- Installing: /home/sunrise/xgo_demo/src/install/xgo_motion/share/xgo_motion/expression/rider/like/like46.png\n'}
[1392.582102] (xgo_motion) StdoutLine: {'line': b'-- Installing: /home/sunrise/xgo_demo/src/install/xgo_motion/share/xgo_motion/expression/rider/like/like12.png\n'}
[1392.583808] (xgo_motion) StdoutLine: {'line': b'-- Installing: /home/sunrise/xgo_demo/src/install/xgo_motion/share/xgo_motion/expression/rider/like/like52.png\n'}
[1392.585576] (xgo_motion) StdoutLine: {'line': b'-- Installing: /home/sunrise/xgo_demo/src/install/xgo_motion/share/xgo_motion/expression/rider/like/like16.png\n'}
[1392.587791] (xgo_motion) StdoutLine: {'line': b'-- Installing: /home/sunrise/xgo_demo/src/install/xgo_motion/share/xgo_motion/expression/rider/like/like63.png\n'}
[1392.589518] (xgo_motion) StdoutLine: {'line': b'-- Installing: /home/sunrise/xgo_demo/src/install/xgo_motion/share/xgo_motion/expression/rider/like/like33.png\n'}
[1392.591210] (xgo_motion) StdoutLine: {'line': b'-- Installing: /home/sunrise/xgo_demo/src/install/xgo_motion/share/xgo_motion/expression/rider/like/like75.png\n'}
[1392.593394] (xgo_motion) StdoutLine: {'line': b'-- Installing: /home/sunrise/xgo_demo/src/install/xgo_motion/share/xgo_motion/expression/rider/like/like11.png\n'}
[1392.595812] (xgo_motion) StdoutLine: {'line': b'-- Installing: /home/sunrise/xgo_demo/src/install/xgo_motion/share/xgo_motion/expression/rider/like/like54.png\n'}
[1392.598046] (xgo_motion) StdoutLine: {'line': b'-- Installing: /home/sunrise/xgo_demo/src/install/xgo_motion/share/xgo_motion/expression/rider/like/like21.png\n'}
[1392.599518] (xgo_motion) StdoutLine: {'line': b'-- Installing: /home/sunrise/xgo_demo/src/install/xgo_motion/share/xgo_motion/expression/rider/like/like1.png\n'}
[1392.601722] (xgo_motion) StdoutLine: {'line': b'-- Installing: /home/sunrise/xgo_demo/src/install/xgo_motion/share/xgo_motion/expression/rider/like/like27.png\n'}
[1392.603530] (xgo_motion) StdoutLine: {'line': b'-- Installing: /home/sunrise/xgo_demo/src/install/xgo_motion/share/xgo_motion/expression/rider/like/like44.png\n'}
[1392.604874] (xgo_motion) StdoutLine: {'line': b'-- Installing: /home/sunrise/xgo_demo/src/install/xgo_motion/share/xgo_motion/expression/rider/like/like22.png\n'}
[1392.606950] (xgo_motion) StdoutLine: {'line': b'-- Installing: /home/sunrise/xgo_demo/src/install/xgo_motion/share/xgo_motion/expression/rider/like/like69.png\n'}
[1392.608824] (xgo_motion) StdoutLine: {'line': b'-- Installing: /home/sunrise/xgo_demo/src/install/xgo_motion/share/xgo_motion/expression/rider/like/like43.png\n'}
[1392.610495] (xgo_motion) StdoutLine: {'line': b'-- Installing: /home/sunrise/xgo_demo/src/install/xgo_motion/share/xgo_motion/expression/rider/like/like71.png\n'}
[1392.612767] (xgo_motion) StdoutLine: {'line': b'-- Installing: /home/sunrise/xgo_demo/src/install/xgo_motion/share/xgo_motion/expression/rider/like/like6.png\n'}
[1392.614795] (xgo_motion) StdoutLine: {'line': b'-- Installing: /home/sunrise/xgo_demo/src/install/xgo_motion/share/xgo_motion/expression/rider/like/like70.png\n'}
[1392.616597] (xgo_motion) StdoutLine: {'line': b'-- Installing: /home/sunrise/xgo_demo/src/install/xgo_motion/share/xgo_motion/expression/rider/like/like60.png\n'}
[1392.618816] (xgo_motion) StdoutLine: {'line': b'-- Installing: /home/sunrise/xgo_demo/src/install/xgo_motion/share/xgo_motion/expression/rider/like/like72.png\n'}
[1392.620856] (xgo_motion) StdoutLine: {'line': b'-- Installing: /home/sunrise/xgo_demo/src/install/xgo_motion/share/xgo_motion/expression/rider/like/like48.png\n'}
[1392.622652] (xgo_motion) StdoutLine: {'line': b'-- Installing: /home/sunrise/xgo_demo/src/install/xgo_motion/share/xgo_motion/expression/rider/like/like18.png\n'}
[1392.624963] (xgo_motion) StdoutLine: {'line': b'-- Installing: /home/sunrise/xgo_demo/src/install/xgo_motion/share/xgo_motion/expression/rider/like/like41.png\n'}
[1392.627267] (xgo_motion) StdoutLine: {'line': b'-- Installing: /home/sunrise/xgo_demo/src/install/xgo_motion/share/xgo_motion/expression/rider/like/like15.png\n'}
[1392.629589] (xgo_motion) StdoutLine: {'line': b'-- Installing: /home/sunrise/xgo_demo/src/install/xgo_motion/share/xgo_motion/expression/rider/like/like61.png\n'}
[1392.631770] (xgo_motion) StdoutLine: {'line': b'-- Installing: /home/sunrise/xgo_demo/src/install/xgo_motion/share/xgo_motion/expression/rider/like/like23.png\n'}
[1392.633777] (xgo_motion) StdoutLine: {'line': b'-- Installing: /home/sunrise/xgo_demo/src/install/xgo_motion/share/xgo_motion/expression/rider/like/like58.png\n'}
[1392.635663] (xgo_motion) StdoutLine: {'line': b'-- Installing: /home/sunrise/xgo_demo/src/install/xgo_motion/share/xgo_motion/expression/rider/like/like49.png\n'}
[1392.637140] (xgo_motion) StdoutLine: {'line': b'-- Installing: /home/sunrise/xgo_demo/src/install/xgo_motion/share/xgo_motion/expression/rider/like/like17.png\n'}
[1392.639247] (xgo_motion) StdoutLine: {'line': b'-- Installing: /home/sunrise/xgo_demo/src/install/xgo_motion/share/xgo_motion/expression/rider/like/like64.png\n'}
[1392.641645] (xgo_motion) StdoutLine: {'line': b'-- Installing: /home/sunrise/xgo_demo/src/install/xgo_motion/share/xgo_motion/expression/rider/like/like13.png\n'}
[1392.643663] (xgo_motion) StdoutLine: {'line': b'-- Installing: /home/sunrise/xgo_demo/src/install/xgo_motion/share/xgo_motion/expression/rider/like/like42.png\n'}
[1392.645565] (xgo_motion) StdoutLine: {'line': b'-- Installing: /home/sunrise/xgo_demo/src/install/xgo_motion/share/xgo_motion/expression/rider/like/like34.png\n'}
[1392.647166] (xgo_motion) StdoutLine: {'line': b'-- Installing: /home/sunrise/xgo_demo/src/install/xgo_motion/share/xgo_motion/expression/rider/like/like59.png\n'}
[1392.648727] (xgo_motion) StdoutLine: {'line': b'-- Installing: /home/sunrise/xgo_demo/src/install/xgo_motion/share/xgo_motion/expression/rider/like/like5.png\n'}
[1392.651171] (xgo_motion) StdoutLine: {'line': b'-- Installing: /home/sunrise/xgo_demo/src/install/xgo_motion/share/xgo_motion/expression/rider/like/like32.png\n'}
[1392.653634] (xgo_motion) StdoutLine: {'line': b'-- Installing: /home/sunrise/xgo_demo/src/install/xgo_motion/share/xgo_motion/expression/rider/like/like45.png\n'}
[1392.655116] (xgo_motion) StdoutLine: {'line': b'-- Installing: /home/sunrise/xgo_demo/src/install/xgo_motion/share/xgo_motion/expression/rider/like/like25.png\n'}
[1392.657082] (xgo_motion) StdoutLine: {'line': b'-- Installing: /home/sunrise/xgo_demo/src/install/xgo_motion/share/xgo_motion/expression/rider/like/like74.png\n'}
[1392.658813] (xgo_motion) StdoutLine: {'line': b'-- Installing: /home/sunrise/xgo_demo/src/install/xgo_motion/share/xgo_motion/expression/rider/like/like76.png\n'}
[1392.661135] (xgo_motion) StdoutLine: {'line': b'-- Installing: /home/sunrise/xgo_demo/src/install/xgo_motion/share/xgo_motion/expression/rider/like/like47.png\n'}
[1392.663400] (xgo_motion) StdoutLine: {'line': b'-- Installing: /home/sunrise/xgo_demo/src/install/xgo_motion/share/xgo_motion/expression/rider/like/like53.png\n'}
[1392.665146] (xgo_motion) StdoutLine: {'line': b'-- Installing: /home/sunrise/xgo_demo/src/install/xgo_motion/share/xgo_motion/expression/rider/like/like8.png\n'}
[1392.667223] (xgo_motion) StdoutLine: {'line': b'-- Installing: /home/sunrise/xgo_demo/src/install/xgo_motion/share/xgo_motion/expression/rider/like/like62.png\n'}
[1392.668546] (xgo_motion) StdoutLine: {'line': b'-- Installing: /home/sunrise/xgo_demo/src/install/xgo_motion/share/xgo_motion/expression/rider/like/like38.png\n'}
[1392.670131] (xgo_motion) StdoutLine: {'line': b'-- Installing: /home/sunrise/xgo_demo/src/install/xgo_motion/share/xgo_motion/expression/rider/like/like2.png\n'}
[1392.672172] (xgo_motion) StdoutLine: {'line': b'-- Installing: /home/sunrise/xgo_demo/src/install/xgo_motion/share/xgo_motion/expression/rider/like/like55.png\n'}
[1392.674958] (xgo_motion) StdoutLine: {'line': b'-- Installing: /home/sunrise/xgo_demo/src/install/xgo_motion/share/xgo_motion/expression/rider/like/like24.png\n'}
[1392.675860] (-) TimerEvent: {}
[1392.677768] (xgo_motion) StdoutLine: {'line': b'-- Installing: /home/sunrise/xgo_demo/src/install/xgo_motion/share/xgo_motion/expression/rider/like/like79.png\n'}
[1392.680302] (xgo_motion) StdoutLine: {'line': b'-- Installing: /home/sunrise/xgo_demo/src/install/xgo_motion/share/xgo_motion/expression/rider/like/like3.png\n'}
[1392.682111] (xgo_motion) StdoutLine: {'line': b'-- Installing: /home/sunrise/xgo_demo/src/install/xgo_motion/share/xgo_motion/expression/rider/like/like68.png\n'}
[1392.683857] (xgo_motion) StdoutLine: {'line': b'-- Installing: /home/sunrise/xgo_demo/src/install/xgo_motion/share/xgo_motion/expression/rider/like/like40.png\n'}
[1392.686716] (xgo_motion) StdoutLine: {'line': b'-- Installing: /home/sunrise/xgo_demo/src/install/xgo_motion/share/xgo_motion/expression/rider/like/like26.png\n'}
[1392.687996] (xgo_motion) StdoutLine: {'line': b'-- Installing: /home/sunrise/xgo_demo/src/install/xgo_motion/share/xgo_motion/expression/rider/like/like36.png\n'}
[1392.690002] (xgo_motion) StdoutLine: {'line': b'-- Installing: /home/sunrise/xgo_demo/src/install/xgo_motion/share/xgo_motion/expression/rider/like/like83.png\n'}
[1392.692334] (xgo_motion) StdoutLine: {'line': b'-- Installing: /home/sunrise/xgo_demo/src/install/xgo_motion/share/xgo_motion/expression/rider/like/like10.png\n'}
[1392.695030] (xgo_motion) StdoutLine: {'line': b'-- Installing: /home/sunrise/xgo_demo/src/install/xgo_motion/share/xgo_motion/expression/rider/like/like14.png\n'}
[1392.696973] (xgo_motion) StdoutLine: {'line': b'-- Installing: /home/sunrise/xgo_demo/src/install/xgo_motion/share/xgo_motion/expression/rider/like/like19.png\n'}
[1392.698691] (xgo_motion) StdoutLine: {'line': b'-- Installing: /home/sunrise/xgo_demo/src/install/xgo_motion/share/xgo_motion/expression/rider/like/like35.png\n'}
[1392.700920] (xgo_motion) StdoutLine: {'line': b'-- Installing: /home/sunrise/xgo_demo/src/install/xgo_motion/share/xgo_motion/expression/rider/like/like56.png\n'}
[1392.702420] (xgo_motion) StdoutLine: {'line': b'-- Installing: /home/sunrise/xgo_demo/src/install/xgo_motion/share/xgo_motion/expression/rider/Angry\n'}
[1392.704496] (xgo_motion) StdoutLine: {'line': b'-- Installing: /home/sunrise/xgo_demo/src/install/xgo_motion/share/xgo_motion/expression/rider/Angry/Angry49.png\n'}
[1392.706142] (xgo_motion) StdoutLine: {'line': b'-- Installing: /home/sunrise/xgo_demo/src/install/xgo_motion/share/xgo_motion/expression/rider/Angry/Angry35.png\n'}
[1392.707756] (xgo_motion) StdoutLine: {'line': b'-- Installing: /home/sunrise/xgo_demo/src/install/xgo_motion/share/xgo_motion/expression/rider/Angry/Angry4.png\n'}
[1392.710334] (xgo_motion) StdoutLine: {'line': b'-- Installing: /home/sunrise/xgo_demo/src/install/xgo_motion/share/xgo_motion/expression/rider/Angry/Angry50.png\n'}
[1392.712113] (xgo_motion) StdoutLine: {'line': b'-- Installing: /home/sunrise/xgo_demo/src/install/xgo_motion/share/xgo_motion/expression/rider/Angry/Angry17.png\n'}
[1392.714436] (xgo_motion) StdoutLine: {'line': b'-- Installing: /home/sunrise/xgo_demo/src/install/xgo_motion/share/xgo_motion/expression/rider/Angry/Angry8.png\n'}
[1392.716455] (xgo_motion) StdoutLine: {'line': b'-- Installing: /home/sunrise/xgo_demo/src/install/xgo_motion/share/xgo_motion/expression/rider/Angry/Angry24.png\n'}
[1392.718962] (xgo_motion) StdoutLine: {'line': b'-- Installing: /home/sunrise/xgo_demo/src/install/xgo_motion/share/xgo_motion/expression/rider/Angry/Angry32.png\n'}
[1392.720547] (xgo_motion) StdoutLine: {'line': b'-- Installing: /home/sunrise/xgo_demo/src/install/xgo_motion/share/xgo_motion/expression/rider/Angry/Angry34.png\n'}
[1392.722287] (xgo_motion) StdoutLine: {'line': b'-- Installing: /home/sunrise/xgo_demo/src/install/xgo_motion/share/xgo_motion/expression/rider/Angry/Angry13.png\n'}
[1392.723939] (xgo_motion) StdoutLine: {'line': b'-- Installing: /home/sunrise/xgo_demo/src/install/xgo_motion/share/xgo_motion/expression/rider/Angry/Angry55.png\n'}
[1392.725731] (xgo_motion) StdoutLine: {'line': b'-- Installing: /home/sunrise/xgo_demo/src/install/xgo_motion/share/xgo_motion/expression/rider/Angry/Angry3.png\n'}
[1392.727116] (xgo_motion) StdoutLine: {'line': b'-- Installing: /home/sunrise/xgo_demo/src/install/xgo_motion/share/xgo_motion/expression/rider/Angry/Angry44.png\n'}
[1392.728694] (xgo_motion) StdoutLine: {'line': b'-- Installing: /home/sunrise/xgo_demo/src/install/xgo_motion/share/xgo_motion/expression/rider/Angry/Angry11.png\n'}
[1392.731217] (xgo_motion) StdoutLine: {'line': b'-- Installing: /home/sunrise/xgo_demo/src/install/xgo_motion/share/xgo_motion/expression/rider/Angry/Angry38.png\n'}
[1392.733237] (xgo_motion) StdoutLine: {'line': b'-- Installing: /home/sunrise/xgo_demo/src/install/xgo_motion/share/xgo_motion/expression/rider/Angry/Angry42.png\n'}
[1392.735110] (xgo_motion) StdoutLine: {'line': b'-- Installing: /home/sunrise/xgo_demo/src/install/xgo_motion/share/xgo_motion/expression/rider/Angry/Angry6.png\n'}
[1392.736158] (xgo_motion) StdoutLine: {'line': b'-- Installing: /home/sunrise/xgo_demo/src/install/xgo_motion/share/xgo_motion/expression/rider/Angry/Angry31.png\n'}
[1392.739401] (xgo_motion) StdoutLine: {'line': b'-- Installing: /home/sunrise/xgo_demo/src/install/xgo_motion/share/xgo_motion/expression/rider/Angry/Angry14.png\n'}
[1392.741073] (xgo_motion) StdoutLine: {'line': b'-- Installing: /home/sunrise/xgo_demo/src/install/xgo_motion/share/xgo_motion/expression/rider/Angry/Angry28.png\n'}
[1392.743102] (xgo_motion) StdoutLine: {'line': b'-- Installing: /home/sunrise/xgo_demo/src/install/xgo_motion/share/xgo_motion/expression/rider/Angry/Angry40.png\n'}
[1392.744570] (xgo_motion) StdoutLine: {'line': b'-- Installing: /home/sunrise/xgo_demo/src/install/xgo_motion/share/xgo_motion/expression/rider/Angry/Angry27.png\n'}
[1392.746756] (xgo_motion) StdoutLine: {'line': b'-- Installing: /home/sunrise/xgo_demo/src/install/xgo_motion/share/xgo_motion/expression/rider/Angry/Angry21.png\n'}
[1392.748588] (xgo_motion) StdoutLine: {'line': b'-- Installing: /home/sunrise/xgo_demo/src/install/xgo_motion/share/xgo_motion/expression/rider/Angry/Angry12.png\n'}
[1392.750366] (xgo_motion) StdoutLine: {'line': b'-- Installing: /home/sunrise/xgo_demo/src/install/xgo_motion/share/xgo_motion/expression/rider/Angry/Angry53.png\n'}
[1392.752140] (xgo_motion) StdoutLine: {'line': b'-- Installing: /home/sunrise/xgo_demo/src/install/xgo_motion/share/xgo_motion/expression/rider/Angry/Angry25.png\n'}
[1392.754284] (xgo_motion) StdoutLine: {'line': b'-- Installing: /home/sunrise/xgo_demo/src/install/xgo_motion/share/xgo_motion/expression/rider/Angry/Angry26.png\n'}
[1392.756171] (xgo_motion) StdoutLine: {'line': b'-- Installing: /home/sunrise/xgo_demo/src/install/xgo_motion/share/xgo_motion/expression/rider/Angry/Angry54.png\n'}
[1392.758476] (xgo_motion) StdoutLine: {'line': b'-- Installing: /home/sunrise/xgo_demo/src/install/xgo_motion/share/xgo_motion/expression/rider/Angry/Angry23.png\n'}
[1392.760188] (xgo_motion) StdoutLine: {'line': b'-- Installing: /home/sunrise/xgo_demo/src/install/xgo_motion/share/xgo_motion/expression/rider/Angry/Angry15.png\n'}
[1392.762861] (xgo_motion) StdoutLine: {'line': b'-- Installing: /home/sunrise/xgo_demo/src/install/xgo_motion/share/xgo_motion/expression/rider/Angry/Angry39.png\n'}
[1392.763949] (xgo_motion) StdoutLine: {'line': b'-- Installing: /home/sunrise/xgo_demo/src/install/xgo_motion/share/xgo_motion/expression/rider/Angry/Angry37.png\n'}
[1392.766047] (xgo_motion) StdoutLine: {'line': b'-- Installing: /home/sunrise/xgo_demo/src/install/xgo_motion/share/xgo_motion/expression/rider/Angry/Angry19.png\n'}
[1392.767804] (xgo_motion) StdoutLine: {'line': b'-- Installing: /home/sunrise/xgo_demo/src/install/xgo_motion/share/xgo_motion/expression/rider/Angry/Angry16.png\n'}
[1392.769519] (xgo_motion) StdoutLine: {'line': b'-- Installing: /home/sunrise/xgo_demo/src/install/xgo_motion/share/xgo_motion/expression/rider/Angry/Angry48.png\n'}
[1392.771613] (xgo_motion) StdoutLine: {'line': b'-- Installing: /home/sunrise/xgo_demo/src/install/xgo_motion/share/xgo_motion/expression/rider/Angry/Angry2.png\n'}
[1392.773086] (xgo_motion) StdoutLine: {'line': b'-- Installing: /home/sunrise/xgo_demo/src/install/xgo_motion/share/xgo_motion/expression/rider/Angry/Angry30.png\n'}
[1392.774601] (xgo_motion) StdoutLine: {'line': b'-- Installing: /home/sunrise/xgo_demo/src/install/xgo_motion/share/xgo_motion/expression/rider/Angry/Angry20.png\n'}
[1392.779201] (xgo_motion) StdoutLine: {'line': b'-- Installing: /home/sunrise/xgo_demo/src/install/xgo_motion/share/xgo_motion/expression/rider/Angry/Angry36.png\n'}
[1392.780045] (-) TimerEvent: {}
[1392.781231] (xgo_motion) StdoutLine: {'line': b'-- Installing: /home/sunrise/xgo_demo/src/install/xgo_motion/share/xgo_motion/expression/rider/Angry/Angry1.png\n'}
[1392.782133] (xgo_motion) StdoutLine: {'line': b'-- Installing: /home/sunrise/xgo_demo/src/install/xgo_motion/share/xgo_motion/expression/rider/Angry/Angry47.png\n'}
[1392.783189] (xgo_motion) StdoutLine: {'line': b'-- Installing: /home/sunrise/xgo_demo/src/install/xgo_motion/share/xgo_motion/expression/rider/Angry/Angry52.png\n'}
[1392.784926] (xgo_motion) StdoutLine: {'line': b'-- Installing: /home/sunrise/xgo_demo/src/install/xgo_motion/share/xgo_motion/expression/rider/Angry/Angry7.png\n'}
[1392.786958] (xgo_motion) StdoutLine: {'line': b'-- Installing: /home/sunrise/xgo_demo/src/install/xgo_motion/share/xgo_motion/expression/rider/Angry/Angry5.png\n'}
[1392.788738] (xgo_motion) StdoutLine: {'line': b'-- Installing: /home/sunrise/xgo_demo/src/install/xgo_motion/share/xgo_motion/expression/rider/Angry/Angry29.png\n'}
[1392.790605] (xgo_motion) StdoutLine: {'line': b'-- Installing: /home/sunrise/xgo_demo/src/install/xgo_motion/share/xgo_motion/expression/rider/Angry/Angry41.png\n'}
[1392.792988] (xgo_motion) StdoutLine: {'line': b'-- Installing: /home/sunrise/xgo_demo/src/install/xgo_motion/share/xgo_motion/expression/rider/Angry/Angry51.png\n'}
[1392.794722] (xgo_motion) StdoutLine: {'line': b'-- Installing: /home/sunrise/xgo_demo/src/install/xgo_motion/share/xgo_motion/expression/rider/Angry/Angry46.png\n'}
[1392.797027] (xgo_motion) StdoutLine: {'line': b'-- Installing: /home/sunrise/xgo_demo/src/install/xgo_motion/share/xgo_motion/expression/rider/Angry/Angry9.png\n'}
[1392.798903] (xgo_motion) StdoutLine: {'line': b'-- Installing: /home/sunrise/xgo_demo/src/install/xgo_motion/share/xgo_motion/expression/rider/Angry/Angry18.png\n'}
[1392.801299] (xgo_motion) StdoutLine: {'line': b'-- Installing: /home/sunrise/xgo_demo/src/install/xgo_motion/share/xgo_motion/expression/rider/Angry/Angry43.png\n'}
[1392.803521] (xgo_motion) StdoutLine: {'line': b'-- Installing: /home/sunrise/xgo_demo/src/install/xgo_motion/share/xgo_motion/expression/rider/Angry/Angry45.png\n'}
[1392.805126] (xgo_motion) StdoutLine: {'line': b'-- Installing: /home/sunrise/xgo_demo/src/install/xgo_motion/share/xgo_motion/expression/rider/Angry/Angry22.png\n'}
[1392.807748] (xgo_motion) StdoutLine: {'line': b'-- Installing: /home/sunrise/xgo_demo/src/install/xgo_motion/share/xgo_motion/expression/rider/Angry/Angry10.png\n'}
[1392.810445] (xgo_motion) StdoutLine: {'line': b'-- Installing: /home/sunrise/xgo_demo/src/install/xgo_motion/share/xgo_motion/expression/rider/Angry/Angry33.png\n'}
[1392.812317] (xgo_motion) StdoutLine: {'line': b'-- Installing: /home/sunrise/xgo_demo/src/install/xgo_motion/share/xgo_motion/expression/rider/surprised\n'}
[1392.814158] (xgo_motion) StdoutLine: {'line': b'-- Installing: /home/sunrise/xgo_demo/src/install/xgo_motion/share/xgo_motion/expression/rider/surprised/surprised19.png\n'}
[1392.816150] (xgo_motion) StdoutLine: {'line': b'-- Installing: /home/sunrise/xgo_demo/src/install/xgo_motion/share/xgo_motion/expression/rider/surprised/surprised14.png\n'}
[1392.817614] (xgo_motion) StdoutLine: {'line': b'-- Installing: /home/sunrise/xgo_demo/src/install/xgo_motion/share/xgo_motion/expression/rider/surprised/surprised54.png\n'}
[1392.819855] (xgo_motion) StdoutLine: {'line': b'-- Installing: /home/sunrise/xgo_demo/src/install/xgo_motion/share/xgo_motion/expression/rider/surprised/surprised58.png\n'}
[1392.821568] (xgo_motion) StdoutLine: {'line': b'-- Installing: /home/sunrise/xgo_demo/src/install/xgo_motion/share/xgo_motion/expression/rider/surprised/surprised41.png\n'}
[1392.823163] (xgo_motion) StdoutLine: {'line': b'-- Installing: /home/sunrise/xgo_demo/src/install/xgo_motion/share/xgo_motion/expression/rider/surprised/surprised7.png\n'}
[1392.825666] (xgo_motion) StdoutLine: {'line': b'-- Installing: /home/sunrise/xgo_demo/src/install/xgo_motion/share/xgo_motion/expression/rider/surprised/surprised40.png\n'}
[1392.827644] (xgo_motion) StdoutLine: {'line': b'-- Installing: /home/sunrise/xgo_demo/src/install/xgo_motion/share/xgo_motion/expression/rider/surprised/surprised34.png\n'}
[1392.829557] (xgo_motion) StdoutLine: {'line': b'-- Installing: /home/sunrise/xgo_demo/src/install/xgo_motion/share/xgo_motion/expression/rider/surprised/surprised67.png\n'}
[1392.831371] (xgo_motion) StdoutLine: {'line': b'-- Installing: /home/sunrise/xgo_demo/src/install/xgo_motion/share/xgo_motion/expression/rider/surprised/surprised68.png\n'}
[1392.832950] (xgo_motion) StdoutLine: {'line': b'-- Installing: /home/sunrise/xgo_demo/src/install/xgo_motion/share/xgo_motion/expression/rider/surprised/surprised49.png\n'}
[1392.835178] (xgo_motion) StdoutLine: {'line': b'-- Installing: /home/sunrise/xgo_demo/src/install/xgo_motion/share/xgo_motion/expression/rider/surprised/surprised18.png\n'}
[1392.839040] (xgo_motion) StdoutLine: {'line': b'-- Installing: /home/sunrise/xgo_demo/src/install/xgo_motion/share/xgo_motion/expression/rider/surprised/surprised25.png\n'}
[1392.841572] (xgo_motion) StdoutLine: {'line': b'-- Installing: /home/sunrise/xgo_demo/src/install/xgo_motion/share/xgo_motion/expression/rider/surprised/surprised13.png\n'}
[1392.843474] (xgo_motion) StdoutLine: {'line': b'-- Installing: /home/sunrise/xgo_demo/src/install/xgo_motion/share/xgo_motion/expression/rider/surprised/surprised71.png\n'}
[1392.845529] (xgo_motion) StdoutLine: {'line': b'-- Installing: /home/sunrise/xgo_demo/src/install/xgo_motion/share/xgo_motion/expression/rider/surprised/surprised62.png\n'}
[1392.847761] (xgo_motion) StdoutLine: {'line': b'-- Installing: /home/sunrise/xgo_demo/src/install/xgo_motion/share/xgo_motion/expression/rider/surprised/surprised20.png\n'}
[1392.849238] (xgo_motion) StdoutLine: {'line': b'-- Installing: /home/sunrise/xgo_demo/src/install/xgo_motion/share/xgo_motion/expression/rider/surprised/surprised32.png\n'}
[1392.851094] (xgo_motion) StdoutLine: {'line': b'-- Installing: /home/sunrise/xgo_demo/src/install/xgo_motion/share/xgo_motion/expression/rider/surprised/surprised65.png\n'}
[1392.852827] (xgo_motion) StdoutLine: {'line': b'-- Installing: /home/sunrise/xgo_demo/src/install/xgo_motion/share/xgo_motion/expression/rider/surprised/surprised11.png\n'}
[1392.855245] (xgo_motion) StdoutLine: {'line': b'-- Installing: /home/sunrise/xgo_demo/src/install/xgo_motion/share/xgo_motion/expression/rider/surprised/surprised23.png\n'}
[1392.857179] (xgo_motion) StdoutLine: {'line': b'-- Installing: /home/sunrise/xgo_demo/src/install/xgo_motion/share/xgo_motion/expression/rider/surprised/surprised9.png\n'}
[1392.858974] (xgo_motion) StdoutLine: {'line': b'-- Installing: /home/sunrise/xgo_demo/src/install/xgo_motion/share/xgo_motion/expression/rider/surprised/surprised57.png\n'}
[1392.860857] (xgo_motion) StdoutLine: {'line': b'-- Installing: /home/sunrise/xgo_demo/src/install/xgo_motion/share/xgo_motion/expression/rider/surprised/surprised56.png\n'}
[1392.863328] (xgo_motion) StdoutLine: {'line': b'-- Installing: /home/sunrise/xgo_demo/src/install/xgo_motion/share/xgo_motion/expression/rider/surprised/surprised45.png\n'}
[1392.865012] (xgo_motion) StdoutLine: {'line': b'-- Installing: /home/sunrise/xgo_demo/src/install/xgo_motion/share/xgo_motion/expression/rider/surprised/surprised31.png\n'}
[1392.867343] (xgo_motion) StdoutLine: {'line': b'-- Installing: /home/sunrise/xgo_demo/src/install/xgo_motion/share/xgo_motion/expression/rider/surprised/surprised50.png\n'}
[1392.869052] (xgo_motion) StdoutLine: {'line': b'-- Installing: /home/sunrise/xgo_demo/src/install/xgo_motion/share/xgo_motion/expression/rider/surprised/surprised70.png\n'}
[1392.870864] (xgo_motion) StdoutLine: {'line': b'-- Installing: /home/sunrise/xgo_demo/src/install/xgo_motion/share/xgo_motion/expression/rider/surprised/surprised52.png\n'}
[1392.872758] (xgo_motion) StdoutLine: {'line': b'-- Installing: /home/sunrise/xgo_demo/src/install/xgo_motion/share/xgo_motion/expression/rider/surprised/surprised63.png\n'}
[1392.874146] (xgo_motion) StdoutLine: {'line': b'-- Installing: /home/sunrise/xgo_demo/src/install/xgo_motion/share/xgo_motion/expression/rider/surprised/surprised27.png\n'}
[1392.875991] (xgo_motion) StdoutLine: {'line': b'-- Installing: /home/sunrise/xgo_demo/src/install/xgo_motion/share/xgo_motion/expression/rider/surprised/surprised51.png\n'}
[1392.877605] (xgo_motion) StdoutLine: {'line': b'-- Installing: /home/sunrise/xgo_demo/src/install/xgo_motion/share/xgo_motion/expression/rider/surprised/surprised6.png\n'}
[1392.879834] (xgo_motion) StdoutLine: {'line': b'-- Installing: /home/sunrise/xgo_demo/src/install/xgo_motion/share/xgo_motion/expression/rider/surprised/surprised1.png\n'}
[1392.880565] (-) TimerEvent: {}
[1392.881391] (xgo_motion) StdoutLine: {'line': b'-- Installing: /home/sunrise/xgo_demo/src/install/xgo_motion/share/xgo_motion/expression/rider/surprised/surprised10.png\n'}
[1392.883309] (xgo_motion) StdoutLine: {'line': b'-- Installing: /home/sunrise/xgo_demo/src/install/xgo_motion/share/xgo_motion/expression/rider/surprised/surprised33.png\n'}
[1392.884758] (xgo_motion) StdoutLine: {'line': b'-- Installing: /home/sunrise/xgo_demo/src/install/xgo_motion/share/xgo_motion/expression/rider/surprised/surprised24.png\n'}
[1392.886857] (xgo_motion) StdoutLine: {'line': b'-- Installing: /home/sunrise/xgo_demo/src/install/xgo_motion/share/xgo_motion/expression/rider/surprised/surprised30.png\n'}
[1392.888465] (xgo_motion) StdoutLine: {'line': b'-- Installing: /home/sunrise/xgo_demo/src/install/xgo_motion/share/xgo_motion/expression/rider/surprised/surprised17.png\n'}
[1392.890163] (xgo_motion) StdoutLine: {'line': b'-- Installing: /home/sunrise/xgo_demo/src/install/xgo_motion/share/xgo_motion/expression/rider/surprised/surprised48.png\n'}
[1392.891976] (xgo_motion) StdoutLine: {'line': b'-- Installing: /home/sunrise/xgo_demo/src/install/xgo_motion/share/xgo_motion/expression/rider/surprised/surprised42.png\n'}
[1392.893956] (xgo_motion) StdoutLine: {'line': b'-- Installing: /home/sunrise/xgo_demo/src/install/xgo_motion/share/xgo_motion/expression/rider/surprised/surprised37.png\n'}
[1392.896188] (xgo_motion) StdoutLine: {'line': b'-- Installing: /home/sunrise/xgo_demo/src/install/xgo_motion/share/xgo_motion/expression/rider/surprised/surprised5.png\n'}
[1392.897823] (xgo_motion) StdoutLine: {'line': b'-- Installing: /home/sunrise/xgo_demo/src/install/xgo_motion/share/xgo_motion/expression/rider/surprised/surprised3.png\n'}
[1392.899334] (xgo_motion) StdoutLine: {'line': b'-- Installing: /home/sunrise/xgo_demo/src/install/xgo_motion/share/xgo_motion/expression/rider/surprised/surprised43.png\n'}
[1392.902026] (xgo_motion) StdoutLine: {'line': b'-- Installing: /home/sunrise/xgo_demo/src/install/xgo_motion/share/xgo_motion/expression/rider/surprised/surprised55.png\n'}
[1392.905176] (xgo_motion) StdoutLine: {'line': b'-- Installing: /home/sunrise/xgo_demo/src/install/xgo_motion/share/xgo_motion/expression/rider/surprised/surprised59.png\n'}
[1392.907373] (xgo_motion) StdoutLine: {'line': b'-- Installing: /home/sunrise/xgo_demo/src/install/xgo_motion/share/xgo_motion/expression/rider/surprised/surprised38.png\n'}
[1392.909540] (xgo_motion) StdoutLine: {'line': b'-- Installing: /home/sunrise/xgo_demo/src/install/xgo_motion/share/xgo_motion/expression/rider/surprised/surprised53.png\n'}
[1392.911589] (xgo_motion) StdoutLine: {'line': b'-- Installing: /home/sunrise/xgo_demo/src/install/xgo_motion/share/xgo_motion/expression/rider/surprised/surprised73.png\n'}
[1392.915347] (xgo_motion) StdoutLine: {'line': b'-- Installing: /home/sunrise/xgo_demo/src/install/xgo_motion/share/xgo_motion/expression/rider/surprised/surprised21.png\n'}
[1392.917527] (xgo_motion) StdoutLine: {'line': b'-- Installing: /home/sunrise/xgo_demo/src/install/xgo_motion/share/xgo_motion/expression/rider/surprised/surprised69.png\n'}
[1392.919728] (xgo_motion) StdoutLine: {'line': b'-- Installing: /home/sunrise/xgo_demo/src/install/xgo_motion/share/xgo_motion/expression/rider/surprised/surprised74.png\n'}
[1392.921983] (xgo_motion) StdoutLine: {'line': b'-- Installing: /home/sunrise/xgo_demo/src/install/xgo_motion/share/xgo_motion/expression/rider/surprised/surprised16.png\n'}
[1392.924567] (xgo_motion) StdoutLine: {'line': b'-- Installing: /home/sunrise/xgo_demo/src/install/xgo_motion/share/xgo_motion/expression/rider/surprised/surprised22.png\n'}
[1392.927137] (xgo_motion) StdoutLine: {'line': b'-- Installing: /home/sunrise/xgo_demo/src/install/xgo_motion/share/xgo_motion/expression/rider/surprised/surprised64.png\n'}
[1392.929535] (xgo_motion) StdoutLine: {'line': b'-- Installing: /home/sunrise/xgo_demo/src/install/xgo_motion/share/xgo_motion/expression/rider/surprised/surprised28.png\n'}
[1392.931615] (xgo_motion) StdoutLine: {'line': b'-- Installing: /home/sunrise/xgo_demo/src/install/xgo_motion/share/xgo_motion/expression/rider/surprised/surprised44.png\n'}
[1392.934320] (xgo_motion) StdoutLine: {'line': b'-- Installing: /home/sunrise/xgo_demo/src/install/xgo_motion/share/xgo_motion/expression/rider/surprised/surprised72.png\n'}
[1392.936338] (xgo_motion) StdoutLine: {'line': b'-- Installing: /home/sunrise/xgo_demo/src/install/xgo_motion/share/xgo_motion/expression/rider/surprised/surprised29.png\n'}
[1392.939868] (xgo_motion) StdoutLine: {'line': b'-- Installing: /home/sunrise/xgo_demo/src/install/xgo_motion/share/xgo_motion/expression/rider/surprised/surprised35.png\n'}
[1392.942821] (xgo_motion) StdoutLine: {'line': b'-- Installing: /home/sunrise/xgo_demo/src/install/xgo_motion/share/xgo_motion/expression/rider/surprised/surprised26.png\n'}
[1392.944627] (xgo_motion) StdoutLine: {'line': b'-- Installing: /home/sunrise/xgo_demo/src/install/xgo_motion/share/xgo_motion/expression/rider/surprised/surprised4.png\n'}
[1392.947178] (xgo_motion) StdoutLine: {'line': b'-- Installing: /home/sunrise/xgo_demo/src/install/xgo_motion/share/xgo_motion/expression/rider/surprised/surprised66.png\n'}
[1392.948767] (xgo_motion) StdoutLine: {'line': b'-- Installing: /home/sunrise/xgo_demo/src/install/xgo_motion/share/xgo_motion/expression/rider/surprised/surprised61.png\n'}
[1392.950500] (xgo_motion) StdoutLine: {'line': b'-- Installing: /home/sunrise/xgo_demo/src/install/xgo_motion/share/xgo_motion/expression/rider/surprised/surprised8.png\n'}
[1392.951939] (xgo_motion) StdoutLine: {'line': b'-- Installing: /home/sunrise/xgo_demo/src/install/xgo_motion/share/xgo_motion/expression/rider/surprised/surprised36.png\n'}
[1392.953737] (xgo_motion) StdoutLine: {'line': b'-- Installing: /home/sunrise/xgo_demo/src/install/xgo_motion/share/xgo_motion/expression/rider/surprised/surprised15.png\n'}
[1392.956096] (xgo_motion) StdoutLine: {'line': b'-- Installing: /home/sunrise/xgo_demo/src/install/xgo_motion/share/xgo_motion/expression/rider/surprised/surprised46.png\n'}
[1392.957885] (xgo_motion) StdoutLine: {'line': b'-- Installing: /home/sunrise/xgo_demo/src/install/xgo_motion/share/xgo_motion/expression/rider/surprised/surprised2.png\n'}
[1392.959932] (xgo_motion) StdoutLine: {'line': b'-- Installing: /home/sunrise/xgo_demo/src/install/xgo_motion/share/xgo_motion/expression/rider/surprised/surprised60.png\n'}
[1392.961838] (xgo_motion) StdoutLine: {'line': b'-- Installing: /home/sunrise/xgo_demo/src/install/xgo_motion/share/xgo_motion/expression/rider/surprised/surprised39.png\n'}
[1392.963456] (xgo_motion) StdoutLine: {'line': b'-- Installing: /home/sunrise/xgo_demo/src/install/xgo_motion/share/xgo_motion/expression/rider/surprised/surprised47.png\n'}
[1392.965307] (xgo_motion) StdoutLine: {'line': b'-- Installing: /home/sunrise/xgo_demo/src/install/xgo_motion/share/xgo_motion/expression/rider/surprised/surprised12.png\n'}
[1392.967353] (xgo_motion) StdoutLine: {'line': b'-- Installing: /home/sunrise/xgo_demo/src/install/xgo_motion/share/xgo_motion/expression/rider/embarrassed\n'}
[1392.969641] (xgo_motion) StdoutLine: {'line': b'-- Installing: /home/sunrise/xgo_demo/src/install/xgo_motion/share/xgo_motion/expression/rider/embarrassed/embarrassed49.png\n'}
[1392.971921] (xgo_motion) StdoutLine: {'line': b'-- Installing: /home/sunrise/xgo_demo/src/install/xgo_motion/share/xgo_motion/expression/rider/embarrassed/embarrassed50.png\n'}
[1392.973788] (xgo_motion) StdoutLine: {'line': b'-- Installing: /home/sunrise/xgo_demo/src/install/xgo_motion/share/xgo_motion/expression/rider/embarrassed/embarrassed26.png\n'}
[1392.975653] (xgo_motion) StdoutLine: {'line': b'-- Installing: /home/sunrise/xgo_demo/src/install/xgo_motion/share/xgo_motion/expression/rider/embarrassed/embarrassed63.png\n'}
[1392.977540] (xgo_motion) StdoutLine: {'line': b'-- Installing: /home/sunrise/xgo_demo/src/install/xgo_motion/share/xgo_motion/expression/rider/embarrassed/embarrassed39.png\n'}
[1392.979947] (xgo_motion) StdoutLine: {'line': b'-- Installing: /home/sunrise/xgo_demo/src/install/xgo_motion/share/xgo_motion/expression/rider/embarrassed/embarrassed27.png\n'}
[1392.980858] (-) TimerEvent: {}
[1392.982033] (xgo_motion) StdoutLine: {'line': b'-- Installing: /home/sunrise/xgo_demo/src/install/xgo_motion/share/xgo_motion/expression/rider/embarrassed/embarrassed10.png\n'}
[1392.983826] (xgo_motion) StdoutLine: {'line': b'-- Installing: /home/sunrise/xgo_demo/src/install/xgo_motion/share/xgo_motion/expression/rider/embarrassed/embarrassed38.png\n'}
[1392.985198] (xgo_motion) StdoutLine: {'line': b'-- Installing: /home/sunrise/xgo_demo/src/install/xgo_motion/share/xgo_motion/expression/rider/embarrassed/embarrassed42.png\n'}
[1392.987096] (xgo_motion) StdoutLine: {'line': b'-- Installing: /home/sunrise/xgo_demo/src/install/xgo_motion/share/xgo_motion/expression/rider/embarrassed/embarrassed30.png\n'}
[1392.988929] (xgo_motion) StdoutLine: {'line': b'-- Installing: /home/sunrise/xgo_demo/src/install/xgo_motion/share/xgo_motion/expression/rider/embarrassed/embarrassed2.png\n'}
[1392.990697] (xgo_motion) StdoutLine: {'line': b'-- Installing: /home/sunrise/xgo_demo/src/install/xgo_motion/share/xgo_motion/expression/rider/embarrassed/embarrassed41.png\n'}
[1392.993278] (xgo_motion) StdoutLine: {'line': b'-- Installing: /home/sunrise/xgo_demo/src/install/xgo_motion/share/xgo_motion/expression/rider/embarrassed/embarrassed34.png\n'}
[1392.995478] (xgo_motion) StdoutLine: {'line': b'-- Installing: /home/sunrise/xgo_demo/src/install/xgo_motion/share/xgo_motion/expression/rider/embarrassed/embarrassed33.png\n'}
[1392.997891] (xgo_motion) StdoutLine: {'line': b'-- Installing: /home/sunrise/xgo_demo/src/install/xgo_motion/share/xgo_motion/expression/rider/embarrassed/embarrassed47.png\n'}
[1392.999256] (xgo_motion) StdoutLine: {'line': b'-- Installing: /home/sunrise/xgo_demo/src/install/xgo_motion/share/xgo_motion/expression/rider/embarrassed/embarrassed23.png\n'}
[1393.000474] (xgo_motion) StdoutLine: {'line': b'-- Installing: /home/sunrise/xgo_demo/src/install/xgo_motion/share/xgo_motion/expression/rider/embarrassed/embarrassed9.png\n'}
[1393.002452] (xgo_motion) StdoutLine: {'line': b'-- Installing: /home/sunrise/xgo_demo/src/install/xgo_motion/share/xgo_motion/expression/rider/embarrassed/embarrassed62.png\n'}
[1393.004497] (xgo_motion) StdoutLine: {'line': b'-- Installing: /home/sunrise/xgo_demo/src/install/xgo_motion/share/xgo_motion/expression/rider/embarrassed/embarrassed51.png\n'}
[1393.006249] (xgo_motion) StdoutLine: {'line': b'-- Installing: /home/sunrise/xgo_demo/src/install/xgo_motion/share/xgo_motion/expression/rider/embarrassed/embarrassed13.png\n'}
[1393.007756] (xgo_motion) StdoutLine: {'line': b'-- Installing: /home/sunrise/xgo_demo/src/install/xgo_motion/share/xgo_motion/expression/rider/embarrassed/embarrassed48.png\n'}
[1393.009972] (xgo_motion) StdoutLine: {'line': b'-- Installing: /home/sunrise/xgo_demo/src/install/xgo_motion/share/xgo_motion/expression/rider/embarrassed/embarrassed1.png\n'}
[1393.012191] (xgo_motion) StdoutLine: {'line': b'-- Installing: /home/sunrise/xgo_demo/src/install/xgo_motion/share/xgo_motion/expression/rider/embarrassed/embarrassed57.png\n'}
[1393.014565] (xgo_motion) StdoutLine: {'line': b'-- Installing: /home/sunrise/xgo_demo/src/install/xgo_motion/share/xgo_motion/expression/rider/embarrassed/embarrassed37.png\n'}
[1393.016147] (xgo_motion) StdoutLine: {'line': b'-- Installing: /home/sunrise/xgo_demo/src/install/xgo_motion/share/xgo_motion/expression/rider/embarrassed/embarrassed17.png\n'}
[1393.017918] (xgo_motion) StdoutLine: {'line': b'-- Installing: /home/sunrise/xgo_demo/src/install/xgo_motion/share/xgo_motion/expression/rider/embarrassed/embarrassed56.png\n'}
[1393.020246] (xgo_motion) StdoutLine: {'line': b'-- Installing: /home/sunrise/xgo_demo/src/install/xgo_motion/share/xgo_motion/expression/rider/embarrassed/embarrassed20.png\n'}
[1393.023026] (xgo_motion) StdoutLine: {'line': b'-- Installing: /home/sunrise/xgo_demo/src/install/xgo_motion/share/xgo_motion/expression/rider/embarrassed/embarrassed3.png\n'}
[1393.024053] (xgo_motion) StdoutLine: {'line': b'-- Installing: /home/sunrise/xgo_demo/src/install/xgo_motion/share/xgo_motion/expression/rider/embarrassed/embarrassed4.png\n'}
[1393.026292] (xgo_motion) StdoutLine: {'line': b'-- Installing: /home/sunrise/xgo_demo/src/install/xgo_motion/share/xgo_motion/expression/rider/embarrassed/embarrassed36.png\n'}
[1393.028034] (xgo_motion) StdoutLine: {'line': b'-- Installing: /home/sunrise/xgo_demo/src/install/xgo_motion/share/xgo_motion/expression/rider/embarrassed/embarrassed59.png\n'}
[1393.030130] (xgo_motion) StdoutLine: {'line': b'-- Installing: /home/sunrise/xgo_demo/src/install/xgo_motion/share/xgo_motion/expression/rider/embarrassed/embarrassed15.png\n'}
[1393.031650] (xgo_motion) StdoutLine: {'line': b'-- Installing: /home/sunrise/xgo_demo/src/install/xgo_motion/share/xgo_motion/expression/rider/embarrassed/embarrassed21.png\n'}
[1393.033506] (xgo_motion) StdoutLine: {'line': b'-- Installing: /home/sunrise/xgo_demo/src/install/xgo_motion/share/xgo_motion/expression/rider/embarrassed/embarrassed11.png\n'}
[1393.035924] (xgo_motion) StdoutLine: {'line': b'-- Installing: /home/sunrise/xgo_demo/src/install/xgo_motion/share/xgo_motion/expression/rider/embarrassed/embarrassed7.png\n'}
[1393.037065] (xgo_motion) StdoutLine: {'line': b'-- Installing: /home/sunrise/xgo_demo/src/install/xgo_motion/share/xgo_motion/expression/rider/embarrassed/embarrassed25.png\n'}
[1393.039136] (xgo_motion) StdoutLine: {'line': b'-- Installing: /home/sunrise/xgo_demo/src/install/xgo_motion/share/xgo_motion/expression/rider/embarrassed/embarrassed45.png\n'}
[1393.041061] (xgo_motion) StdoutLine: {'line': b'-- Installing: /home/sunrise/xgo_demo/src/install/xgo_motion/share/xgo_motion/expression/rider/embarrassed/embarrassed5.png\n'}
[1393.042820] (xgo_motion) StdoutLine: {'line': b'-- Installing: /home/sunrise/xgo_demo/src/install/xgo_motion/share/xgo_motion/expression/rider/embarrassed/embarrassed65.png\n'}
[1393.044998] (xgo_motion) StdoutLine: {'line': b'-- Installing: /home/sunrise/xgo_demo/src/install/xgo_motion/share/xgo_motion/expression/rider/embarrassed/embarrassed14.png\n'}
[1393.046758] (xgo_motion) StdoutLine: {'line': b'-- Installing: /home/sunrise/xgo_demo/src/install/xgo_motion/share/xgo_motion/expression/rider/embarrassed/embarrassed44.png\n'}
[1393.048683] (xgo_motion) StdoutLine: {'line': b'-- Installing: /home/sunrise/xgo_demo/src/install/xgo_motion/share/xgo_motion/expression/rider/embarrassed/embarrassed43.png\n'}
[1393.050960] (xgo_motion) StdoutLine: {'line': b'-- Installing: /home/sunrise/xgo_demo/src/install/xgo_motion/share/xgo_motion/expression/rider/embarrassed/embarrassed60.png\n'}
[1393.052924] (xgo_motion) StdoutLine: {'line': b'-- Installing: /home/sunrise/xgo_demo/src/install/xgo_motion/share/xgo_motion/expression/rider/embarrassed/embarrassed19.png\n'}
[1393.054902] (xgo_motion) StdoutLine: {'line': b'-- Installing: /home/sunrise/xgo_demo/src/install/xgo_motion/share/xgo_motion/expression/rider/embarrassed/embarrassed29.png\n'}
[1393.057099] (xgo_motion) StdoutLine: {'line': b'-- Installing: /home/sunrise/xgo_demo/src/install/xgo_motion/share/xgo_motion/expression/rider/embarrassed/embarrassed54.png\n'}
[1393.059123] (xgo_motion) StdoutLine: {'line': b'-- Installing: /home/sunrise/xgo_demo/src/install/xgo_motion/share/xgo_motion/expression/rider/embarrassed/embarrassed31.png\n'}
[1393.061140] (xgo_motion) StdoutLine: {'line': b'-- Installing: /home/sunrise/xgo_demo/src/install/xgo_motion/share/xgo_motion/expression/rider/embarrassed/embarrassed8.png\n'}
[1393.063653] (xgo_motion) StdoutLine: {'line': b'-- Installing: /home/sunrise/xgo_demo/src/install/xgo_motion/share/xgo_motion/expression/rider/embarrassed/embarrassed22.png\n'}
[1393.066007] (xgo_motion) StdoutLine: {'line': b'-- Installing: /home/sunrise/xgo_demo/src/install/xgo_motion/share/xgo_motion/expression/rider/embarrassed/embarrassed32.png\n'}
[1393.068793] (xgo_motion) StdoutLine: {'line': b'-- Installing: /home/sunrise/xgo_demo/src/install/xgo_motion/share/xgo_motion/expression/rider/embarrassed/embarrassed28.png\n'}
[1393.070648] (xgo_motion) StdoutLine: {'line': b'-- Installing: /home/sunrise/xgo_demo/src/install/xgo_motion/share/xgo_motion/expression/rider/embarrassed/embarrassed64.png\n'}
[1393.072217] (xgo_motion) StdoutLine: {'line': b'-- Installing: /home/sunrise/xgo_demo/src/install/xgo_motion/share/xgo_motion/expression/rider/embarrassed/embarrassed66.png\n'}
[1393.074148] (xgo_motion) StdoutLine: {'line': b'-- Installing: /home/sunrise/xgo_demo/src/install/xgo_motion/share/xgo_motion/expression/rider/embarrassed/embarrassed52.png\n'}
[1393.075941] (xgo_motion) StdoutLine: {'line': b'-- Installing: /home/sunrise/xgo_demo/src/install/xgo_motion/share/xgo_motion/expression/rider/embarrassed/embarrassed40.png\n'}
[1393.077152] (xgo_motion) StdoutLine: {'line': b'-- Installing: /home/sunrise/xgo_demo/src/install/xgo_motion/share/xgo_motion/expression/rider/embarrassed/embarrassed53.png\n'}
[1393.079502] (xgo_motion) StdoutLine: {'line': b'-- Installing: /home/sunrise/xgo_demo/src/install/xgo_motion/share/xgo_motion/expression/rider/embarrassed/embarrassed61.png\n'}
[1393.081141] (-) TimerEvent: {}
[1393.082412] (xgo_motion) StdoutLine: {'line': b'-- Installing: /home/sunrise/xgo_demo/src/install/xgo_motion/share/xgo_motion/expression/rider/embarrassed/embarrassed6.png\n'}
[1393.083895] (xgo_motion) StdoutLine: {'line': b'-- Installing: /home/sunrise/xgo_demo/src/install/xgo_motion/share/xgo_motion/expression/rider/embarrassed/embarrassed16.png\n'}
[1393.086171] (xgo_motion) StdoutLine: {'line': b'-- Installing: /home/sunrise/xgo_demo/src/install/xgo_motion/share/xgo_motion/expression/rider/embarrassed/embarrassed12.png\n'}
[1393.088524] (xgo_motion) StdoutLine: {'line': b'-- Installing: /home/sunrise/xgo_demo/src/install/xgo_motion/share/xgo_motion/expression/rider/embarrassed/embarrassed35.png\n'}
[1393.090012] (xgo_motion) StdoutLine: {'line': b'-- Installing: /home/sunrise/xgo_demo/src/install/xgo_motion/share/xgo_motion/expression/rider/embarrassed/embarrassed46.png\n'}
[1393.091937] (xgo_motion) StdoutLine: {'line': b'-- Installing: /home/sunrise/xgo_demo/src/install/xgo_motion/share/xgo_motion/expression/rider/embarrassed/embarrassed18.png\n'}
[1393.093316] (xgo_motion) StdoutLine: {'line': b'-- Installing: /home/sunrise/xgo_demo/src/install/xgo_motion/share/xgo_motion/expression/rider/embarrassed/embarrassed58.png\n'}
[1393.095385] (xgo_motion) StdoutLine: {'line': b'-- Installing: /home/sunrise/xgo_demo/src/install/xgo_motion/share/xgo_motion/expression/rider/embarrassed/embarrassed55.png\n'}
[1393.097621] (xgo_motion) StdoutLine: {'line': b'-- Installing: /home/sunrise/xgo_demo/src/install/xgo_motion/share/xgo_motion/expression/rider/embarrassed/embarrassed24.png\n'}
[1393.099765] (xgo_motion) StdoutLine: {'line': b'-- Installing: /home/sunrise/xgo_demo/src/install/xgo_motion/share/xgo_motion/expression/rider/sad\n'}
[1393.102165] (xgo_motion) StdoutLine: {'line': b'-- Installing: /home/sunrise/xgo_demo/src/install/xgo_motion/share/xgo_motion/expression/rider/sad/sad32.png\n'}
[1393.104042] (xgo_motion) StdoutLine: {'line': b'-- Installing: /home/sunrise/xgo_demo/src/install/xgo_motion/share/xgo_motion/expression/rider/sad/sad35.png\n'}
[1393.105941] (xgo_motion) StdoutLine: {'line': b'-- Installing: /home/sunrise/xgo_demo/src/install/xgo_motion/share/xgo_motion/expression/rider/sad/sad3.png\n'}
[1393.107532] (xgo_motion) StdoutLine: {'line': b'-- Installing: /home/sunrise/xgo_demo/src/install/xgo_motion/share/xgo_motion/expression/rider/sad/sad50.png\n'}
[1393.109729] (xgo_motion) StdoutLine: {'line': b'-- Installing: /home/sunrise/xgo_demo/src/install/xgo_motion/share/xgo_motion/expression/rider/sad/sad41.png\n'}
[1393.111775] (xgo_motion) StdoutLine: {'line': b'-- Installing: /home/sunrise/xgo_demo/src/install/xgo_motion/share/xgo_motion/expression/rider/sad/sad38.png\n'}
[1393.113808] (xgo_motion) StdoutLine: {'line': b'-- Installing: /home/sunrise/xgo_demo/src/install/xgo_motion/share/xgo_motion/expression/rider/sad/sad36.png\n'}
[1393.115535] (xgo_motion) StdoutLine: {'line': b'-- Installing: /home/sunrise/xgo_demo/src/install/xgo_motion/share/xgo_motion/expression/rider/sad/sad29.png\n'}
[1393.116920] (xgo_motion) StdoutLine: {'line': b'-- Installing: /home/sunrise/xgo_demo/src/install/xgo_motion/share/xgo_motion/expression/rider/sad/sad43.png\n'}
[1393.119091] (xgo_motion) StdoutLine: {'line': b'-- Installing: /home/sunrise/xgo_demo/src/install/xgo_motion/share/xgo_motion/expression/rider/sad/sad28.png\n'}
[1393.120963] (xgo_motion) StdoutLine: {'line': b'-- Installing: /home/sunrise/xgo_demo/src/install/xgo_motion/share/xgo_motion/expression/rider/sad/sad56.png\n'}
[1393.123284] (xgo_motion) StdoutLine: {'line': b'-- Installing: /home/sunrise/xgo_demo/src/install/xgo_motion/share/xgo_motion/expression/rider/sad/sad26.png\n'}
[1393.124545] (xgo_motion) StdoutLine: {'line': b'-- Installing: /home/sunrise/xgo_demo/src/install/xgo_motion/share/xgo_motion/expression/rider/sad/sad8.png\n'}
[1393.127312] (xgo_motion) StdoutLine: {'line': b'-- Installing: /home/sunrise/xgo_demo/src/install/xgo_motion/share/xgo_motion/expression/rider/sad/sad9.png\n'}
[1393.129662] (xgo_motion) StdoutLine: {'line': b'-- Installing: /home/sunrise/xgo_demo/src/install/xgo_motion/share/xgo_motion/expression/rider/sad/sad25.png\n'}
[1393.131512] (xgo_motion) StdoutLine: {'line': b'-- Installing: /home/sunrise/xgo_demo/src/install/xgo_motion/share/xgo_motion/expression/rider/sad/sad45.png\n'}
[1393.134229] (xgo_motion) StdoutLine: {'line': b'-- Installing: /home/sunrise/xgo_demo/src/install/xgo_motion/share/xgo_motion/expression/rider/sad/sad55.png\n'}
[1393.136254] (xgo_motion) StdoutLine: {'line': b'-- Installing: /home/sunrise/xgo_demo/src/install/xgo_motion/share/xgo_motion/expression/rider/sad/sad22.png\n'}
[1393.138370] (xgo_motion) StdoutLine: {'line': b'-- Installing: /home/sunrise/xgo_demo/src/install/xgo_motion/share/xgo_motion/expression/rider/sad/sad39.png\n'}
[1393.140428] (xgo_motion) StdoutLine: {'line': b'-- Installing: /home/sunrise/xgo_demo/src/install/xgo_motion/share/xgo_motion/expression/rider/sad/sad59.png\n'}
[1393.142423] (xgo_motion) StdoutLine: {'line': b'-- Installing: /home/sunrise/xgo_demo/src/install/xgo_motion/share/xgo_motion/expression/rider/sad/sad20.png\n'}
[1393.144586] (xgo_motion) StdoutLine: {'line': b'-- Installing: /home/sunrise/xgo_demo/src/install/xgo_motion/share/xgo_motion/expression/rider/sad/sad57.png\n'}
[1393.146884] (xgo_motion) StdoutLine: {'line': b'-- Installing: /home/sunrise/xgo_demo/src/install/xgo_motion/share/xgo_motion/expression/rider/sad/sad34.png\n'}
[1393.149045] (xgo_motion) StdoutLine: {'line': b'-- Installing: /home/sunrise/xgo_demo/src/install/xgo_motion/share/xgo_motion/expression/rider/sad/sad48.png\n'}
[1393.151206] (xgo_motion) StdoutLine: {'line': b'-- Installing: /home/sunrise/xgo_demo/src/install/xgo_motion/share/xgo_motion/expression/rider/sad/sad65.png\n'}
[1393.153121] (xgo_motion) StdoutLine: {'line': b'-- Installing: /home/sunrise/xgo_demo/src/install/xgo_motion/share/xgo_motion/expression/rider/sad/sad14.png\n'}
[1393.155475] (xgo_motion) StdoutLine: {'line': b'-- Installing: /home/sunrise/xgo_demo/src/install/xgo_motion/share/xgo_motion/expression/rider/sad/sad1.png\n'}
[1393.157780] (xgo_motion) StdoutLine: {'line': b'-- Installing: /home/sunrise/xgo_demo/src/install/xgo_motion/share/xgo_motion/expression/rider/sad/sad24.png\n'}
[1393.160018] (xgo_motion) StdoutLine: {'line': b'-- Installing: /home/sunrise/xgo_demo/src/install/xgo_motion/share/xgo_motion/expression/rider/sad/sad7.png\n'}
[1393.161697] (xgo_motion) StdoutLine: {'line': b'-- Installing: /home/sunrise/xgo_demo/src/install/xgo_motion/share/xgo_motion/expression/rider/sad/sad13.png\n'}
[1393.164026] (xgo_motion) StdoutLine: {'line': b'-- Installing: /home/sunrise/xgo_demo/src/install/xgo_motion/share/xgo_motion/expression/rider/sad/sad6.png\n'}
[1393.166059] (xgo_motion) StdoutLine: {'line': b'-- Installing: /home/sunrise/xgo_demo/src/install/xgo_motion/share/xgo_motion/expression/rider/sad/sad27.png\n'}
[1393.168233] (xgo_motion) StdoutLine: {'line': b'-- Installing: /home/sunrise/xgo_demo/src/install/xgo_motion/share/xgo_motion/expression/rider/sad/sad52.png\n'}
[1393.170749] (xgo_motion) StdoutLine: {'line': b'-- Installing: /home/sunrise/xgo_demo/src/install/xgo_motion/share/xgo_motion/expression/rider/sad/sad61.png\n'}
[1393.172384] (xgo_motion) StdoutLine: {'line': b'-- Installing: /home/sunrise/xgo_demo/src/install/xgo_motion/share/xgo_motion/expression/rider/sad/sad18.png\n'}
[1393.174782] (xgo_motion) StdoutLine: {'line': b'-- Installing: /home/sunrise/xgo_demo/src/install/xgo_motion/share/xgo_motion/expression/rider/sad/sad60.png\n'}
[1393.177079] (xgo_motion) StdoutLine: {'line': b'-- Installing: /home/sunrise/xgo_demo/src/install/xgo_motion/share/xgo_motion/expression/rider/sad/sad37.png\n'}
[1393.179765] (xgo_motion) StdoutLine: {'line': b'-- Installing: /home/sunrise/xgo_demo/src/install/xgo_motion/share/xgo_motion/expression/rider/sad/sad54.png\n'}
[1393.181237] (-) TimerEvent: {}
[1393.182182] (xgo_motion) StdoutLine: {'line': b'-- Installing: /home/sunrise/xgo_demo/src/install/xgo_motion/share/xgo_motion/expression/rider/sad/sad51.png\n'}
[1393.183963] (xgo_motion) StdoutLine: {'line': b'-- Installing: /home/sunrise/xgo_demo/src/install/xgo_motion/share/xgo_motion/expression/rider/sad/sad19.png\n'}
[1393.186083] (xgo_motion) StdoutLine: {'line': b'-- Installing: /home/sunrise/xgo_demo/src/install/xgo_motion/share/xgo_motion/expression/rider/sad/sad10.png\n'}
[1393.188201] (xgo_motion) StdoutLine: {'line': b'-- Installing: /home/sunrise/xgo_demo/src/install/xgo_motion/share/xgo_motion/expression/rider/sad/sad2.png\n'}
[1393.190123] (xgo_motion) StdoutLine: {'line': b'-- Installing: /home/sunrise/xgo_demo/src/install/xgo_motion/share/xgo_motion/expression/rider/sad/sad33.png\n'}
[1393.192419] (xgo_motion) StdoutLine: {'line': b'-- Installing: /home/sunrise/xgo_demo/src/install/xgo_motion/share/xgo_motion/expression/rider/sad/sad17.png\n'}
[1393.194612] (xgo_motion) StdoutLine: {'line': b'-- Installing: /home/sunrise/xgo_demo/src/install/xgo_motion/share/xgo_motion/expression/rider/sad/sad42.png\n'}
[1393.196705] (xgo_motion) StdoutLine: {'line': b'-- Installing: /home/sunrise/xgo_demo/src/install/xgo_motion/share/xgo_motion/expression/rider/sad/sad62.png\n'}
[1393.198713] (xgo_motion) StdoutLine: {'line': b'-- Installing: /home/sunrise/xgo_demo/src/install/xgo_motion/share/xgo_motion/expression/rider/sad/sad23.png\n'}
[1393.201731] (xgo_motion) StdoutLine: {'line': b'-- Installing: /home/sunrise/xgo_demo/src/install/xgo_motion/share/xgo_motion/expression/rider/sad/sad21.png\n'}
[1393.203851] (xgo_motion) StdoutLine: {'line': b'-- Installing: /home/sunrise/xgo_demo/src/install/xgo_motion/share/xgo_motion/expression/rider/sad/sad5.png\n'}
[1393.205812] (xgo_motion) StdoutLine: {'line': b'-- Installing: /home/sunrise/xgo_demo/src/install/xgo_motion/share/xgo_motion/expression/rider/sad/sad40.png\n'}
[1393.209648] (xgo_motion) StdoutLine: {'line': b'-- Installing: /home/sunrise/xgo_demo/src/install/xgo_motion/share/xgo_motion/expression/rider/sad/sad46.png\n'}
[1393.211332] (xgo_motion) StdoutLine: {'line': b'-- Installing: /home/sunrise/xgo_demo/src/install/xgo_motion/share/xgo_motion/expression/rider/sad/sad16.png\n'}
[1393.213050] (xgo_motion) StdoutLine: {'line': b'-- Installing: /home/sunrise/xgo_demo/src/install/xgo_motion/share/xgo_motion/expression/rider/sad/sad63.png\n'}
[1393.215134] (xgo_motion) StdoutLine: {'line': b'-- Installing: /home/sunrise/xgo_demo/src/install/xgo_motion/share/xgo_motion/expression/rider/sad/sad53.png\n'}
[1393.217228] (xgo_motion) StdoutLine: {'line': b'-- Installing: /home/sunrise/xgo_demo/src/install/xgo_motion/share/xgo_motion/expression/rider/sad/sad12.png\n'}
[1393.219421] (xgo_motion) StdoutLine: {'line': b'-- Installing: /home/sunrise/xgo_demo/src/install/xgo_motion/share/xgo_motion/expression/rider/sad/sad30.png\n'}
[1393.221807] (xgo_motion) StdoutLine: {'line': b'-- Installing: /home/sunrise/xgo_demo/src/install/xgo_motion/share/xgo_motion/expression/rider/sad/sad47.png\n'}
[1393.223349] (xgo_motion) StdoutLine: {'line': b'-- Installing: /home/sunrise/xgo_demo/src/install/xgo_motion/share/xgo_motion/expression/rider/sad/sad49.png\n'}
[1393.225874] (xgo_motion) StdoutLine: {'line': b'-- Installing: /home/sunrise/xgo_demo/src/install/xgo_motion/share/xgo_motion/expression/rider/sad/sad11.png\n'}
[1393.227942] (xgo_motion) StdoutLine: {'line': b'-- Installing: /home/sunrise/xgo_demo/src/install/xgo_motion/share/xgo_motion/expression/rider/sad/sad58.png\n'}
[1393.230157] (xgo_motion) StdoutLine: {'line': b'-- Installing: /home/sunrise/xgo_demo/src/install/xgo_motion/share/xgo_motion/expression/rider/sad/sad44.png\n'}
[1393.232426] (xgo_motion) StdoutLine: {'line': b'-- Installing: /home/sunrise/xgo_demo/src/install/xgo_motion/share/xgo_motion/expression/rider/sad/sad64.png\n'}
[1393.234655] (xgo_motion) StdoutLine: {'line': b'-- Installing: /home/sunrise/xgo_demo/src/install/xgo_motion/share/xgo_motion/expression/rider/sad/sad31.png\n'}
[1393.238176] (xgo_motion) StdoutLine: {'line': b'-- Installing: /home/sunrise/xgo_demo/src/install/xgo_motion/share/xgo_motion/expression/rider/sad/sad15.png\n'}
[1393.241123] (xgo_motion) StdoutLine: {'line': b'-- Installing: /home/sunrise/xgo_demo/src/install/xgo_motion/share/xgo_motion/expression/rider/sad/sad4.png\n'}
[1393.243249] (xgo_motion) StdoutLine: {'line': b'-- Installing: /home/sunrise/xgo_demo/src/install/xgo_motion/share/xgo_motion/expression/rider/laugh\n'}
[1393.244583] (xgo_motion) StdoutLine: {'line': b'-- Installing: /home/sunrise/xgo_demo/src/install/xgo_motion/share/xgo_motion/expression/rider/laugh/laugh14.png\n'}
[1393.246830] (xgo_motion) StdoutLine: {'line': b'-- Installing: /home/sunrise/xgo_demo/src/install/xgo_motion/share/xgo_motion/expression/rider/laugh/laugh21.png\n'}
[1393.248720] (xgo_motion) StdoutLine: {'line': b'-- Installing: /home/sunrise/xgo_demo/src/install/xgo_motion/share/xgo_motion/expression/rider/laugh/laugh10.png\n'}
[1393.250689] (xgo_motion) StdoutLine: {'line': b'-- Installing: /home/sunrise/xgo_demo/src/install/xgo_motion/share/xgo_motion/expression/rider/laugh/laugh49.png\n'}
[1393.252556] (xgo_motion) StdoutLine: {'line': b'-- Installing: /home/sunrise/xgo_demo/src/install/xgo_motion/share/xgo_motion/expression/rider/laugh/laugh13.png\n'}
[1393.254325] (xgo_motion) StdoutLine: {'line': b'-- Installing: /home/sunrise/xgo_demo/src/install/xgo_motion/share/xgo_motion/expression/rider/laugh/laugh41.png\n'}
[1393.255684] (xgo_motion) StdoutLine: {'line': b'-- Installing: /home/sunrise/xgo_demo/src/install/xgo_motion/share/xgo_motion/expression/rider/laugh/laugh20.png\n'}
[1393.257711] (xgo_motion) StdoutLine: {'line': b'-- Installing: /home/sunrise/xgo_demo/src/install/xgo_motion/share/xgo_motion/expression/rider/laugh/laugh24.png\n'}
[1393.259423] (xgo_motion) StdoutLine: {'line': b'-- Installing: /home/sunrise/xgo_demo/src/install/xgo_motion/share/xgo_motion/expression/rider/laugh/laugh25.png\n'}
[1393.261823] (xgo_motion) StdoutLine: {'line': b'-- Installing: /home/sunrise/xgo_demo/src/install/xgo_motion/share/xgo_motion/expression/rider/laugh/laugh9.png\n'}
[1393.263423] (xgo_motion) StdoutLine: {'line': b'-- Installing: /home/sunrise/xgo_demo/src/install/xgo_motion/share/xgo_motion/expression/rider/laugh/laugh33.png\n'}
[1393.265668] (xgo_motion) StdoutLine: {'line': b'-- Installing: /home/sunrise/xgo_demo/src/install/xgo_motion/share/xgo_motion/expression/rider/laugh/laugh31.png\n'}
[1393.267927] (xgo_motion) StdoutLine: {'line': b'-- Installing: /home/sunrise/xgo_demo/src/install/xgo_motion/share/xgo_motion/expression/rider/laugh/laugh46.png\n'}
[1393.269699] (xgo_motion) StdoutLine: {'line': b'-- Installing: /home/sunrise/xgo_demo/src/install/xgo_motion/share/xgo_motion/expression/rider/laugh/laugh44.png\n'}
[1393.271705] (xgo_motion) StdoutLine: {'line': b'-- Installing: /home/sunrise/xgo_demo/src/install/xgo_motion/share/xgo_motion/expression/rider/laugh/laugh29.png\n'}
[1393.273447] (xgo_motion) StdoutLine: {'line': b'-- Installing: /home/sunrise/xgo_demo/src/install/xgo_motion/share/xgo_motion/expression/rider/laugh/laugh39.png\n'}
[1393.275139] (xgo_motion) StdoutLine: {'line': b'-- Installing: /home/sunrise/xgo_demo/src/install/xgo_motion/share/xgo_motion/expression/rider/laugh/laugh8.png\n'}
[1393.276650] (xgo_motion) StdoutLine: {'line': b'-- Installing: /home/sunrise/xgo_demo/src/install/xgo_motion/share/xgo_motion/expression/rider/laugh/laugh16.png\n'}
[1393.278398] (xgo_motion) StdoutLine: {'line': b'-- Installing: /home/sunrise/xgo_demo/src/install/xgo_motion/share/xgo_motion/expression/rider/laugh/laugh34.png\n'}
[1393.280081] (xgo_motion) StdoutLine: {'line': b'-- Installing: /home/sunrise/xgo_demo/src/install/xgo_motion/share/xgo_motion/expression/rider/laugh/laugh51.png\n'}
[1393.281389] (-) TimerEvent: {}
[1393.282794] (xgo_motion) StdoutLine: {'line': b'-- Installing: /home/sunrise/xgo_demo/src/install/xgo_motion/share/xgo_motion/expression/rider/laugh/laugh43.png\n'}
[1393.284397] (xgo_motion) StdoutLine: {'line': b'-- Installing: /home/sunrise/xgo_demo/src/install/xgo_motion/share/xgo_motion/expression/rider/laugh/laugh40.png\n'}
[1393.286613] (xgo_motion) StdoutLine: {'line': b'-- Installing: /home/sunrise/xgo_demo/src/install/xgo_motion/share/xgo_motion/expression/rider/laugh/laugh5.png\n'}
[1393.288115] (xgo_motion) StdoutLine: {'line': b'-- Installing: /home/sunrise/xgo_demo/src/install/xgo_motion/share/xgo_motion/expression/rider/laugh/laugh37.png\n'}
[1393.289871] (xgo_motion) StdoutLine: {'line': b'-- Installing: /home/sunrise/xgo_demo/src/install/xgo_motion/share/xgo_motion/expression/rider/laugh/laugh36.png\n'}
[1393.291488] (xgo_motion) StdoutLine: {'line': b'-- Installing: /home/sunrise/xgo_demo/src/install/xgo_motion/share/xgo_motion/expression/rider/laugh/laugh11.png\n'}
[1393.293225] (xgo_motion) StdoutLine: {'line': b'-- Installing: /home/sunrise/xgo_demo/src/install/xgo_motion/share/xgo_motion/expression/rider/laugh/laugh3.png\n'}
[1393.295260] (xgo_motion) StdoutLine: {'line': b'-- Installing: /home/sunrise/xgo_demo/src/install/xgo_motion/share/xgo_motion/expression/rider/laugh/laugh19.png\n'}
[1393.297350] (xgo_motion) StdoutLine: {'line': b'-- Installing: /home/sunrise/xgo_demo/src/install/xgo_motion/share/xgo_motion/expression/rider/laugh/laugh7.png\n'}
[1393.299666] (xgo_motion) StdoutLine: {'line': b'-- Installing: /home/sunrise/xgo_demo/src/install/xgo_motion/share/xgo_motion/expression/rider/laugh/laugh2.png\n'}
[1393.300785] (xgo_motion) StdoutLine: {'line': b'-- Installing: /home/sunrise/xgo_demo/src/install/xgo_motion/share/xgo_motion/expression/rider/laugh/laugh17.png\n'}
[1393.303316] (xgo_motion) StdoutLine: {'line': b'-- Installing: /home/sunrise/xgo_demo/src/install/xgo_motion/share/xgo_motion/expression/rider/laugh/laugh38.png\n'}
[1393.305755] (xgo_motion) StdoutLine: {'line': b'-- Installing: /home/sunrise/xgo_demo/src/install/xgo_motion/share/xgo_motion/expression/rider/laugh/laugh4.png\n'}
[1393.306773] (xgo_motion) StdoutLine: {'line': b'-- Installing: /home/sunrise/xgo_demo/src/install/xgo_motion/share/xgo_motion/expression/rider/laugh/laugh6.png\n'}
[1393.308871] (xgo_motion) StdoutLine: {'line': b'-- Installing: /home/sunrise/xgo_demo/src/install/xgo_motion/share/xgo_motion/expression/rider/laugh/laugh22.png\n'}
[1393.310853] (xgo_motion) StdoutLine: {'line': b'-- Installing: /home/sunrise/xgo_demo/src/install/xgo_motion/share/xgo_motion/expression/rider/laugh/laugh48.png\n'}
[1393.312234] (xgo_motion) StdoutLine: {'line': b'-- Installing: /home/sunrise/xgo_demo/src/install/xgo_motion/share/xgo_motion/expression/rider/laugh/laugh26.png\n'}
[1393.313994] (xgo_motion) StdoutLine: {'line': b'-- Installing: /home/sunrise/xgo_demo/src/install/xgo_motion/share/xgo_motion/expression/rider/laugh/laugh15.png\n'}
[1393.316073] (xgo_motion) StdoutLine: {'line': b'-- Installing: /home/sunrise/xgo_demo/src/install/xgo_motion/share/xgo_motion/expression/rider/laugh/laugh47.png\n'}
[1393.317759] (xgo_motion) StdoutLine: {'line': b'-- Installing: /home/sunrise/xgo_demo/src/install/xgo_motion/share/xgo_motion/expression/rider/laugh/laugh30.png\n'}
[1393.319852] (xgo_motion) StdoutLine: {'line': b'-- Installing: /home/sunrise/xgo_demo/src/install/xgo_motion/share/xgo_motion/expression/rider/laugh/laugh12.png\n'}
[1393.321680] (xgo_motion) StdoutLine: {'line': b'-- Installing: /home/sunrise/xgo_demo/src/install/xgo_motion/share/xgo_motion/expression/rider/laugh/laugh28.png\n'}
[1393.324316] (xgo_motion) StdoutLine: {'line': b'-- Installing: /home/sunrise/xgo_demo/src/install/xgo_motion/share/xgo_motion/expression/rider/laugh/laugh23.png\n'}
[1393.326715] (xgo_motion) StdoutLine: {'line': b'-- Installing: /home/sunrise/xgo_demo/src/install/xgo_motion/share/xgo_motion/expression/rider/laugh/laugh32.png\n'}
[1393.328605] (xgo_motion) StdoutLine: {'line': b'-- Installing: /home/sunrise/xgo_demo/src/install/xgo_motion/share/xgo_motion/expression/rider/laugh/laugh27.png\n'}
[1393.331095] (xgo_motion) StdoutLine: {'line': b'-- Installing: /home/sunrise/xgo_demo/src/install/xgo_motion/share/xgo_motion/expression/rider/laugh/laugh18.png\n'}
[1393.332995] (xgo_motion) StdoutLine: {'line': b'-- Installing: /home/sunrise/xgo_demo/src/install/xgo_motion/share/xgo_motion/expression/rider/laugh/laugh50.png\n'}
[1393.334682] (xgo_motion) StdoutLine: {'line': b'-- Installing: /home/sunrise/xgo_demo/src/install/xgo_motion/share/xgo_motion/expression/rider/laugh/laugh45.png\n'}
[1393.336800] (xgo_motion) StdoutLine: {'line': b'-- Installing: /home/sunrise/xgo_demo/src/install/xgo_motion/share/xgo_motion/expression/rider/laugh/laugh42.png\n'}
[1393.338670] (xgo_motion) StdoutLine: {'line': b'-- Installing: /home/sunrise/xgo_demo/src/install/xgo_motion/share/xgo_motion/expression/rider/laugh/laugh1.png\n'}
[1393.340081] (xgo_motion) StdoutLine: {'line': b'-- Installing: /home/sunrise/xgo_demo/src/install/xgo_motion/share/xgo_motion/expression/rider/laugh/laugh35.png\n'}
[1393.342191] (xgo_motion) StdoutLine: {'line': b'-- Installing: /home/sunrise/xgo_demo/src/install/xgo_motion/share/xgo_motion/expression/rider/hate\n'}
[1393.344452] (xgo_motion) StdoutLine: {'line': b'-- Installing: /home/sunrise/xgo_demo/src/install/xgo_motion/share/xgo_motion/expression/rider/hate/hate13.png\n'}
[1393.346023] (xgo_motion) StdoutLine: {'line': b'-- Installing: /home/sunrise/xgo_demo/src/install/xgo_motion/share/xgo_motion/expression/rider/hate/hate54.png\n'}
[1393.348235] (xgo_motion) StdoutLine: {'line': b'-- Installing: /home/sunrise/xgo_demo/src/install/xgo_motion/share/xgo_motion/expression/rider/hate/hate31.png\n'}
[1393.349731] (xgo_motion) StdoutLine: {'line': b'-- Installing: /home/sunrise/xgo_demo/src/install/xgo_motion/share/xgo_motion/expression/rider/hate/hate1.png\n'}
[1393.351245] (xgo_motion) StdoutLine: {'line': b'-- Installing: /home/sunrise/xgo_demo/src/install/xgo_motion/share/xgo_motion/expression/rider/hate/hate55.png\n'}
[1393.353262] (xgo_motion) StdoutLine: {'line': b'-- Installing: /home/sunrise/xgo_demo/src/install/xgo_motion/share/xgo_motion/expression/rider/hate/hate60.png\n'}
[1393.355005] (xgo_motion) StdoutLine: {'line': b'-- Installing: /home/sunrise/xgo_demo/src/install/xgo_motion/share/xgo_motion/expression/rider/hate/hate44.png\n'}
[1393.357276] (xgo_motion) StdoutLine: {'line': b'-- Installing: /home/sunrise/xgo_demo/src/install/xgo_motion/share/xgo_motion/expression/rider/hate/hate11.png\n'}
[1393.359275] (xgo_motion) StdoutLine: {'line': b'-- Installing: /home/sunrise/xgo_demo/src/install/xgo_motion/share/xgo_motion/expression/rider/hate/hate37.png\n'}
[1393.361735] (xgo_motion) StdoutLine: {'line': b'-- Installing: /home/sunrise/xgo_demo/src/install/xgo_motion/share/xgo_motion/expression/rider/hate/hate16.png\n'}
[1393.363854] (xgo_motion) StdoutLine: {'line': b'-- Installing: /home/sunrise/xgo_demo/src/install/xgo_motion/share/xgo_motion/expression/rider/hate/hate5.png\n'}
[1393.365050] (xgo_motion) StdoutLine: {'line': b'-- Installing: /home/sunrise/xgo_demo/src/install/xgo_motion/share/xgo_motion/expression/rider/hate/hate72.png\n'}
[1393.367399] (xgo_motion) StdoutLine: {'line': b'-- Installing: /home/sunrise/xgo_demo/src/install/xgo_motion/share/xgo_motion/expression/rider/hate/hate75.png\n'}
[1393.369225] (xgo_motion) StdoutLine: {'line': b'-- Installing: /home/sunrise/xgo_demo/src/install/xgo_motion/share/xgo_motion/expression/rider/hate/hate15.png\n'}
[1393.371847] (xgo_motion) StdoutLine: {'line': b'-- Installing: /home/sunrise/xgo_demo/src/install/xgo_motion/share/xgo_motion/expression/rider/hate/hate48.png\n'}
[1393.373610] (xgo_motion) StdoutLine: {'line': b'-- Installing: /home/sunrise/xgo_demo/src/install/xgo_motion/share/xgo_motion/expression/rider/hate/hate67.png\n'}
[1393.375729] (xgo_motion) StdoutLine: {'line': b'-- Installing: /home/sunrise/xgo_demo/src/install/xgo_motion/share/xgo_motion/expression/rider/hate/hate10.png\n'}
[1393.377517] (xgo_motion) StdoutLine: {'line': b'-- Installing: /home/sunrise/xgo_demo/src/install/xgo_motion/share/xgo_motion/expression/rider/hate/hate14.png\n'}
[1393.379424] (xgo_motion) StdoutLine: {'line': b'-- Installing: /home/sunrise/xgo_demo/src/install/xgo_motion/share/xgo_motion/expression/rider/hate/hate47.png\n'}
[1393.381579] (xgo_motion) StdoutLine: {'line': b'-- Installing: /home/sunrise/xgo_demo/src/install/xgo_motion/share/xgo_motion/expression/rider/hate/hate17.png\n'}
[1393.382418] (-) TimerEvent: {}
[1393.383576] (xgo_motion) StdoutLine: {'line': b'-- Installing: /home/sunrise/xgo_demo/src/install/xgo_motion/share/xgo_motion/expression/rider/hate/hate53.png\n'}
[1393.385657] (xgo_motion) StdoutLine: {'line': b'-- Installing: /home/sunrise/xgo_demo/src/install/xgo_motion/share/xgo_motion/expression/rider/hate/hate52.png\n'}
[1393.387886] (xgo_motion) StdoutLine: {'line': b'-- Installing: /home/sunrise/xgo_demo/src/install/xgo_motion/share/xgo_motion/expression/rider/hate/hate39.png\n'}
[1393.390032] (xgo_motion) StdoutLine: {'line': b'-- Installing: /home/sunrise/xgo_demo/src/install/xgo_motion/share/xgo_motion/expression/rider/hate/hate20.png\n'}
[1393.391474] (xgo_motion) StdoutLine: {'line': b'-- Installing: /home/sunrise/xgo_demo/src/install/xgo_motion/share/xgo_motion/expression/rider/hate/hate49.png\n'}
[1393.393789] (xgo_motion) StdoutLine: {'line': b'-- Installing: /home/sunrise/xgo_demo/src/install/xgo_motion/share/xgo_motion/expression/rider/hate/hate64.png\n'}
[1393.395471] (xgo_motion) StdoutLine: {'line': b'-- Installing: /home/sunrise/xgo_demo/src/install/xgo_motion/share/xgo_motion/expression/rider/hate/hate46.png\n'}
[1393.396971] (xgo_motion) StdoutLine: {'line': b'-- Installing: /home/sunrise/xgo_demo/src/install/xgo_motion/share/xgo_motion/expression/rider/hate/hate12.png\n'}
[1393.399237] (xgo_motion) StdoutLine: {'line': b'-- Installing: /home/sunrise/xgo_demo/src/install/xgo_motion/share/xgo_motion/expression/rider/hate/hate35.png\n'}
[1393.402283] (xgo_motion) StdoutLine: {'line': b'-- Installing: /home/sunrise/xgo_demo/src/install/xgo_motion/share/xgo_motion/expression/rider/hate/hate69.png\n'}
[1393.404067] (xgo_motion) StdoutLine: {'line': b'-- Installing: /home/sunrise/xgo_demo/src/install/xgo_motion/share/xgo_motion/expression/rider/hate/hate42.png\n'}
[1393.406649] (xgo_motion) StdoutLine: {'line': b'-- Installing: /home/sunrise/xgo_demo/src/install/xgo_motion/share/xgo_motion/expression/rider/hate/hate33.png\n'}
[1393.408189] (xgo_motion) StdoutLine: {'line': b'-- Installing: /home/sunrise/xgo_demo/src/install/xgo_motion/share/xgo_motion/expression/rider/hate/hate63.png\n'}
[1393.411395] (xgo_motion) StdoutLine: {'line': b'-- Installing: /home/sunrise/xgo_demo/src/install/xgo_motion/share/xgo_motion/expression/rider/hate/hate45.png\n'}
[1393.413991] (xgo_motion) StdoutLine: {'line': b'-- Installing: /home/sunrise/xgo_demo/src/install/xgo_motion/share/xgo_motion/expression/rider/hate/hate61.png\n'}
[1393.415665] (xgo_motion) StdoutLine: {'line': b'-- Installing: /home/sunrise/xgo_demo/src/install/xgo_motion/share/xgo_motion/expression/rider/hate/hate28.png\n'}
[1393.417731] (xgo_motion) StdoutLine: {'line': b'-- Installing: /home/sunrise/xgo_demo/src/install/xgo_motion/share/xgo_motion/expression/rider/hate/hate27.png\n'}
[1393.419463] (xgo_motion) StdoutLine: {'line': b'-- Installing: /home/sunrise/xgo_demo/src/install/xgo_motion/share/xgo_motion/expression/rider/hate/hate21.png\n'}
[1393.422925] (xgo_motion) StdoutLine: {'line': b'-- Installing: /home/sunrise/xgo_demo/src/install/xgo_motion/share/xgo_motion/expression/rider/hate/hate70.png\n'}
[1393.424836] (xgo_motion) StdoutLine: {'line': b'-- Installing: /home/sunrise/xgo_demo/src/install/xgo_motion/share/xgo_motion/expression/rider/hate/hate32.png\n'}
[1393.426324] (xgo_motion) StdoutLine: {'line': b'-- Installing: /home/sunrise/xgo_demo/src/install/xgo_motion/share/xgo_motion/expression/rider/hate/hate68.png\n'}
[1393.428693] (xgo_motion) StdoutLine: {'line': b'-- Installing: /home/sunrise/xgo_demo/src/install/xgo_motion/share/xgo_motion/expression/rider/hate/hate40.png\n'}
[1393.430679] (xgo_motion) StdoutLine: {'line': b'-- Installing: /home/sunrise/xgo_demo/src/install/xgo_motion/share/xgo_motion/expression/rider/hate/hate30.png\n'}
[1393.432850] (xgo_motion) StdoutLine: {'line': b'-- Installing: /home/sunrise/xgo_demo/src/install/xgo_motion/share/xgo_motion/expression/rider/hate/hate81.png\n'}
[1393.434548] (xgo_motion) StdoutLine: {'line': b'-- Installing: /home/sunrise/xgo_demo/src/install/xgo_motion/share/xgo_motion/expression/rider/hate/hate57.png\n'}
[1393.436875] (xgo_motion) StdoutLine: {'line': b'-- Installing: /home/sunrise/xgo_demo/src/install/xgo_motion/share/xgo_motion/expression/rider/hate/hate59.png\n'}
[1393.438896] (xgo_motion) StdoutLine: {'line': b'-- Installing: /home/sunrise/xgo_demo/src/install/xgo_motion/share/xgo_motion/expression/rider/hate/hate26.png\n'}
[1393.441242] (xgo_motion) StdoutLine: {'line': b'-- Installing: /home/sunrise/xgo_demo/src/install/xgo_motion/share/xgo_motion/expression/rider/hate/hate25.png\n'}
[1393.443185] (xgo_motion) StdoutLine: {'line': b'-- Installing: /home/sunrise/xgo_demo/src/install/xgo_motion/share/xgo_motion/expression/rider/hate/hate62.png\n'}
[1393.445680] (xgo_motion) StdoutLine: {'line': b'-- Installing: /home/sunrise/xgo_demo/src/install/xgo_motion/share/xgo_motion/expression/rider/hate/hate6.png\n'}
[1393.447421] (xgo_motion) StdoutLine: {'line': b'-- Installing: /home/sunrise/xgo_demo/src/install/xgo_motion/share/xgo_motion/expression/rider/hate/hate80.png\n'}
[1393.449554] (xgo_motion) StdoutLine: {'line': b'-- Installing: /home/sunrise/xgo_demo/src/install/xgo_motion/share/xgo_motion/expression/rider/hate/hate9.png\n'}
[1393.451529] (xgo_motion) StdoutLine: {'line': b'-- Installing: /home/sunrise/xgo_demo/src/install/xgo_motion/share/xgo_motion/expression/rider/hate/hate29.png\n'}
[1393.453558] (xgo_motion) StdoutLine: {'line': b'-- Installing: /home/sunrise/xgo_demo/src/install/xgo_motion/share/xgo_motion/expression/rider/hate/hate51.png\n'}
[1393.455318] (xgo_motion) StdoutLine: {'line': b'-- Installing: /home/sunrise/xgo_demo/src/install/xgo_motion/share/xgo_motion/expression/rider/hate/hate24.png\n'}
[1393.456931] (xgo_motion) StdoutLine: {'line': b'-- Installing: /home/sunrise/xgo_demo/src/install/xgo_motion/share/xgo_motion/expression/rider/hate/hate22.png\n'}
[1393.459246] (xgo_motion) StdoutLine: {'line': b'-- Installing: /home/sunrise/xgo_demo/src/install/xgo_motion/share/xgo_motion/expression/rider/hate/hate8.png\n'}
[1393.461323] (xgo_motion) StdoutLine: {'line': b'-- Installing: /home/sunrise/xgo_demo/src/install/xgo_motion/share/xgo_motion/expression/rider/hate/hate77.png\n'}
[1393.463625] (xgo_motion) StdoutLine: {'line': b'-- Installing: /home/sunrise/xgo_demo/src/install/xgo_motion/share/xgo_motion/expression/rider/hate/hate34.png\n'}
[1393.465190] (xgo_motion) StdoutLine: {'line': b'-- Installing: /home/sunrise/xgo_demo/src/install/xgo_motion/share/xgo_motion/expression/rider/hate/hate19.png\n'}
[1393.466947] (xgo_motion) StdoutLine: {'line': b'-- Installing: /home/sunrise/xgo_demo/src/install/xgo_motion/share/xgo_motion/expression/rider/hate/hate36.png\n'}
[1393.468798] (xgo_motion) StdoutLine: {'line': b'-- Installing: /home/sunrise/xgo_demo/src/install/xgo_motion/share/xgo_motion/expression/rider/hate/hate23.png\n'}
[1393.470371] (xgo_motion) StdoutLine: {'line': b'-- Installing: /home/sunrise/xgo_demo/src/install/xgo_motion/share/xgo_motion/expression/rider/hate/hate78.png\n'}
[1393.472784] (xgo_motion) StdoutLine: {'line': b'-- Installing: /home/sunrise/xgo_demo/src/install/xgo_motion/share/xgo_motion/expression/rider/hate/hate3.png\n'}
[1393.475213] (xgo_motion) StdoutLine: {'line': b'-- Installing: /home/sunrise/xgo_demo/src/install/xgo_motion/share/xgo_motion/expression/rider/hate/hate58.png\n'}
[1393.477003] (xgo_motion) StdoutLine: {'line': b'-- Installing: /home/sunrise/xgo_demo/src/install/xgo_motion/share/xgo_motion/expression/rider/hate/hate4.png\n'}
[1393.479513] (xgo_motion) StdoutLine: {'line': b'-- Installing: /home/sunrise/xgo_demo/src/install/xgo_motion/share/xgo_motion/expression/rider/hate/hate41.png\n'}
[1393.481779] (xgo_motion) StdoutLine: {'line': b'-- Installing: /home/sunrise/xgo_demo/src/install/xgo_motion/share/xgo_motion/expression/rider/hate/hate74.png\n'}
[1393.482691] (-) TimerEvent: {}
[1393.484323] (xgo_motion) StdoutLine: {'line': b'-- Installing: /home/sunrise/xgo_demo/src/install/xgo_motion/share/xgo_motion/expression/rider/hate/hate7.png\n'}
[1393.485698] (xgo_motion) StdoutLine: {'line': b'-- Installing: /home/sunrise/xgo_demo/src/install/xgo_motion/share/xgo_motion/expression/rider/hate/hate38.png\n'}
[1393.489144] (xgo_motion) StdoutLine: {'line': b'-- Installing: /home/sunrise/xgo_demo/src/install/xgo_motion/share/xgo_motion/expression/rider/hate/hate73.png\n'}
[1393.490994] (xgo_motion) StdoutLine: {'line': b'-- Installing: /home/sunrise/xgo_demo/src/install/xgo_motion/share/xgo_motion/expression/rider/hate/hate71.png\n'}
[1393.492860] (xgo_motion) StdoutLine: {'line': b'-- Installing: /home/sunrise/xgo_demo/src/install/xgo_motion/share/xgo_motion/expression/rider/hate/hate2.png\n'}
[1393.495254] (xgo_motion) StdoutLine: {'line': b'-- Installing: /home/sunrise/xgo_demo/src/install/xgo_motion/share/xgo_motion/expression/rider/hate/hate50.png\n'}
[1393.497381] (xgo_motion) StdoutLine: {'line': b'-- Installing: /home/sunrise/xgo_demo/src/install/xgo_motion/share/xgo_motion/expression/rider/hate/hate56.png\n'}
[1393.499643] (xgo_motion) StdoutLine: {'line': b'-- Installing: /home/sunrise/xgo_demo/src/install/xgo_motion/share/xgo_motion/expression/rider/hate/hate66.png\n'}
[1393.501353] (xgo_motion) StdoutLine: {'line': b'-- Installing: /home/sunrise/xgo_demo/src/install/xgo_motion/share/xgo_motion/expression/rider/hate/hate43.png\n'}
[1393.503325] (xgo_motion) StdoutLine: {'line': b'-- Installing: /home/sunrise/xgo_demo/src/install/xgo_motion/share/xgo_motion/expression/rider/hate/hate79.png\n'}
[1393.505980] (xgo_motion) StdoutLine: {'line': b'-- Installing: /home/sunrise/xgo_demo/src/install/xgo_motion/share/xgo_motion/expression/rider/hate/hate76.png\n'}
[1393.507693] (xgo_motion) StdoutLine: {'line': b'-- Installing: /home/sunrise/xgo_demo/src/install/xgo_motion/share/xgo_motion/expression/rider/hate/hate65.png\n'}
[1393.510092] (xgo_motion) StdoutLine: {'line': b'-- Installing: /home/sunrise/xgo_demo/src/install/xgo_motion/share/xgo_motion/expression/rider/hate/hate18.png\n'}
[1393.511947] (xgo_motion) StdoutLine: {'line': b'-- Installing: /home/sunrise/xgo_demo/src/install/xgo_motion/share/xgo_motion/expression/rider/shy\n'}
[1393.513157] (xgo_motion) StdoutLine: {'line': b'-- Installing: /home/sunrise/xgo_demo/src/install/xgo_motion/share/xgo_motion/expression/rider/shy/shy7.png\n'}
[1393.515980] (xgo_motion) StdoutLine: {'line': b'-- Installing: /home/sunrise/xgo_demo/src/install/xgo_motion/share/xgo_motion/expression/rider/shy/shy29.png\n'}
[1393.517633] (xgo_motion) StdoutLine: {'line': b'-- Installing: /home/sunrise/xgo_demo/src/install/xgo_motion/share/xgo_motion/expression/rider/shy/shy5.png\n'}
[1393.519091] (xgo_motion) StdoutLine: {'line': b'-- Installing: /home/sunrise/xgo_demo/src/install/xgo_motion/share/xgo_motion/expression/rider/shy/shy19.png\n'}
[1393.521363] (xgo_motion) StdoutLine: {'line': b'-- Installing: /home/sunrise/xgo_demo/src/install/xgo_motion/share/xgo_motion/expression/rider/shy/shy10.png\n'}
[1393.523159] (xgo_motion) StdoutLine: {'line': b'-- Installing: /home/sunrise/xgo_demo/src/install/xgo_motion/share/xgo_motion/expression/rider/shy/shy40.png\n'}
[1393.524740] (xgo_motion) StdoutLine: {'line': b'-- Installing: /home/sunrise/xgo_demo/src/install/xgo_motion/share/xgo_motion/expression/rider/shy/shy12.png\n'}
[1393.526177] (xgo_motion) StdoutLine: {'line': b'-- Installing: /home/sunrise/xgo_demo/src/install/xgo_motion/share/xgo_motion/expression/rider/shy/shy56.png\n'}
[1393.528092] (xgo_motion) StdoutLine: {'line': b'-- Installing: /home/sunrise/xgo_demo/src/install/xgo_motion/share/xgo_motion/expression/rider/shy/shy36.png\n'}
[1393.529997] (xgo_motion) StdoutLine: {'line': b'-- Installing: /home/sunrise/xgo_demo/src/install/xgo_motion/share/xgo_motion/expression/rider/shy/shy20.png\n'}
[1393.532544] (xgo_motion) StdoutLine: {'line': b'-- Installing: /home/sunrise/xgo_demo/src/install/xgo_motion/share/xgo_motion/expression/rider/shy/shy26.png\n'}
[1393.534622] (xgo_motion) StdoutLine: {'line': b'-- Installing: /home/sunrise/xgo_demo/src/install/xgo_motion/share/xgo_motion/expression/rider/shy/shy48.png\n'}
[1393.535654] (xgo_motion) StdoutLine: {'line': b'-- Installing: /home/sunrise/xgo_demo/src/install/xgo_motion/share/xgo_motion/expression/rider/shy/shy30.png\n'}
[1393.537791] (xgo_motion) StdoutLine: {'line': b'-- Installing: /home/sunrise/xgo_demo/src/install/xgo_motion/share/xgo_motion/expression/rider/shy/shy42.png\n'}
[1393.539426] (xgo_motion) StdoutLine: {'line': b'-- Installing: /home/sunrise/xgo_demo/src/install/xgo_motion/share/xgo_motion/expression/rider/shy/shy1.png\n'}
[1393.540897] (xgo_motion) StdoutLine: {'line': b'-- Installing: /home/sunrise/xgo_demo/src/install/xgo_motion/share/xgo_motion/expression/rider/shy/shy17.png\n'}
[1393.542377] (xgo_motion) StdoutLine: {'line': b'-- Installing: /home/sunrise/xgo_demo/src/install/xgo_motion/share/xgo_motion/expression/rider/shy/shy53.png\n'}
[1393.543810] (xgo_motion) StdoutLine: {'line': b'-- Installing: /home/sunrise/xgo_demo/src/install/xgo_motion/share/xgo_motion/expression/rider/shy/shy59.png\n'}
[1393.545645] (xgo_motion) StdoutLine: {'line': b'-- Installing: /home/sunrise/xgo_demo/src/install/xgo_motion/share/xgo_motion/expression/rider/shy/shy11.png\n'}
[1393.546973] (xgo_motion) StdoutLine: {'line': b'-- Installing: /home/sunrise/xgo_demo/src/install/xgo_motion/share/xgo_motion/expression/rider/shy/shy23.png\n'}
[1393.548764] (xgo_motion) StdoutLine: {'line': b'-- Installing: /home/sunrise/xgo_demo/src/install/xgo_motion/share/xgo_motion/expression/rider/shy/shy35.png\n'}
[1393.550856] (xgo_motion) StdoutLine: {'line': b'-- Installing: /home/sunrise/xgo_demo/src/install/xgo_motion/share/xgo_motion/expression/rider/shy/shy49.png\n'}
[1393.552500] (xgo_motion) StdoutLine: {'line': b'-- Installing: /home/sunrise/xgo_demo/src/install/xgo_motion/share/xgo_motion/expression/rider/shy/shy47.png\n'}
[1393.554877] (xgo_motion) StdoutLine: {'line': b'-- Installing: /home/sunrise/xgo_demo/src/install/xgo_motion/share/xgo_motion/expression/rider/shy/shy41.png\n'}
[1393.556557] (xgo_motion) StdoutLine: {'line': b'-- Installing: /home/sunrise/xgo_demo/src/install/xgo_motion/share/xgo_motion/expression/rider/shy/shy3.png\n'}
[1393.557950] (xgo_motion) StdoutLine: {'line': b'-- Installing: /home/sunrise/xgo_demo/src/install/xgo_motion/share/xgo_motion/expression/rider/shy/shy52.png\n'}
[1393.560185] (xgo_motion) StdoutLine: {'line': b'-- Installing: /home/sunrise/xgo_demo/src/install/xgo_motion/share/xgo_motion/expression/rider/shy/shy32.png\n'}
[1393.562418] (xgo_motion) StdoutLine: {'line': b'-- Installing: /home/sunrise/xgo_demo/src/install/xgo_motion/share/xgo_motion/expression/rider/shy/shy13.png\n'}
[1393.563913] (xgo_motion) StdoutLine: {'line': b'-- Installing: /home/sunrise/xgo_demo/src/install/xgo_motion/share/xgo_motion/expression/rider/shy/shy8.png\n'}
[1393.566353] (xgo_motion) StdoutLine: {'line': b'-- Installing: /home/sunrise/xgo_demo/src/install/xgo_motion/share/xgo_motion/expression/rider/shy/shy28.png\n'}
[1393.568264] (xgo_motion) StdoutLine: {'line': b'-- Installing: /home/sunrise/xgo_demo/src/install/xgo_motion/share/xgo_motion/expression/rider/shy/shy37.png\n'}
[1393.570570] (xgo_motion) StdoutLine: {'line': b'-- Installing: /home/sunrise/xgo_demo/src/install/xgo_motion/share/xgo_motion/expression/rider/shy/shy22.png\n'}
[1393.571797] (xgo_motion) StdoutLine: {'line': b'-- Installing: /home/sunrise/xgo_demo/src/install/xgo_motion/share/xgo_motion/expression/rider/shy/shy58.png\n'}
[1393.574401] (xgo_motion) StdoutLine: {'line': b'-- Installing: /home/sunrise/xgo_demo/src/install/xgo_motion/share/xgo_motion/expression/rider/shy/shy31.png\n'}
[1393.576884] (xgo_motion) StdoutLine: {'line': b'-- Installing: /home/sunrise/xgo_demo/src/install/xgo_motion/share/xgo_motion/expression/rider/shy/shy55.png\n'}
[1393.578928] (xgo_motion) StdoutLine: {'line': b'-- Installing: /home/sunrise/xgo_demo/src/install/xgo_motion/share/xgo_motion/expression/rider/shy/shy27.png\n'}
[1393.580342] (xgo_motion) StdoutLine: {'line': b'-- Installing: /home/sunrise/xgo_demo/src/install/xgo_motion/share/xgo_motion/expression/rider/shy/shy24.png\n'}
[1393.582741] (xgo_motion) StdoutLine: {'line': b'-- Installing: /home/sunrise/xgo_demo/src/install/xgo_motion/share/xgo_motion/expression/rider/shy/shy54.png\n'}
[1393.583588] (-) TimerEvent: {}
[1393.584609] (xgo_motion) StdoutLine: {'line': b'-- Installing: /home/sunrise/xgo_demo/src/install/xgo_motion/share/xgo_motion/expression/rider/shy/shy18.png\n'}
[1393.587401] (xgo_motion) StdoutLine: {'line': b'-- Installing: /home/sunrise/xgo_demo/src/install/xgo_motion/share/xgo_motion/expression/rider/shy/shy33.png\n'}
[1393.590653] (xgo_motion) StdoutLine: {'line': b'-- Installing: /home/sunrise/xgo_demo/src/install/xgo_motion/share/xgo_motion/expression/rider/shy/shy14.png\n'}
[1393.592302] (xgo_motion) StdoutLine: {'line': b'-- Installing: /home/sunrise/xgo_demo/src/install/xgo_motion/share/xgo_motion/expression/rider/shy/shy25.png\n'}
[1393.594311] (xgo_motion) StdoutLine: {'line': b'-- Installing: /home/sunrise/xgo_demo/src/install/xgo_motion/share/xgo_motion/expression/rider/shy/shy38.png\n'}
[1393.596500] (xgo_motion) StdoutLine: {'line': b'-- Installing: /home/sunrise/xgo_demo/src/install/xgo_motion/share/xgo_motion/expression/rider/shy/shy4.png\n'}
[1393.598488] (xgo_motion) StdoutLine: {'line': b'-- Installing: /home/sunrise/xgo_demo/src/install/xgo_motion/share/xgo_motion/expression/rider/shy/shy57.png\n'}
[1393.600455] (xgo_motion) StdoutLine: {'line': b'-- Installing: /home/sunrise/xgo_demo/src/install/xgo_motion/share/xgo_motion/expression/rider/shy/shy60.png\n'}
[1393.602136] (xgo_motion) StdoutLine: {'line': b'-- Installing: /home/sunrise/xgo_demo/src/install/xgo_motion/share/xgo_motion/expression/rider/shy/shy44.png\n'}
[1393.603817] (xgo_motion) StdoutLine: {'line': b'-- Installing: /home/sunrise/xgo_demo/src/install/xgo_motion/share/xgo_motion/expression/rider/shy/shy9.png\n'}
[1393.605873] (xgo_motion) StdoutLine: {'line': b'-- Installing: /home/sunrise/xgo_demo/src/install/xgo_motion/share/xgo_motion/expression/rider/shy/shy21.png\n'}
[1393.607667] (xgo_motion) StdoutLine: {'line': b'-- Installing: /home/sunrise/xgo_demo/src/install/xgo_motion/share/xgo_motion/expression/rider/shy/shy34.png\n'}
[1393.609653] (xgo_motion) StdoutLine: {'line': b'-- Installing: /home/sunrise/xgo_demo/src/install/xgo_motion/share/xgo_motion/expression/rider/shy/shy16.png\n'}
[1393.611210] (xgo_motion) StdoutLine: {'line': b'-- Installing: /home/sunrise/xgo_demo/src/install/xgo_motion/share/xgo_motion/expression/rider/shy/shy45.png\n'}
[1393.613061] (xgo_motion) StdoutLine: {'line': b'-- Installing: /home/sunrise/xgo_demo/src/install/xgo_motion/share/xgo_motion/expression/rider/shy/shy51.png\n'}
[1393.615067] (xgo_motion) StdoutLine: {'line': b'-- Installing: /home/sunrise/xgo_demo/src/install/xgo_motion/share/xgo_motion/expression/rider/shy/shy43.png\n'}
[1393.616917] (xgo_motion) StdoutLine: {'line': b'-- Installing: /home/sunrise/xgo_demo/src/install/xgo_motion/share/xgo_motion/expression/rider/shy/shy6.png\n'}
[1393.618674] (xgo_motion) StdoutLine: {'line': b'-- Installing: /home/sunrise/xgo_demo/src/install/xgo_motion/share/xgo_motion/expression/rider/shy/shy39.png\n'}
[1393.621221] (xgo_motion) StdoutLine: {'line': b'-- Installing: /home/sunrise/xgo_demo/src/install/xgo_motion/share/xgo_motion/expression/rider/shy/shy46.png\n'}
[1393.622941] (xgo_motion) StdoutLine: {'line': b'-- Installing: /home/sunrise/xgo_demo/src/install/xgo_motion/share/xgo_motion/expression/rider/shy/shy2.png\n'}
[1393.624405] (xgo_motion) StdoutLine: {'line': b'-- Installing: /home/sunrise/xgo_demo/src/install/xgo_motion/share/xgo_motion/expression/rider/shy/shy15.png\n'}
[1393.627013] (xgo_motion) StdoutLine: {'line': b'-- Installing: /home/sunrise/xgo_demo/src/install/xgo_motion/share/xgo_motion/expression/rider/shy/shy50.png\n'}
[1393.628783] (xgo_motion) StdoutLine: {'line': b'-- Installing: /home/sunrise/xgo_demo/src/install/xgo_motion/share/xgo_motion/expression/query_r\n'}
[1393.630555] (xgo_motion) StdoutLine: {'line': b'-- Installing: /home/sunrise/xgo_demo/src/install/xgo_motion/share/xgo_motion/expression/query_r/8.png\n'}
[1393.632171] (xgo_motion) StdoutLine: {'line': b'-- Installing: /home/sunrise/xgo_demo/src/install/xgo_motion/share/xgo_motion/expression/query_r/3.png\n'}
[1393.634579] (xgo_motion) StdoutLine: {'line': b'-- Installing: /home/sunrise/xgo_demo/src/install/xgo_motion/share/xgo_motion/expression/query_r/1.png\n'}
[1393.636670] (xgo_motion) StdoutLine: {'line': b'-- Installing: /home/sunrise/xgo_demo/src/install/xgo_motion/share/xgo_motion/expression/query_r/10.png\n'}
[1393.638430] (xgo_motion) StdoutLine: {'line': b'-- Installing: /home/sunrise/xgo_demo/src/install/xgo_motion/share/xgo_motion/expression/query_r/9.png\n'}
[1393.639930] (xgo_motion) StdoutLine: {'line': b'-- Installing: /home/sunrise/xgo_demo/src/install/xgo_motion/share/xgo_motion/expression/query_r/5.png\n'}
[1393.642110] (xgo_motion) StdoutLine: {'line': b'-- Installing: /home/sunrise/xgo_demo/src/install/xgo_motion/share/xgo_motion/expression/query_r/7.png\n'}
[1393.643836] (xgo_motion) StdoutLine: {'line': b'-- Installing: /home/sunrise/xgo_demo/src/install/xgo_motion/share/xgo_motion/expression/query_r/2.png\n'}
[1393.646414] (xgo_motion) StdoutLine: {'line': b'-- Installing: /home/sunrise/xgo_demo/src/install/xgo_motion/share/xgo_motion/expression/query_r/6.png\n'}
[1393.648280] (xgo_motion) StdoutLine: {'line': b'-- Installing: /home/sunrise/xgo_demo/src/install/xgo_motion/share/xgo_motion/expression/query_r/4.png\n'}
[1393.649792] (xgo_motion) StdoutLine: {'line': b'-- Installing: /home/sunrise/xgo_demo/src/install/xgo_motion/share/xgo_motion/expression/query_r/11.png\n'}
[1393.653764] (xgo_motion) StdoutLine: {'line': b'-- Installing: /home/sunrise/xgo_demo/src/install/xgo_motion/share/xgo_motion/expression/love_r\n'}
[1393.655131] (xgo_motion) StdoutLine: {'line': b'-- Installing: /home/sunrise/xgo_demo/src/install/xgo_motion/share/xgo_motion/expression/love_r/8.png\n'}
[1393.656858] (xgo_motion) StdoutLine: {'line': b'-- Installing: /home/sunrise/xgo_demo/src/install/xgo_motion/share/xgo_motion/expression/love_r/3.png\n'}
[1393.658709] (xgo_motion) StdoutLine: {'line': b'-- Installing: /home/sunrise/xgo_demo/src/install/xgo_motion/share/xgo_motion/expression/love_r/1.png\n'}
[1393.660597] (xgo_motion) StdoutLine: {'line': b'-- Installing: /home/sunrise/xgo_demo/src/install/xgo_motion/share/xgo_motion/expression/love_r/10.png\n'}
[1393.663304] (xgo_motion) StdoutLine: {'line': b'-- Installing: /home/sunrise/xgo_demo/src/install/xgo_motion/share/xgo_motion/expression/love_r/9.png\n'}
[1393.664998] (xgo_motion) StdoutLine: {'line': b'-- Installing: /home/sunrise/xgo_demo/src/install/xgo_motion/share/xgo_motion/expression/love_r/5.png\n'}
[1393.666738] (xgo_motion) StdoutLine: {'line': b'-- Installing: /home/sunrise/xgo_demo/src/install/xgo_motion/share/xgo_motion/expression/love_r/7.png\n'}
[1393.668894] (xgo_motion) StdoutLine: {'line': b'-- Installing: /home/sunrise/xgo_demo/src/install/xgo_motion/share/xgo_motion/expression/love_r/2.png\n'}
[1393.670285] (xgo_motion) StdoutLine: {'line': b'-- Installing: /home/sunrise/xgo_demo/src/install/xgo_motion/share/xgo_motion/expression/love_r/6.png\n'}
[1393.672279] (xgo_motion) StdoutLine: {'line': b'-- Installing: /home/sunrise/xgo_demo/src/install/xgo_motion/share/xgo_motion/expression/love_r/4.png\n'}
[1393.674147] (xgo_motion) StdoutLine: {'line': b'-- Installing: /home/sunrise/xgo_demo/src/install/xgo_motion/share/xgo_motion/expression/love_r/11.png\n'}
[1393.676251] (xgo_motion) StdoutLine: {'line': b'-- Installing: /home/sunrise/xgo_demo/src/install/xgo_motion/share/xgo_motion/expression/sad_r\n'}
[1393.678151] (xgo_motion) StdoutLine: {'line': b'-- Installing: /home/sunrise/xgo_demo/src/install/xgo_motion/share/xgo_motion/expression/sad_r/8.png\n'}
[1393.680841] (xgo_motion) StdoutLine: {'line': b'-- Installing: /home/sunrise/xgo_demo/src/install/xgo_motion/share/xgo_motion/expression/sad_r/3.png\n'}
[1393.682691] (xgo_motion) StdoutLine: {'line': b'-- Installing: /home/sunrise/xgo_demo/src/install/xgo_motion/share/xgo_motion/expression/sad_r/1.png\n'}
[1393.683724] (-) TimerEvent: {}
[1393.685301] (xgo_motion) StdoutLine: {'line': b'-- Installing: /home/sunrise/xgo_demo/src/install/xgo_motion/share/xgo_motion/expression/sad_r/10.png\n'}
[1393.686957] (xgo_motion) StdoutLine: {'line': b'-- Installing: /home/sunrise/xgo_demo/src/install/xgo_motion/share/xgo_motion/expression/sad_r/9.png\n'}
[1393.688432] (xgo_motion) StdoutLine: {'line': b'-- Installing: /home/sunrise/xgo_demo/src/install/xgo_motion/share/xgo_motion/expression/sad_r/5.png\n'}
[1393.690751] (xgo_motion) StdoutLine: {'line': b'-- Installing: /home/sunrise/xgo_demo/src/install/xgo_motion/share/xgo_motion/expression/sad_r/7.png\n'}
[1393.693027] (xgo_motion) StdoutLine: {'line': b'-- Installing: /home/sunrise/xgo_demo/src/install/xgo_motion/share/xgo_motion/expression/sad_r/2.png\n'}
[1393.694467] (xgo_motion) StdoutLine: {'line': b'-- Installing: /home/sunrise/xgo_demo/src/install/xgo_motion/share/xgo_motion/expression/sad_r/12.png\n'}
[1393.696221] (xgo_motion) StdoutLine: {'line': b'-- Installing: /home/sunrise/xgo_demo/src/install/xgo_motion/share/xgo_motion/expression/sad_r/6.png\n'}
[1393.698208] (xgo_motion) StdoutLine: {'line': b'-- Installing: /home/sunrise/xgo_demo/src/install/xgo_motion/share/xgo_motion/expression/sad_r/4.png\n'}
[1393.700664] (xgo_motion) StdoutLine: {'line': b'-- Installing: /home/sunrise/xgo_demo/src/install/xgo_motion/share/xgo_motion/expression/sad_r/11.png\n'}
[1393.703004] (xgo_motion) StdoutLine: {'line': b'-- Installing: /home/sunrise/xgo_demo/src/install/xgo_motion/share/xgo_motion/expression/grievance_r\n'}
[1393.704223] (xgo_motion) StdoutLine: {'line': b'-- Installing: /home/sunrise/xgo_demo/src/install/xgo_motion/share/xgo_motion/expression/grievance_r/8.png\n'}
[1393.706842] (xgo_motion) StdoutLine: {'line': b'-- Installing: /home/sunrise/xgo_demo/src/install/xgo_motion/share/xgo_motion/expression/grievance_r/3.png\n'}
[1393.708173] (xgo_motion) StdoutLine: {'line': b'-- Installing: /home/sunrise/xgo_demo/src/install/xgo_motion/share/xgo_motion/expression/grievance_r/1.png\n'}
[1393.709942] (xgo_motion) StdoutLine: {'line': b'-- Installing: /home/sunrise/xgo_demo/src/install/xgo_motion/share/xgo_motion/expression/grievance_r/10.png\n'}
[1393.712291] (xgo_motion) StdoutLine: {'line': b'-- Installing: /home/sunrise/xgo_demo/src/install/xgo_motion/share/xgo_motion/expression/grievance_r/9.png\n'}
[1393.714019] (xgo_motion) StdoutLine: {'line': b'-- Installing: /home/sunrise/xgo_demo/src/install/xgo_motion/share/xgo_motion/expression/grievance_r/5.png\n'}
[1393.716314] (xgo_motion) StdoutLine: {'line': b'-- Installing: /home/sunrise/xgo_demo/src/install/xgo_motion/share/xgo_motion/expression/grievance_r/7.png\n'}
[1393.718106] (xgo_motion) StdoutLine: {'line': b'-- Installing: /home/sunrise/xgo_demo/src/install/xgo_motion/share/xgo_motion/expression/grievance_r/2.png\n'}
[1393.719672] (xgo_motion) StdoutLine: {'line': b'-- Installing: /home/sunrise/xgo_demo/src/install/xgo_motion/share/xgo_motion/expression/grievance_r/12.png\n'}
[1393.721716] (xgo_motion) StdoutLine: {'line': b'-- Installing: /home/sunrise/xgo_demo/src/install/xgo_motion/share/xgo_motion/expression/grievance_r/6.png\n'}
[1393.723104] (xgo_motion) StdoutLine: {'line': b'-- Installing: /home/sunrise/xgo_demo/src/install/xgo_motion/share/xgo_motion/expression/grievance_r/4.png\n'}
[1393.724801] (xgo_motion) StdoutLine: {'line': b'-- Installing: /home/sunrise/xgo_demo/src/install/xgo_motion/share/xgo_motion/expression/grievance_r/11.png\n'}
[1393.727122] (xgo_motion) StdoutLine: {'line': b'-- Installing: /home/sunrise/xgo_demo/src/install/xgo_motion/share/xgo_motion/expression/Stun_r\n'}
[1393.728251] (xgo_motion) StdoutLine: {'line': b'-- Installing: /home/sunrise/xgo_demo/src/install/xgo_motion/share/xgo_motion/expression/Stun_r/8.png\n'}
[1393.731100] (xgo_motion) StdoutLine: {'line': b'-- Installing: /home/sunrise/xgo_demo/src/install/xgo_motion/share/xgo_motion/expression/Stun_r/3.png\n'}
[1393.735293] (xgo_motion) StdoutLine: {'line': b'-- Installing: /home/sunrise/xgo_demo/src/install/xgo_motion/share/xgo_motion/expression/Stun_r/1.png\n'}
[1393.738461] (xgo_motion) StdoutLine: {'line': b'-- Installing: /home/sunrise/xgo_demo/src/install/xgo_motion/share/xgo_motion/expression/Stun_r/10.png\n'}
[1393.743602] (xgo_motion) StdoutLine: {'line': b'-- Installing: /home/sunrise/xgo_demo/src/install/xgo_motion/share/xgo_motion/expression/Stun_r/9.png\n'}
[1393.747879] (xgo_motion) StdoutLine: {'line': b'-- Installing: /home/sunrise/xgo_demo/src/install/xgo_motion/share/xgo_motion/expression/Stun_r/5.png\n'}
[1393.751196] (xgo_motion) StdoutLine: {'line': b'-- Installing: /home/sunrise/xgo_demo/src/install/xgo_motion/share/xgo_motion/expression/Stun_r/7.png\n'}
[1393.753797] (xgo_motion) StdoutLine: {'line': b'-- Installing: /home/sunrise/xgo_demo/src/install/xgo_motion/share/xgo_motion/expression/Stun_r/2.png\n'}
[1393.756802] (xgo_motion) StdoutLine: {'line': b'-- Installing: /home/sunrise/xgo_demo/src/install/xgo_motion/share/xgo_motion/expression/Stun_r/12.png\n'}
[1393.760360] (xgo_motion) StdoutLine: {'line': b'-- Installing: /home/sunrise/xgo_demo/src/install/xgo_motion/share/xgo_motion/expression/Stun_r/6.png\n'}
[1393.762773] (xgo_motion) StdoutLine: {'line': b'-- Installing: /home/sunrise/xgo_demo/src/install/xgo_motion/share/xgo_motion/expression/Stun_r/4.png\n'}
[1393.766679] (xgo_motion) StdoutLine: {'line': b'-- Installing: /home/sunrise/xgo_demo/src/install/xgo_motion/share/xgo_motion/expression/Stun_r/11.png\n'}
[1393.768930] (xgo_motion) StdoutLine: {'line': b'-- Installing: /home/sunrise/xgo_demo/src/install/xgo_motion/share/xgo_motion/expression/lookaround\n'}
[1393.770488] (xgo_motion) StdoutLine: {'line': b'-- Installing: /home/sunrise/xgo_demo/src/install/xgo_motion/share/xgo_motion/expression/lookaround/8.png\n'}
[1393.772552] (xgo_motion) StdoutLine: {'line': b'-- Installing: /home/sunrise/xgo_demo/src/install/xgo_motion/share/xgo_motion/expression/lookaround/3.png\n'}
[1393.774139] (xgo_motion) StdoutLine: {'line': b'-- Installing: /home/sunrise/xgo_demo/src/install/xgo_motion/share/xgo_motion/expression/lookaround/1.png\n'}
[1393.776564] (xgo_motion) StdoutLine: {'line': b'-- Installing: /home/sunrise/xgo_demo/src/install/xgo_motion/share/xgo_motion/expression/lookaround/10.png\n'}
[1393.778852] (xgo_motion) StdoutLine: {'line': b'-- Installing: /home/sunrise/xgo_demo/src/install/xgo_motion/share/xgo_motion/expression/lookaround/9.png\n'}
[1393.780630] (xgo_motion) StdoutLine: {'line': b'-- Installing: /home/sunrise/xgo_demo/src/install/xgo_motion/share/xgo_motion/expression/lookaround/5.png\n'}
[1393.782257] (xgo_motion) StdoutLine: {'line': b'-- Installing: /home/sunrise/xgo_demo/src/install/xgo_motion/share/xgo_motion/expression/lookaround/7.png\n'}
[1393.783955] (-) TimerEvent: {}
[1393.785077] (xgo_motion) StdoutLine: {'line': b'-- Installing: /home/sunrise/xgo_demo/src/install/xgo_motion/share/xgo_motion/expression/lookaround/2.png\n'}
[1393.786234] (xgo_motion) StdoutLine: {'line': b'-- Installing: /home/sunrise/xgo_demo/src/install/xgo_motion/share/xgo_motion/expression/lookaround/12.png\n'}
[1393.788277] (xgo_motion) StdoutLine: {'line': b'-- Installing: /home/sunrise/xgo_demo/src/install/xgo_motion/share/xgo_motion/expression/lookaround/6.png\n'}
[1393.790251] (xgo_motion) StdoutLine: {'line': b'-- Installing: /home/sunrise/xgo_demo/src/install/xgo_motion/share/xgo_motion/expression/lookaround/4.png\n'}
[1393.791596] (xgo_motion) StdoutLine: {'line': b'-- Installing: /home/sunrise/xgo_demo/src/install/xgo_motion/share/xgo_motion/expression/lookaround/11.png\n'}
[1393.793656] (xgo_motion) StdoutLine: {'line': b'-- Installing: /home/sunrise/xgo_demo/src/install/xgo_motion/share/xgo_motion/expression/seek\n'}
[1393.794862] (xgo_motion) StdoutLine: {'line': b'-- Installing: /home/sunrise/xgo_demo/src/install/xgo_motion/share/xgo_motion/expression/seek/8.png\n'}
[1393.796782] (xgo_motion) StdoutLine: {'line': b'-- Installing: /home/sunrise/xgo_demo/src/install/xgo_motion/share/xgo_motion/expression/seek/3.png\n'}
[1393.799085] (xgo_motion) StdoutLine: {'line': b'-- Installing: /home/sunrise/xgo_demo/src/install/xgo_motion/share/xgo_motion/expression/seek/1.png\n'}
[1393.800812] (xgo_motion) StdoutLine: {'line': b'-- Installing: /home/sunrise/xgo_demo/src/install/xgo_motion/share/xgo_motion/expression/seek/10.png\n'}
[1393.802498] (xgo_motion) StdoutLine: {'line': b'-- Installing: /home/sunrise/xgo_demo/src/install/xgo_motion/share/xgo_motion/expression/seek/9.png\n'}
[1393.804253] (xgo_motion) StdoutLine: {'line': b'-- Installing: /home/sunrise/xgo_demo/src/install/xgo_motion/share/xgo_motion/expression/seek/5.png\n'}
[1393.806095] (xgo_motion) StdoutLine: {'line': b'-- Installing: /home/sunrise/xgo_demo/src/install/xgo_motion/share/xgo_motion/expression/seek/7.png\n'}
[1393.808195] (xgo_motion) StdoutLine: {'line': b'-- Installing: /home/sunrise/xgo_demo/src/install/xgo_motion/share/xgo_motion/expression/seek/2.png\n'}
[1393.810074] (xgo_motion) StdoutLine: {'line': b'-- Installing: /home/sunrise/xgo_demo/src/install/xgo_motion/share/xgo_motion/expression/seek/12.png\n'}
[1393.812361] (xgo_motion) StdoutLine: {'line': b'-- Installing: /home/sunrise/xgo_demo/src/install/xgo_motion/share/xgo_motion/expression/seek/6.png\n'}
[1393.814147] (xgo_motion) StdoutLine: {'line': b'-- Installing: /home/sunrise/xgo_demo/src/install/xgo_motion/share/xgo_motion/expression/seek/4.png\n'}
[1393.816435] (xgo_motion) StdoutLine: {'line': b'-- Installing: /home/sunrise/xgo_demo/src/install/xgo_motion/share/xgo_motion/expression/seek/11.png\n'}
[1393.818578] (xgo_motion) StdoutLine: {'line': b'-- Installing: /home/sunrise/xgo_demo/src/install/xgo_motion/share/xgo_motion/expression/angry\n'}
[1393.820392] (xgo_motion) StdoutLine: {'line': b'-- Installing: /home/sunrise/xgo_demo/src/install/xgo_motion/share/xgo_motion/expression/angry/8.png\n'}
[1393.822928] (xgo_motion) StdoutLine: {'line': b'-- Installing: /home/sunrise/xgo_demo/src/install/xgo_motion/share/xgo_motion/expression/angry/3.png\n'}
[1393.825146] (xgo_motion) StdoutLine: {'line': b'-- Installing: /home/sunrise/xgo_demo/src/install/xgo_motion/share/xgo_motion/expression/angry/1.png\n'}
[1393.827467] (xgo_motion) StdoutLine: {'line': b'-- Installing: /home/sunrise/xgo_demo/src/install/xgo_motion/share/xgo_motion/expression/angry/10.png\n'}
[1393.830358] (xgo_motion) StdoutLine: {'line': b'-- Installing: /home/sunrise/xgo_demo/src/install/xgo_motion/share/xgo_motion/expression/angry/9.png\n'}
[1393.835139] (xgo_motion) StdoutLine: {'line': b'-- Installing: /home/sunrise/xgo_demo/src/install/xgo_motion/share/xgo_motion/expression/angry/5.png\n'}
[1393.837554] (xgo_motion) StdoutLine: {'line': b'-- Installing: /home/sunrise/xgo_demo/src/install/xgo_motion/share/xgo_motion/expression/angry/7.png\n'}
[1393.839279] (xgo_motion) StdoutLine: {'line': b'-- Installing: /home/sunrise/xgo_demo/src/install/xgo_motion/share/xgo_motion/expression/angry/2.png\n'}
[1393.841539] (xgo_motion) StdoutLine: {'line': b'-- Installing: /home/sunrise/xgo_demo/src/install/xgo_motion/share/xgo_motion/expression/angry/12.png\n'}
[1393.844213] (xgo_motion) StdoutLine: {'line': b'-- Installing: /home/sunrise/xgo_demo/src/install/xgo_motion/share/xgo_motion/expression/angry/6.png\n'}
[1393.845878] (xgo_motion) StdoutLine: {'line': b'-- Installing: /home/sunrise/xgo_demo/src/install/xgo_motion/share/xgo_motion/expression/angry/13.png\n'}
[1393.849033] (xgo_motion) StdoutLine: {'line': b'-- Installing: /home/sunrise/xgo_demo/src/install/xgo_motion/share/xgo_motion/expression/angry/4.png\n'}
[1393.850137] (xgo_motion) StdoutLine: {'line': b'-- Installing: /home/sunrise/xgo_demo/src/install/xgo_motion/share/xgo_motion/expression/angry/11.png\n'}
[1393.852868] (xgo_motion) StdoutLine: {'line': b'-- Installing: /home/sunrise/xgo_demo/src/install/xgo_motion/share/xgo_motion/expression/sleepy\n'}
[1393.854306] (xgo_motion) StdoutLine: {'line': b'-- Installing: /home/sunrise/xgo_demo/src/install/xgo_motion/share/xgo_motion/expression/sleepy/8.png\n'}
[1393.856514] (xgo_motion) StdoutLine: {'line': b'-- Installing: /home/sunrise/xgo_demo/src/install/xgo_motion/share/xgo_motion/expression/sleepy/16.png\n'}
[1393.858358] (xgo_motion) StdoutLine: {'line': b'-- Installing: /home/sunrise/xgo_demo/src/install/xgo_motion/share/xgo_motion/expression/sleepy/3.png\n'}
[1393.859888] (xgo_motion) StdoutLine: {'line': b'-- Installing: /home/sunrise/xgo_demo/src/install/xgo_motion/share/xgo_motion/expression/sleepy/1.png\n'}
[1393.861815] (xgo_motion) StdoutLine: {'line': b'-- Installing: /home/sunrise/xgo_demo/src/install/xgo_motion/share/xgo_motion/expression/sleepy/10.png\n'}
[1393.863409] (xgo_motion) StdoutLine: {'line': b'-- Installing: /home/sunrise/xgo_demo/src/install/xgo_motion/share/xgo_motion/expression/sleepy/9.png\n'}
[1393.865596] (xgo_motion) StdoutLine: {'line': b'-- Installing: /home/sunrise/xgo_demo/src/install/xgo_motion/share/xgo_motion/expression/sleepy/19.png\n'}
[1393.868163] (xgo_motion) StdoutLine: {'line': b'-- Installing: /home/sunrise/xgo_demo/src/install/xgo_motion/share/xgo_motion/expression/sleepy/5.png\n'}
[1393.869924] (xgo_motion) StdoutLine: {'line': b'-- Installing: /home/sunrise/xgo_demo/src/install/xgo_motion/share/xgo_motion/expression/sleepy/7.png\n'}
[1393.871756] (xgo_motion) StdoutLine: {'line': b'-- Installing: /home/sunrise/xgo_demo/src/install/xgo_motion/share/xgo_motion/expression/sleepy/17.png\n'}
[1393.873808] (xgo_motion) StdoutLine: {'line': b'-- Installing: /home/sunrise/xgo_demo/src/install/xgo_motion/share/xgo_motion/expression/sleepy/2.png\n'}
[1393.875267] (xgo_motion) StdoutLine: {'line': b'-- Installing: /home/sunrise/xgo_demo/src/install/xgo_motion/share/xgo_motion/expression/sleepy/12.png\n'}
[1393.876856] (xgo_motion) StdoutLine: {'line': b'-- Installing: /home/sunrise/xgo_demo/src/install/xgo_motion/share/xgo_motion/expression/sleepy/15.png\n'}
[1393.878382] (xgo_motion) StdoutLine: {'line': b'-- Installing: /home/sunrise/xgo_demo/src/install/xgo_motion/share/xgo_motion/expression/sleepy/6.png\n'}
[1393.880688] (xgo_motion) StdoutLine: {'line': b'-- Installing: /home/sunrise/xgo_demo/src/install/xgo_motion/share/xgo_motion/expression/sleepy/13.png\n'}
[1393.882557] (xgo_motion) StdoutLine: {'line': b'-- Installing: /home/sunrise/xgo_demo/src/install/xgo_motion/share/xgo_motion/expression/sleepy/4.png\n'}
[1393.884338] (xgo_motion) StdoutLine: {'line': b'-- Installing: /home/sunrise/xgo_demo/src/install/xgo_motion/share/xgo_motion/expression/sleepy/18.png\n'}
[1393.885279] (-) TimerEvent: {}
[1393.886910] (xgo_motion) StdoutLine: {'line': b'-- Installing: /home/sunrise/xgo_demo/src/install/xgo_motion/share/xgo_motion/expression/sleepy/11.png\n'}
[1393.887987] (xgo_motion) StdoutLine: {'line': b'-- Installing: /home/sunrise/xgo_demo/src/install/xgo_motion/share/xgo_motion/expression/sleepy/14.png\n'}
[1393.889653] (xgo_motion) StdoutLine: {'line': b'-- Installing: /home/sunrise/xgo_demo/src/install/xgo_motion/share/xgo_motion/expression/surprise\n'}
[1393.891062] (xgo_motion) StdoutLine: {'line': b'-- Installing: /home/sunrise/xgo_demo/src/install/xgo_motion/share/xgo_motion/expression/surprise/8.png\n'}
[1393.892967] (xgo_motion) StdoutLine: {'line': b'-- Installing: /home/sunrise/xgo_demo/src/install/xgo_motion/share/xgo_motion/expression/surprise/3.png\n'}
[1393.894745] (xgo_motion) StdoutLine: {'line': b'-- Installing: /home/sunrise/xgo_demo/src/install/xgo_motion/share/xgo_motion/expression/surprise/1.png\n'}
[1393.896272] (xgo_motion) StdoutLine: {'line': b'-- Installing: /home/sunrise/xgo_demo/src/install/xgo_motion/share/xgo_motion/expression/surprise/10.png\n'}
[1393.897780] (xgo_motion) StdoutLine: {'line': b'-- Installing: /home/sunrise/xgo_demo/src/install/xgo_motion/share/xgo_motion/expression/surprise/9.png\n'}
[1393.899470] (xgo_motion) StdoutLine: {'line': b'-- Installing: /home/sunrise/xgo_demo/src/install/xgo_motion/share/xgo_motion/expression/surprise/5.png\n'}
[1393.901353] (xgo_motion) StdoutLine: {'line': b'-- Installing: /home/sunrise/xgo_demo/src/install/xgo_motion/share/xgo_motion/expression/surprise/7.png\n'}
[1393.902924] (xgo_motion) StdoutLine: {'line': b'-- Installing: /home/sunrise/xgo_demo/src/install/xgo_motion/share/xgo_motion/expression/surprise/2.png\n'}
[1393.905523] (xgo_motion) StdoutLine: {'line': b'-- Installing: /home/sunrise/xgo_demo/src/install/xgo_motion/share/xgo_motion/expression/surprise/12.png\n'}
[1393.908031] (xgo_motion) StdoutLine: {'line': b'-- Installing: /home/sunrise/xgo_demo/src/install/xgo_motion/share/xgo_motion/expression/surprise/15.png\n'}
[1393.910676] (xgo_motion) StdoutLine: {'line': b'-- Installing: /home/sunrise/xgo_demo/src/install/xgo_motion/share/xgo_motion/expression/surprise/6.png\n'}
[1393.912233] (xgo_motion) StdoutLine: {'line': b'-- Installing: /home/sunrise/xgo_demo/src/install/xgo_motion/share/xgo_motion/expression/surprise/13.png\n'}
[1393.915175] (xgo_motion) StdoutLine: {'line': b'-- Installing: /home/sunrise/xgo_demo/src/install/xgo_motion/share/xgo_motion/expression/surprise/4.png\n'}
[1393.917161] (xgo_motion) StdoutLine: {'line': b'-- Installing: /home/sunrise/xgo_demo/src/install/xgo_motion/share/xgo_motion/expression/surprise/11.png\n'}
[1393.919691] (xgo_motion) StdoutLine: {'line': b'-- Installing: /home/sunrise/xgo_demo/src/install/xgo_motion/share/xgo_motion/expression/surprise/14.png\n'}
[1393.922650] (xgo_motion) StdoutLine: {'line': b'-- Installing: /home/sunrise/xgo_demo/src/install/xgo_motion/share/xgo_motion/expression/love\n'}
[1393.925256] (xgo_motion) StdoutLine: {'line': b'-- Installing: /home/sunrise/xgo_demo/src/install/xgo_motion/share/xgo_motion/expression/love/8.png\n'}
[1393.928080] (xgo_motion) StdoutLine: {'line': b'-- Installing: /home/sunrise/xgo_demo/src/install/xgo_motion/share/xgo_motion/expression/love/3.png\n'}
[1393.930048] (xgo_motion) StdoutLine: {'line': b'-- Installing: /home/sunrise/xgo_demo/src/install/xgo_motion/share/xgo_motion/expression/love/1.png\n'}
[1393.931740] (xgo_motion) StdoutLine: {'line': b'-- Installing: /home/sunrise/xgo_demo/src/install/xgo_motion/share/xgo_motion/expression/love/10.png\n'}
[1393.933597] (xgo_motion) StdoutLine: {'line': b'-- Installing: /home/sunrise/xgo_demo/src/install/xgo_motion/share/xgo_motion/expression/love/9.png\n'}
[1393.935235] (xgo_motion) StdoutLine: {'line': b'-- Installing: /home/sunrise/xgo_demo/src/install/xgo_motion/share/xgo_motion/expression/love/5.png\n'}
[1393.936877] (xgo_motion) StdoutLine: {'line': b'-- Installing: /home/sunrise/xgo_demo/src/install/xgo_motion/share/xgo_motion/expression/love/7.png\n'}
[1393.938293] (xgo_motion) StdoutLine: {'line': b'-- Installing: /home/sunrise/xgo_demo/src/install/xgo_motion/share/xgo_motion/expression/love/2.png\n'}
[1393.940149] (xgo_motion) StdoutLine: {'line': b'-- Installing: /home/sunrise/xgo_demo/src/install/xgo_motion/share/xgo_motion/expression/love/12.png\n'}
[1393.942999] (xgo_motion) StdoutLine: {'line': b'-- Installing: /home/sunrise/xgo_demo/src/install/xgo_motion/share/xgo_motion/expression/love/6.png\n'}
[1393.945634] (xgo_motion) StdoutLine: {'line': b'-- Installing: /home/sunrise/xgo_demo/src/install/xgo_motion/share/xgo_motion/expression/love/13.png\n'}
[1393.947073] (xgo_motion) StdoutLine: {'line': b'-- Installing: /home/sunrise/xgo_demo/src/install/xgo_motion/share/xgo_motion/expression/love/4.png\n'}
[1393.948515] (xgo_motion) StdoutLine: {'line': b'-- Installing: /home/sunrise/xgo_demo/src/install/xgo_motion/share/xgo_motion/expression/love/11.png\n'}
[1393.950311] (xgo_motion) StdoutLine: {'line': b'-- Installing: /home/sunrise/xgo_demo/src/install/xgo_motion/share/xgo_motion/expression/guffaw_r\n'}
[1393.951690] (xgo_motion) StdoutLine: {'line': b'-- Installing: /home/sunrise/xgo_demo/src/install/xgo_motion/share/xgo_motion/expression/guffaw_r/8.png\n'}
[1393.953708] (xgo_motion) StdoutLine: {'line': b'-- Installing: /home/sunrise/xgo_demo/src/install/xgo_motion/share/xgo_motion/expression/guffaw_r/3.png\n'}
[1393.954982] (xgo_motion) StdoutLine: {'line': b'-- Installing: /home/sunrise/xgo_demo/src/install/xgo_motion/share/xgo_motion/expression/guffaw_r/1.png\n'}
[1393.956644] (xgo_motion) StdoutLine: {'line': b'-- Installing: /home/sunrise/xgo_demo/src/install/xgo_motion/share/xgo_motion/expression/guffaw_r/10.png\n'}
[1393.958046] (xgo_motion) StdoutLine: {'line': b'-- Installing: /home/sunrise/xgo_demo/src/install/xgo_motion/share/xgo_motion/expression/guffaw_r/9.png\n'}
[1393.959305] (xgo_motion) StdoutLine: {'line': b'-- Installing: /home/sunrise/xgo_demo/src/install/xgo_motion/share/xgo_motion/expression/guffaw_r/5.png\n'}
[1393.961128] (xgo_motion) StdoutLine: {'line': b'-- Installing: /home/sunrise/xgo_demo/src/install/xgo_motion/share/xgo_motion/expression/guffaw_r/7.png\n'}
[1393.962802] (xgo_motion) StdoutLine: {'line': b'-- Installing: /home/sunrise/xgo_demo/src/install/xgo_motion/share/xgo_motion/expression/guffaw_r/2.png\n'}
[1393.964600] (xgo_motion) StdoutLine: {'line': b'-- Installing: /home/sunrise/xgo_demo/src/install/xgo_motion/share/xgo_motion/expression/guffaw_r/6.png\n'}
[1393.966271] (xgo_motion) StdoutLine: {'line': b'-- Installing: /home/sunrise/xgo_demo/src/install/xgo_motion/share/xgo_motion/expression/guffaw_r/4.png\n'}
[1393.968010] (xgo_motion) StdoutLine: {'line': b'-- Installing: /home/sunrise/xgo_demo/src/install/xgo_motion/share/xgo_motion/expression/sad\n'}
[1393.969988] (xgo_motion) StdoutLine: {'line': b'-- Installing: /home/sunrise/xgo_demo/src/install/xgo_motion/share/xgo_motion/expression/sad/8.png\n'}
[1393.972646] (xgo_motion) StdoutLine: {'line': b'-- Installing: /home/sunrise/xgo_demo/src/install/xgo_motion/share/xgo_motion/expression/sad/3.png\n'}
[1393.974871] (xgo_motion) StdoutLine: {'line': b'-- Installing: /home/sunrise/xgo_demo/src/install/xgo_motion/share/xgo_motion/expression/sad/1.png\n'}
[1393.976698] (xgo_motion) StdoutLine: {'line': b'-- Installing: /home/sunrise/xgo_demo/src/install/xgo_motion/share/xgo_motion/expression/sad/10.png\n'}
[1393.980100] (xgo_motion) StdoutLine: {'line': b'-- Installing: /home/sunrise/xgo_demo/src/install/xgo_motion/share/xgo_motion/expression/sad/9.png\n'}
[1393.983328] (xgo_motion) StdoutLine: {'line': b'-- Installing: /home/sunrise/xgo_demo/src/install/xgo_motion/share/xgo_motion/expression/sad/5.png\n'}
[1393.984658] (xgo_motion) StdoutLine: {'line': b'-- Installing: /home/sunrise/xgo_demo/src/install/xgo_motion/share/xgo_motion/expression/sad/7.png\n'}
[1393.985408] (-) TimerEvent: {}
[1393.986401] (xgo_motion) StdoutLine: {'line': b'-- Installing: /home/sunrise/xgo_demo/src/install/xgo_motion/share/xgo_motion/expression/sad/2.png\n'}
[1393.988631] (xgo_motion) StdoutLine: {'line': b'-- Installing: /home/sunrise/xgo_demo/src/install/xgo_motion/share/xgo_motion/expression/sad/12.png\n'}
[1393.991598] (xgo_motion) StdoutLine: {'line': b'-- Installing: /home/sunrise/xgo_demo/src/install/xgo_motion/share/xgo_motion/expression/sad/6.png\n'}
[1393.993140] (xgo_motion) StdoutLine: {'line': b'-- Installing: /home/sunrise/xgo_demo/src/install/xgo_motion/share/xgo_motion/expression/sad/13.png\n'}
[1393.996416] (xgo_motion) StdoutLine: {'line': b'-- Installing: /home/sunrise/xgo_demo/src/install/xgo_motion/share/xgo_motion/expression/sad/4.png\n'}
[1393.997819] (xgo_motion) StdoutLine: {'line': b'-- Installing: /home/sunrise/xgo_demo/src/install/xgo_motion/share/xgo_motion/expression/sad/11.png\n'}
[1394.001366] (xgo_motion) StdoutLine: {'line': b'-- Installing: /home/sunrise/xgo_demo/src/install/xgo_motion/share/xgo_motion/expression/sad/14.png\n'}
[1394.005238] (xgo_motion) StdoutLine: {'line': b'-- Installing: /home/sunrise/xgo_demo/src/install/xgo_motion/share/xgo_motion/expression/guffaw\n'}
[1394.006484] (xgo_motion) StdoutLine: {'line': b'-- Installing: /home/sunrise/xgo_demo/src/install/xgo_motion/share/xgo_motion/expression/guffaw/8.png\n'}
[1394.008727] (xgo_motion) StdoutLine: {'line': b'-- Installing: /home/sunrise/xgo_demo/src/install/xgo_motion/share/xgo_motion/expression/guffaw/3.png\n'}
[1394.010699] (xgo_motion) StdoutLine: {'line': b'-- Installing: /home/sunrise/xgo_demo/src/install/xgo_motion/share/xgo_motion/expression/guffaw/1.png\n'}
[1394.013839] (xgo_motion) StdoutLine: {'line': b'-- Installing: /home/sunrise/xgo_demo/src/install/xgo_motion/share/xgo_motion/expression/guffaw/5.png\n'}
[1394.016572] (xgo_motion) StdoutLine: {'line': b'-- Installing: /home/sunrise/xgo_demo/src/install/xgo_motion/share/xgo_motion/expression/guffaw/7.png\n'}
[1394.018810] (xgo_motion) StdoutLine: {'line': b'-- Installing: /home/sunrise/xgo_demo/src/install/xgo_motion/share/xgo_motion/expression/guffaw/2.png\n'}
[1394.021028] (xgo_motion) StdoutLine: {'line': b'-- Installing: /home/sunrise/xgo_demo/src/install/xgo_motion/share/xgo_motion/expression/guffaw/6.png\n'}
[1394.022764] (xgo_motion) StdoutLine: {'line': b'-- Installing: /home/sunrise/xgo_demo/src/install/xgo_motion/share/xgo_motion/expression/guffaw/4.png\n'}
[1394.024649] (xgo_motion) StdoutLine: {'line': b'-- Installing: /home/sunrise/xgo_demo/src/install/xgo_motion/share/xgo_motion/expression/angry_r\n'}
[1394.026604] (xgo_motion) StdoutLine: {'line': b'-- Installing: /home/sunrise/xgo_demo/src/install/xgo_motion/share/xgo_motion/expression/angry_r/8.png\n'}
[1394.028939] (xgo_motion) StdoutLine: {'line': b'-- Installing: /home/sunrise/xgo_demo/src/install/xgo_motion/share/xgo_motion/expression/angry_r/3.png\n'}
[1394.030824] (xgo_motion) StdoutLine: {'line': b'-- Installing: /home/sunrise/xgo_demo/src/install/xgo_motion/share/xgo_motion/expression/angry_r/1.png\n'}
[1394.033195] (xgo_motion) StdoutLine: {'line': b'-- Installing: /home/sunrise/xgo_demo/src/install/xgo_motion/share/xgo_motion/expression/angry_r/10.png\n'}
[1394.036345] (xgo_motion) StdoutLine: {'line': b'-- Installing: /home/sunrise/xgo_demo/src/install/xgo_motion/share/xgo_motion/expression/angry_r/9.png\n'}
[1394.038793] (xgo_motion) StdoutLine: {'line': b'-- Installing: /home/sunrise/xgo_demo/src/install/xgo_motion/share/xgo_motion/expression/angry_r/5.png\n'}
[1394.041306] (xgo_motion) StdoutLine: {'line': b'-- Installing: /home/sunrise/xgo_demo/src/install/xgo_motion/share/xgo_motion/expression/angry_r/7.png\n'}
[1394.043959] (xgo_motion) StdoutLine: {'line': b'-- Installing: /home/sunrise/xgo_demo/src/install/xgo_motion/share/xgo_motion/expression/angry_r/2.png\n'}
[1394.046024] (xgo_motion) StdoutLine: {'line': b'-- Installing: /home/sunrise/xgo_demo/src/install/xgo_motion/share/xgo_motion/expression/angry_r/12.png\n'}
[1394.049378] (xgo_motion) StdoutLine: {'line': b'-- Installing: /home/sunrise/xgo_demo/src/install/xgo_motion/share/xgo_motion/expression/angry_r/6.png\n'}
[1394.053017] (xgo_motion) StdoutLine: {'line': b'-- Installing: /home/sunrise/xgo_demo/src/install/xgo_motion/share/xgo_motion/expression/angry_r/4.png\n'}
[1394.054827] (xgo_motion) StdoutLine: {'line': b'-- Installing: /home/sunrise/xgo_demo/src/install/xgo_motion/share/xgo_motion/expression/angry_r/11.png\n'}
[1394.057458] (xgo_motion) StdoutLine: {'line': b'-- Installing: /home/sunrise/xgo_demo/src/install/xgo_motion/share/xgo_motion/expression/hate\n'}
[1394.059281] (xgo_motion) StdoutLine: {'line': b'-- Installing: /home/sunrise/xgo_demo/src/install/xgo_motion/share/xgo_motion/expression/hate/8.png\n'}
[1394.061125] (xgo_motion) StdoutLine: {'line': b'-- Installing: /home/sunrise/xgo_demo/src/install/xgo_motion/share/xgo_motion/expression/hate/3.png\n'}
[1394.063848] (xgo_motion) StdoutLine: {'line': b'-- Installing: /home/sunrise/xgo_demo/src/install/xgo_motion/share/xgo_motion/expression/hate/1.png\n'}
[1394.064913] (xgo_motion) StdoutLine: {'line': b'-- Installing: /home/sunrise/xgo_demo/src/install/xgo_motion/share/xgo_motion/expression/hate/10.png\n'}
[1394.067007] (xgo_motion) StdoutLine: {'line': b'-- Installing: /home/sunrise/xgo_demo/src/install/xgo_motion/share/xgo_motion/expression/hate/9.png\n'}
[1394.068663] (xgo_motion) StdoutLine: {'line': b'-- Installing: /home/sunrise/xgo_demo/src/install/xgo_motion/share/xgo_motion/expression/hate/5.png\n'}
[1394.070580] (xgo_motion) StdoutLine: {'line': b'-- Installing: /home/sunrise/xgo_demo/src/install/xgo_motion/share/xgo_motion/expression/hate/7.png\n'}
[1394.071854] (xgo_motion) StdoutLine: {'line': b'-- Installing: /home/sunrise/xgo_demo/src/install/xgo_motion/share/xgo_motion/expression/hate/2.png\n'}
[1394.073929] (xgo_motion) StdoutLine: {'line': b'-- Installing: /home/sunrise/xgo_demo/src/install/xgo_motion/share/xgo_motion/expression/hate/6.png\n'}
[1394.075444] (xgo_motion) StdoutLine: {'line': b'-- Installing: /home/sunrise/xgo_demo/src/install/xgo_motion/share/xgo_motion/expression/hate/4.png\n'}
[1394.077889] (xgo_motion) StdoutLine: {'line': b'-- Installing: /home/sunrise/xgo_demo/src/install/xgo_motion/share/xgo_motion/expression/shame_r\n'}
[1394.079053] (xgo_motion) StdoutLine: {'line': b'-- Installing: /home/sunrise/xgo_demo/src/install/xgo_motion/share/xgo_motion/expression/shame_r/8.png\n'}
[1394.081295] (xgo_motion) StdoutLine: {'line': b'-- Installing: /home/sunrise/xgo_demo/src/install/xgo_motion/share/xgo_motion/expression/shame_r/3.png\n'}
[1394.083397] (xgo_motion) StdoutLine: {'line': b'-- Installing: /home/sunrise/xgo_demo/src/install/xgo_motion/share/xgo_motion/expression/shame_r/1.png\n'}
[1394.084924] (xgo_motion) StdoutLine: {'line': b'-- Installing: /home/sunrise/xgo_demo/src/install/xgo_motion/share/xgo_motion/expression/shame_r/10.png\n'}
[1394.085992] (-) TimerEvent: {}
[1394.086848] (xgo_motion) StdoutLine: {'line': b'-- Installing: /home/sunrise/xgo_demo/src/install/xgo_motion/share/xgo_motion/expression/shame_r/9.png\n'}
[1394.088705] (xgo_motion) StdoutLine: {'line': b'-- Installing: /home/sunrise/xgo_demo/src/install/xgo_motion/share/xgo_motion/expression/shame_r/5.png\n'}
[1394.090549] (xgo_motion) StdoutLine: {'line': b'-- Installing: /home/sunrise/xgo_demo/src/install/xgo_motion/share/xgo_motion/expression/shame_r/7.png\n'}
[1394.092540] (xgo_motion) StdoutLine: {'line': b'-- Installing: /home/sunrise/xgo_demo/src/install/xgo_motion/share/xgo_motion/expression/shame_r/2.png\n'}
[1394.094059] (xgo_motion) StdoutLine: {'line': b'-- Installing: /home/sunrise/xgo_demo/src/install/xgo_motion/share/xgo_motion/expression/shame_r/6.png\n'}
[1394.095954] (xgo_motion) StdoutLine: {'line': b'-- Installing: /home/sunrise/xgo_demo/src/install/xgo_motion/share/xgo_motion/expression/shame_r/4.png\n'}
[1394.098181] (xgo_motion) StdoutLine: {'line': b'-- Installing: /home/sunrise/xgo_demo/src/install/xgo_motion/share/xgo_motion/expression/naughty_r\n'}
[1394.099624] (xgo_motion) StdoutLine: {'line': b'-- Installing: /home/sunrise/xgo_demo/src/install/xgo_motion/share/xgo_motion/expression/naughty_r/8.png\n'}
[1394.101626] (xgo_motion) StdoutLine: {'line': b'-- Installing: /home/sunrise/xgo_demo/src/install/xgo_motion/share/xgo_motion/expression/naughty_r/3.png\n'}
[1394.103164] (xgo_motion) StdoutLine: {'line': b'-- Installing: /home/sunrise/xgo_demo/src/install/xgo_motion/share/xgo_motion/expression/naughty_r/1.png\n'}
[1394.105188] (xgo_motion) StdoutLine: {'line': b'-- Installing: /home/sunrise/xgo_demo/src/install/xgo_motion/share/xgo_motion/expression/naughty_r/10.png\n'}
[1394.107453] (xgo_motion) StdoutLine: {'line': b'-- Installing: /home/sunrise/xgo_demo/src/install/xgo_motion/share/xgo_motion/expression/naughty_r/9.png\n'}
[1394.108534] (xgo_motion) StdoutLine: {'line': b'-- Installing: /home/sunrise/xgo_demo/src/install/xgo_motion/share/xgo_motion/expression/naughty_r/5.png\n'}
[1394.111125] (xgo_motion) StdoutLine: {'line': b'-- Installing: /home/sunrise/xgo_demo/src/install/xgo_motion/share/xgo_motion/expression/naughty_r/7.png\n'}
[1394.112798] (xgo_motion) StdoutLine: {'line': b'-- Installing: /home/sunrise/xgo_demo/src/install/xgo_motion/share/xgo_motion/expression/naughty_r/2.png\n'}
[1394.115021] (xgo_motion) StdoutLine: {'line': b'-- Installing: /home/sunrise/xgo_demo/src/install/xgo_motion/share/xgo_motion/expression/naughty_r/12.png\n'}
[1394.116753] (xgo_motion) StdoutLine: {'line': b'-- Installing: /home/sunrise/xgo_demo/src/install/xgo_motion/share/xgo_motion/expression/naughty_r/6.png\n'}
[1394.118473] (xgo_motion) StdoutLine: {'line': b'-- Installing: /home/sunrise/xgo_demo/src/install/xgo_motion/share/xgo_motion/expression/naughty_r/4.png\n'}
[1394.120642] (xgo_motion) StdoutLine: {'line': b'-- Installing: /home/sunrise/xgo_demo/src/install/xgo_motion/share/xgo_motion/expression/naughty_r/11.png\n'}
[1394.122637] (xgo_motion) StdoutLine: {'line': b'-- Installing: /home/sunrise/xgo_demo/src/install/xgo_motion/share/xgo_motion/expression/sleepy_r\n'}
[1394.123779] (xgo_motion) StdoutLine: {'line': b'-- Installing: /home/sunrise/xgo_demo/src/install/xgo_motion/share/xgo_motion/expression/sleepy_r/8.png\n'}
[1394.126162] (xgo_motion) StdoutLine: {'line': b'-- Installing: /home/sunrise/xgo_demo/src/install/xgo_motion/share/xgo_motion/expression/sleepy_r/3.png\n'}
[1394.128010] (xgo_motion) StdoutLine: {'line': b'-- Installing: /home/sunrise/xgo_demo/src/install/xgo_motion/share/xgo_motion/expression/sleepy_r/1.png\n'}
[1394.130311] (xgo_motion) StdoutLine: {'line': b'-- Installing: /home/sunrise/xgo_demo/src/install/xgo_motion/share/xgo_motion/expression/sleepy_r/10.png\n'}
[1394.131766] (xgo_motion) StdoutLine: {'line': b'-- Installing: /home/sunrise/xgo_demo/src/install/xgo_motion/share/xgo_motion/expression/sleepy_r/9.png\n'}
[1394.133586] (xgo_motion) StdoutLine: {'line': b'-- Installing: /home/sunrise/xgo_demo/src/install/xgo_motion/share/xgo_motion/expression/sleepy_r/5.png\n'}
[1394.135568] (xgo_motion) StdoutLine: {'line': b'-- Installing: /home/sunrise/xgo_demo/src/install/xgo_motion/share/xgo_motion/expression/sleepy_r/7.png\n'}
[1394.137618] (xgo_motion) StdoutLine: {'line': b'-- Installing: /home/sunrise/xgo_demo/src/install/xgo_motion/share/xgo_motion/expression/sleepy_r/2.png\n'}
[1394.139309] (xgo_motion) StdoutLine: {'line': b'-- Installing: /home/sunrise/xgo_demo/src/install/xgo_motion/share/xgo_motion/expression/sleepy_r/6.png\n'}
[1394.141485] (xgo_motion) StdoutLine: {'line': b'-- Installing: /home/sunrise/xgo_demo/src/install/xgo_motion/share/xgo_motion/expression/sleepy_r/4.png\n'}
[1394.144322] (xgo_motion) StdoutLine: {'line': b'-- Installing: /home/sunrise/xgo_demo/src/install/xgo_motion/share/xgo_motion/expression/sleepy_r/11.png\n'}
[1394.148125] (xgo_motion) StdoutLine: {'line': b'-- Installing: /home/sunrise/xgo_demo/src/install/xgo_motion/share/xgo_motion/music\n'}
[1394.149910] (xgo_motion) StdoutLine: {'line': b'-- Installing: /home/sunrise/xgo_demo/src/install/xgo_motion/share/xgo_motion/music/Dream.mp3\n'}
[1394.186234] (-) TimerEvent: {}
[1394.287351] (-) TimerEvent: {}
[1394.388293] (-) TimerEvent: {}
[1394.489165] (-) TimerEvent: {}
[1394.590102] (-) TimerEvent: {}
[1394.691028] (-) TimerEvent: {}
[1394.791891] (-) TimerEvent: {}
[1394.880968] (xgo_motion) StdoutLine: {'line': b'-- Installing: /home/sunrise/xgo_demo/src/install/xgo_motion/share/xgo_motion/music/Dream_48k_stereo.wav\n'}
[1394.891984] (-) TimerEvent: {}
[1394.992711] (-) TimerEvent: {}
[1395.093522] (-) TimerEvent: {}
[1395.194355] (-) TimerEvent: {}
[1395.295179] (-) TimerEvent: {}
[1395.396012] (-) TimerEvent: {}
[1395.496892] (-) TimerEvent: {}
[1395.579480] (<colcon_parallel_executor.executor.parallel.ParallelExecutorExtension object at 0x7faa4c4d90>) ParallelStatus: {'processing': ('xgo_face_control', 'xgo_head', 'xgo_motion')}
[1395.597022] (-) TimerEvent: {}
[1395.697806] (-) TimerEvent: {}
[1395.798686] (-) TimerEvent: {}
[1395.899684] (-) TimerEvent: {}
[1396.000593] (-) TimerEvent: {}
[1396.101591] (-) TimerEvent: {}
[1396.202613] (-) TimerEvent: {}
[1396.303590] (-) TimerEvent: {}
[1396.404525] (-) TimerEvent: {}
[1396.505568] (-) TimerEvent: {}
[1396.606598] (-) TimerEvent: {}
[1396.707665] (-) TimerEvent: {}
[1396.808567] (-) TimerEvent: {}
[1396.909577] (-) TimerEvent: {}
[1397.010469] (-) TimerEvent: {}
[1397.111365] (-) TimerEvent: {}
[1397.212279] (-) TimerEvent: {}
[1397.295308] (xgo_motion) StdoutLine: {'line': b'-- Installing: /home/sunrise/xgo_demo/src/install/xgo_motion/share/ament_index/resource_index/package_run_dependencies/xgo_motion\n'}
[1397.310519] (xgo_motion) StdoutLine: {'line': b'-- Installing: /home/sunrise/xgo_demo/src/install/xgo_motion/share/ament_index/resource_index/parent_prefix_path/xgo_motion\n'}
[1397.312392] (-) TimerEvent: {}
[1397.413200] (-) TimerEvent: {}
[1397.489045] (xgo_motion) StdoutLine: {'line': b'-- Installing: /home/sunrise/xgo_demo/src/install/xgo_motion/share/xgo_motion/environment/ament_prefix_path.sh\n'}
[1397.513373] (-) TimerEvent: {}
[1397.598625] (xgo_motion) StdoutLine: {'line': b'-- Installing: /home/sunrise/xgo_demo/src/install/xgo_motion/share/xgo_motion/environment/ament_prefix_path.dsv\n'}
[1397.604419] (xgo_motion) StdoutLine: {'line': b'-- Installing: /home/sunrise/xgo_demo/src/install/xgo_motion/share/xgo_motion/environment/path.sh\n'}
[1397.613571] (-) TimerEvent: {}
[1397.642630] (xgo_motion) StdoutLine: {'line': b'-- Installing: /home/sunrise/xgo_demo/src/install/xgo_motion/share/xgo_motion/environment/path.dsv\n'}
[1397.680856] (xgo_motion) StdoutLine: {'line': b'-- Installing: /home/sunrise/xgo_demo/src/install/xgo_motion/share/xgo_motion/local_setup.bash\n'}
[1397.713784] (-) TimerEvent: {}
[1397.715482] (xgo_motion) StdoutLine: {'line': b'-- Installing: /home/sunrise/xgo_demo/src/install/xgo_motion/share/xgo_motion/local_setup.sh\n'}
[1397.780812] (xgo_motion) StdoutLine: {'line': b'-- Installing: /home/sunrise/xgo_demo/src/install/xgo_motion/share/xgo_motion/local_setup.zsh\n'}
[1397.787191] (xgo_motion) StdoutLine: {'line': b'-- Installing: /home/sunrise/xgo_demo/src/install/xgo_motion/share/xgo_motion/local_setup.dsv\n'}
[1397.791549] (xgo_motion) StdoutLine: {'line': b'-- Installing: /home/sunrise/xgo_demo/src/install/xgo_motion/share/xgo_motion/package.dsv\n'}
[1397.813864] (-) TimerEvent: {}
[1397.895526] (xgo_motion) StdoutLine: {'line': b'-- Installing: /home/sunrise/xgo_demo/src/install/xgo_motion/share/ament_index/resource_index/packages/xgo_motion\n'}
[1397.914068] (-) TimerEvent: {}
[1397.962581] (xgo_motion) StdoutLine: {'line': b'-- Installing: /home/sunrise/xgo_demo/src/install/xgo_motion/share/xgo_motion/cmake/xgo_motionConfig.cmake\n'}
[1398.000855] (xgo_motion) StdoutLine: {'line': b'-- Installing: /home/sunrise/xgo_demo/src/install/xgo_motion/share/xgo_motion/cmake/xgo_motionConfig-version.cmake\n'}
[1398.014246] (-) TimerEvent: {}
[1398.040837] (xgo_motion) StdoutLine: {'line': b'-- Installing: /home/sunrise/xgo_demo/src/install/xgo_motion/share/xgo_motion/package.xml\n'}
[1398.114468] (-) TimerEvent: {}
[1398.147111] (xgo_motion) CommandEnded: {'returncode': 0}
[1398.217396] (-) TimerEvent: {}
[1398.318717] (-) TimerEvent: {}
[1398.338367] (xgo_motion) JobEnded: {'identifier': 'xgo_motion', 'rc': 0}
[1398.418950] (-) TimerEvent: {}
[1398.519937] (-) TimerEvent: {}
[1398.620909] (-) TimerEvent: {}
[1398.721840] (-) TimerEvent: {}
[1398.822791] (-) TimerEvent: {}
[1398.923778] (-) TimerEvent: {}
[1399.024753] (-) TimerEvent: {}
[1399.125763] (-) TimerEvent: {}
[1399.226739] (-) TimerEvent: {}
[1399.327734] (-) TimerEvent: {}
[1399.428633] (-) TimerEvent: {}
[1399.529558] (-) TimerEvent: {}
[1399.630573] (-) TimerEvent: {}
[1399.731540] (-) TimerEvent: {}
[1399.832530] (-) TimerEvent: {}
[1399.933571] (-) TimerEvent: {}
[1400.034594] (-) TimerEvent: {}
[1400.135575] (-) TimerEvent: {}
[1400.236581] (-) TimerEvent: {}
[1400.337632] (-) TimerEvent: {}
[1400.438639] (-) TimerEvent: {}
[1400.539669] (-) TimerEvent: {}
[1400.640685] (-) TimerEvent: {}
[1400.741750] (-) TimerEvent: {}
[1400.842706] (-) TimerEvent: {}
[1400.943779] (-) TimerEvent: {}
[1401.044752] (-) TimerEvent: {}
[1401.145852] (-) TimerEvent: {}
[1401.246792] (-) TimerEvent: {}
[1401.347693] (-) TimerEvent: {}
[1401.448669] (-) TimerEvent: {}
[1401.592428] (-) TimerEvent: {}
[1401.693267] (-) TimerEvent: {}
[1401.794154] (-) TimerEvent: {}
[1401.894964] (-) TimerEvent: {}
[1401.995751] (-) TimerEvent: {}
[1402.096511] (-) TimerEvent: {}
[1402.197244] (-) TimerEvent: {}
[1402.298091] (-) TimerEvent: {}
[1402.398929] (-) TimerEvent: {}
[1402.499734] (-) TimerEvent: {}
[1402.600555] (-) TimerEvent: {}
[1402.701345] (-) TimerEvent: {}
[1402.802211] (-) TimerEvent: {}
[1402.903049] (-) TimerEvent: {}
[1403.003824] (-) TimerEvent: {}
[1403.104639] (-) TimerEvent: {}
[1403.205606] (-) TimerEvent: {}
[1403.306636] (-) TimerEvent: {}
[1403.407630] (-) TimerEvent: {}
[1403.508647] (-) TimerEvent: {}
[1403.609655] (-) TimerEvent: {}
[1403.710673] (-) TimerEvent: {}
[1403.811604] (-) TimerEvent: {}
[1403.912584] (-) TimerEvent: {}
[1404.013585] (-) TimerEvent: {}
[1404.114625] (-) TimerEvent: {}
[1404.215676] (-) TimerEvent: {}
[1404.316713] (-) TimerEvent: {}
[1404.417748] (-) TimerEvent: {}
[1404.518695] (-) TimerEvent: {}
[1404.619572] (-) TimerEvent: {}
[1404.720547] (-) TimerEvent: {}
[1404.821529] (-) TimerEvent: {}
[1404.922437] (-) TimerEvent: {}
[1405.023471] (-) TimerEvent: {}
[1405.124520] (-) TimerEvent: {}
[1405.225569] (-) TimerEvent: {}
[1405.326559] (-) TimerEvent: {}
[1405.427860] (-) TimerEvent: {}
[1405.528808] (-) TimerEvent: {}
[1405.629747] (-) TimerEvent: {}
[1405.730714] (-) TimerEvent: {}
[1405.831660] (-) TimerEvent: {}
[1405.932560] (-) TimerEvent: {}
[1406.033634] (-) TimerEvent: {}
[1406.135020] (-) TimerEvent: {}
[1406.236058] (-) TimerEvent: {}
[1406.337124] (-) TimerEvent: {}
[1406.438190] (-) TimerEvent: {}
[1406.539187] (-) TimerEvent: {}
[1406.640167] (-) TimerEvent: {}
[1406.741033] (-) TimerEvent: {}
[1406.842073] (-) TimerEvent: {}
[1406.943005] (-) TimerEvent: {}
[1407.043895] (-) TimerEvent: {}
[1407.144778] (-) TimerEvent: {}
[1407.245820] (-) TimerEvent: {}
[1407.346848] (-) TimerEvent: {}
[1407.447885] (-) TimerEvent: {}
[1407.548823] (-) TimerEvent: {}
[1407.649954] (-) TimerEvent: {}
[1407.750917] (-) TimerEvent: {}
[1407.851905] (-) TimerEvent: {}
[1407.952889] (-) TimerEvent: {}
[1408.054279] (-) TimerEvent: {}
[1408.155344] (-) TimerEvent: {}
[1408.256459] (-) TimerEvent: {}
[1408.357543] (-) TimerEvent: {}
[1408.458570] (-) TimerEvent: {}
[1408.560160] (-) TimerEvent: {}
[1408.661154] (-) TimerEvent: {}
[1408.762221] (-) TimerEvent: {}
[1408.863314] (-) TimerEvent: {}
[1408.964349] (-) TimerEvent: {}
[1409.065515] (-) TimerEvent: {}
[1409.166606] (-) TimerEvent: {}
[1409.267742] (-) TimerEvent: {}
[1409.368889] (-) TimerEvent: {}
[1409.470088] (-) TimerEvent: {}
[1409.571119] (-) TimerEvent: {}
[1409.671991] (-) TimerEvent: {}
[1409.772854] (-) TimerEvent: {}
[1409.873763] (-) TimerEvent: {}
[1409.974660] (-) TimerEvent: {}
[1410.075685] (-) TimerEvent: {}
[1410.176666] (-) TimerEvent: {}
[1410.277563] (-) TimerEvent: {}
[1410.378452] (-) TimerEvent: {}
[1410.479374] (-) TimerEvent: {}
[1410.580354] (-) TimerEvent: {}
[1410.681325] (-) TimerEvent: {}
[1410.782352] (-) TimerEvent: {}
[1410.883284] (-) TimerEvent: {}
[1410.984529] (-) TimerEvent: {}
[1411.085576] (-) TimerEvent: {}
[1411.186510] (-) TimerEvent: {}
[1411.287446] (-) TimerEvent: {}
[1411.388460] (-) TimerEvent: {}
[1411.489385] (-) TimerEvent: {}
[1411.590420] (-) TimerEvent: {}
[1411.691391] (-) TimerEvent: {}
[1411.792363] (-) TimerEvent: {}
[1411.893316] (-) TimerEvent: {}
[1411.994293] (-) TimerEvent: {}
[1412.095220] (-) TimerEvent: {}
[1412.196185] (-) TimerEvent: {}
[1412.297109] (-) TimerEvent: {}
[1412.398093] (-) TimerEvent: {}
[1412.499490] (-) TimerEvent: {}
[1412.600496] (-) TimerEvent: {}
[1412.701554] (-) TimerEvent: {}
[1412.802600] (-) TimerEvent: {}
[1412.903694] (-) TimerEvent: {}
[1413.004701] (-) TimerEvent: {}
[1413.105771] (-) TimerEvent: {}
[1413.206828] (-) TimerEvent: {}
[1413.307917] (-) TimerEvent: {}
[1413.408992] (-) TimerEvent: {}
[1413.510127] (-) TimerEvent: {}
[1413.611198] (-) TimerEvent: {}
[1413.712232] (-) TimerEvent: {}
[1413.813225] (-) TimerEvent: {}
[1413.914278] (-) TimerEvent: {}
[1414.015292] (-) TimerEvent: {}
[1414.116405] (-) TimerEvent: {}
[1414.217399] (-) TimerEvent: {}
[1414.318430] (-) TimerEvent: {}
[1414.419360] (-) TimerEvent: {}
[1414.520304] (-) TimerEvent: {}
[1414.621241] (-) TimerEvent: {}
[1414.722282] (-) TimerEvent: {}
[1414.823313] (-) TimerEvent: {}
[1414.924328] (-) TimerEvent: {}
[1415.025353] (-) TimerEvent: {}
[1415.126414] (-) TimerEvent: {}
[1415.227457] (-) TimerEvent: {}
[1415.328490] (-) TimerEvent: {}
[1415.331251] (xgo_face_control) StdoutLine: {'line': b'[100%] \x1b[32m\x1b[1mLinking CXX executable face_node\x1b[0m\n'}
[1415.428787] (-) TimerEvent: {}
[1415.530771] (-) TimerEvent: {}
[1415.631873] (-) TimerEvent: {}
[1415.732831] (-) TimerEvent: {}
[1415.834071] (-) TimerEvent: {}
[1415.935058] (-) TimerEvent: {}
[1416.036251] (-) TimerEvent: {}
[1416.137463] (-) TimerEvent: {}
[1416.238646] (-) TimerEvent: {}
[1416.339854] (-) TimerEvent: {}
[1416.441102] (-) TimerEvent: {}
[1416.542342] (-) TimerEvent: {}
[1416.643791] (-) TimerEvent: {}
[1416.744807] (-) TimerEvent: {}
[1416.845880] (-) TimerEvent: {}
[1416.947255] (-) TimerEvent: {}
[1417.048464] (-) TimerEvent: {}
[1417.149669] (-) TimerEvent: {}
[1417.250939] (-) TimerEvent: {}
[1417.352162] (-) TimerEvent: {}
[1417.453298] (-) TimerEvent: {}
[1417.554333] (-) TimerEvent: {}
[1417.655291] (-) TimerEvent: {}
[1417.756296] (-) TimerEvent: {}
[1417.857233] (-) TimerEvent: {}
[1417.958329] (-) TimerEvent: {}
[1418.059302] (-) TimerEvent: {}
[1418.160337] (-) TimerEvent: {}
[1418.261342] (-) TimerEvent: {}
[1418.362442] (-) TimerEvent: {}
[1418.463455] (-) TimerEvent: {}
[1418.564456] (-) TimerEvent: {}
[1418.665549] (-) TimerEvent: {}
[1418.766661] (-) TimerEvent: {}
[1418.867718] (-) TimerEvent: {}
[1418.968657] (-) TimerEvent: {}
[1419.069711] (-) TimerEvent: {}
[1419.170713] (-) TimerEvent: {}
[1419.271731] (-) TimerEvent: {}
[1419.372765] (-) TimerEvent: {}
[1419.473840] (-) TimerEvent: {}
[1419.518480] (xgo_face_control) StdoutLine: {'line': b'[100%] Built target face_node\n'}
[1419.574049] (-) TimerEvent: {}
[1419.675072] (-) TimerEvent: {}
[1419.692851] (xgo_face_control) CommandEnded: {'returncode': 0}
[1419.702727] (xgo_face_control) JobProgress: {'identifier': 'xgo_face_control', 'progress': 'install'}
[1419.705702] (xgo_face_control) Command: {'cmd': ['/usr/bin/cmake', '--install', '/home/sunrise/xgo_demo/src/build/xgo_face_control'], 'cwd': '/home/sunrise/xgo_demo/src/build/xgo_face_control', 'env': OrderedDict([('LANGUAGE', 'en_US.UTF-8'), ('USER', 'sunrise'), ('SSH_CLIENT', '192.168.66.221 5121 22'), ('XDG_SESSION_TYPE', 'tty'), ('SHLVL', '1'), ('LD_LIBRARY_PATH', '/home/sunrise/xgo_demo/src/install/xgolib/lib:/home/sunrise/xgo_demo/install/hobot_audio/lib:/home/sunrise/xgo_demo/install/xgoscreen/lib:/home/sunrise/xgo_demo/install/xgolib/lib:/opt/tros/humble/lib/aarch64-linux-gnu:/opt/tros/humble/lib:/opt/ros/humble/lib/aarch64-linux-gnu:/opt/ros/humble/lib'), ('MOTD_SHOWN', 'pam'), ('HOME', '/home/sunrise'), ('OLDPWD', '/home/sunrise/xgo_demo'), ('SSH_TTY', '/dev/pts/0'), ('ROS_PYTHON_VERSION', '3'), ('DBUS_SESSION_BUS_ADDRESS', 'unix:path=/run/user/1000/bus'), ('TROS_DISTRO', 'humble'), ('COLCON_PREFIX_PATH', '/home/sunrise/xgo_demo/install'), ('ROS_DISTRO', 'humble'), ('LOGNAME', 'sunrise'), ('_', '/home/sunrise/.local/bin/colcon'), ('ROS_VERSION', '2'), ('XDG_SESSION_CLASS', 'user'), ('TERM', 'xterm'), ('XDG_SESSION_ID', '2'), ('ROS_LOCALHOST_ONLY', '0'), ('PATH', '/home/sunrise/xgo_demo/install/hobot_audio/bin:/home/sunrise/.local/bin:/home/sunrise/.local/bin:/opt/tros/humble/bin:/opt/ros/humble/bin:/usr/local/sbin:/usr/local/bin:/usr/sbin:/usr/bin:/sbin:/bin:/usr/games:/usr/local/games:/snap/bin'), ('XDG_RUNTIME_DIR', '/run/user/1000'), ('DISPLAY', 'localhost:10.0'), ('LANG', 'en_US.UTF-8'), ('LS_COLORS', 'rs=0:di=01;34:ln=01;36:mh=00:pi=40;33:so=01;35:do=01;35:bd=40;33;01:cd=40;33;01:or=40;31;01:mi=00:su=37;41:sg=30;43:ca=30;41:tw=30;42:ow=34;42:st=37;44:ex=01;32:*.tar=01;31:*.tgz=01;31:*.arc=01;31:*.arj=01;31:*.taz=01;31:*.lha=01;31:*.lz4=01;31:*.lzh=01;31:*.lzma=01;31:*.tlz=01;31:*.txz=01;31:*.tzo=01;31:*.t7z=01;31:*.zip=01;31:*.z=01;31:*.dz=01;31:*.gz=01;31:*.lrz=01;31:*.lz=01;31:*.lzo=01;31:*.xz=01;31:*.zst=01;31:*.tzst=01;31:*.bz2=01;31:*.bz=01;31:*.tbz=01;31:*.tbz2=01;31:*.tz=01;31:*.deb=01;31:*.rpm=01;31:*.jar=01;31:*.war=01;31:*.ear=01;31:*.sar=01;31:*.rar=01;31:*.alz=01;31:*.ace=01;31:*.zoo=01;31:*.cpio=01;31:*.7z=01;31:*.rz=01;31:*.cab=01;31:*.wim=01;31:*.swm=01;31:*.dwm=01;31:*.esd=01;31:*.jpg=01;35:*.jpeg=01;35:*.mjpg=01;35:*.mjpeg=01;35:*.gif=01;35:*.bmp=01;35:*.pbm=01;35:*.pgm=01;35:*.ppm=01;35:*.tga=01;35:*.xbm=01;35:*.xpm=01;35:*.tif=01;35:*.tiff=01;35:*.png=01;35:*.svg=01;35:*.svgz=01;35:*.mng=01;35:*.pcx=01;35:*.mov=01;35:*.mpg=01;35:*.mpeg=01;35:*.m2v=01;35:*.mkv=01;35:*.webm=01;35:*.webp=01;35:*.ogm=01;35:*.mp4=01;35:*.m4v=01;35:*.mp4v=01;35:*.vob=01;35:*.qt=01;35:*.nuv=01;35:*.wmv=01;35:*.asf=01;35:*.rm=01;35:*.rmvb=01;35:*.flc=01;35:*.avi=01;35:*.fli=01;35:*.flv=01;35:*.gl=01;35:*.dl=01;35:*.xcf=01;35:*.xwd=01;35:*.yuv=01;35:*.cgm=01;35:*.emf=01;35:*.ogv=01;35:*.ogx=01;35:*.aac=00;36:*.au=00;36:*.flac=00;36:*.m4a=00;36:*.mid=00;36:*.midi=00;36:*.mka=00;36:*.mp3=00;36:*.mpc=00;36:*.ogg=00;36:*.ra=00;36:*.wav=00;36:*.oga=00;36:*.opus=00;36:*.spx=00;36:*.xspf=00;36:'), ('AMENT_PREFIX_PATH', '/home/sunrise/xgo_demo/src/install/xgolib:/home/sunrise/xgo_demo/install/xgo_gesture_control:/home/sunrise/xgo_demo/install/hobot_audio:/home/sunrise/xgo_demo/install/xgo_motion:/home/sunrise/xgo_demo/install/xgo_head:/home/sunrise/xgo_demo/install/xgo_device:/home/sunrise/xgo_demo/install/xgoscreen:/home/sunrise/xgo_demo/install/xgolib:/home/sunrise/xgo_demo/install/xgo_display:/opt/tros/humble:/opt/ros/humble'), ('SHELL', '/bin/bash'), ('PWD', '/home/sunrise/xgo_demo/src/build/xgo_face_control'), ('SSH_CONNECTION', '192.168.66.221 5121 192.168.66.94 22'), ('PYTHONPATH', '/home/sunrise/xgo_demo/install/xgo_display/lib/python3.10/site-packages:/opt/tros/humble/lib/python3.10/site-packages:/opt/tros/humble/local/lib/python3.10/dist-packages:/opt/ros/humble/lib/python3.10/site-packages:/opt/ros/humble/local/lib/python3.10/dist-packages'), ('COLCON', '1'), ('CMAKE_PREFIX_PATH', '/home/sunrise/xgo_demo/src/install/xgolib:/home/sunrise/xgo_demo/install/xgo_gesture_control:/home/sunrise/xgo_demo/install/hobot_audio:/home/sunrise/xgo_demo/install/xgo_motion:/home/sunrise/xgo_demo/install/xgo_head:/home/sunrise/xgo_demo/install/xgo_device:/home/sunrise/xgo_demo/install/xgoscreen:/home/sunrise/xgo_demo/install/xgolib:/home/sunrise/xgo_demo/install/xgo_display:/opt/tros/humble:/opt/ros/humble')]), 'shell': False}
[1419.739832] (xgo_face_control) StdoutLine: {'line': b'-- Install configuration: ""\n'}
[1419.741022] (xgo_face_control) StdoutLine: {'line': b'-- Installing: /home/sunrise/xgo_demo/src/install/xgo_face_control/lib/xgo_face_control/face_node\n'}
[1419.759000] (xgo_face_control) StdoutLine: {'line': b'-- Set runtime path of "/home/sunrise/xgo_demo/src/install/xgo_face_control/lib/xgo_face_control/face_node" to ""\n'}
[1419.760178] (xgo_face_control) StdoutLine: {'line': b'-- Installing: /home/sunrise/xgo_demo/src/install/xgo_face_control/share/xgo_face_control/launch\n'}
[1419.761194] (xgo_face_control) StdoutLine: {'line': b'-- Installing: /home/sunrise/xgo_demo/src/install/xgo_face_control/share/xgo_face_control/launch/face.launch.py\n'}
[1419.762337] (xgo_face_control) StdoutLine: {'line': b'-- Installing: /home/sunrise/xgo_demo/src/install/xgo_face_control/share/xgo_face_control/launch/face_with_detection.launch.py\n'}
[1419.766090] (xgo_face_control) StdoutLine: {'line': b'-- Installing: /home/sunrise/xgo_demo/src/install/xgo_face_control/share/ament_index/resource_index/package_run_dependencies/xgo_face_control\n'}
[1419.768293] (xgo_face_control) StdoutLine: {'line': b'-- Installing: /home/sunrise/xgo_demo/src/install/xgo_face_control/share/ament_index/resource_index/parent_prefix_path/xgo_face_control\n'}
[1419.769877] (xgo_face_control) StdoutLine: {'line': b'-- Installing: /home/sunrise/xgo_demo/src/install/xgo_face_control/share/xgo_face_control/environment/ament_prefix_path.sh\n'}
[1419.771251] (xgo_face_control) StdoutLine: {'line': b'-- Installing: /home/sunrise/xgo_demo/src/install/xgo_face_control/share/xgo_face_control/environment/ament_prefix_path.dsv\n'}
[1419.772570] (xgo_face_control) StdoutLine: {'line': b'-- Installing: /home/sunrise/xgo_demo/src/install/xgo_face_control/share/xgo_face_control/environment/path.sh\n'}
[1419.773665] (xgo_face_control) StdoutLine: {'line': b'-- Installing: /home/sunrise/xgo_demo/src/install/xgo_face_control/share/xgo_face_control/environment/path.dsv\n'}
[1419.774791] (xgo_face_control) StdoutLine: {'line': b'-- Installing: /home/sunrise/xgo_demo/src/install/xgo_face_control/share/xgo_face_control/local_setup.bash\n'}
[1419.775747] (-) TimerEvent: {}
[1419.776795] (xgo_face_control) StdoutLine: {'line': b'-- Installing: /home/sunrise/xgo_demo/src/install/xgo_face_control/share/xgo_face_control/local_setup.sh\n'}
[1419.778155] (xgo_face_control) StdoutLine: {'line': b'-- Installing: /home/sunrise/xgo_demo/src/install/xgo_face_control/share/xgo_face_control/local_setup.zsh\n'}
[1419.779305] (xgo_face_control) StdoutLine: {'line': b'-- Installing: /home/sunrise/xgo_demo/src/install/xgo_face_control/share/xgo_face_control/local_setup.dsv\n'}
[1419.780751] (xgo_face_control) StdoutLine: {'line': b'-- Installing: /home/sunrise/xgo_demo/src/install/xgo_face_control/share/xgo_face_control/package.dsv\n'}
[1419.782892] (xgo_face_control) StdoutLine: {'line': b'-- Installing: /home/sunrise/xgo_demo/src/install/xgo_face_control/share/ament_index/resource_index/packages/xgo_face_control\n'}
[1419.784447] (xgo_face_control) StdoutLine: {'line': b'-- Installing: /home/sunrise/xgo_demo/src/install/xgo_face_control/share/xgo_face_control/cmake/xgo_face_controlConfig.cmake\n'}
[1419.785681] (xgo_face_control) StdoutLine: {'line': b'-- Installing: /home/sunrise/xgo_demo/src/install/xgo_face_control/share/xgo_face_control/cmake/xgo_face_controlConfig-version.cmake\n'}
[1419.787184] (xgo_face_control) StdoutLine: {'line': b'-- Installing: /home/sunrise/xgo_demo/src/install/xgo_face_control/share/xgo_face_control/package.xml\n'}
[1419.797174] (xgo_face_control) CommandEnded: {'returncode': 0}
[1419.876315] (-) TimerEvent: {}
[1419.911804] (xgo_face_control) JobEnded: {'identifier': 'xgo_face_control', 'rc': 0}
[1419.976548] (-) TimerEvent: {}
[1420.077495] (-) TimerEvent: {}
[1420.178413] (-) TimerEvent: {}
[1420.279346] (-) TimerEvent: {}
[1420.380304] (-) TimerEvent: {}
[1420.481253] (-) TimerEvent: {}
[1420.582254] (-) TimerEvent: {}
[1420.683189] (-) TimerEvent: {}
[1420.784118] (-) TimerEvent: {}
[1420.885057] (-) TimerEvent: {}
[1420.986079] (-) TimerEvent: {}
[1421.087066] (-) TimerEvent: {}
[1421.188011] (-) TimerEvent: {}
[1421.288937] (-) TimerEvent: {}
[1421.389985] (-) TimerEvent: {}
[1421.490974] (-) TimerEvent: {}
[1421.591956] (-) TimerEvent: {}
[1421.692924] (-) TimerEvent: {}
[1421.794090] (-) TimerEvent: {}
[1421.895087] (-) TimerEvent: {}
[1421.996003] (-) TimerEvent: {}
[1422.096993] (-) TimerEvent: {}
[1422.197999] (-) TimerEvent: {}
[1422.298937] (-) TimerEvent: {}
[1422.399857] (-) TimerEvent: {}
[1422.500845] (-) TimerEvent: {}
[1422.601776] (-) TimerEvent: {}
[1422.702644] (-) TimerEvent: {}
[1422.803491] (-) TimerEvent: {}
[1422.904360] (-) TimerEvent: {}
[1423.005240] (-) TimerEvent: {}
[1423.106138] (-) TimerEvent: {}
[1423.207010] (-) TimerEvent: {}
[1423.307882] (-) TimerEvent: {}
[1423.408722] (-) TimerEvent: {}
[1423.509593] (-) TimerEvent: {}
[1423.610456] (-) TimerEvent: {}
[1423.711310] (-) TimerEvent: {}
[1423.812182] (-) TimerEvent: {}
[1423.913084] (-) TimerEvent: {}
[1424.014003] (-) TimerEvent: {}
[1424.114846] (-) TimerEvent: {}
[1424.215677] (-) TimerEvent: {}
[1424.316494] (-) TimerEvent: {}
[1424.417359] (-) TimerEvent: {}
[1424.518242] (-) TimerEvent: {}
[1424.619069] (-) TimerEvent: {}
[1424.719923] (-) TimerEvent: {}
[1424.820763] (-) TimerEvent: {}
[1424.921613] (-) TimerEvent: {}
[1425.022439] (-) TimerEvent: {}
[1425.123259] (-) TimerEvent: {}
[1425.224078] (-) TimerEvent: {}
[1425.324909] (-) TimerEvent: {}
[1425.425813] (-) TimerEvent: {}
[1425.526651] (-) TimerEvent: {}
[1425.627510] (-) TimerEvent: {}
[1425.728370] (-) TimerEvent: {}
[1425.829201] (-) TimerEvent: {}
[1425.930115] (-) TimerEvent: {}
[1426.030952] (-) TimerEvent: {}
[1426.131758] (-) TimerEvent: {}
[1426.232576] (-) TimerEvent: {}
[1426.333385] (-) TimerEvent: {}
[1426.434275] (-) TimerEvent: {}
[1426.535146] (-) TimerEvent: {}
[1426.635987] (-) TimerEvent: {}
[1426.736832] (-) TimerEvent: {}
[1426.837724] (-) TimerEvent: {}
[1426.938709] (-) TimerEvent: {}
[1427.039559] (-) TimerEvent: {}
[1427.140391] (-) TimerEvent: {}
[1427.241291] (-) TimerEvent: {}
[1427.342182] (-) TimerEvent: {}
[1427.443069] (-) TimerEvent: {}
[1427.543924] (-) TimerEvent: {}
[1427.644765] (-) TimerEvent: {}
[1427.745602] (-) TimerEvent: {}
[1427.846457] (-) TimerEvent: {}
[1427.947286] (-) TimerEvent: {}
[1428.048114] (-) TimerEvent: {}
[1428.148959] (-) TimerEvent: {}
[1428.249869] (-) TimerEvent: {}
[1428.350714] (-) TimerEvent: {}
[1428.451558] (-) TimerEvent: {}
[1428.552443] (-) TimerEvent: {}
[1428.653276] (-) TimerEvent: {}
[1428.754132] (-) TimerEvent: {}
[1428.854968] (-) TimerEvent: {}
[1428.955807] (-) TimerEvent: {}
[1429.056662] (-) TimerEvent: {}
[1429.157520] (-) TimerEvent: {}
[1429.258366] (-) TimerEvent: {}
[1429.359225] (-) TimerEvent: {}
[1429.460095] (-) TimerEvent: {}
[1429.560968] (-) TimerEvent: {}
[1429.661862] (-) TimerEvent: {}
[1429.762752] (-) TimerEvent: {}
[1429.863611] (-) TimerEvent: {}
[1429.964493] (-) TimerEvent: {}
[1430.065410] (-) TimerEvent: {}
[1430.166333] (-) TimerEvent: {}
[1430.267197] (-) TimerEvent: {}
[1430.368089] (-) TimerEvent: {}
[1430.468978] (-) TimerEvent: {}
[1430.569883] (-) TimerEvent: {}
[1430.670774] (-) TimerEvent: {}
[1430.771652] (-) TimerEvent: {}
[1430.872534] (-) TimerEvent: {}
[1430.973483] (-) TimerEvent: {}
[1431.074484] (-) TimerEvent: {}
[1431.175487] (-) TimerEvent: {}
[1431.276438] (-) TimerEvent: {}
[1431.377336] (-) TimerEvent: {}
[1431.478289] (-) TimerEvent: {}
[1431.579295] (-) TimerEvent: {}
[1431.680242] (-) TimerEvent: {}
[1431.781231] (-) TimerEvent: {}
[1431.882275] (-) TimerEvent: {}
[1431.983189] (-) TimerEvent: {}
[1432.084075] (-) TimerEvent: {}
[1432.184956] (-) TimerEvent: {}
[1432.285818] (-) TimerEvent: {}
[1432.386693] (-) TimerEvent: {}
[1432.487525] (-) TimerEvent: {}
[1432.588371] (-) TimerEvent: {}
[1432.689195] (-) TimerEvent: {}
[1432.790043] (-) TimerEvent: {}
[1432.890868] (-) TimerEvent: {}
[1432.991720] (-) TimerEvent: {}
[1433.092547] (-) TimerEvent: {}
[1433.193370] (-) TimerEvent: {}
[1433.294226] (-) TimerEvent: {}
[1433.395047] (-) TimerEvent: {}
[1433.495881] (-) TimerEvent: {}
[1433.596699] (-) TimerEvent: {}
[1433.697542] (-) TimerEvent: {}
[1433.798363] (-) TimerEvent: {}
[1433.899172] (-) TimerEvent: {}
[1433.999992] (-) TimerEvent: {}
[1434.100805] (-) TimerEvent: {}
[1434.201632] (-) TimerEvent: {}
[1434.302460] (-) TimerEvent: {}
[1434.403305] (-) TimerEvent: {}
[1434.504150] (-) TimerEvent: {}
[1434.605033] (-) TimerEvent: {}
[1434.705949] (-) TimerEvent: {}
[1434.806797] (-) TimerEvent: {}
[1434.907687] (-) TimerEvent: {}
[1435.008559] (-) TimerEvent: {}
[1435.109472] (-) TimerEvent: {}
[1435.210344] (-) TimerEvent: {}
[1435.311212] (-) TimerEvent: {}
[1435.412082] (-) TimerEvent: {}
[1435.512947] (-) TimerEvent: {}
[1435.613899] (-) TimerEvent: {}
[1435.714775] (-) TimerEvent: {}
[1435.815634] (-) TimerEvent: {}
[1435.916466] (-) TimerEvent: {}
[1436.017291] (-) TimerEvent: {}
[1436.118146] (-) TimerEvent: {}
[1436.218997] (-) TimerEvent: {}
[1436.319847] (-) TimerEvent: {}
[1436.420688] (-) TimerEvent: {}
[1436.521605] (-) TimerEvent: {}
[1436.622520] (-) TimerEvent: {}
[1436.723380] (-) TimerEvent: {}
[1436.824223] (-) TimerEvent: {}
[1436.925048] (-) TimerEvent: {}
[1437.026016] (-) TimerEvent: {}
[1437.126880] (-) TimerEvent: {}
[1437.227713] (-) TimerEvent: {}
[1437.328543] (-) TimerEvent: {}
[1437.429391] (-) TimerEvent: {}
[1437.530261] (-) TimerEvent: {}
[1437.631095] (-) TimerEvent: {}
[1437.731931] (-) TimerEvent: {}
[1437.832803] (-) TimerEvent: {}
[1437.933670] (-) TimerEvent: {}
[1438.034533] (-) TimerEvent: {}
[1438.135422] (-) TimerEvent: {}
[1438.236323] (-) TimerEvent: {}
[1438.337185] (-) TimerEvent: {}
[1438.438108] (-) TimerEvent: {}
[1438.538970] (-) TimerEvent: {}
[1438.639831] (-) TimerEvent: {}
[1438.740699] (-) TimerEvent: {}
[1438.841591] (-) TimerEvent: {}
[1438.942436] (-) TimerEvent: {}
[1439.043295] (-) TimerEvent: {}
[1439.144167] (-) TimerEvent: {}
[1439.245054] (-) TimerEvent: {}
[1439.345989] (-) TimerEvent: {}
[1439.446873] (-) TimerEvent: {}
[1439.547747] (-) TimerEvent: {}
[1439.648629] (-) TimerEvent: {}
[1439.749596] (-) TimerEvent: {}
[1439.850475] (-) TimerEvent: {}
[1439.951330] (-) TimerEvent: {}
[1440.052204] (-) TimerEvent: {}
[1440.153071] (-) TimerEvent: {}
[1440.253953] (-) TimerEvent: {}
[1440.354813] (-) TimerEvent: {}
[1440.455679] (-) TimerEvent: {}
[1440.556557] (-) TimerEvent: {}
[1440.657444] (-) TimerEvent: {}
[1440.758288] (-) TimerEvent: {}
[1440.859122] (-) TimerEvent: {}
[1440.959972] (-) TimerEvent: {}
[1441.060800] (-) TimerEvent: {}
[1441.161672] (-) TimerEvent: {}
[1441.262546] (-) TimerEvent: {}
[1441.363416] (-) TimerEvent: {}
[1441.464261] (-) TimerEvent: {}
[1441.565107] (-) TimerEvent: {}
[1441.665966] (-) TimerEvent: {}
[1441.766804] (-) TimerEvent: {}
[1441.867647] (-) TimerEvent: {}
[1441.968485] (-) TimerEvent: {}
[1442.069396] (-) TimerEvent: {}
[1442.170282] (-) TimerEvent: {}
[1442.271111] (-) TimerEvent: {}
[1442.371944] (-) TimerEvent: {}
[1442.472770] (-) TimerEvent: {}
[1442.573570] (-) TimerEvent: {}
[1442.674378] (-) TimerEvent: {}
[1442.775206] (-) TimerEvent: {}
[1442.876029] (-) TimerEvent: {}
[1442.976921] (-) TimerEvent: {}
[1443.077820] (-) TimerEvent: {}
[1443.178722] (-) TimerEvent: {}
[1443.279615] (-) TimerEvent: {}
[1443.380508] (-) TimerEvent: {}
[1443.481392] (-) TimerEvent: {}
[1443.582276] (-) TimerEvent: {}
[1443.683150] (-) TimerEvent: {}
[1443.784049] (-) TimerEvent: {}
[1443.884941] (-) TimerEvent: {}
[1443.985923] (-) TimerEvent: {}
[1444.086829] (-) TimerEvent: {}
[1444.187742] (-) TimerEvent: {}
[1444.288661] (-) TimerEvent: {}
[1444.389615] (-) TimerEvent: {}
[1444.490531] (-) TimerEvent: {}
[1444.591439] (-) TimerEvent: {}
[1444.692392] (-) TimerEvent: {}
[1444.793339] (-) TimerEvent: {}
[1444.894375] (-) TimerEvent: {}
[1444.995359] (-) TimerEvent: {}
[1445.096345] (-) TimerEvent: {}
[1445.197367] (-) TimerEvent: {}
[1445.298411] (-) TimerEvent: {}
[1445.399411] (-) TimerEvent: {}
[1445.500385] (-) TimerEvent: {}
[1445.601377] (-) TimerEvent: {}
[1445.702418] (-) TimerEvent: {}
[1445.803425] (-) TimerEvent: {}
[1445.904400] (-) TimerEvent: {}
[1446.005389] (-) TimerEvent: {}
[1446.106447] (-) TimerEvent: {}
[1446.207460] (-) TimerEvent: {}
[1446.308476] (-) TimerEvent: {}
[1446.409549] (-) TimerEvent: {}
[1446.510550] (-) TimerEvent: {}
[1446.611474] (-) TimerEvent: {}
[1446.712361] (-) TimerEvent: {}
[1446.813265] (-) TimerEvent: {}
[1446.914164] (-) TimerEvent: {}
[1447.015035] (-) TimerEvent: {}
[1447.116003] (-) TimerEvent: {}
[1447.216921] (-) TimerEvent: {}
[1447.317889] (-) TimerEvent: {}
[1447.418844] (-) TimerEvent: {}
[1447.519810] (-) TimerEvent: {}
[1447.620788] (-) TimerEvent: {}
[1447.721768] (-) TimerEvent: {}
[1447.822725] (-) TimerEvent: {}
[1447.923692] (-) TimerEvent: {}
[1448.024646] (-) TimerEvent: {}
[1448.125624] (-) TimerEvent: {}
[1448.226564] (-) TimerEvent: {}
[1448.327530] (-) TimerEvent: {}
[1448.428503] (-) TimerEvent: {}
[1448.529392] (-) TimerEvent: {}
[1448.630328] (-) TimerEvent: {}
[1448.731238] (-) TimerEvent: {}
[1448.832139] (-) TimerEvent: {}
[1448.933061] (-) TimerEvent: {}
[1449.034001] (-) TimerEvent: {}
[1449.134900] (-) TimerEvent: {}
[1449.235835] (-) TimerEvent: {}
[1449.336731] (-) TimerEvent: {}
[1449.437640] (-) TimerEvent: {}
[1449.538530] (-) TimerEvent: {}
[1449.639453] (-) TimerEvent: {}
[1449.740347] (-) TimerEvent: {}
[1449.841293] (-) TimerEvent: {}
[1449.942380] (<colcon_parallel_executor.executor.parallel.ParallelExecutorExtension object at 0x7faa4c4d90>) ParallelStatus: {'processing': ('xgo_head',)}
[1449.942816] (-) TimerEvent: {}
[1450.043641] (-) TimerEvent: {}
[1450.144587] (-) TimerEvent: {}
[1450.245508] (-) TimerEvent: {}
[1450.346432] (-) TimerEvent: {}
[1450.447332] (-) TimerEvent: {}
[1450.548276] (-) TimerEvent: {}
[1450.649275] (-) TimerEvent: {}
[1450.750218] (-) TimerEvent: {}
[1450.851153] (-) TimerEvent: {}
[1450.952114] (-) TimerEvent: {}
[1451.053070] (-) TimerEvent: {}
[1451.154064] (-) TimerEvent: {}
[1451.255045] (-) TimerEvent: {}
[1451.356045] (-) TimerEvent: {}
[1451.457084] (-) TimerEvent: {}
[1451.558141] (-) TimerEvent: {}
[1451.659054] (-) TimerEvent: {}
[1451.760045] (-) TimerEvent: {}
[1451.861130] (-) TimerEvent: {}
[1451.962074] (-) TimerEvent: {}
[1452.062925] (-) TimerEvent: {}
[1452.163916] (-) TimerEvent: {}
[1452.264845] (-) TimerEvent: {}
[1452.365894] (-) TimerEvent: {}
[1452.466819] (-) TimerEvent: {}
[1452.567778] (-) TimerEvent: {}
[1452.668778] (-) TimerEvent: {}
[1452.769776] (-) TimerEvent: {}
[1452.870762] (-) TimerEvent: {}
[1452.971703] (-) TimerEvent: {}
[1453.072632] (-) TimerEvent: {}
[1453.173612] (-) TimerEvent: {}
[1453.274584] (-) TimerEvent: {}
[1453.375559] (-) TimerEvent: {}
[1453.476533] (-) TimerEvent: {}
[1453.577576] (-) TimerEvent: {}
[1453.678552] (-) TimerEvent: {}
[1453.779515] (-) TimerEvent: {}
[1453.880524] (-) TimerEvent: {}
[1453.981527] (-) TimerEvent: {}
[1454.082489] (-) TimerEvent: {}
[1454.183440] (-) TimerEvent: {}
[1454.284405] (-) TimerEvent: {}
[1454.385363] (-) TimerEvent: {}
[1454.486368] (-) TimerEvent: {}
[1454.587310] (-) TimerEvent: {}
[1454.688211] (-) TimerEvent: {}
[1454.789175] (-) TimerEvent: {}
[1454.890183] (-) TimerEvent: {}
[1454.991120] (-) TimerEvent: {}
[1455.092044] (-) TimerEvent: {}
[1455.192965] (-) TimerEvent: {}
[1455.293916] (-) TimerEvent: {}
[1455.394849] (-) TimerEvent: {}
[1455.495841] (-) TimerEvent: {}
[1455.596802] (-) TimerEvent: {}
[1455.697789] (-) TimerEvent: {}
[1455.798684] (-) TimerEvent: {}
[1455.899676] (-) TimerEvent: {}
[1456.000617] (-) TimerEvent: {}
[1456.101574] (-) TimerEvent: {}
[1456.202499] (-) TimerEvent: {}
[1456.303431] (-) TimerEvent: {}
[1456.404389] (-) TimerEvent: {}
[1456.505374] (-) TimerEvent: {}
[1456.606411] (-) TimerEvent: {}
[1456.707380] (-) TimerEvent: {}
[1456.808347] (-) TimerEvent: {}
[1456.909294] (-) TimerEvent: {}
[1457.010267] (-) TimerEvent: {}
[1457.111242] (-) TimerEvent: {}
[1457.212190] (-) TimerEvent: {}
[1457.313166] (-) TimerEvent: {}
[1457.414225] (-) TimerEvent: {}
[1457.515197] (-) TimerEvent: {}
[1457.616147] (-) TimerEvent: {}
[1457.717080] (-) TimerEvent: {}
[1457.818099] (-) TimerEvent: {}
[1457.919042] (-) TimerEvent: {}
[1458.020009] (-) TimerEvent: {}
[1458.120955] (-) TimerEvent: {}
[1458.221945] (-) TimerEvent: {}
[1458.322884] (-) TimerEvent: {}
[1458.423850] (-) TimerEvent: {}
[1458.524824] (-) TimerEvent: {}
[1458.625822] (-) TimerEvent: {}
[1458.726734] (-) TimerEvent: {}
[1458.827706] (-) TimerEvent: {}
[1458.928674] (-) TimerEvent: {}
[1459.029612] (-) TimerEvent: {}
[1459.130573] (-) TimerEvent: {}
[1459.231526] (-) TimerEvent: {}
[1459.332499] (-) TimerEvent: {}
[1459.433479] (-) TimerEvent: {}
[1459.534448] (-) TimerEvent: {}
[1459.635437] (-) TimerEvent: {}
[1459.736420] (-) TimerEvent: {}
[1459.837412] (-) TimerEvent: {}
[1459.938405] (-) TimerEvent: {}
[1460.039314] (-) TimerEvent: {}
[1460.140216] (-) TimerEvent: {}
[1460.241189] (-) TimerEvent: {}
[1460.342210] (-) TimerEvent: {}
[1460.443224] (-) TimerEvent: {}
[1460.544219] (-) TimerEvent: {}
[1460.645212] (-) TimerEvent: {}
[1460.746172] (-) TimerEvent: {}
[1460.847136] (-) TimerEvent: {}
[1460.948052] (-) TimerEvent: {}
[1461.049009] (-) TimerEvent: {}
[1461.149985] (-) TimerEvent: {}
[1461.250954] (-) TimerEvent: {}
[1461.351917] (-) TimerEvent: {}
[1461.452880] (-) TimerEvent: {}
[1461.539708] (xgo_head) StdoutLine: {'line': b'[ 60%] \x1b[32mBuilding CXX object CMakeFiles/xgo_head.dir/qrc_images.cpp.o\x1b[0m\n'}
[1461.553137] (-) TimerEvent: {}
[1461.654352] (-) TimerEvent: {}
[1461.755335] (-) TimerEvent: {}
[1461.856361] (-) TimerEvent: {}
[1461.957355] (-) TimerEvent: {}
[1462.058373] (-) TimerEvent: {}
[1462.159362] (-) TimerEvent: {}
[1462.260386] (-) TimerEvent: {}
[1462.361491] (-) TimerEvent: {}
[1462.462505] (-) TimerEvent: {}
[1462.563546] (-) TimerEvent: {}
[1462.581895] (xgo_head) StdoutLine: {'line': b'[ 65%] \x1b[32mBuilding CXX object CMakeFiles/xgo_head.dir/src/XgoSpeaker.cpp.o\x1b[0m\n'}
[1462.663792] (-) TimerEvent: {}
[1462.764837] (-) TimerEvent: {}
[1462.865920] (-) TimerEvent: {}
[1462.967071] (-) TimerEvent: {}
[1463.069189] (-) TimerEvent: {}
[1463.171023] (-) TimerEvent: {}
[1463.272205] (-) TimerEvent: {}
[1463.374210] (-) TimerEvent: {}
[1463.475780] (-) TimerEvent: {}
[1463.577731] (-) TimerEvent: {}
[1463.679705] (-) TimerEvent: {}
[1463.781519] (-) TimerEvent: {}
[1463.882568] (-) TimerEvent: {}
[1463.983534] (-) TimerEvent: {}
[1464.085392] (-) TimerEvent: {}
[1464.186487] (-) TimerEvent: {}
[1464.287551] (-) TimerEvent: {}
[1464.388655] (-) TimerEvent: {}
[1464.489642] (-) TimerEvent: {}
[1464.590550] (-) TimerEvent: {}
[1467.322846] (-) TimerEvent: {}
[1467.959770] (-) TimerEvent: {}
[1468.074382] (-) TimerEvent: {}
[1468.190237] (-) TimerEvent: {}
[1468.306188] (-) TimerEvent: {}
[1468.422396] (-) TimerEvent: {}
[1468.538325] (-) TimerEvent: {}
[1468.654257] (-) TimerEvent: {}
[1468.770307] (-) TimerEvent: {}
[1468.890422] (-) TimerEvent: {}
[1469.006342] (-) TimerEvent: {}
[1469.122169] (-) TimerEvent: {}
[1469.238174] (-) TimerEvent: {}
[1469.354438] (-) TimerEvent: {}
[1469.470320] (-) TimerEvent: {}
[1469.586272] (-) TimerEvent: {}
[1469.702277] (-) TimerEvent: {}
[1469.818918] (-) TimerEvent: {}
[1469.934365] (-) TimerEvent: {}
[1470.054471] (-) TimerEvent: {}
[1470.174361] (-) TimerEvent: {}
[1470.294321] (-) TimerEvent: {}
[1470.414318] (-) TimerEvent: {}
[1470.534310] (-) TimerEvent: {}
[1470.654282] (-) TimerEvent: {}
[1470.774440] (-) TimerEvent: {}
[1470.894265] (-) TimerEvent: {}
[1471.018511] (-) TimerEvent: {}
[1471.138290] (-) TimerEvent: {}
[1471.258275] (-) TimerEvent: {}
[1471.378290] (-) TimerEvent: {}
[1471.498295] (-) TimerEvent: {}
[1471.801409] (-) TimerEvent: {}
[1471.922295] (-) TimerEvent: {}
[1472.046294] (-) TimerEvent: {}
[1472.166311] (-) TimerEvent: {}
[1472.286302] (-) TimerEvent: {}
[1472.406325] (-) TimerEvent: {}
[1472.526610] (-) TimerEvent: {}
[1472.646703] (-) TimerEvent: {}
[1472.766419] (-) TimerEvent: {}
[1472.890539] (-) TimerEvent: {}
[1473.010450] (-) TimerEvent: {}
[1473.130496] (-) TimerEvent: {}
[1473.250432] (-) TimerEvent: {}
[1473.370415] (-) TimerEvent: {}
[1473.490443] (-) TimerEvent: {}
[1473.615372] (-) TimerEvent: {}
[1473.738459] (-) TimerEvent: {}
[1473.862440] (-) TimerEvent: {}
[1473.986451] (-) TimerEvent: {}
[1474.110436] (-) TimerEvent: {}
[1474.234391] (-) TimerEvent: {}
[1474.358400] (-) TimerEvent: {}
[1474.482365] (-) TimerEvent: {}
[1474.606479] (-) TimerEvent: {}
[1474.730456] (-) TimerEvent: {}
[1474.854468] (-) TimerEvent: {}
[1474.978484] (-) TimerEvent: {}
[1475.106443] (-) TimerEvent: {}
[1475.234452] (-) TimerEvent: {}
[1475.362420] (-) TimerEvent: {}
[1475.490463] (-) TimerEvent: {}
[1475.618435] (-) TimerEvent: {}
[1475.746454] (-) TimerEvent: {}
[1475.878376] (-) TimerEvent: {}
[1476.010392] (-) TimerEvent: {}
[1476.142412] (-) TimerEvent: {}
[1476.274463] (-) TimerEvent: {}
[1476.406405] (-) TimerEvent: {}
[1476.538450] (-) TimerEvent: {}
[1476.674435] (-) TimerEvent: {}
[1476.810308] (-) TimerEvent: {}
[1476.946240] (-) TimerEvent: {}
[1477.082251] (-) TimerEvent: {}
[1477.222240] (-) TimerEvent: {}
[1477.362268] (-) TimerEvent: {}
[1477.502252] (-) TimerEvent: {}
[1477.642252] (-) TimerEvent: {}
[1477.786256] (-) TimerEvent: {}
[1477.930320] (-) TimerEvent: {}
[1478.074251] (-) TimerEvent: {}
[1478.222350] (-) TimerEvent: {}
[1478.370379] (-) TimerEvent: {}
[1478.518478] (-) TimerEvent: {}
[1478.619502] (-) TimerEvent: {}
[1478.720520] (-) TimerEvent: {}
[1478.821739] (-) TimerEvent: {}
[1478.922737] (-) TimerEvent: {}
[1479.023608] (-) TimerEvent: {}
[1479.124582] (-) TimerEvent: {}
[1479.225610] (-) TimerEvent: {}
[1479.326592] (-) TimerEvent: {}
[1479.427619] (-) TimerEvent: {}
[1479.528571] (-) TimerEvent: {}
[1479.629957] (-) TimerEvent: {}
[1479.731945] (-) TimerEvent: {}
[1479.833662] (-) TimerEvent: {}
[1479.953312] (-) TimerEvent: {}
[1480.052891] (xgo_head) StdoutLine: {'line': b'[ 70%] \x1b[32mBuilding CXX object CMakeFiles/xgo_head.dir/src/MatrixLabel.cpp.o\x1b[0m\n'}
[1480.326788] (-) TimerEvent: {}
[1480.327532] (<colcon_parallel_executor.executor.parallel.ParallelExecutorExtension object at 0x7faa4c4d90>) ParallelStatus: {'processing': ('xgo_head',)}
[1480.427019] (-) TimerEvent: {}
[1480.527891] (-) TimerEvent: {}
[1480.628824] (-) TimerEvent: {}
[1480.729690] (-) TimerEvent: {}
[1480.830715] (-) TimerEvent: {}
[1480.931663] (-) TimerEvent: {}
[1481.032543] (-) TimerEvent: {}
[1481.133552] (-) TimerEvent: {}
[1481.234476] (-) TimerEvent: {}
[1481.335333] (-) TimerEvent: {}
[1481.436204] (-) TimerEvent: {}
[1481.537023] (-) TimerEvent: {}
[1481.637880] (-) TimerEvent: {}
[1481.738848] (-) TimerEvent: {}
[1481.839795] (-) TimerEvent: {}
[1481.940663] (-) TimerEvent: {}
[1482.041516] (-) TimerEvent: {}
[1482.142347] (-) TimerEvent: {}
[1482.243230] (-) TimerEvent: {}
[1482.344189] (-) TimerEvent: {}
[1482.445158] (-) TimerEvent: {}
[1482.546142] (-) TimerEvent: {}
[1482.646988] (-) TimerEvent: {}
[1482.747855] (-) TimerEvent: {}
[1482.849187] (-) TimerEvent: {}
[1482.950142] (-) TimerEvent: {}
[1483.051080] (-) TimerEvent: {}
[1483.152062] (-) TimerEvent: {}
[1483.253652] (-) TimerEvent: {}
[1483.356410] (-) TimerEvent: {}
[1483.458378] (-) TimerEvent: {}
[1483.560478] (-) TimerEvent: {}
[1483.662597] (-) TimerEvent: {}
[1483.765698] (-) TimerEvent: {}
[1483.866899] (-) TimerEvent: {}
[1483.967782] (-) TimerEvent: {}
[1484.069684] (-) TimerEvent: {}
[1484.170695] (-) TimerEvent: {}
[1484.271603] (-) TimerEvent: {}
[1484.372476] (-) TimerEvent: {}
[1484.473349] (-) TimerEvent: {}
[1484.574336] (-) TimerEvent: {}
[1484.675241] (-) TimerEvent: {}
[1484.776211] (-) TimerEvent: {}
[1484.877048] (-) TimerEvent: {}
[1484.977915] (-) TimerEvent: {}
[1485.078779] (-) TimerEvent: {}
[1485.179688] (-) TimerEvent: {}
[1485.281911] (-) TimerEvent: {}
[1485.382881] (-) TimerEvent: {}
[1485.484155] (-) TimerEvent: {}
[1485.585584] (-) TimerEvent: {}
[1485.686576] (-) TimerEvent: {}
[1485.787596] (-) TimerEvent: {}
[1485.888549] (-) TimerEvent: {}
[1485.989457] (-) TimerEvent: {}
[1486.090395] (-) TimerEvent: {}
[1486.191758] (-) TimerEvent: {}
[1486.292701] (-) TimerEvent: {}
[1486.393714] (-) TimerEvent: {}
[1486.494789] (-) TimerEvent: {}
[1486.595832] (-) TimerEvent: {}
[1486.696837] (-) TimerEvent: {}
[1486.797713] (-) TimerEvent: {}
[1486.898751] (-) TimerEvent: {}
[1486.999725] (-) TimerEvent: {}
[1487.100633] (-) TimerEvent: {}
[1487.201513] (-) TimerEvent: {}
[1487.302337] (-) TimerEvent: {}
[1487.403150] (-) TimerEvent: {}
[1487.503923] (-) TimerEvent: {}
[1487.604740] (-) TimerEvent: {}
[1487.705602] (-) TimerEvent: {}
[1487.806478] (-) TimerEvent: {}
[1487.907380] (-) TimerEvent: {}
[1488.008255] (-) TimerEvent: {}
[1488.109127] (-) TimerEvent: {}
[1488.210068] (-) TimerEvent: {}
[1488.310863] (-) TimerEvent: {}
[1488.411801] (-) TimerEvent: {}
[1488.512655] (-) TimerEvent: {}
[1488.613534] (-) TimerEvent: {}
[1488.714374] (-) TimerEvent: {}
[1488.815208] (-) TimerEvent: {}
[1488.916009] (-) TimerEvent: {}
[1489.434669] (-) TimerEvent: {}
[1489.535487] (-) TimerEvent: {}
[1489.636412] (-) TimerEvent: {}
[1489.738414] (-) TimerEvent: {}
[1489.839234] (-) TimerEvent: {}
[1489.940102] (-) TimerEvent: {}
[1490.041041] (-) TimerEvent: {}
[1490.141906] (-) TimerEvent: {}
[1490.242706] (-) TimerEvent: {}
[1490.343542] (-) TimerEvent: {}
[1490.444484] (-) TimerEvent: {}
[1490.545469] (-) TimerEvent: {}
[1490.646290] (-) TimerEvent: {}
[1490.747103] (-) TimerEvent: {}
[1490.847958] (-) TimerEvent: {}
[1490.948813] (-) TimerEvent: {}
[1491.050210] (-) TimerEvent: {}
[1491.151072] (-) TimerEvent: {}
[1491.251995] (-) TimerEvent: {}
[1491.352916] (-) TimerEvent: {}
[1491.453895] (-) TimerEvent: {}
[1491.554955] (-) TimerEvent: {}
[1491.656881] (-) TimerEvent: {}
[1491.758648] (-) TimerEvent: {}
[1491.859632] (-) TimerEvent: {}
[1491.960645] (-) TimerEvent: {}
[1492.061561] (-) TimerEvent: {}
[1492.162441] (-) TimerEvent: {}
[1492.263434] (-) TimerEvent: {}
[1492.364359] (-) TimerEvent: {}
[1492.465232] (-) TimerEvent: {}
[1492.566380] (-) TimerEvent: {}
[1492.667451] (-) TimerEvent: {}
[1492.769143] (-) TimerEvent: {}
[1492.871242] (-) TimerEvent: {}
[1492.973299] (-) TimerEvent: {}
[1493.074332] (-) TimerEvent: {}
[1493.176149] (-) TimerEvent: {}
[1493.278193] (-) TimerEvent: {}
[1493.379290] (-) TimerEvent: {}
[1493.481043] (-) TimerEvent: {}
[1493.582216] (-) TimerEvent: {}
[1493.684124] (-) TimerEvent: {}
[1493.785944] (-) TimerEvent: {}
[1493.887008] (-) TimerEvent: {}
[1493.988024] (-) TimerEvent: {}
[1494.089005] (-) TimerEvent: {}
[1494.190708] (-) TimerEvent: {}
[1494.292463] (-) TimerEvent: {}
[1494.394332] (-) TimerEvent: {}
[1494.496201] (-) TimerEvent: {}
[1494.597172] (-) TimerEvent: {}
[1494.699182] (-) TimerEvent: {}
[1494.800094] (-) TimerEvent: {}
[1494.901068] (-) TimerEvent: {}
[1495.002197] (-) TimerEvent: {}
[1495.103141] (-) TimerEvent: {}
[1495.204162] (-) TimerEvent: {}
[1495.305195] (-) TimerEvent: {}
[1495.406256] (-) TimerEvent: {}
[1495.507187] (-) TimerEvent: {}
[1495.608219] (-) TimerEvent: {}
[1495.709700] (-) TimerEvent: {}
[1495.810801] (-) TimerEvent: {}
[1495.911876] (-) TimerEvent: {}
[1496.012870] (-) TimerEvent: {}
[1496.113929] (-) TimerEvent: {}
[1496.214915] (-) TimerEvent: {}
[1496.315957] (-) TimerEvent: {}
[1496.416994] (-) TimerEvent: {}
[1496.518002] (-) TimerEvent: {}
[1496.619107] (-) TimerEvent: {}
[1496.720162] (-) TimerEvent: {}
[1496.821239] (-) TimerEvent: {}
[1496.922371] (-) TimerEvent: {}
[1497.023424] (-) TimerEvent: {}
[1497.124510] (-) TimerEvent: {}
[1497.225647] (-) TimerEvent: {}
[1497.326788] (-) TimerEvent: {}
[1497.427999] (-) TimerEvent: {}
[1497.528950] (-) TimerEvent: {}
[1497.630110] (-) TimerEvent: {}
[1497.731196] (-) TimerEvent: {}
[1497.832235] (-) TimerEvent: {}
[1497.933222] (-) TimerEvent: {}
[1498.034253] (-) TimerEvent: {}
[1498.135228] (-) TimerEvent: {}
[1498.236224] (-) TimerEvent: {}
[1498.337311] (-) TimerEvent: {}
[1498.438372] (-) TimerEvent: {}
[1498.539344] (-) TimerEvent: {}
[1498.640424] (-) TimerEvent: {}
[1498.741515] (-) TimerEvent: {}
[1498.842546] (-) TimerEvent: {}
[1498.943678] (-) TimerEvent: {}
[1499.044701] (-) TimerEvent: {}
[1499.145802] (-) TimerEvent: {}
[1499.246819] (-) TimerEvent: {}
[1499.347842] (-) TimerEvent: {}
[1499.448801] (-) TimerEvent: {}
[1499.549718] (-) TimerEvent: {}
[1499.650653] (-) TimerEvent: {}
[1499.751630] (-) TimerEvent: {}
[1499.852532] (-) TimerEvent: {}
[1499.953478] (-) TimerEvent: {}
[1500.054431] (-) TimerEvent: {}
[1500.155264] (-) TimerEvent: {}
[1500.256111] (-) TimerEvent: {}
[1500.356968] (-) TimerEvent: {}
[1500.457876] (-) TimerEvent: {}
[1500.558726] (-) TimerEvent: {}
[1500.659646] (-) TimerEvent: {}
[1500.760569] (-) TimerEvent: {}
[1500.861572] (-) TimerEvent: {}
[1500.962534] (-) TimerEvent: {}
[1501.063450] (-) TimerEvent: {}
[1501.164341] (-) TimerEvent: {}
[1501.265258] (-) TimerEvent: {}
[1501.366207] (-) TimerEvent: {}
[1501.467050] (-) TimerEvent: {}
[1501.568027] (-) TimerEvent: {}
[1501.669011] (-) TimerEvent: {}
[1501.769985] (-) TimerEvent: {}
[1501.870933] (-) TimerEvent: {}
[1501.971848] (-) TimerEvent: {}
[1502.072817] (-) TimerEvent: {}
[1502.173789] (-) TimerEvent: {}
[1502.274676] (-) TimerEvent: {}
[1502.375550] (-) TimerEvent: {}
[1502.476509] (-) TimerEvent: {}
[1502.577348] (-) TimerEvent: {}
[1502.678285] (-) TimerEvent: {}
[1502.779223] (-) TimerEvent: {}
[1502.880137] (-) TimerEvent: {}
[1502.981052] (-) TimerEvent: {}
[1503.081947] (-) TimerEvent: {}
[1503.182859] (-) TimerEvent: {}
[1503.283773] (-) TimerEvent: {}
[1503.384662] (-) TimerEvent: {}
[1503.485629] (-) TimerEvent: {}
[1503.586609] (-) TimerEvent: {}
[1503.687549] (-) TimerEvent: {}
[1503.788417] (-) TimerEvent: {}
[1503.889410] (-) TimerEvent: {}
[1503.990414] (-) TimerEvent: {}
[1504.091346] (-) TimerEvent: {}
[1504.192192] (-) TimerEvent: {}
[1504.293090] (-) TimerEvent: {}
[1504.394070] (-) TimerEvent: {}
[1504.495022] (-) TimerEvent: {}
[1504.595936] (-) TimerEvent: {}
[1504.696863] (-) TimerEvent: {}
[1504.797730] (-) TimerEvent: {}
[1504.898613] (-) TimerEvent: {}
[1504.999468] (-) TimerEvent: {}
[1505.100380] (-) TimerEvent: {}
[1505.201252] (-) TimerEvent: {}
[1505.302256] (-) TimerEvent: {}
[1505.403215] (-) TimerEvent: {}
[1505.504123] (-) TimerEvent: {}
[1505.605069] (-) TimerEvent: {}
[1505.706114] (-) TimerEvent: {}
[1505.807126] (-) TimerEvent: {}
[1505.908094] (-) TimerEvent: {}
[1506.008992] (-) TimerEvent: {}
[1506.110005] (-) TimerEvent: {}
[1506.210877] (-) TimerEvent: {}
[1506.311868] (-) TimerEvent: {}
[1506.412861] (-) TimerEvent: {}
[1506.513883] (-) TimerEvent: {}
[1506.614749] (-) TimerEvent: {}
[1506.715577] (-) TimerEvent: {}
[1506.816526] (-) TimerEvent: {}
[1506.917444] (-) TimerEvent: {}
[1507.018272] (-) TimerEvent: {}
[1507.119115] (-) TimerEvent: {}
[1507.220006] (-) TimerEvent: {}
[1507.320874] (-) TimerEvent: {}
[1507.421894] (-) TimerEvent: {}
[1507.522888] (-) TimerEvent: {}
[1507.623820] (-) TimerEvent: {}
[1507.724769] (-) TimerEvent: {}
[1507.825699] (-) TimerEvent: {}
[1507.926577] (-) TimerEvent: {}
[1508.027450] (-) TimerEvent: {}
[1508.128275] (-) TimerEvent: {}
[1508.229144] (-) TimerEvent: {}
[1508.330177] (-) TimerEvent: {}
[1508.431029] (-) TimerEvent: {}
[1508.531904] (-) TimerEvent: {}
[1508.632756] (-) TimerEvent: {}
[1508.733606] (-) TimerEvent: {}
[1508.834571] (-) TimerEvent: {}
[1508.935449] (-) TimerEvent: {}
[1509.036372] (-) TimerEvent: {}
[1509.137229] (-) TimerEvent: {}
[1509.238145] (-) TimerEvent: {}
[1509.339032] (-) TimerEvent: {}
[1509.439928] (-) TimerEvent: {}
[1509.540838] (-) TimerEvent: {}
[1509.641740] (-) TimerEvent: {}
[1509.742640] (-) TimerEvent: {}
[1509.843470] (-) TimerEvent: {}
[1509.944323] (-) TimerEvent: {}
[1510.045177] (-) TimerEvent: {}
[1510.146084] (-) TimerEvent: {}
[1510.238256] (<colcon_parallel_executor.executor.parallel.ParallelExecutorExtension object at 0x7faa4c4d90>) ParallelStatus: {'processing': ('xgo_head',)}
[1510.246267] (-) TimerEvent: {}
[1510.347132] (-) TimerEvent: {}
[1510.448062] (-) TimerEvent: {}
[1510.548935] (-) TimerEvent: {}
[1510.649886] (-) TimerEvent: {}
[1510.750737] (-) TimerEvent: {}
[1510.851646] (-) TimerEvent: {}
[1510.952489] (-) TimerEvent: {}
[1511.053408] (-) TimerEvent: {}
[1511.154404] (-) TimerEvent: {}
[1511.255363] (-) TimerEvent: {}
[1511.356314] (-) TimerEvent: {}
[1511.457177] (-) TimerEvent: {}
[1511.558159] (-) TimerEvent: {}
[1511.659079] (-) TimerEvent: {}
[1511.760040] (-) TimerEvent: {}
[1511.860974] (-) TimerEvent: {}
[1511.961938] (-) TimerEvent: {}
[1512.062802] (-) TimerEvent: {}
[1512.163686] (-) TimerEvent: {}
[1512.264654] (-) TimerEvent: {}
[1512.365604] (-) TimerEvent: {}
[1512.466534] (-) TimerEvent: {}
[1512.567383] (-) TimerEvent: {}
[1512.668342] (-) TimerEvent: {}
[1512.769261] (-) TimerEvent: {}
[1512.870184] (-) TimerEvent: {}
[1512.971144] (-) TimerEvent: {}
[1513.072068] (-) TimerEvent: {}
[1513.172973] (-) TimerEvent: {}
[1513.273894] (-) TimerEvent: {}
[1513.374837] (-) TimerEvent: {}
[1513.475807] (-) TimerEvent: {}
[1513.576776] (-) TimerEvent: {}
[1513.677756] (-) TimerEvent: {}
[1513.778631] (-) TimerEvent: {}
[1513.879558] (-) TimerEvent: {}
[1513.981476] (-) TimerEvent: {}
[1514.082423] (-) TimerEvent: {}
[1514.183410] (-) TimerEvent: {}
[1514.284365] (-) TimerEvent: {}
[1514.385290] (-) TimerEvent: {}
[1514.486261] (-) TimerEvent: {}
[1514.587183] (-) TimerEvent: {}
[1514.688130] (-) TimerEvent: {}
[1514.789088] (-) TimerEvent: {}
[1514.889997] (-) TimerEvent: {}
[1514.990952] (-) TimerEvent: {}
[1515.091888] (-) TimerEvent: {}
[1515.192771] (-) TimerEvent: {}
[1515.293604] (-) TimerEvent: {}
[1515.394515] (-) TimerEvent: {}
[1515.495351] (-) TimerEvent: {}
[1515.596282] (-) TimerEvent: {}
[1515.697238] (-) TimerEvent: {}
[1515.798168] (-) TimerEvent: {}
[1515.899026] (-) TimerEvent: {}
[1515.999944] (-) TimerEvent: {}
[1516.100872] (-) TimerEvent: {}
[1516.201823] (-) TimerEvent: {}
[1516.302635] (-) TimerEvent: {}
[1516.403539] (-) TimerEvent: {}
[1516.504510] (-) TimerEvent: {}
[1516.605513] (-) TimerEvent: {}
[1516.706426] (-) TimerEvent: {}
[1516.807347] (-) TimerEvent: {}
[1516.908345] (-) TimerEvent: {}
[1517.009316] (-) TimerEvent: {}
[1517.110381] (-) TimerEvent: {}
[1517.211331] (-) TimerEvent: {}
[1517.312270] (-) TimerEvent: {}
[1517.413146] (-) TimerEvent: {}
[1517.514181] (-) TimerEvent: {}
[1517.615142] (-) TimerEvent: {}
[1517.716112] (-) TimerEvent: {}
[1517.817089] (-) TimerEvent: {}
[1517.918087] (-) TimerEvent: {}
[1518.019016] (-) TimerEvent: {}
[1518.119976] (-) TimerEvent: {}
[1518.220865] (-) TimerEvent: {}
[1518.321905] (-) TimerEvent: {}
[1518.422798] (-) TimerEvent: {}
[1518.523706] (-) TimerEvent: {}
[1518.624646] (-) TimerEvent: {}
[1518.725606] (-) TimerEvent: {}
[1518.826572] (-) TimerEvent: {}
[1518.927484] (-) TimerEvent: {}
[1519.028336] (-) TimerEvent: {}
[1519.129225] (-) TimerEvent: {}
[1519.230104] (-) TimerEvent: {}
[1519.330934] (-) TimerEvent: {}
[1519.431911] (-) TimerEvent: {}
[1519.532742] (-) TimerEvent: {}
[1519.633611] (-) TimerEvent: {}
[1519.734428] (-) TimerEvent: {}
[1519.835293] (-) TimerEvent: {}
[1519.936152] (-) TimerEvent: {}
[1520.037028] (-) TimerEvent: {}
[1520.137950] (-) TimerEvent: {}
[1520.238832] (-) TimerEvent: {}
[1520.339713] (-) TimerEvent: {}
[1520.440634] (-) TimerEvent: {}
[1520.541514] (-) TimerEvent: {}
[1520.642359] (-) TimerEvent: {}
[1520.743199] (-) TimerEvent: {}
[1520.844110] (-) TimerEvent: {}
[1520.945000] (-) TimerEvent: {}
[1521.045900] (-) TimerEvent: {}
[1521.146752] (-) TimerEvent: {}
[1521.247556] (-) TimerEvent: {}
[1521.348386] (-) TimerEvent: {}
[1521.449194] (-) TimerEvent: {}
[1521.550061] (-) TimerEvent: {}
[1521.650825] (-) TimerEvent: {}
[1521.751575] (-) TimerEvent: {}
[1521.852354] (-) TimerEvent: {}
[1521.953110] (-) TimerEvent: {}
[1522.053886] (-) TimerEvent: {}
[1522.154645] (-) TimerEvent: {}
[1522.255363] (-) TimerEvent: {}
[1522.356120] (-) TimerEvent: {}
[1522.456892] (-) TimerEvent: {}
[1522.557691] (-) TimerEvent: {}
[1522.658466] (-) TimerEvent: {}
[1522.759222] (-) TimerEvent: {}
[1522.859989] (-) TimerEvent: {}
[1522.960807] (-) TimerEvent: {}
[1523.061689] (-) TimerEvent: {}
[1523.162634] (-) TimerEvent: {}
[1523.263484] (-) TimerEvent: {}
[1523.364343] (-) TimerEvent: {}
[1523.465197] (-) TimerEvent: {}
[1523.566122] (-) TimerEvent: {}
[1523.667094] (-) TimerEvent: {}
[1523.768058] (-) TimerEvent: {}
[1523.868996] (-) TimerEvent: {}
[1523.970006] (-) TimerEvent: {}
[1524.070945] (-) TimerEvent: {}
[1524.171946] (-) TimerEvent: {}
[1524.272919] (-) TimerEvent: {}
[1524.373835] (-) TimerEvent: {}
[1524.474790] (-) TimerEvent: {}
[1524.575661] (-) TimerEvent: {}
[1524.676590] (-) TimerEvent: {}
[1524.777528] (-) TimerEvent: {}
[1524.878489] (-) TimerEvent: {}
[1524.979442] (-) TimerEvent: {}
[1525.080332] (-) TimerEvent: {}
[1525.181232] (-) TimerEvent: {}
[1525.282223] (-) TimerEvent: {}
[1525.383171] (-) TimerEvent: {}
[1525.484134] (-) TimerEvent: {}
[1525.585039] (-) TimerEvent: {}
[1525.686006] (-) TimerEvent: {}
[1525.786924] (-) TimerEvent: {}
[1525.887905] (-) TimerEvent: {}
[1525.988753] (-) TimerEvent: {}
[1526.089735] (-) TimerEvent: {}
[1526.190603] (-) TimerEvent: {}
[1526.291567] (-) TimerEvent: {}
[1526.392504] (-) TimerEvent: {}
[1526.493464] (-) TimerEvent: {}
[1526.594293] (-) TimerEvent: {}
[1526.695094] (-) TimerEvent: {}
[1526.795963] (-) TimerEvent: {}
[1526.896882] (-) TimerEvent: {}
[1526.997749] (-) TimerEvent: {}
[1527.098715] (-) TimerEvent: {}
[1527.199548] (-) TimerEvent: {}
[1527.300489] (-) TimerEvent: {}
[1527.401405] (-) TimerEvent: {}
[1527.502299] (-) TimerEvent: {}
[1527.603179] (-) TimerEvent: {}
[1527.704098] (-) TimerEvent: {}
[1527.805106] (-) TimerEvent: {}
[1527.906107] (-) TimerEvent: {}
[1528.007028] (-) TimerEvent: {}
[1528.107983] (-) TimerEvent: {}
[1528.208867] (-) TimerEvent: {}
[1528.309745] (-) TimerEvent: {}
[1528.410715] (-) TimerEvent: {}
[1528.511675] (-) TimerEvent: {}
[1528.612601] (-) TimerEvent: {}
[1528.713641] (-) TimerEvent: {}
[1528.814556] (-) TimerEvent: {}
[1528.915488] (-) TimerEvent: {}
[1529.016437] (-) TimerEvent: {}
[1529.117410] (-) TimerEvent: {}
[1529.218419] (-) TimerEvent: {}
[1529.319378] (-) TimerEvent: {}
[1529.420384] (-) TimerEvent: {}
[1529.521351] (-) TimerEvent: {}
[1529.622413] (-) TimerEvent: {}
[1529.723368] (-) TimerEvent: {}
[1529.824397] (-) TimerEvent: {}
[1529.925353] (-) TimerEvent: {}
[1530.026311] (-) TimerEvent: {}
[1530.127304] (-) TimerEvent: {}
[1530.228264] (-) TimerEvent: {}
[1530.329228] (-) TimerEvent: {}
[1530.430231] (-) TimerEvent: {}
[1530.531171] (-) TimerEvent: {}
[1530.632153] (-) TimerEvent: {}
[1530.733098] (-) TimerEvent: {}
[1530.834129] (-) TimerEvent: {}
[1530.934990] (-) TimerEvent: {}
[1531.035900] (-) TimerEvent: {}
[1531.136871] (-) TimerEvent: {}
[1531.237888] (-) TimerEvent: {}
[1531.338870] (-) TimerEvent: {}
[1531.439794] (-) TimerEvent: {}
[1531.540744] (-) TimerEvent: {}
[1531.641741] (-) TimerEvent: {}
[1531.742692] (-) TimerEvent: {}
[1531.843656] (-) TimerEvent: {}
[1531.944625] (-) TimerEvent: {}
[1532.045658] (-) TimerEvent: {}
[1532.146599] (-) TimerEvent: {}
[1532.247533] (-) TimerEvent: {}
[1532.348403] (-) TimerEvent: {}
[1532.449367] (-) TimerEvent: {}
[1532.550407] (-) TimerEvent: {}
[1532.651356] (-) TimerEvent: {}
[1532.752304] (-) TimerEvent: {}
[1532.853225] (-) TimerEvent: {}
[1532.954204] (-) TimerEvent: {}
[1533.055168] (-) TimerEvent: {}
[1533.156139] (-) TimerEvent: {}
[1533.257092] (-) TimerEvent: {}
[1533.358088] (-) TimerEvent: {}
[1533.459026] (-) TimerEvent: {}
[1533.559960] (-) TimerEvent: {}
[1533.660914] (-) TimerEvent: {}
[1533.761945] (-) TimerEvent: {}
[1533.862815] (-) TimerEvent: {}
[1533.963841] (-) TimerEvent: {}
[1534.064815] (-) TimerEvent: {}
[1534.165708] (-) TimerEvent: {}
[1534.266680] (-) TimerEvent: {}
[1534.367652] (-) TimerEvent: {}
[1534.468607] (-) TimerEvent: {}
[1534.569571] (-) TimerEvent: {}
[1534.670519] (-) TimerEvent: {}
[1534.771452] (-) TimerEvent: {}
[1534.872408] (-) TimerEvent: {}
[1534.973330] (-) TimerEvent: {}
[1535.074352] (-) TimerEvent: {}
[1535.175280] (-) TimerEvent: {}
[1535.276217] (-) TimerEvent: {}
[1535.377146] (-) TimerEvent: {}
[1535.478147] (-) TimerEvent: {}
[1535.579105] (-) TimerEvent: {}
[1535.680076] (-) TimerEvent: {}
[1535.780981] (-) TimerEvent: {}
[1535.881969] (-) TimerEvent: {}
[1535.982923] (-) TimerEvent: {}
[1536.083926] (-) TimerEvent: {}
[1536.184897] (-) TimerEvent: {}
[1536.285898] (-) TimerEvent: {}
[1536.386848] (-) TimerEvent: {}
[1536.487778] (-) TimerEvent: {}
[1536.588714] (-) TimerEvent: {}
[1536.689703] (-) TimerEvent: {}
[1536.790663] (-) TimerEvent: {}
[1536.891677] (-) TimerEvent: {}
[1536.992646] (-) TimerEvent: {}
[1537.093627] (-) TimerEvent: {}
[1537.194556] (-) TimerEvent: {}
[1537.295431] (-) TimerEvent: {}
[1537.396436] (-) TimerEvent: {}
[1537.497410] (-) TimerEvent: {}
[1537.598449] (-) TimerEvent: {}
[1537.699403] (-) TimerEvent: {}
[1537.800384] (-) TimerEvent: {}
[1537.901333] (-) TimerEvent: {}
[1538.002342] (-) TimerEvent: {}
[1538.103598] (-) TimerEvent: {}
[1538.204578] (-) TimerEvent: {}
[1538.305559] (-) TimerEvent: {}
[1538.406460] (-) TimerEvent: {}
[1538.507318] (-) TimerEvent: {}
[1538.608149] (-) TimerEvent: {}
[1538.708997] (-) TimerEvent: {}
[1538.809887] (-) TimerEvent: {}
[1538.910713] (-) TimerEvent: {}
[1539.011599] (-) TimerEvent: {}
[1539.112476] (-) TimerEvent: {}
[1539.213569] (-) TimerEvent: {}
[1539.314589] (-) TimerEvent: {}
[1539.415622] (-) TimerEvent: {}
[1539.516650] (-) TimerEvent: {}
[1539.617728] (-) TimerEvent: {}
[1539.718632] (-) TimerEvent: {}
[1539.819540] (-) TimerEvent: {}
[1539.920464] (-) TimerEvent: {}
[1540.021398] (-) TimerEvent: {}
[1540.122326] (-) TimerEvent: {}
[1540.223225] (-) TimerEvent: {}
[1540.271527] (<colcon_parallel_executor.executor.parallel.ParallelExecutorExtension object at 0x7faa4c4d90>) ParallelStatus: {'processing': ('xgo_head',)}
[1540.323437] (-) TimerEvent: {}
[1540.424329] (-) TimerEvent: {}
[1540.525264] (-) TimerEvent: {}
[1540.626213] (-) TimerEvent: {}
[1540.727207] (-) TimerEvent: {}
[1540.828100] (-) TimerEvent: {}
[1540.928986] (-) TimerEvent: {}
[1541.029947] (-) TimerEvent: {}
[1541.130897] (-) TimerEvent: {}
[1541.231867] (-) TimerEvent: {}
[1541.332776] (-) TimerEvent: {}
[1541.433696] (-) TimerEvent: {}
[1541.534657] (-) TimerEvent: {}
[1541.635610] (-) TimerEvent: {}
[1541.736536] (-) TimerEvent: {}
[1541.837469] (-) TimerEvent: {}
[1541.938395] (-) TimerEvent: {}
[1542.039303] (-) TimerEvent: {}
[1542.140205] (-) TimerEvent: {}
[1542.241101] (-) TimerEvent: {}
[1542.342091] (-) TimerEvent: {}
[1542.443016] (-) TimerEvent: {}
[1542.543940] (-) TimerEvent: {}
[1542.644862] (-) TimerEvent: {}
[1542.745827] (-) TimerEvent: {}
[1542.846773] (-) TimerEvent: {}
[1542.947758] (-) TimerEvent: {}
[1543.048671] (-) TimerEvent: {}
[1543.149612] (-) TimerEvent: {}
[1543.250531] (-) TimerEvent: {}
[1543.351435] (-) TimerEvent: {}
[1543.452356] (-) TimerEvent: {}
[1543.553269] (-) TimerEvent: {}
[1543.654252] (-) TimerEvent: {}
[1543.755171] (-) TimerEvent: {}
[1543.856067] (-) TimerEvent: {}
[1543.956962] (-) TimerEvent: {}
[1544.058015] (-) TimerEvent: {}
[1544.158931] (-) TimerEvent: {}
[1544.259844] (-) TimerEvent: {}
[1544.360774] (-) TimerEvent: {}
[1544.461715] (-) TimerEvent: {}
[1544.562646] (-) TimerEvent: {}
[1544.663568] (-) TimerEvent: {}
[1544.764457] (-) TimerEvent: {}
[1544.865364] (-) TimerEvent: {}
[1544.966290] (-) TimerEvent: {}
[1545.067396] (-) TimerEvent: {}
[1545.168341] (-) TimerEvent: {}
[1545.269270] (-) TimerEvent: {}
[1545.370277] (-) TimerEvent: {}
[1545.471255] (-) TimerEvent: {}
[1545.572294] (-) TimerEvent: {}
[1545.673200] (-) TimerEvent: {}
[1545.774144] (-) TimerEvent: {}
[1545.875040] (-) TimerEvent: {}
[1545.975993] (-) TimerEvent: {}
[1546.076920] (-) TimerEvent: {}
[1546.177882] (-) TimerEvent: {}
[1546.278811] (-) TimerEvent: {}
[1546.379735] (-) TimerEvent: {}
[1546.480638] (-) TimerEvent: {}
[1546.581558] (-) TimerEvent: {}
[1546.682425] (-) TimerEvent: {}
[1546.780501] (xgo_head) StdoutLine: {'line': b'[ 75%] \x1b[32mBuilding CXX object CMakeFiles/xgo_head.dir/include/moc_XgoSpeaker.cpp.o\x1b[0m\n'}
[1546.789093] (-) TimerEvent: {}
[1546.890018] (-) TimerEvent: {}
[1546.990953] (-) TimerEvent: {}
[1547.092231] (-) TimerEvent: {}
[1547.193515] (-) TimerEvent: {}
[1547.294588] (-) TimerEvent: {}
[1547.395585] (-) TimerEvent: {}
[1547.496546] (-) TimerEvent: {}
[1547.597566] (-) TimerEvent: {}
[1547.698497] (-) TimerEvent: {}
[1547.799447] (-) TimerEvent: {}
[1547.864040] (xgo_head) StdoutLine: {'line': b'[ 80%] \x1b[32mBuilding CXX object CMakeFiles/xgo_head.dir/include/moc_MatrixLabel.cpp.o\x1b[0m\n'}
[1547.899740] (-) TimerEvent: {}
[1548.001896] (-) TimerEvent: {}
[1548.103845] (-) TimerEvent: {}
[1548.205818] (-) TimerEvent: {}
[1548.307845] (-) TimerEvent: {}
[1548.409839] (-) TimerEvent: {}
[1548.512075] (-) TimerEvent: {}
[1548.614346] (-) TimerEvent: {}
[1548.716622] (-) TimerEvent: {}
[1548.819055] (-) TimerEvent: {}
[1548.904974] (xgo_head) StdoutLine: {'line': b'[ 85%] \x1b[32mBuilding CXX object CMakeFiles/xgo_head.dir/include/moc_GpioReader.cpp.o\x1b[0m\n'}
[1548.919323] (-) TimerEvent: {}
[1549.021551] (-) TimerEvent: {}
[1549.123661] (-) TimerEvent: {}
[1549.225688] (-) TimerEvent: {}
[1549.327614] (-) TimerEvent: {}
[1549.429499] (-) TimerEvent: {}
[1549.531463] (-) TimerEvent: {}
[1549.633332] (-) TimerEvent: {}
[1549.735325] (-) TimerEvent: {}
[1549.837120] (-) TimerEvent: {}
[1549.938890] (-) TimerEvent: {}
[1550.040927] (-) TimerEvent: {}
[1550.143046] (-) TimerEvent: {}
[1550.245204] (-) TimerEvent: {}
[1550.347554] (-) TimerEvent: {}
[1550.449797] (-) TimerEvent: {}
[1550.551902] (-) TimerEvent: {}
[1550.654039] (-) TimerEvent: {}
[1550.756242] (-) TimerEvent: {}
[1550.858602] (-) TimerEvent: {}
[1550.960669] (-) TimerEvent: {}
[1551.063009] (-) TimerEvent: {}
[1551.165075] (-) TimerEvent: {}
[1551.267281] (-) TimerEvent: {}
[1551.369381] (-) TimerEvent: {}
[1551.471454] (-) TimerEvent: {}
[1551.573576] (-) TimerEvent: {}
[1551.675595] (-) TimerEvent: {}
[1551.777670] (-) TimerEvent: {}
[1551.879801] (-) TimerEvent: {}
[1551.982083] (-) TimerEvent: {}
[1552.084210] (-) TimerEvent: {}
[1552.186603] (-) TimerEvent: {}
[1552.288816] (-) TimerEvent: {}
[1552.391195] (-) TimerEvent: {}
[1552.493363] (-) TimerEvent: {}
[1552.595846] (-) TimerEvent: {}
[1552.698102] (-) TimerEvent: {}
[1552.800284] (-) TimerEvent: {}
[1552.902618] (-) TimerEvent: {}
[1553.004800] (-) TimerEvent: {}
[1553.107302] (-) TimerEvent: {}
[1553.209549] (-) TimerEvent: {}
[1553.311780] (-) TimerEvent: {}
[1553.414051] (-) TimerEvent: {}
[1553.516294] (-) TimerEvent: {}
[1553.618556] (-) TimerEvent: {}
[1553.720741] (-) TimerEvent: {}
[1553.823033] (-) TimerEvent: {}
[1553.925284] (-) TimerEvent: {}
[1554.027416] (-) TimerEvent: {}
[1554.135635] (-) TimerEvent: {}
[1554.237885] (-) TimerEvent: {}
[1554.340111] (-) TimerEvent: {}
[1554.442426] (-) TimerEvent: {}
[1554.544634] (-) TimerEvent: {}
[1554.646959] (-) TimerEvent: {}
[1554.749220] (-) TimerEvent: {}
[1554.851520] (-) TimerEvent: {}
[1554.953872] (-) TimerEvent: {}
[1555.056052] (-) TimerEvent: {}
[1555.157100] (-) TimerEvent: {}
[1555.258230] (-) TimerEvent: {}
[1555.359291] (-) TimerEvent: {}
[1555.460373] (-) TimerEvent: {}
[1555.561526] (-) TimerEvent: {}
[1555.662618] (-) TimerEvent: {}
[1555.763735] (-) TimerEvent: {}
[1555.864785] (-) TimerEvent: {}
[1555.965885] (-) TimerEvent: {}
[1556.067010] (-) TimerEvent: {}
[1556.168091] (-) TimerEvent: {}
[1556.269179] (-) TimerEvent: {}
[1556.370368] (-) TimerEvent: {}
[1556.471479] (-) TimerEvent: {}
[1556.572544] (-) TimerEvent: {}
[1556.673630] (-) TimerEvent: {}
[1556.774578] (-) TimerEvent: {}
[1556.839158] (xgo_head) StdoutLine: {'line': b'[ 90%] \x1b[32mBuilding CXX object CMakeFiles/xgo_head.dir/include/moc_rclcomm.cpp.o\x1b[0m\n'}
[1556.874810] (-) TimerEvent: {}
[1556.975787] (-) TimerEvent: {}
[1557.076677] (-) TimerEvent: {}
[1557.177648] (-) TimerEvent: {}
[1557.278593] (-) TimerEvent: {}
[1557.379550] (-) TimerEvent: {}
[1557.480482] (-) TimerEvent: {}
[1557.581372] (-) TimerEvent: {}
[1557.682317] (-) TimerEvent: {}
[1557.783196] (-) TimerEvent: {}
[1557.884078] (-) TimerEvent: {}
[1557.984960] (-) TimerEvent: {}
[1558.085892] (-) TimerEvent: {}
[1558.186864] (-) TimerEvent: {}
[1558.287749] (-) TimerEvent: {}
[1558.388659] (-) TimerEvent: {}
[1558.489587] (-) TimerEvent: {}
[1558.590474] (-) TimerEvent: {}
[1558.691389] (-) TimerEvent: {}
[1558.792335] (-) TimerEvent: {}
[1558.893248] (-) TimerEvent: {}
[1558.994181] (-) TimerEvent: {}
[1559.095418] (-) TimerEvent: {}
[1559.196471] (-) TimerEvent: {}
[1559.297471] (-) TimerEvent: {}
[1559.398403] (-) TimerEvent: {}
[1559.499315] (-) TimerEvent: {}
[1559.600226] (-) TimerEvent: {}
[1559.701202] (-) TimerEvent: {}
[1559.802242] (-) TimerEvent: {}
[1559.903207] (-) TimerEvent: {}
[1560.004158] (-) TimerEvent: {}
[1560.105112] (-) TimerEvent: {}
[1560.206122] (-) TimerEvent: {}
[1560.307042] (-) TimerEvent: {}
[1560.407999] (-) TimerEvent: {}
[1560.508949] (-) TimerEvent: {}
[1560.609925] (-) TimerEvent: {}
[1560.710883] (-) TimerEvent: {}
[1560.811813] (-) TimerEvent: {}
[1560.912788] (-) TimerEvent: {}
[1561.013728] (-) TimerEvent: {}
[1561.114665] (-) TimerEvent: {}
[1561.215621] (-) TimerEvent: {}
[1561.316611] (-) TimerEvent: {}
[1561.418282] (-) TimerEvent: {}
[1561.519229] (-) TimerEvent: {}
[1561.620191] (-) TimerEvent: {}
[1561.721148] (-) TimerEvent: {}
[1561.822164] (-) TimerEvent: {}
[1561.923124] (-) TimerEvent: {}
[1562.024116] (-) TimerEvent: {}
[1562.125111] (-) TimerEvent: {}
[1562.226146] (-) TimerEvent: {}
[1562.327124] (-) TimerEvent: {}
[1562.428073] (-) TimerEvent: {}
[1562.529006] (-) TimerEvent: {}
[1562.630019] (-) TimerEvent: {}
[1562.730981] (-) TimerEvent: {}
[1562.831963] (-) TimerEvent: {}
[1562.932878] (-) TimerEvent: {}
[1563.033834] (-) TimerEvent: {}
[1563.134786] (-) TimerEvent: {}
[1563.235762] (-) TimerEvent: {}
[1563.336716] (-) TimerEvent: {}
[1563.437697] (-) TimerEvent: {}
[1563.538635] (-) TimerEvent: {}
[1563.639616] (-) TimerEvent: {}
[1563.740583] (-) TimerEvent: {}
[1563.841590] (-) TimerEvent: {}
[1563.942551] (-) TimerEvent: {}
[1564.043489] (-) TimerEvent: {}
[1564.144430] (-) TimerEvent: {}
[1564.245345] (-) TimerEvent: {}
[1564.346285] (-) TimerEvent: {}
[1564.447257] (-) TimerEvent: {}
[1564.548195] (-) TimerEvent: {}
[1564.649139] (-) TimerEvent: {}
[1564.750102] (-) TimerEvent: {}
[1564.851038] (-) TimerEvent: {}
[1564.951993] (-) TimerEvent: {}
[1565.052956] (-) TimerEvent: {}
[1565.153977] (-) TimerEvent: {}
[1565.254936] (-) TimerEvent: {}
[1565.355866] (-) TimerEvent: {}
[1565.456816] (-) TimerEvent: {}
[1565.557841] (-) TimerEvent: {}
[1565.658756] (-) TimerEvent: {}
[1565.759682] (-) TimerEvent: {}
[1565.860646] (-) TimerEvent: {}
[1565.961607] (-) TimerEvent: {}
[1566.062550] (-) TimerEvent: {}
[1566.163473] (-) TimerEvent: {}
[1566.264504] (-) TimerEvent: {}
[1566.365538] (-) TimerEvent: {}
[1566.466563] (-) TimerEvent: {}
[1566.567519] (-) TimerEvent: {}
[1566.668498] (-) TimerEvent: {}
[1566.769511] (-) TimerEvent: {}
[1566.870464] (-) TimerEvent: {}
[1566.971394] (-) TimerEvent: {}
[1567.072267] (-) TimerEvent: {}
[1567.173130] (-) TimerEvent: {}
[1567.274047] (-) TimerEvent: {}
[1567.374911] (-) TimerEvent: {}
[1567.475768] (-) TimerEvent: {}
[1567.576627] (-) TimerEvent: {}
[1567.677539] (-) TimerEvent: {}
[1567.778402] (-) TimerEvent: {}
[1567.879373] (-) TimerEvent: {}
[1567.980278] (-) TimerEvent: {}
[1568.081180] (-) TimerEvent: {}
[1568.182211] (-) TimerEvent: {}
[1568.283117] (-) TimerEvent: {}
[1568.384064] (-) TimerEvent: {}
[1568.485016] (-) TimerEvent: {}
[1568.586004] (-) TimerEvent: {}
[1568.686952] (-) TimerEvent: {}
[1568.787908] (-) TimerEvent: {}
[1568.888886] (-) TimerEvent: {}
[1568.989890] (-) TimerEvent: {}
[1569.090822] (-) TimerEvent: {}
[1569.191793] (-) TimerEvent: {}
[1569.292735] (-) TimerEvent: {}
[1569.393657] (-) TimerEvent: {}
[1569.494599] (-) TimerEvent: {}
[1569.595560] (-) TimerEvent: {}
[1569.696492] (-) TimerEvent: {}
[1569.797464] (-) TimerEvent: {}
[1569.898442] (-) TimerEvent: {}
[1569.999408] (-) TimerEvent: {}
[1570.100346] (-) TimerEvent: {}
[1570.201303] (-) TimerEvent: {}
[1570.302269] (<colcon_parallel_executor.executor.parallel.ParallelExecutorExtension object at 0x7faa4c4d90>) ParallelStatus: {'processing': ('xgo_head',)}
[1570.302737] (-) TimerEvent: {}
[1570.403663] (-) TimerEvent: {}
[1570.504651] (-) TimerEvent: {}
[1570.605606] (-) TimerEvent: {}
[1570.706506] (-) TimerEvent: {}
[1570.807460] (-) TimerEvent: {}
[1570.908393] (-) TimerEvent: {}
[1571.009306] (-) TimerEvent: {}
[1571.110301] (-) TimerEvent: {}
[1571.211197] (-) TimerEvent: {}
[1571.312139] (-) TimerEvent: {}
[1571.413103] (-) TimerEvent: {}
[1571.514210] (-) TimerEvent: {}
[1571.615161] (-) TimerEvent: {}
[1571.716087] (-) TimerEvent: {}
[1571.817028] (-) TimerEvent: {}
[1571.917987] (-) TimerEvent: {}
[1572.018884] (-) TimerEvent: {}
[1572.119810] (-) TimerEvent: {}
[1572.220764] (-) TimerEvent: {}
[1572.321682] (-) TimerEvent: {}
[1572.422595] (-) TimerEvent: {}
[1572.523525] (-) TimerEvent: {}
[1572.624519] (-) TimerEvent: {}
[1572.725535] (-) TimerEvent: {}
[1572.826490] (-) TimerEvent: {}
[1572.927412] (-) TimerEvent: {}
[1573.028348] (-) TimerEvent: {}
[1573.129241] (-) TimerEvent: {}
[1573.230212] (-) TimerEvent: {}
[1573.331134] (-) TimerEvent: {}
[1573.432113] (-) TimerEvent: {}
[1573.533046] (-) TimerEvent: {}
[1573.633999] (-) TimerEvent: {}
[1573.734901] (-) TimerEvent: {}
[1573.835828] (-) TimerEvent: {}
[1573.936739] (-) TimerEvent: {}
[1574.037740] (-) TimerEvent: {}
[1574.138721] (-) TimerEvent: {}
[1574.239604] (-) TimerEvent: {}
[1574.340478] (-) TimerEvent: {}
[1574.441345] (-) TimerEvent: {}
[1574.542240] (-) TimerEvent: {}
[1574.643081] (-) TimerEvent: {}
[1574.743935] (-) TimerEvent: {}
[1574.844778] (-) TimerEvent: {}
[1574.945636] (-) TimerEvent: {}
[1575.046502] (-) TimerEvent: {}
[1575.147385] (-) TimerEvent: {}
[1575.248268] (-) TimerEvent: {}
[1575.349151] (-) TimerEvent: {}
[1575.450046] (-) TimerEvent: {}
[1575.550936] (-) TimerEvent: {}
[1575.651843] (-) TimerEvent: {}
[1575.752782] (-) TimerEvent: {}
[1575.853785] (-) TimerEvent: {}
[1575.954738] (-) TimerEvent: {}
[1576.055660] (-) TimerEvent: {}
[1576.156537] (-) TimerEvent: {}
[1576.257564] (-) TimerEvent: {}
[1576.358551] (-) TimerEvent: {}
[1576.459520] (-) TimerEvent: {}
[1576.560478] (-) TimerEvent: {}
[1576.661512] (-) TimerEvent: {}
[1576.762489] (-) TimerEvent: {}
[1576.863424] (-) TimerEvent: {}
[1576.964379] (-) TimerEvent: {}
[1577.065371] (-) TimerEvent: {}
[1577.166382] (-) TimerEvent: {}
[1577.267332] (-) TimerEvent: {}
[1577.368292] (-) TimerEvent: {}
[1577.469262] (-) TimerEvent: {}
[1577.570264] (-) TimerEvent: {}
[1577.671204] (-) TimerEvent: {}
[1577.772169] (-) TimerEvent: {}
[1577.873094] (-) TimerEvent: {}
[1577.974146] (-) TimerEvent: {}
[1578.075075] (-) TimerEvent: {}
[1578.176003] (-) TimerEvent: {}
[1578.276977] (-) TimerEvent: {}
[1578.378033] (-) TimerEvent: {}
[1578.478942] (-) TimerEvent: {}
[1578.579848] (-) TimerEvent: {}
[1578.680758] (-) TimerEvent: {}
[1578.781659] (-) TimerEvent: {}
[1578.882601] (-) TimerEvent: {}
[1578.983577] (-) TimerEvent: {}
[1579.084509] (-) TimerEvent: {}
[1579.185522] (-) TimerEvent: {}
[1579.286463] (-) TimerEvent: {}
[1579.387437] (-) TimerEvent: {}
[1579.488390] (-) TimerEvent: {}
[1579.589348] (-) TimerEvent: {}
[1579.690314] (-) TimerEvent: {}
[1579.791230] (-) TimerEvent: {}
[1579.892197] (-) TimerEvent: {}
[1579.993157] (-) TimerEvent: {}
[1580.094071] (-) TimerEvent: {}
[1580.194998] (-) TimerEvent: {}
[1580.295938] (-) TimerEvent: {}
[1580.396854] (-) TimerEvent: {}
[1580.497756] (-) TimerEvent: {}
[1580.598666] (-) TimerEvent: {}
[1580.699602] (-) TimerEvent: {}
[1580.800519] (-) TimerEvent: {}
[1580.901491] (-) TimerEvent: {}
[1581.002365] (-) TimerEvent: {}
[1581.103259] (-) TimerEvent: {}
[1581.204213] (-) TimerEvent: {}
[1581.305171] (-) TimerEvent: {}
[1581.406187] (-) TimerEvent: {}
[1581.507151] (-) TimerEvent: {}
[1581.608067] (-) TimerEvent: {}
[1581.708969] (-) TimerEvent: {}
[1581.809977] (-) TimerEvent: {}
[1581.910941] (-) TimerEvent: {}
[1582.011887] (-) TimerEvent: {}
[1582.112813] (-) TimerEvent: {}
[1582.213771] (-) TimerEvent: {}
[1582.314713] (-) TimerEvent: {}
[1582.415639] (-) TimerEvent: {}
[1582.516574] (-) TimerEvent: {}
[1582.617593] (-) TimerEvent: {}
[1582.718530] (-) TimerEvent: {}
[1582.819418] (-) TimerEvent: {}
[1582.920368] (-) TimerEvent: {}
[1583.021306] (-) TimerEvent: {}
[1583.122250] (-) TimerEvent: {}
[1583.223204] (-) TimerEvent: {}
[1583.324081] (-) TimerEvent: {}
[1583.425052] (-) TimerEvent: {}
[1583.526072] (-) TimerEvent: {}
[1583.627023] (-) TimerEvent: {}
[1583.727999] (-) TimerEvent: {}
[1583.828968] (-) TimerEvent: {}
[1583.929955] (-) TimerEvent: {}
[1584.030910] (-) TimerEvent: {}
[1584.131854] (-) TimerEvent: {}
[1584.232805] (-) TimerEvent: {}
[1584.333737] (-) TimerEvent: {}
[1584.434640] (-) TimerEvent: {}
[1584.535609] (-) TimerEvent: {}
[1584.636564] (-) TimerEvent: {}
[1584.737567] (-) TimerEvent: {}
[1584.838509] (-) TimerEvent: {}
[1584.939500] (-) TimerEvent: {}
[1585.040420] (-) TimerEvent: {}
[1585.141340] (-) TimerEvent: {}
[1585.242337] (-) TimerEvent: {}
[1585.343273] (-) TimerEvent: {}
[1585.444845] (-) TimerEvent: {}
[1585.545834] (-) TimerEvent: {}
[1585.646798] (-) TimerEvent: {}
[1585.747755] (-) TimerEvent: {}
[1585.848721] (-) TimerEvent: {}
[1585.949693] (-) TimerEvent: {}
[1586.050644] (-) TimerEvent: {}
[1586.151593] (-) TimerEvent: {}
[1586.252551] (-) TimerEvent: {}
[1586.353548] (-) TimerEvent: {}
[1586.454484] (-) TimerEvent: {}
[1586.555435] (-) TimerEvent: {}
[1586.656379] (-) TimerEvent: {}
[1586.757340] (-) TimerEvent: {}
[1586.858326] (-) TimerEvent: {}
[1586.959326] (-) TimerEvent: {}
[1587.060301] (-) TimerEvent: {}
[1587.161233] (-) TimerEvent: {}
[1587.262186] (-) TimerEvent: {}
[1587.363122] (-) TimerEvent: {}
[1587.464078] (-) TimerEvent: {}
[1587.565023] (-) TimerEvent: {}
[1587.666153] (-) TimerEvent: {}
[1587.767078] (-) TimerEvent: {}
[1587.868008] (-) TimerEvent: {}
[1587.968964] (-) TimerEvent: {}
[1588.069927] (-) TimerEvent: {}
[1588.170789] (-) TimerEvent: {}
[1588.271654] (-) TimerEvent: {}
[1588.372549] (-) TimerEvent: {}
[1588.473540] (-) TimerEvent: {}
[1588.574455] (-) TimerEvent: {}
[1588.675414] (-) TimerEvent: {}
[1588.776358] (-) TimerEvent: {}
[1588.858091] (xgo_head) StdoutLine: {'line': b'[ 95%] \x1b[32mBuilding CXX object CMakeFiles/xgo_head.dir/include/moc_mainwindow.cpp.o\x1b[0m\n'}
[1588.876543] (-) TimerEvent: {}
[1588.977481] (-) TimerEvent: {}
[1589.078356] (-) TimerEvent: {}
[1589.179238] (-) TimerEvent: {}
[1589.280112] (-) TimerEvent: {}
[1589.380994] (-) TimerEvent: {}
[1589.481934] (-) TimerEvent: {}
[1589.582807] (-) TimerEvent: {}
[1589.683802] (-) TimerEvent: {}
[1589.785080] (-) TimerEvent: {}
[1589.886016] (-) TimerEvent: {}
[1589.986906] (-) TimerEvent: {}
[1590.087772] (-) TimerEvent: {}
[1590.188646] (-) TimerEvent: {}
[1590.289555] (-) TimerEvent: {}
[1590.390499] (-) TimerEvent: {}
[1590.491415] (-) TimerEvent: {}
[1590.592410] (-) TimerEvent: {}
[1590.693355] (-) TimerEvent: {}
[1590.794300] (-) TimerEvent: {}
[1590.895158] (-) TimerEvent: {}
[1590.996069] (-) TimerEvent: {}
[1591.096955] (-) TimerEvent: {}
[1591.197889] (-) TimerEvent: {}
[1591.298761] (-) TimerEvent: {}
[1591.399693] (-) TimerEvent: {}
[1591.500683] (-) TimerEvent: {}
[1591.601625] (-) TimerEvent: {}
[1591.702572] (-) TimerEvent: {}
[1591.803528] (-) TimerEvent: {}
[1591.904495] (-) TimerEvent: {}
[1592.005492] (-) TimerEvent: {}
[1592.106509] (-) TimerEvent: {}
[1592.207487] (-) TimerEvent: {}
[1592.308455] (-) TimerEvent: {}
[1592.409412] (-) TimerEvent: {}
[1592.510419] (-) TimerEvent: {}
[1592.611350] (-) TimerEvent: {}
[1592.712320] (-) TimerEvent: {}
[1592.813284] (-) TimerEvent: {}
[1592.914302] (-) TimerEvent: {}
[1593.015209] (-) TimerEvent: {}
[1593.116218] (-) TimerEvent: {}
[1593.217182] (-) TimerEvent: {}
[1593.318169] (-) TimerEvent: {}
[1593.419122] (-) TimerEvent: {}
[1593.520095] (-) TimerEvent: {}
[1593.621039] (-) TimerEvent: {}
[1593.722070] (-) TimerEvent: {}
[1593.823034] (-) TimerEvent: {}
[1593.924073] (-) TimerEvent: {}
[1594.024997] (-) TimerEvent: {}
[1594.125969] (-) TimerEvent: {}
[1594.226879] (-) TimerEvent: {}
[1594.327855] (-) TimerEvent: {}
[1594.428819] (-) TimerEvent: {}
[1594.529829] (-) TimerEvent: {}
[1594.630751] (-) TimerEvent: {}
[1594.731684] (-) TimerEvent: {}
[1594.832647] (-) TimerEvent: {}
[1594.933603] (-) TimerEvent: {}
[1595.034527] (-) TimerEvent: {}
[1595.135445] (-) TimerEvent: {}
[1595.236394] (-) TimerEvent: {}
[1595.337471] (-) TimerEvent: {}
[1595.438434] (-) TimerEvent: {}
[1595.539419] (-) TimerEvent: {}
[1595.640378] (-) TimerEvent: {}
[1595.741332] (-) TimerEvent: {}
[1595.842322] (-) TimerEvent: {}
[1595.943307] (-) TimerEvent: {}
[1596.044264] (-) TimerEvent: {}
[1596.145213] (-) TimerEvent: {}
[1596.246245] (-) TimerEvent: {}
[1596.347170] (-) TimerEvent: {}
[1596.448125] (-) TimerEvent: {}
[1596.549040] (-) TimerEvent: {}
[1596.650047] (-) TimerEvent: {}
[1596.751018] (-) TimerEvent: {}
[1596.852010] (-) TimerEvent: {}
[1596.952986] (-) TimerEvent: {}
[1597.053972] (-) TimerEvent: {}
[1597.154910] (-) TimerEvent: {}
[1597.255911] (-) TimerEvent: {}
[1597.356910] (-) TimerEvent: {}
[1597.457897] (-) TimerEvent: {}
[1597.558826] (-) TimerEvent: {}
[1597.659760] (-) TimerEvent: {}
[1597.760731] (-) TimerEvent: {}
[1597.861715] (-) TimerEvent: {}
[1597.962720] (-) TimerEvent: {}
[1598.063666] (-) TimerEvent: {}
[1598.164596] (-) TimerEvent: {}
[1598.265574] (-) TimerEvent: {}
[1598.366532] (-) TimerEvent: {}
[1598.467532] (-) TimerEvent: {}
[1598.568469] (-) TimerEvent: {}
[1598.669395] (-) TimerEvent: {}
[1598.770347] (-) TimerEvent: {}
[1598.871192] (-) TimerEvent: {}
[1598.972057] (-) TimerEvent: {}
[1599.072932] (-) TimerEvent: {}
[1599.173813] (-) TimerEvent: {}
[1599.274683] (-) TimerEvent: {}
[1599.375555] (-) TimerEvent: {}
[1599.476413] (-) TimerEvent: {}
[1599.577331] (-) TimerEvent: {}
[1599.678267] (-) TimerEvent: {}
[1599.779181] (-) TimerEvent: {}
[1599.880132] (-) TimerEvent: {}
[1599.981088] (-) TimerEvent: {}
[1600.082105] (-) TimerEvent: {}
[1600.183059] (-) TimerEvent: {}
[1600.283995] (-) TimerEvent: {}
[1600.330321] (<colcon_parallel_executor.executor.parallel.ParallelExecutorExtension object at 0x7faa4c4d90>) ParallelStatus: {'processing': ('xgo_head',)}
[1600.384219] (-) TimerEvent: {}
[1600.485158] (-) TimerEvent: {}
[1600.586169] (-) TimerEvent: {}
[1600.687077] (-) TimerEvent: {}
[1600.787985] (-) TimerEvent: {}
[1600.888946] (-) TimerEvent: {}
[1600.989927] (-) TimerEvent: {}
[1601.090880] (-) TimerEvent: {}
[1601.191797] (-) TimerEvent: {}
[1601.292760] (-) TimerEvent: {}
[1601.393808] (-) TimerEvent: {}
[1601.494751] (-) TimerEvent: {}
[1601.595673] (-) TimerEvent: {}
[1601.696720] (-) TimerEvent: {}
[1601.797682] (-) TimerEvent: {}
[1601.898627] (-) TimerEvent: {}
[1601.999601] (-) TimerEvent: {}
[1602.100588] (-) TimerEvent: {}
[1602.201575] (-) TimerEvent: {}
[1602.302501] (-) TimerEvent: {}
[1602.403562] (-) TimerEvent: {}
[1602.504574] (-) TimerEvent: {}
[1602.605555] (-) TimerEvent: {}
[1602.706487] (-) TimerEvent: {}
[1602.807428] (-) TimerEvent: {}
[1602.908361] (-) TimerEvent: {}
[1603.009352] (-) TimerEvent: {}
[1603.110352] (-) TimerEvent: {}
[1603.211290] (-) TimerEvent: {}
[1603.312223] (-) TimerEvent: {}
[1603.413176] (-) TimerEvent: {}
[1603.514185] (-) TimerEvent: {}
[1603.615153] (-) TimerEvent: {}
[1603.716109] (-) TimerEvent: {}
[1603.817091] (-) TimerEvent: {}
[1603.918139] (-) TimerEvent: {}
[1604.019090] (-) TimerEvent: {}
[1604.119999] (-) TimerEvent: {}
[1604.220953] (-) TimerEvent: {}
[1604.321976] (-) TimerEvent: {}
[1604.422919] (-) TimerEvent: {}
[1604.523915] (-) TimerEvent: {}
[1604.624878] (-) TimerEvent: {}
[1604.725858] (-) TimerEvent: {}
[1604.826805] (-) TimerEvent: {}
[1604.927757] (-) TimerEvent: {}
[1605.028714] (-) TimerEvent: {}
[1605.129634] (-) TimerEvent: {}
[1605.230573] (-) TimerEvent: {}
[1605.331523] (-) TimerEvent: {}
[1605.432499] (-) TimerEvent: {}
[1605.533474] (-) TimerEvent: {}
[1605.634420] (-) TimerEvent: {}
[1605.735312] (-) TimerEvent: {}
[1605.836312] (-) TimerEvent: {}
[1605.937410] (-) TimerEvent: {}
[1606.038345] (-) TimerEvent: {}
[1606.139212] (-) TimerEvent: {}
[1606.240057] (-) TimerEvent: {}
[1606.340919] (-) TimerEvent: {}
[1606.441858] (-) TimerEvent: {}
[1606.542723] (-) TimerEvent: {}
[1606.643590] (-) TimerEvent: {}
[1606.744467] (-) TimerEvent: {}
[1606.845349] (-) TimerEvent: {}
[1606.946289] (-) TimerEvent: {}
[1607.047196] (-) TimerEvent: {}
[1607.148083] (-) TimerEvent: {}
[1607.248954] (-) TimerEvent: {}
[1607.349932] (-) TimerEvent: {}
[1607.450882] (-) TimerEvent: {}
[1607.552099] (-) TimerEvent: {}
[1607.653044] (-) TimerEvent: {}
[1607.754090] (-) TimerEvent: {}
[1607.855041] (-) TimerEvent: {}
[1607.955996] (-) TimerEvent: {}
[1608.056994] (-) TimerEvent: {}
[1608.158021] (-) TimerEvent: {}
[1608.258939] (-) TimerEvent: {}
[1608.359912] (-) TimerEvent: {}
[1608.460868] (-) TimerEvent: {}
[1608.561878] (-) TimerEvent: {}
[1608.662808] (-) TimerEvent: {}
[1608.763753] (-) TimerEvent: {}
[1608.864816] (-) TimerEvent: {}
[1608.965781] (-) TimerEvent: {}
[1609.066796] (-) TimerEvent: {}
[1609.167756] (-) TimerEvent: {}
[1609.268708] (-) TimerEvent: {}
[1609.369689] (-) TimerEvent: {}
[1609.470645] (-) TimerEvent: {}
[1609.571626] (-) TimerEvent: {}
[1609.672567] (-) TimerEvent: {}
[1609.773702] (-) TimerEvent: {}
[1609.874978] (-) TimerEvent: {}
[1609.975873] (-) TimerEvent: {}
[1610.076848] (-) TimerEvent: {}
[1610.177859] (-) TimerEvent: {}
[1610.278846] (-) TimerEvent: {}
[1610.379864] (-) TimerEvent: {}
[1610.480783] (-) TimerEvent: {}
[1610.581779] (-) TimerEvent: {}
[1610.682725] (-) TimerEvent: {}
[1610.783639] (-) TimerEvent: {}
[1610.884596] (-) TimerEvent: {}
[1610.985570] (-) TimerEvent: {}
[1611.086524] (-) TimerEvent: {}
[1611.187460] (-) TimerEvent: {}
[1611.288409] (-) TimerEvent: {}
[1611.389358] (-) TimerEvent: {}
[1611.490343] (-) TimerEvent: {}
[1611.591300] (-) TimerEvent: {}
[1611.692220] (-) TimerEvent: {}
[1611.793134] (-) TimerEvent: {}
[1611.894089] (-) TimerEvent: {}
[1611.995039] (-) TimerEvent: {}
[1612.095933] (-) TimerEvent: {}
[1612.196824] (-) TimerEvent: {}
[1612.297823] (-) TimerEvent: {}
[1612.398755] (-) TimerEvent: {}
[1612.499648] (-) TimerEvent: {}
[1612.600563] (-) TimerEvent: {}
[1612.701615] (-) TimerEvent: {}
[1612.802534] (-) TimerEvent: {}
[1612.903425] (-) TimerEvent: {}
[1613.004381] (-) TimerEvent: {}
[1613.105355] (-) TimerEvent: {}
[1613.206356] (-) TimerEvent: {}
[1613.307346] (-) TimerEvent: {}
[1613.408263] (-) TimerEvent: {}
[1613.509208] (-) TimerEvent: {}
[1613.610219] (-) TimerEvent: {}
[1613.711149] (-) TimerEvent: {}
[1613.812104] (-) TimerEvent: {}
[1613.913053] (-) TimerEvent: {}
[1614.014051] (-) TimerEvent: {}
[1614.114993] (-) TimerEvent: {}
[1614.215893] (-) TimerEvent: {}
[1614.316804] (-) TimerEvent: {}
[1614.417795] (-) TimerEvent: {}
[1614.518679] (-) TimerEvent: {}
[1614.619601] (-) TimerEvent: {}
[1614.720553] (-) TimerEvent: {}
[1614.821554] (-) TimerEvent: {}
[1614.922471] (-) TimerEvent: {}
[1615.023444] (-) TimerEvent: {}
[1615.124375] (-) TimerEvent: {}
[1615.225311] (-) TimerEvent: {}
[1615.326306] (-) TimerEvent: {}
[1615.427236] (-) TimerEvent: {}
[1615.528203] (-) TimerEvent: {}
[1615.629196] (-) TimerEvent: {}
[1615.730223] (-) TimerEvent: {}
[1615.831138] (-) TimerEvent: {}
[1615.932027] (-) TimerEvent: {}
[1616.032895] (-) TimerEvent: {}
[1616.133877] (-) TimerEvent: {}
[1616.235018] (-) TimerEvent: {}
[1616.335929] (-) TimerEvent: {}
[1616.436868] (-) TimerEvent: {}
[1616.537866] (-) TimerEvent: {}
[1616.638817] (-) TimerEvent: {}
[1616.739760] (-) TimerEvent: {}
[1616.840699] (-) TimerEvent: {}
[1616.941639] (-) TimerEvent: {}
[1617.042569] (-) TimerEvent: {}
[1617.143516] (-) TimerEvent: {}
[1617.244462] (-) TimerEvent: {}
[1617.345500] (-) TimerEvent: {}
[1617.446460] (-) TimerEvent: {}
[1617.547422] (-) TimerEvent: {}
[1617.648401] (-) TimerEvent: {}
[1617.749349] (-) TimerEvent: {}
[1617.850811] (-) TimerEvent: {}
[1617.951765] (-) TimerEvent: {}
[1618.052720] (-) TimerEvent: {}
[1618.153722] (-) TimerEvent: {}
[1618.254676] (-) TimerEvent: {}
[1618.355639] (-) TimerEvent: {}
[1618.456608] (-) TimerEvent: {}
[1618.557615] (-) TimerEvent: {}
[1618.658544] (-) TimerEvent: {}
[1618.759487] (-) TimerEvent: {}
[1618.860421] (-) TimerEvent: {}
[1618.961362] (-) TimerEvent: {}
[1619.062412] (-) TimerEvent: {}
[1619.163361] (-) TimerEvent: {}
[1619.264313] (-) TimerEvent: {}
[1619.365284] (-) TimerEvent: {}
[1619.466298] (-) TimerEvent: {}
[1619.567224] (-) TimerEvent: {}
[1619.668189] (-) TimerEvent: {}
[1619.769134] (-) TimerEvent: {}
[1619.870189] (-) TimerEvent: {}
[1619.971135] (-) TimerEvent: {}
[1620.072072] (-) TimerEvent: {}
[1620.172992] (-) TimerEvent: {}
[1620.273996] (-) TimerEvent: {}
[1620.374952] (-) TimerEvent: {}
[1620.475882] (-) TimerEvent: {}
[1620.576840] (-) TimerEvent: {}
[1620.677840] (-) TimerEvent: {}
[1620.778784] (-) TimerEvent: {}
[1620.879745] (-) TimerEvent: {}
[1620.980704] (-) TimerEvent: {}
[1621.081647] (-) TimerEvent: {}
[1621.182588] (-) TimerEvent: {}
[1621.283466] (-) TimerEvent: {}
[1621.384349] (-) TimerEvent: {}
[1621.485280] (-) TimerEvent: {}
[1621.586287] (-) TimerEvent: {}
[1621.687352] (-) TimerEvent: {}
[1621.788349] (-) TimerEvent: {}
[1621.889321] (-) TimerEvent: {}
[1621.918098] (xgo_head) StdoutLine: {'line': b'[100%] \x1b[32m\x1b[1mLinking CXX executable xgo_head\x1b[0m\n'}
[1621.989571] (-) TimerEvent: {}
[1622.090545] (-) TimerEvent: {}
[1622.191678] (-) TimerEvent: {}
[1622.292665] (-) TimerEvent: {}
[1622.393621] (-) TimerEvent: {}
[1622.494521] (-) TimerEvent: {}
[1622.595520] (-) TimerEvent: {}
[1622.696591] (-) TimerEvent: {}
[1622.797724] (-) TimerEvent: {}
[1622.898833] (-) TimerEvent: {}
[1623.000067] (-) TimerEvent: {}
[1623.100977] (-) TimerEvent: {}
[1623.202025] (-) TimerEvent: {}
[1623.302956] (-) TimerEvent: {}
[1623.404105] (-) TimerEvent: {}
[1623.505252] (-) TimerEvent: {}
[1623.606499] (-) TimerEvent: {}
[1623.707600] (-) TimerEvent: {}
[1623.808778] (-) TimerEvent: {}
[1623.910010] (-) TimerEvent: {}
[1624.011038] (-) TimerEvent: {}
[1624.112029] (-) TimerEvent: {}
[1624.213241] (-) TimerEvent: {}
[1624.314400] (-) TimerEvent: {}
[1624.415653] (-) TimerEvent: {}
[1624.516739] (-) TimerEvent: {}
[1624.617821] (-) TimerEvent: {}
[1624.718756] (-) TimerEvent: {}
[1624.819859] (-) TimerEvent: {}
[1624.920978] (-) TimerEvent: {}
[1625.022264] (-) TimerEvent: {}
[1625.123385] (-) TimerEvent: {}
[1625.224391] (-) TimerEvent: {}
[1625.325304] (-) TimerEvent: {}
[1625.426493] (-) TimerEvent: {}
[1625.527707] (-) TimerEvent: {}
[1625.628846] (-) TimerEvent: {}
[1625.730095] (-) TimerEvent: {}
[1625.831263] (-) TimerEvent: {}
[1625.932387] (-) TimerEvent: {}
[1626.033608] (-) TimerEvent: {}
[1626.134775] (-) TimerEvent: {}
[1626.235999] (-) TimerEvent: {}
[1626.337139] (-) TimerEvent: {}
[1626.438397] (-) TimerEvent: {}
[1626.539454] (-) TimerEvent: {}
[1626.640401] (-) TimerEvent: {}
[1626.741576] (-) TimerEvent: {}
[1626.842713] (-) TimerEvent: {}
[1626.943657] (-) TimerEvent: {}
[1627.044710] (-) TimerEvent: {}
[1627.145651] (-) TimerEvent: {}
[1627.246833] (-) TimerEvent: {}
[1627.348047] (-) TimerEvent: {}
[1627.449176] (-) TimerEvent: {}
[1627.550474] (-) TimerEvent: {}
[1627.651498] (-) TimerEvent: {}
[1627.752429] (-) TimerEvent: {}
[1627.853472] (-) TimerEvent: {}
[1627.954304] (-) TimerEvent: {}
[1628.055202] (-) TimerEvent: {}
[1628.156267] (-) TimerEvent: {}
[1628.257310] (-) TimerEvent: {}
[1628.358618] (-) TimerEvent: {}
[1628.459620] (-) TimerEvent: {}
[1628.560608] (-) TimerEvent: {}
[1628.661870] (-) TimerEvent: {}
[1628.762955] (-) TimerEvent: {}
[1628.863976] (-) TimerEvent: {}
[1628.964954] (-) TimerEvent: {}
[1629.066170] (-) TimerEvent: {}
[1629.167250] (-) TimerEvent: {}
[1629.268263] (-) TimerEvent: {}
[1629.369251] (-) TimerEvent: {}
[1629.470498] (-) TimerEvent: {}
[1629.571658] (-) TimerEvent: {}
[1629.672676] (-) TimerEvent: {}
[1629.773690] (-) TimerEvent: {}
[1629.874930] (-) TimerEvent: {}
[1629.976109] (-) TimerEvent: {}
[1630.077170] (-) TimerEvent: {}
[1630.178327] (-) TimerEvent: {}
[1630.279496] (-) TimerEvent: {}
[1630.358370] (<colcon_parallel_executor.executor.parallel.ParallelExecutorExtension object at 0x7faa4c4d90>) ParallelStatus: {'processing': ('xgo_head',)}
[1630.379738] (-) TimerEvent: {}
[1630.480776] (-) TimerEvent: {}
[1630.581861] (-) TimerEvent: {}
[1630.682807] (-) TimerEvent: {}
[1630.784001] (-) TimerEvent: {}
[1630.885068] (-) TimerEvent: {}
[1630.986249] (-) TimerEvent: {}
[1631.087404] (-) TimerEvent: {}
[1631.188378] (-) TimerEvent: {}
[1631.289388] (-) TimerEvent: {}
[1631.390443] (-) TimerEvent: {}
[1631.491519] (-) TimerEvent: {}
[1631.592612] (-) TimerEvent: {}
[1631.693619] (-) TimerEvent: {}
[1631.794577] (-) TimerEvent: {}
[1631.895548] (-) TimerEvent: {}
[1631.996487] (-) TimerEvent: {}
[1632.097328] (-) TimerEvent: {}
[1632.198125] (-) TimerEvent: {}
[1632.298913] (-) TimerEvent: {}
[1632.399697] (-) TimerEvent: {}
[1632.500506] (-) TimerEvent: {}
[1632.601324] (-) TimerEvent: {}
[1632.702139] (-) TimerEvent: {}
[1632.802920] (-) TimerEvent: {}
[1632.903700] (-) TimerEvent: {}
[1633.004489] (-) TimerEvent: {}
[1633.105286] (-) TimerEvent: {}
[1633.206126] (-) TimerEvent: {}
[1633.306935] (-) TimerEvent: {}
[1633.407742] (-) TimerEvent: {}
[1633.508590] (-) TimerEvent: {}
[1633.609495] (-) TimerEvent: {}
[1633.710292] (-) TimerEvent: {}
[1633.811068] (-) TimerEvent: {}
[1633.911866] (-) TimerEvent: {}
[1634.012652] (-) TimerEvent: {}
[1634.113497] (-) TimerEvent: {}
[1634.214323] (-) TimerEvent: {}
[1634.315103] (-) TimerEvent: {}
[1634.415902] (-) TimerEvent: {}
[1634.516697] (-) TimerEvent: {}
[1634.617491] (-) TimerEvent: {}
[1634.718291] (-) TimerEvent: {}
[1634.819073] (-) TimerEvent: {}
[1634.919869] (-) TimerEvent: {}
[1635.020664] (-) TimerEvent: {}
[1635.121481] (-) TimerEvent: {}
[1635.222279] (-) TimerEvent: {}
[1635.323126] (-) TimerEvent: {}
[1635.424047] (-) TimerEvent: {}
[1635.525045] (-) TimerEvent: {}
[1635.626040] (-) TimerEvent: {}
[1635.726892] (-) TimerEvent: {}
[1635.827765] (-) TimerEvent: {}
[1635.928611] (-) TimerEvent: {}
[1636.029538] (-) TimerEvent: {}
[1636.130409] (-) TimerEvent: {}
[1636.231271] (-) TimerEvent: {}
[1636.332150] (-) TimerEvent: {}
[1636.433032] (-) TimerEvent: {}
[1636.533892] (-) TimerEvent: {}
[1636.634706] (-) TimerEvent: {}
[1636.735504] (-) TimerEvent: {}
[1636.836304] (-) TimerEvent: {}
[1636.937118] (-) TimerEvent: {}
[1637.038047] (-) TimerEvent: {}
[1637.138936] (-) TimerEvent: {}
[1637.239846] (-) TimerEvent: {}
[1637.340800] (-) TimerEvent: {}
[1637.402737] (xgo_head) StdoutLine: {'line': b'[100%] Built target xgo_head\n'}
[1637.441010] (-) TimerEvent: {}
[1637.541955] (-) TimerEvent: {}
[1637.645355] (-) TimerEvent: {}
[1637.720382] (xgo_head) CommandEnded: {'returncode': 0}
[1637.815154] (-) TimerEvent: {}
[1637.838219] (xgo_head) JobProgress: {'identifier': 'xgo_head', 'progress': 'install'}
[1637.861861] (xgo_head) Command: {'cmd': ['/usr/bin/cmake', '--install', '/home/sunrise/xgo_demo/src/build/xgo_head'], 'cwd': '/home/sunrise/xgo_demo/src/build/xgo_head', 'env': OrderedDict([('LANGUAGE', 'en_US.UTF-8'), ('USER', 'sunrise'), ('SSH_CLIENT', '192.168.66.221 5121 22'), ('XDG_SESSION_TYPE', 'tty'), ('SHLVL', '1'), ('LD_LIBRARY_PATH', '/home/sunrise/xgo_demo/src/install/xgoscreen/lib:/home/sunrise/xgo_demo/src/install/xgolib/lib:/home/sunrise/xgo_demo/install/hobot_audio/lib:/home/sunrise/xgo_demo/install/xgoscreen/lib:/home/sunrise/xgo_demo/install/xgolib/lib:/opt/tros/humble/lib/aarch64-linux-gnu:/opt/tros/humble/lib:/opt/ros/humble/lib/aarch64-linux-gnu:/opt/ros/humble/lib'), ('MOTD_SHOWN', 'pam'), ('HOME', '/home/sunrise'), ('OLDPWD', '/home/sunrise/xgo_demo'), ('SSH_TTY', '/dev/pts/0'), ('ROS_PYTHON_VERSION', '3'), ('DBUS_SESSION_BUS_ADDRESS', 'unix:path=/run/user/1000/bus'), ('TROS_DISTRO', 'humble'), ('COLCON_PREFIX_PATH', '/home/sunrise/xgo_demo/install'), ('ROS_DISTRO', 'humble'), ('LOGNAME', 'sunrise'), ('_', '/home/sunrise/.local/bin/colcon'), ('ROS_VERSION', '2'), ('XDG_SESSION_CLASS', 'user'), ('TERM', 'xterm'), ('XDG_SESSION_ID', '2'), ('ROS_LOCALHOST_ONLY', '0'), ('PATH', '/home/sunrise/xgo_demo/install/hobot_audio/bin:/home/sunrise/.local/bin:/home/sunrise/.local/bin:/opt/tros/humble/bin:/opt/ros/humble/bin:/usr/local/sbin:/usr/local/bin:/usr/sbin:/usr/bin:/sbin:/bin:/usr/games:/usr/local/games:/snap/bin'), ('XDG_RUNTIME_DIR', '/run/user/1000'), ('DISPLAY', 'localhost:10.0'), ('LANG', 'en_US.UTF-8'), ('LS_COLORS', 'rs=0:di=01;34:ln=01;36:mh=00:pi=40;33:so=01;35:do=01;35:bd=40;33;01:cd=40;33;01:or=40;31;01:mi=00:su=37;41:sg=30;43:ca=30;41:tw=30;42:ow=34;42:st=37;44:ex=01;32:*.tar=01;31:*.tgz=01;31:*.arc=01;31:*.arj=01;31:*.taz=01;31:*.lha=01;31:*.lz4=01;31:*.lzh=01;31:*.lzma=01;31:*.tlz=01;31:*.txz=01;31:*.tzo=01;31:*.t7z=01;31:*.zip=01;31:*.z=01;31:*.dz=01;31:*.gz=01;31:*.lrz=01;31:*.lz=01;31:*.lzo=01;31:*.xz=01;31:*.zst=01;31:*.tzst=01;31:*.bz2=01;31:*.bz=01;31:*.tbz=01;31:*.tbz2=01;31:*.tz=01;31:*.deb=01;31:*.rpm=01;31:*.jar=01;31:*.war=01;31:*.ear=01;31:*.sar=01;31:*.rar=01;31:*.alz=01;31:*.ace=01;31:*.zoo=01;31:*.cpio=01;31:*.7z=01;31:*.rz=01;31:*.cab=01;31:*.wim=01;31:*.swm=01;31:*.dwm=01;31:*.esd=01;31:*.jpg=01;35:*.jpeg=01;35:*.mjpg=01;35:*.mjpeg=01;35:*.gif=01;35:*.bmp=01;35:*.pbm=01;35:*.pgm=01;35:*.ppm=01;35:*.tga=01;35:*.xbm=01;35:*.xpm=01;35:*.tif=01;35:*.tiff=01;35:*.png=01;35:*.svg=01;35:*.svgz=01;35:*.mng=01;35:*.pcx=01;35:*.mov=01;35:*.mpg=01;35:*.mpeg=01;35:*.m2v=01;35:*.mkv=01;35:*.webm=01;35:*.webp=01;35:*.ogm=01;35:*.mp4=01;35:*.m4v=01;35:*.mp4v=01;35:*.vob=01;35:*.qt=01;35:*.nuv=01;35:*.wmv=01;35:*.asf=01;35:*.rm=01;35:*.rmvb=01;35:*.flc=01;35:*.avi=01;35:*.fli=01;35:*.flv=01;35:*.gl=01;35:*.dl=01;35:*.xcf=01;35:*.xwd=01;35:*.yuv=01;35:*.cgm=01;35:*.emf=01;35:*.ogv=01;35:*.ogx=01;35:*.aac=00;36:*.au=00;36:*.flac=00;36:*.m4a=00;36:*.mid=00;36:*.midi=00;36:*.mka=00;36:*.mp3=00;36:*.mpc=00;36:*.ogg=00;36:*.ra=00;36:*.wav=00;36:*.oga=00;36:*.opus=00;36:*.spx=00;36:*.xspf=00;36:'), ('AMENT_PREFIX_PATH', '/home/sunrise/xgo_demo/src/install/xgoscreen:/home/sunrise/xgo_demo/src/install/xgolib:/home/sunrise/xgo_demo/install/xgo_gesture_control:/home/sunrise/xgo_demo/install/hobot_audio:/home/sunrise/xgo_demo/install/xgo_motion:/home/sunrise/xgo_demo/install/xgo_head:/home/sunrise/xgo_demo/install/xgo_device:/home/sunrise/xgo_demo/install/xgoscreen:/home/sunrise/xgo_demo/install/xgolib:/home/sunrise/xgo_demo/install/xgo_display:/opt/tros/humble:/opt/ros/humble'), ('SHELL', '/bin/bash'), ('PWD', '/home/sunrise/xgo_demo/src/build/xgo_head'), ('SSH_CONNECTION', '192.168.66.221 5121 192.168.66.94 22'), ('PYTHONPATH', '/home/sunrise/xgo_demo/install/xgo_display/lib/python3.10/site-packages:/opt/tros/humble/lib/python3.10/site-packages:/opt/tros/humble/local/lib/python3.10/dist-packages:/opt/ros/humble/lib/python3.10/site-packages:/opt/ros/humble/local/lib/python3.10/dist-packages'), ('COLCON', '1'), ('CMAKE_PREFIX_PATH', '/home/sunrise/xgo_demo/src/install/xgoscreen:/home/sunrise/xgo_demo/src/install/xgolib:/home/sunrise/xgo_demo/install/xgo_gesture_control:/home/sunrise/xgo_demo/install/hobot_audio:/home/sunrise/xgo_demo/install/xgo_motion:/home/sunrise/xgo_demo/install/xgo_head:/home/sunrise/xgo_demo/install/xgo_device:/home/sunrise/xgo_demo/install/xgoscreen:/home/sunrise/xgo_demo/install/xgolib:/home/sunrise/xgo_demo/install/xgo_display:/opt/tros/humble:/opt/ros/humble')]), 'shell': False}
[1637.915692] (-) TimerEvent: {}
[1637.930621] (xgo_head) StdoutLine: {'line': b'-- Install configuration: ""\n'}
[1637.936226] (xgo_head) StdoutLine: {'line': b'-- Installing: /home/sunrise/xgo_demo/src/install/xgo_head/lib/xgo_head/xgo_head\n'}
[1637.989214] (xgo_head) StdoutLine: {'line': b'-- Set runtime path of "/home/sunrise/xgo_demo/src/install/xgo_head/lib/xgo_head/xgo_head" to ""\n'}
[1637.990114] (xgo_head) StdoutLine: {'line': b'-- Installing: /home/sunrise/xgo_demo/src/install/xgo_head/share/xgo_head/launch/\n'}
[1637.990865] (xgo_head) StdoutLine: {'line': b'-- Installing: /home/sunrise/xgo_demo/src/install/xgo_head/share/xgo_head/launch//xgo_complete.launch.py\n'}
[1637.994313] (xgo_head) StdoutLine: {'line': b'-- Installing: /home/sunrise/xgo_demo/src/install/xgo_head/share/ament_index/resource_index/package_run_dependencies/xgo_head\n'}
[1637.996821] (xgo_head) StdoutLine: {'line': b'-- Installing: /home/sunrise/xgo_demo/src/install/xgo_head/share/ament_index/resource_index/parent_prefix_path/xgo_head\n'}
[1638.009172] (xgo_head) StdoutLine: {'line': b'-- Installing: /home/sunrise/xgo_demo/src/install/xgo_head/share/xgo_head/environment/ament_prefix_path.sh\n'}
[1638.011093] (xgo_head) StdoutLine: {'line': b'-- Installing: /home/sunrise/xgo_demo/src/install/xgo_head/share/xgo_head/environment/ament_prefix_path.dsv\n'}
[1638.012404] (xgo_head) StdoutLine: {'line': b'-- Installing: /home/sunrise/xgo_demo/src/install/xgo_head/share/xgo_head/environment/path.sh\n'}
[1638.013785] (xgo_head) StdoutLine: {'line': b'-- Installing: /home/sunrise/xgo_demo/src/install/xgo_head/share/xgo_head/environment/path.dsv\n'}
[1638.015107] (xgo_head) StdoutLine: {'line': b'-- Installing: /home/sunrise/xgo_demo/src/install/xgo_head/share/xgo_head/local_setup.bash\n'}
[1638.015824] (-) TimerEvent: {}
[1638.016548] (xgo_head) StdoutLine: {'line': b'-- Installing: /home/sunrise/xgo_demo/src/install/xgo_head/share/xgo_head/local_setup.sh\n'}
[1638.017812] (xgo_head) StdoutLine: {'line': b'-- Installing: /home/sunrise/xgo_demo/src/install/xgo_head/share/xgo_head/local_setup.zsh\n'}
[1638.018919] (xgo_head) StdoutLine: {'line': b'-- Installing: /home/sunrise/xgo_demo/src/install/xgo_head/share/xgo_head/local_setup.dsv\n'}
[1638.020350] (xgo_head) StdoutLine: {'line': b'-- Installing: /home/sunrise/xgo_demo/src/install/xgo_head/share/xgo_head/package.dsv\n'}
[1638.022200] (xgo_head) StdoutLine: {'line': b'-- Installing: /home/sunrise/xgo_demo/src/install/xgo_head/share/ament_index/resource_index/packages/xgo_head\n'}
[1638.023448] (xgo_head) StdoutLine: {'line': b'-- Installing: /home/sunrise/xgo_demo/src/install/xgo_head/share/xgo_head/cmake/ament_cmake_export_dependencies-extras.cmake\n'}
[1638.025023] (xgo_head) StdoutLine: {'line': b'-- Installing: /home/sunrise/xgo_demo/src/install/xgo_head/share/xgo_head/cmake/xgo_headConfig.cmake\n'}
[1638.026169] (xgo_head) StdoutLine: {'line': b'-- Installing: /home/sunrise/xgo_demo/src/install/xgo_head/share/xgo_head/cmake/xgo_headConfig-version.cmake\n'}
[1638.027302] (xgo_head) StdoutLine: {'line': b'-- Installing: /home/sunrise/xgo_demo/src/install/xgo_head/share/xgo_head/package.xml\n'}
[1638.042554] (xgo_head) CommandEnded: {'returncode': 0}
[1638.121289] (-) TimerEvent: {}
[1638.222660] (-) TimerEvent: {}
[1638.312694] (xgo_head) JobEnded: {'identifier': 'xgo_head', 'rc': 0}
[1638.357615] (-) TimerEvent: {}
[1638.359958] (-) EventReactorShutdown: {}
