[0.969s] DEBUG:colcon:Command line arguments: ['/home/sunrise/.local/bin/colcon', 'build', '--parallel-workers', '1']
[0.970s] DEBUG:colcon:Parsed command line arguments: Namespace(log_base=None, log_level=None, verb_name='build', build_base='build', install_base='install', merge_install=False, symlink_install=False, test_result_base=None, continue_on_error=False, executor='parallel', parallel_workers=1, event_handlers=None, ignore_user_meta=False, metas=['./colcon.meta'], base_paths=['.'], packages_ignore=None, packages_ignore_regex=None, paths=None, packages_up_to=None, packages_up_to_regex=None, packages_above=None, packages_above_and_dependencies=None, packages_above_depth=None, packages_select_by_dep=None, packages_skip_by_dep=None, packages_skip_up_to=None, packages_select_build_failed=False, packages_skip_build_finished=False, packages_select_test_failures=False, packages_skip_test_passed=False, packages_select=None, packages_skip=None, packages_select_regex=None, packages_skip_regex=None, packages_start=None, packages_end=None, cmake_args=None, cmake_target=None, cmake_target_skip_unavailable=False, cmake_clean_cache=False, cmake_clean_first=False, cmake_force_configure=False, ament_cmake_args=None, catkin_cmake_args=None, catkin_skip_building_tests=False, verb_parser=<colcon_defaults.argument_parser.defaults.DefaultArgumentsDecorator object at 0x7f9f11a470>, verb_extension=<colcon_core.verb.build.BuildVerb object at 0x7f9f119ed0>, main=<bound method BuildVerb.main of <colcon_core.verb.build.BuildVerb object at 0x7f9f119ed0>>)
[2.052s] Level 1:colcon.colcon_core.package_discovery:discover_packages(colcon_meta) check parameters
[2.053s] Level 1:colcon.colcon_core.package_discovery:discover_packages(recursive) check parameters
[2.053s] Level 1:colcon.colcon_core.package_discovery:discover_packages(ignore) check parameters
[2.053s] Level 1:colcon.colcon_core.package_discovery:discover_packages(path) check parameters
[2.053s] Level 1:colcon.colcon_core.package_discovery:discover_packages(colcon_meta) discover
[2.054s] Level 1:colcon.colcon_core.package_discovery:discover_packages(recursive) discover
[2.054s] INFO:colcon.colcon_core.package_discovery:Crawling recursively for packages in '/home/sunrise/xgo_demo'
[2.054s] Level 1:colcon.colcon_core.package_identification:_identify(.) by extensions ['ignore', 'ignore_ament_install']
[2.055s] Level 1:colcon.colcon_core.package_identification:_identify(.) by extension 'ignore'
[2.055s] Level 1:colcon.colcon_core.package_identification:_identify(.) by extension 'ignore_ament_install'
[2.056s] Level 1:colcon.colcon_core.package_identification:_identify(.) by extensions ['colcon_pkg']
[2.056s] Level 1:colcon.colcon_core.package_identification:_identify(.) by extension 'colcon_pkg'
[2.056s] Level 1:colcon.colcon_core.package_identification:_identify(.) by extensions ['colcon_meta']
[2.056s] Level 1:colcon.colcon_core.package_identification:_identify(.) by extension 'colcon_meta'
[2.056s] Level 1:colcon.colcon_core.package_identification:_identify(.) by extensions ['ros']
[2.057s] Level 1:colcon.colcon_core.package_identification:_identify(.) by extension 'ros'
[2.147s] Level 1:colcon.colcon_core.package_identification:_identify(.) by extensions ['cmake', 'python']
[2.148s] Level 1:colcon.colcon_core.package_identification:_identify(.) by extension 'cmake'
[2.148s] Level 1:colcon.colcon_core.package_identification:_identify(.) by extension 'python'
[2.148s] Level 1:colcon.colcon_core.package_identification:_identify(.) by extensions ['python_setup_py']
[2.149s] Level 1:colcon.colcon_core.package_identification:_identify(.) by extension 'python_setup_py'
[2.149s] Level 1:colcon.colcon_core.package_identification:_identify(build) by extensions ['ignore', 'ignore_ament_install']
[2.150s] Level 1:colcon.colcon_core.package_identification:_identify(build) by extension 'ignore'
[2.150s] Level 1:colcon.colcon_core.package_identification:_identify(build) ignored
[2.151s] Level 1:colcon.colcon_core.package_identification:_identify(config) by extensions ['ignore', 'ignore_ament_install']
[2.152s] Level 1:colcon.colcon_core.package_identification:_identify(config) by extension 'ignore'
[2.152s] Level 1:colcon.colcon_core.package_identification:_identify(config) by extension 'ignore_ament_install'
[2.152s] Level 1:colcon.colcon_core.package_identification:_identify(config) by extensions ['colcon_pkg']
[2.152s] Level 1:colcon.colcon_core.package_identification:_identify(config) by extension 'colcon_pkg'
[2.153s] Level 1:colcon.colcon_core.package_identification:_identify(config) by extensions ['colcon_meta']
[2.153s] Level 1:colcon.colcon_core.package_identification:_identify(config) by extension 'colcon_meta'
[2.153s] Level 1:colcon.colcon_core.package_identification:_identify(config) by extensions ['ros']
[2.153s] Level 1:colcon.colcon_core.package_identification:_identify(config) by extension 'ros'
[2.154s] Level 1:colcon.colcon_core.package_identification:_identify(config) by extensions ['cmake', 'python']
[2.154s] Level 1:colcon.colcon_core.package_identification:_identify(config) by extension 'cmake'
[2.154s] Level 1:colcon.colcon_core.package_identification:_identify(config) by extension 'python'
[2.155s] Level 1:colcon.colcon_core.package_identification:_identify(config) by extensions ['python_setup_py']
[2.155s] Level 1:colcon.colcon_core.package_identification:_identify(config) by extension 'python_setup_py'
[2.156s] Level 1:colcon.colcon_core.package_identification:_identify(config/efficient_det) by extensions ['ignore', 'ignore_ament_install']
[2.156s] Level 1:colcon.colcon_core.package_identification:_identify(config/efficient_det) by extension 'ignore'
[2.156s] Level 1:colcon.colcon_core.package_identification:_identify(config/efficient_det) by extension 'ignore_ament_install'
[2.157s] Level 1:colcon.colcon_core.package_identification:_identify(config/efficient_det) by extensions ['colcon_pkg']
[2.157s] Level 1:colcon.colcon_core.package_identification:_identify(config/efficient_det) by extension 'colcon_pkg'
[2.157s] Level 1:colcon.colcon_core.package_identification:_identify(config/efficient_det) by extensions ['colcon_meta']
[2.158s] Level 1:colcon.colcon_core.package_identification:_identify(config/efficient_det) by extension 'colcon_meta'
[2.158s] Level 1:colcon.colcon_core.package_identification:_identify(config/efficient_det) by extensions ['ros']
[2.158s] Level 1:colcon.colcon_core.package_identification:_identify(config/efficient_det) by extension 'ros'
[2.159s] Level 1:colcon.colcon_core.package_identification:_identify(config/efficient_det) by extensions ['cmake', 'python']
[2.159s] Level 1:colcon.colcon_core.package_identification:_identify(config/efficient_det) by extension 'cmake'
[2.159s] Level 1:colcon.colcon_core.package_identification:_identify(config/efficient_det) by extension 'python'
[2.159s] Level 1:colcon.colcon_core.package_identification:_identify(config/efficient_det) by extensions ['python_setup_py']
[2.159s] Level 1:colcon.colcon_core.package_identification:_identify(config/efficient_det) by extension 'python_setup_py'
[2.160s] Level 1:colcon.colcon_core.package_identification:_identify(install) by extensions ['ignore', 'ignore_ament_install']
[2.161s] Level 1:colcon.colcon_core.package_identification:_identify(install) by extension 'ignore'
[2.161s] Level 1:colcon.colcon_core.package_identification:_identify(install) ignored
[2.162s] Level 1:colcon.colcon_core.package_identification:_identify(log) by extensions ['ignore', 'ignore_ament_install']
[2.162s] Level 1:colcon.colcon_core.package_identification:_identify(log) by extension 'ignore'
[2.163s] Level 1:colcon.colcon_core.package_identification:_identify(log) ignored
[2.163s] Level 1:colcon.colcon_core.package_identification:_identify(src) by extensions ['ignore', 'ignore_ament_install']
[2.164s] Level 1:colcon.colcon_core.package_identification:_identify(src) by extension 'ignore'
[2.164s] Level 1:colcon.colcon_core.package_identification:_identify(src) by extension 'ignore_ament_install'
[2.164s] Level 1:colcon.colcon_core.package_identification:_identify(src) by extensions ['colcon_pkg']
[2.165s] Level 1:colcon.colcon_core.package_identification:_identify(src) by extension 'colcon_pkg'
[2.165s] Level 1:colcon.colcon_core.package_identification:_identify(src) by extensions ['colcon_meta']
[2.165s] Level 1:colcon.colcon_core.package_identification:_identify(src) by extension 'colcon_meta'
[2.166s] Level 1:colcon.colcon_core.package_identification:_identify(src) by extensions ['ros']
[2.166s] Level 1:colcon.colcon_core.package_identification:_identify(src) by extension 'ros'
[2.166s] Level 1:colcon.colcon_core.package_identification:_identify(src) by extensions ['cmake', 'python']
[2.166s] Level 1:colcon.colcon_core.package_identification:_identify(src) by extension 'cmake'
[2.167s] Level 1:colcon.colcon_core.package_identification:_identify(src) by extension 'python'
[2.167s] Level 1:colcon.colcon_core.package_identification:_identify(src) by extensions ['python_setup_py']
[2.167s] Level 1:colcon.colcon_core.package_identification:_identify(src) by extension 'python_setup_py'
[2.168s] Level 1:colcon.colcon_core.package_identification:_identify(src/build) by extensions ['ignore', 'ignore_ament_install']
[2.168s] Level 1:colcon.colcon_core.package_identification:_identify(src/build) by extension 'ignore'
[2.169s] Level 1:colcon.colcon_core.package_identification:_identify(src/build) ignored
[2.169s] Level 1:colcon.colcon_core.package_identification:_identify(src/install) by extensions ['ignore', 'ignore_ament_install']
[2.170s] Level 1:colcon.colcon_core.package_identification:_identify(src/install) by extension 'ignore'
[2.170s] Level 1:colcon.colcon_core.package_identification:_identify(src/install) ignored
[2.171s] Level 1:colcon.colcon_core.package_identification:_identify(src/log) by extensions ['ignore', 'ignore_ament_install']
[2.171s] Level 1:colcon.colcon_core.package_identification:_identify(src/log) by extension 'ignore'
[2.172s] Level 1:colcon.colcon_core.package_identification:_identify(src/log) ignored
[2.172s] Level 1:colcon.colcon_core.package_identification:_identify(src/xgo_body_tracker) by extensions ['ignore', 'ignore_ament_install']
[2.173s] Level 1:colcon.colcon_core.package_identification:_identify(src/xgo_body_tracker) by extension 'ignore'
[2.173s] Level 1:colcon.colcon_core.package_identification:_identify(src/xgo_body_tracker) by extension 'ignore_ament_install'
[2.173s] Level 1:colcon.colcon_core.package_identification:_identify(src/xgo_body_tracker) by extensions ['colcon_pkg']
[2.174s] Level 1:colcon.colcon_core.package_identification:_identify(src/xgo_body_tracker) by extension 'colcon_pkg'
[2.174s] Level 1:colcon.colcon_core.package_identification:_identify(src/xgo_body_tracker) by extensions ['colcon_meta']
[2.174s] Level 1:colcon.colcon_core.package_identification:_identify(src/xgo_body_tracker) by extension 'colcon_meta'
[2.174s] Level 1:colcon.colcon_core.package_identification:_identify(src/xgo_body_tracker) by extensions ['ros']
[2.175s] Level 1:colcon.colcon_core.package_identification:_identify(src/xgo_body_tracker) by extension 'ros'
[2.192s] DEBUG:colcon.colcon_core.package_identification:Package 'src/xgo_body_tracker' with type 'ros.ament_cmake' and name 'xgo_body_tracker'
[2.193s] Level 1:colcon.colcon_core.package_identification:_identify(src/xgo_device) by extensions ['ignore', 'ignore_ament_install']
[2.194s] Level 1:colcon.colcon_core.package_identification:_identify(src/xgo_device) by extension 'ignore'
[2.194s] Level 1:colcon.colcon_core.package_identification:_identify(src/xgo_device) by extension 'ignore_ament_install'
[2.194s] Level 1:colcon.colcon_core.package_identification:_identify(src/xgo_device) by extensions ['colcon_pkg']
[2.195s] Level 1:colcon.colcon_core.package_identification:_identify(src/xgo_device) by extension 'colcon_pkg'
[2.195s] Level 1:colcon.colcon_core.package_identification:_identify(src/xgo_device) by extensions ['colcon_meta']
[2.195s] Level 1:colcon.colcon_core.package_identification:_identify(src/xgo_device) by extension 'colcon_meta'
[2.195s] Level 1:colcon.colcon_core.package_identification:_identify(src/xgo_device) by extensions ['ros']
[2.196s] Level 1:colcon.colcon_core.package_identification:_identify(src/xgo_device) by extension 'ros'
[2.203s] DEBUG:colcon.colcon_core.package_identification:Package 'src/xgo_device' with type 'ros.ament_cmake' and name 'xgo_device'
[2.204s] Level 1:colcon.colcon_core.package_identification:_identify(src/xgo_face_control) by extensions ['ignore', 'ignore_ament_install']
[2.204s] Level 1:colcon.colcon_core.package_identification:_identify(src/xgo_face_control) by extension 'ignore'
[2.205s] Level 1:colcon.colcon_core.package_identification:_identify(src/xgo_face_control) by extension 'ignore_ament_install'
[2.205s] Level 1:colcon.colcon_core.package_identification:_identify(src/xgo_face_control) by extensions ['colcon_pkg']
[2.205s] Level 1:colcon.colcon_core.package_identification:_identify(src/xgo_face_control) by extension 'colcon_pkg'
[2.205s] Level 1:colcon.colcon_core.package_identification:_identify(src/xgo_face_control) by extensions ['colcon_meta']
[2.206s] Level 1:colcon.colcon_core.package_identification:_identify(src/xgo_face_control) by extension 'colcon_meta'
[2.206s] Level 1:colcon.colcon_core.package_identification:_identify(src/xgo_face_control) by extensions ['ros']
[2.206s] Level 1:colcon.colcon_core.package_identification:_identify(src/xgo_face_control) by extension 'ros'
[2.211s] DEBUG:colcon.colcon_core.package_identification:Package 'src/xgo_face_control' with type 'ros.ament_cmake' and name 'xgo_face_control'
[2.212s] Level 1:colcon.colcon_core.package_identification:_identify(src/xgo_gesture_control) by extensions ['ignore', 'ignore_ament_install']
[2.212s] Level 1:colcon.colcon_core.package_identification:_identify(src/xgo_gesture_control) by extension 'ignore'
[2.213s] Level 1:colcon.colcon_core.package_identification:_identify(src/xgo_gesture_control) by extension 'ignore_ament_install'
[2.213s] Level 1:colcon.colcon_core.package_identification:_identify(src/xgo_gesture_control) by extensions ['colcon_pkg']
[2.213s] Level 1:colcon.colcon_core.package_identification:_identify(src/xgo_gesture_control) by extension 'colcon_pkg'
[2.213s] Level 1:colcon.colcon_core.package_identification:_identify(src/xgo_gesture_control) by extensions ['colcon_meta']
[2.214s] Level 1:colcon.colcon_core.package_identification:_identify(src/xgo_gesture_control) by extension 'colcon_meta'
[2.214s] Level 1:colcon.colcon_core.package_identification:_identify(src/xgo_gesture_control) by extensions ['ros']
[2.214s] Level 1:colcon.colcon_core.package_identification:_identify(src/xgo_gesture_control) by extension 'ros'
[2.220s] DEBUG:colcon.colcon_core.package_identification:Package 'src/xgo_gesture_control' with type 'ros.ament_cmake' and name 'xgo_gesture_control'
[2.221s] Level 1:colcon.colcon_core.package_identification:_identify(src/xgo_head) by extensions ['ignore', 'ignore_ament_install']
[2.221s] Level 1:colcon.colcon_core.package_identification:_identify(src/xgo_head) by extension 'ignore'
[2.222s] Level 1:colcon.colcon_core.package_identification:_identify(src/xgo_head) by extension 'ignore_ament_install'
[2.222s] Level 1:colcon.colcon_core.package_identification:_identify(src/xgo_head) by extensions ['colcon_pkg']
[2.222s] Level 1:colcon.colcon_core.package_identification:_identify(src/xgo_head) by extension 'colcon_pkg'
[2.223s] Level 1:colcon.colcon_core.package_identification:_identify(src/xgo_head) by extensions ['colcon_meta']
[2.223s] Level 1:colcon.colcon_core.package_identification:_identify(src/xgo_head) by extension 'colcon_meta'
[2.223s] Level 1:colcon.colcon_core.package_identification:_identify(src/xgo_head) by extensions ['ros']
[2.223s] Level 1:colcon.colcon_core.package_identification:_identify(src/xgo_head) by extension 'ros'
[2.228s] DEBUG:colcon.colcon_core.package_identification:Package 'src/xgo_head' with type 'ros.ament_cmake' and name 'xgo_head'
[2.229s] Level 1:colcon.colcon_core.package_identification:_identify(src/xgo_motion) by extensions ['ignore', 'ignore_ament_install']
[2.230s] Level 1:colcon.colcon_core.package_identification:_identify(src/xgo_motion) by extension 'ignore'
[2.230s] Level 1:colcon.colcon_core.package_identification:_identify(src/xgo_motion) by extension 'ignore_ament_install'
[2.231s] Level 1:colcon.colcon_core.package_identification:_identify(src/xgo_motion) by extensions ['colcon_pkg']
[2.231s] Level 1:colcon.colcon_core.package_identification:_identify(src/xgo_motion) by extension 'colcon_pkg'
[2.231s] Level 1:colcon.colcon_core.package_identification:_identify(src/xgo_motion) by extensions ['colcon_meta']
[2.231s] Level 1:colcon.colcon_core.package_identification:_identify(src/xgo_motion) by extension 'colcon_meta'
[2.232s] Level 1:colcon.colcon_core.package_identification:_identify(src/xgo_motion) by extensions ['ros']
[2.232s] Level 1:colcon.colcon_core.package_identification:_identify(src/xgo_motion) by extension 'ros'
[2.238s] DEBUG:colcon.colcon_core.package_identification:Package 'src/xgo_motion' with type 'ros.ament_cmake' and name 'xgo_motion'
[2.239s] Level 1:colcon.colcon_core.package_identification:_identify(src/xgo_voice_control) by extensions ['ignore', 'ignore_ament_install']
[2.239s] Level 1:colcon.colcon_core.package_identification:_identify(src/xgo_voice_control) by extension 'ignore'
[2.240s] Level 1:colcon.colcon_core.package_identification:_identify(src/xgo_voice_control) by extension 'ignore_ament_install'
[2.240s] Level 1:colcon.colcon_core.package_identification:_identify(src/xgo_voice_control) by extensions ['colcon_pkg']
[2.240s] Level 1:colcon.colcon_core.package_identification:_identify(src/xgo_voice_control) by extension 'colcon_pkg'
[2.240s] Level 1:colcon.colcon_core.package_identification:_identify(src/xgo_voice_control) by extensions ['colcon_meta']
[2.241s] Level 1:colcon.colcon_core.package_identification:_identify(src/xgo_voice_control) by extension 'colcon_meta'
[2.241s] Level 1:colcon.colcon_core.package_identification:_identify(src/xgo_voice_control) by extensions ['ros']
[2.241s] Level 1:colcon.colcon_core.package_identification:_identify(src/xgo_voice_control) by extension 'ros'
[2.248s] DEBUG:colcon.colcon_core.package_identification:Package 'src/xgo_voice_control' with type 'ros.ament_cmake' and name 'xgo_voice_control'
[2.249s] Level 1:colcon.colcon_core.package_identification:_identify(src/xgolib) by extensions ['ignore', 'ignore_ament_install']
[2.250s] Level 1:colcon.colcon_core.package_identification:_identify(src/xgolib) by extension 'ignore'
[2.250s] Level 1:colcon.colcon_core.package_identification:_identify(src/xgolib) by extension 'ignore_ament_install'
[2.251s] Level 1:colcon.colcon_core.package_identification:_identify(src/xgolib) by extensions ['colcon_pkg']
[2.251s] Level 1:colcon.colcon_core.package_identification:_identify(src/xgolib) by extension 'colcon_pkg'
[2.251s] Level 1:colcon.colcon_core.package_identification:_identify(src/xgolib) by extensions ['colcon_meta']
[2.251s] Level 1:colcon.colcon_core.package_identification:_identify(src/xgolib) by extension 'colcon_meta'
[2.252s] Level 1:colcon.colcon_core.package_identification:_identify(src/xgolib) by extensions ['ros']
[2.252s] Level 1:colcon.colcon_core.package_identification:_identify(src/xgolib) by extension 'ros'
[2.256s] DEBUG:colcon.colcon_core.package_identification:Package 'src/xgolib' with type 'ros.ament_cmake' and name 'xgolib'
[2.257s] Level 1:colcon.colcon_core.package_identification:_identify(src/xgoscreen) by extensions ['ignore', 'ignore_ament_install']
[2.257s] Level 1:colcon.colcon_core.package_identification:_identify(src/xgoscreen) by extension 'ignore'
[2.258s] Level 1:colcon.colcon_core.package_identification:_identify(src/xgoscreen) by extension 'ignore_ament_install'
[2.258s] Level 1:colcon.colcon_core.package_identification:_identify(src/xgoscreen) by extensions ['colcon_pkg']
[2.258s] Level 1:colcon.colcon_core.package_identification:_identify(src/xgoscreen) by extension 'colcon_pkg'
[2.258s] Level 1:colcon.colcon_core.package_identification:_identify(src/xgoscreen) by extensions ['colcon_meta']
[2.259s] Level 1:colcon.colcon_core.package_identification:_identify(src/xgoscreen) by extension 'colcon_meta'
[2.259s] Level 1:colcon.colcon_core.package_identification:_identify(src/xgoscreen) by extensions ['ros']
[2.259s] Level 1:colcon.colcon_core.package_identification:_identify(src/xgoscreen) by extension 'ros'
[2.265s] DEBUG:colcon.colcon_core.package_identification:Package 'src/xgoscreen' with type 'ros.ament_cmake' and name 'xgoscreen'
[2.265s] Level 1:colcon.colcon_core.package_discovery:discover_packages(recursive) using defaults
[2.266s] Level 1:colcon.colcon_core.package_discovery:discover_packages(ignore) discover
[2.266s] Level 1:colcon.colcon_core.package_discovery:discover_packages(ignore) using defaults
[2.266s] Level 1:colcon.colcon_core.package_discovery:discover_packages(path) discover
[2.266s] Level 1:colcon.colcon_core.package_discovery:discover_packages(path) using defaults
[2.424s] Level 5:colcon.colcon_core.verb:set package 'xgolib' build argument 'cmake_args' from command line to 'None'
[2.424s] Level 5:colcon.colcon_core.verb:set package 'xgolib' build argument 'cmake_target' from command line to 'None'
[2.424s] Level 5:colcon.colcon_core.verb:set package 'xgolib' build argument 'cmake_target_skip_unavailable' from command line to 'False'
[2.425s] Level 5:colcon.colcon_core.verb:set package 'xgolib' build argument 'cmake_clean_cache' from command line to 'False'
[2.425s] Level 5:colcon.colcon_core.verb:set package 'xgolib' build argument 'cmake_clean_first' from command line to 'False'
[2.425s] Level 5:colcon.colcon_core.verb:set package 'xgolib' build argument 'cmake_force_configure' from command line to 'False'
[2.425s] Level 5:colcon.colcon_core.verb:set package 'xgolib' build argument 'ament_cmake_args' from command line to 'None'
[2.425s] Level 5:colcon.colcon_core.verb:set package 'xgolib' build argument 'catkin_cmake_args' from command line to 'None'
[2.425s] Level 5:colcon.colcon_core.verb:set package 'xgolib' build argument 'catkin_skip_building_tests' from command line to 'False'
[2.426s] DEBUG:colcon.colcon_core.verb:Building package 'xgolib' with the following arguments: {'ament_cmake_args': None, 'build_base': '/home/sunrise/xgo_demo/build/xgolib', 'catkin_cmake_args': None, 'catkin_skip_building_tests': False, 'cmake_args': None, 'cmake_clean_cache': False, 'cmake_clean_first': False, 'cmake_force_configure': False, 'cmake_target': None, 'cmake_target_skip_unavailable': False, 'install_base': '/home/sunrise/xgo_demo/install/xgolib', 'merge_install': False, 'path': '/home/sunrise/xgo_demo/src/xgolib', 'symlink_install': False, 'test_result_base': None}
[2.428s] Level 5:colcon.colcon_core.verb:set package 'xgoscreen' build argument 'cmake_args' from command line to 'None'
[2.429s] Level 5:colcon.colcon_core.verb:set package 'xgoscreen' build argument 'cmake_target' from command line to 'None'
[2.429s] Level 5:colcon.colcon_core.verb:set package 'xgoscreen' build argument 'cmake_target_skip_unavailable' from command line to 'False'
[2.429s] Level 5:colcon.colcon_core.verb:set package 'xgoscreen' build argument 'cmake_clean_cache' from command line to 'False'
[2.429s] Level 5:colcon.colcon_core.verb:set package 'xgoscreen' build argument 'cmake_clean_first' from command line to 'False'
[2.429s] Level 5:colcon.colcon_core.verb:set package 'xgoscreen' build argument 'cmake_force_configure' from command line to 'False'
[2.430s] Level 5:colcon.colcon_core.verb:set package 'xgoscreen' build argument 'ament_cmake_args' from command line to 'None'
[2.430s] Level 5:colcon.colcon_core.verb:set package 'xgoscreen' build argument 'catkin_cmake_args' from command line to 'None'
[2.430s] Level 5:colcon.colcon_core.verb:set package 'xgoscreen' build argument 'catkin_skip_building_tests' from command line to 'False'
[2.430s] DEBUG:colcon.colcon_core.verb:Building package 'xgoscreen' with the following arguments: {'ament_cmake_args': None, 'build_base': '/home/sunrise/xgo_demo/build/xgoscreen', 'catkin_cmake_args': None, 'catkin_skip_building_tests': False, 'cmake_args': None, 'cmake_clean_cache': False, 'cmake_clean_first': False, 'cmake_force_configure': False, 'cmake_target': None, 'cmake_target_skip_unavailable': False, 'install_base': '/home/sunrise/xgo_demo/install/xgoscreen', 'merge_install': False, 'path': '/home/sunrise/xgo_demo/src/xgoscreen', 'symlink_install': False, 'test_result_base': None}
[2.433s] Level 5:colcon.colcon_core.verb:set package 'xgo_body_tracker' build argument 'cmake_args' from command line to 'None'
[2.433s] Level 5:colcon.colcon_core.verb:set package 'xgo_body_tracker' build argument 'cmake_target' from command line to 'None'
[2.433s] Level 5:colcon.colcon_core.verb:set package 'xgo_body_tracker' build argument 'cmake_target_skip_unavailable' from command line to 'False'
[2.433s] Level 5:colcon.colcon_core.verb:set package 'xgo_body_tracker' build argument 'cmake_clean_cache' from command line to 'False'
[2.434s] Level 5:colcon.colcon_core.verb:set package 'xgo_body_tracker' build argument 'cmake_clean_first' from command line to 'False'
[2.434s] Level 5:colcon.colcon_core.verb:set package 'xgo_body_tracker' build argument 'cmake_force_configure' from command line to 'False'
[2.434s] Level 5:colcon.colcon_core.verb:set package 'xgo_body_tracker' build argument 'ament_cmake_args' from command line to 'None'
[2.434s] Level 5:colcon.colcon_core.verb:set package 'xgo_body_tracker' build argument 'catkin_cmake_args' from command line to 'None'
[2.434s] Level 5:colcon.colcon_core.verb:set package 'xgo_body_tracker' build argument 'catkin_skip_building_tests' from command line to 'False'
[2.434s] DEBUG:colcon.colcon_core.verb:Building package 'xgo_body_tracker' with the following arguments: {'ament_cmake_args': None, 'build_base': '/home/sunrise/xgo_demo/build/xgo_body_tracker', 'catkin_cmake_args': None, 'catkin_skip_building_tests': False, 'cmake_args': None, 'cmake_clean_cache': False, 'cmake_clean_first': False, 'cmake_force_configure': False, 'cmake_target': None, 'cmake_target_skip_unavailable': False, 'install_base': '/home/sunrise/xgo_demo/install/xgo_body_tracker', 'merge_install': False, 'path': '/home/sunrise/xgo_demo/src/xgo_body_tracker', 'symlink_install': False, 'test_result_base': None}
[2.437s] Level 5:colcon.colcon_core.verb:set package 'xgo_device' build argument 'cmake_args' from command line to 'None'
[2.437s] Level 5:colcon.colcon_core.verb:set package 'xgo_device' build argument 'cmake_target' from command line to 'None'
[2.438s] Level 5:colcon.colcon_core.verb:set package 'xgo_device' build argument 'cmake_target_skip_unavailable' from command line to 'False'
[2.438s] Level 5:colcon.colcon_core.verb:set package 'xgo_device' build argument 'cmake_clean_cache' from command line to 'False'
[2.438s] Level 5:colcon.colcon_core.verb:set package 'xgo_device' build argument 'cmake_clean_first' from command line to 'False'
[2.438s] Level 5:colcon.colcon_core.verb:set package 'xgo_device' build argument 'cmake_force_configure' from command line to 'False'
[2.438s] Level 5:colcon.colcon_core.verb:set package 'xgo_device' build argument 'ament_cmake_args' from command line to 'None'
[2.438s] Level 5:colcon.colcon_core.verb:set package 'xgo_device' build argument 'catkin_cmake_args' from command line to 'None'
[2.438s] Level 5:colcon.colcon_core.verb:set package 'xgo_device' build argument 'catkin_skip_building_tests' from command line to 'False'
[2.439s] DEBUG:colcon.colcon_core.verb:Building package 'xgo_device' with the following arguments: {'ament_cmake_args': None, 'build_base': '/home/sunrise/xgo_demo/build/xgo_device', 'catkin_cmake_args': None, 'catkin_skip_building_tests': False, 'cmake_args': None, 'cmake_clean_cache': False, 'cmake_clean_first': False, 'cmake_force_configure': False, 'cmake_target': None, 'cmake_target_skip_unavailable': False, 'install_base': '/home/sunrise/xgo_demo/install/xgo_device', 'merge_install': False, 'path': '/home/sunrise/xgo_demo/src/xgo_device', 'symlink_install': False, 'test_result_base': None}
[2.441s] Level 5:colcon.colcon_core.verb:set package 'xgo_face_control' build argument 'cmake_args' from command line to 'None'
[2.442s] Level 5:colcon.colcon_core.verb:set package 'xgo_face_control' build argument 'cmake_target' from command line to 'None'
[2.442s] Level 5:colcon.colcon_core.verb:set package 'xgo_face_control' build argument 'cmake_target_skip_unavailable' from command line to 'False'
[2.442s] Level 5:colcon.colcon_core.verb:set package 'xgo_face_control' build argument 'cmake_clean_cache' from command line to 'False'
[2.442s] Level 5:colcon.colcon_core.verb:set package 'xgo_face_control' build argument 'cmake_clean_first' from command line to 'False'
[2.442s] Level 5:colcon.colcon_core.verb:set package 'xgo_face_control' build argument 'cmake_force_configure' from command line to 'False'
[2.443s] Level 5:colcon.colcon_core.verb:set package 'xgo_face_control' build argument 'ament_cmake_args' from command line to 'None'
[2.443s] Level 5:colcon.colcon_core.verb:set package 'xgo_face_control' build argument 'catkin_cmake_args' from command line to 'None'
[2.443s] Level 5:colcon.colcon_core.verb:set package 'xgo_face_control' build argument 'catkin_skip_building_tests' from command line to 'False'
[2.443s] DEBUG:colcon.colcon_core.verb:Building package 'xgo_face_control' with the following arguments: {'ament_cmake_args': None, 'build_base': '/home/sunrise/xgo_demo/build/xgo_face_control', 'catkin_cmake_args': None, 'catkin_skip_building_tests': False, 'cmake_args': None, 'cmake_clean_cache': False, 'cmake_clean_first': False, 'cmake_force_configure': False, 'cmake_target': None, 'cmake_target_skip_unavailable': False, 'install_base': '/home/sunrise/xgo_demo/install/xgo_face_control', 'merge_install': False, 'path': '/home/sunrise/xgo_demo/src/xgo_face_control', 'symlink_install': False, 'test_result_base': None}
[2.446s] Level 5:colcon.colcon_core.verb:set package 'xgo_gesture_control' build argument 'cmake_args' from command line to 'None'
[2.446s] Level 5:colcon.colcon_core.verb:set package 'xgo_gesture_control' build argument 'cmake_target' from command line to 'None'
[2.446s] Level 5:colcon.colcon_core.verb:set package 'xgo_gesture_control' build argument 'cmake_target_skip_unavailable' from command line to 'False'
[2.446s] Level 5:colcon.colcon_core.verb:set package 'xgo_gesture_control' build argument 'cmake_clean_cache' from command line to 'False'
[2.447s] Level 5:colcon.colcon_core.verb:set package 'xgo_gesture_control' build argument 'cmake_clean_first' from command line to 'False'
[2.447s] Level 5:colcon.colcon_core.verb:set package 'xgo_gesture_control' build argument 'cmake_force_configure' from command line to 'False'
[2.447s] Level 5:colcon.colcon_core.verb:set package 'xgo_gesture_control' build argument 'ament_cmake_args' from command line to 'None'
[2.447s] Level 5:colcon.colcon_core.verb:set package 'xgo_gesture_control' build argument 'catkin_cmake_args' from command line to 'None'
[2.447s] Level 5:colcon.colcon_core.verb:set package 'xgo_gesture_control' build argument 'catkin_skip_building_tests' from command line to 'False'
[2.447s] DEBUG:colcon.colcon_core.verb:Building package 'xgo_gesture_control' with the following arguments: {'ament_cmake_args': None, 'build_base': '/home/sunrise/xgo_demo/build/xgo_gesture_control', 'catkin_cmake_args': None, 'catkin_skip_building_tests': False, 'cmake_args': None, 'cmake_clean_cache': False, 'cmake_clean_first': False, 'cmake_force_configure': False, 'cmake_target': None, 'cmake_target_skip_unavailable': False, 'install_base': '/home/sunrise/xgo_demo/install/xgo_gesture_control', 'merge_install': False, 'path': '/home/sunrise/xgo_demo/src/xgo_gesture_control', 'symlink_install': False, 'test_result_base': None}
[2.450s] Level 5:colcon.colcon_core.verb:set package 'xgo_head' build argument 'cmake_args' from command line to 'None'
[2.450s] Level 5:colcon.colcon_core.verb:set package 'xgo_head' build argument 'cmake_target' from command line to 'None'
[2.451s] Level 5:colcon.colcon_core.verb:set package 'xgo_head' build argument 'cmake_target_skip_unavailable' from command line to 'False'
[2.451s] Level 5:colcon.colcon_core.verb:set package 'xgo_head' build argument 'cmake_clean_cache' from command line to 'False'
[2.451s] Level 5:colcon.colcon_core.verb:set package 'xgo_head' build argument 'cmake_clean_first' from command line to 'False'
[2.451s] Level 5:colcon.colcon_core.verb:set package 'xgo_head' build argument 'cmake_force_configure' from command line to 'False'
[2.451s] Level 5:colcon.colcon_core.verb:set package 'xgo_head' build argument 'ament_cmake_args' from command line to 'None'
[2.451s] Level 5:colcon.colcon_core.verb:set package 'xgo_head' build argument 'catkin_cmake_args' from command line to 'None'
[2.452s] Level 5:colcon.colcon_core.verb:set package 'xgo_head' build argument 'catkin_skip_building_tests' from command line to 'False'
[2.452s] DEBUG:colcon.colcon_core.verb:Building package 'xgo_head' with the following arguments: {'ament_cmake_args': None, 'build_base': '/home/sunrise/xgo_demo/build/xgo_head', 'catkin_cmake_args': None, 'catkin_skip_building_tests': False, 'cmake_args': None, 'cmake_clean_cache': False, 'cmake_clean_first': False, 'cmake_force_configure': False, 'cmake_target': None, 'cmake_target_skip_unavailable': False, 'install_base': '/home/sunrise/xgo_demo/install/xgo_head', 'merge_install': False, 'path': '/home/sunrise/xgo_demo/src/xgo_head', 'symlink_install': False, 'test_result_base': None}
[2.454s] Level 5:colcon.colcon_core.verb:set package 'xgo_motion' build argument 'cmake_args' from command line to 'None'
[2.455s] Level 5:colcon.colcon_core.verb:set package 'xgo_motion' build argument 'cmake_target' from command line to 'None'
[2.455s] Level 5:colcon.colcon_core.verb:set package 'xgo_motion' build argument 'cmake_target_skip_unavailable' from command line to 'False'
[2.455s] Level 5:colcon.colcon_core.verb:set package 'xgo_motion' build argument 'cmake_clean_cache' from command line to 'False'
[2.455s] Level 5:colcon.colcon_core.verb:set package 'xgo_motion' build argument 'cmake_clean_first' from command line to 'False'
[2.455s] Level 5:colcon.colcon_core.verb:set package 'xgo_motion' build argument 'cmake_force_configure' from command line to 'False'
[2.456s] Level 5:colcon.colcon_core.verb:set package 'xgo_motion' build argument 'ament_cmake_args' from command line to 'None'
[2.456s] Level 5:colcon.colcon_core.verb:set package 'xgo_motion' build argument 'catkin_cmake_args' from command line to 'None'
[2.456s] Level 5:colcon.colcon_core.verb:set package 'xgo_motion' build argument 'catkin_skip_building_tests' from command line to 'False'
[2.456s] DEBUG:colcon.colcon_core.verb:Building package 'xgo_motion' with the following arguments: {'ament_cmake_args': None, 'build_base': '/home/sunrise/xgo_demo/build/xgo_motion', 'catkin_cmake_args': None, 'catkin_skip_building_tests': False, 'cmake_args': None, 'cmake_clean_cache': False, 'cmake_clean_first': False, 'cmake_force_configure': False, 'cmake_target': None, 'cmake_target_skip_unavailable': False, 'install_base': '/home/sunrise/xgo_demo/install/xgo_motion', 'merge_install': False, 'path': '/home/sunrise/xgo_demo/src/xgo_motion', 'symlink_install': False, 'test_result_base': None}
[2.459s] Level 5:colcon.colcon_core.verb:set package 'xgo_voice_control' build argument 'cmake_args' from command line to 'None'
[2.459s] Level 5:colcon.colcon_core.verb:set package 'xgo_voice_control' build argument 'cmake_target' from command line to 'None'
[2.459s] Level 5:colcon.colcon_core.verb:set package 'xgo_voice_control' build argument 'cmake_target_skip_unavailable' from command line to 'False'
[2.459s] Level 5:colcon.colcon_core.verb:set package 'xgo_voice_control' build argument 'cmake_clean_cache' from command line to 'False'
[2.460s] Level 5:colcon.colcon_core.verb:set package 'xgo_voice_control' build argument 'cmake_clean_first' from command line to 'False'
[2.460s] Level 5:colcon.colcon_core.verb:set package 'xgo_voice_control' build argument 'cmake_force_configure' from command line to 'False'
[2.460s] Level 5:colcon.colcon_core.verb:set package 'xgo_voice_control' build argument 'ament_cmake_args' from command line to 'None'
[2.460s] Level 5:colcon.colcon_core.verb:set package 'xgo_voice_control' build argument 'catkin_cmake_args' from command line to 'None'
[2.460s] Level 5:colcon.colcon_core.verb:set package 'xgo_voice_control' build argument 'catkin_skip_building_tests' from command line to 'False'
[2.460s] DEBUG:colcon.colcon_core.verb:Building package 'xgo_voice_control' with the following arguments: {'ament_cmake_args': None, 'build_base': '/home/sunrise/xgo_demo/build/xgo_voice_control', 'catkin_cmake_args': None, 'catkin_skip_building_tests': False, 'cmake_args': None, 'cmake_clean_cache': False, 'cmake_clean_first': False, 'cmake_force_configure': False, 'cmake_target': None, 'cmake_target_skip_unavailable': False, 'install_base': '/home/sunrise/xgo_demo/install/xgo_voice_control', 'merge_install': False, 'path': '/home/sunrise/xgo_demo/src/xgo_voice_control', 'symlink_install': False, 'test_result_base': None}
[2.461s] INFO:colcon.colcon_core.executor:Executing jobs using 'parallel' executor
[2.468s] DEBUG:colcon.colcon_parallel_executor.executor.parallel:run_until_complete
[2.470s] INFO:colcon.colcon_ros.task.ament_cmake.build:Building ROS package in '/home/sunrise/xgo_demo/src/xgolib' with build type 'ament_cmake'
[2.470s] INFO:colcon.colcon_cmake.task.cmake.build:Building CMake package in '/home/sunrise/xgo_demo/src/xgolib'
[2.489s] INFO:colcon.colcon_core.plugin_system:Skipping extension 'colcon_core.shell.bat': Not used on non-Windows systems
[2.490s] INFO:colcon.colcon_core.shell:Skip shell extension 'powershell' for command environment: Not usable outside of PowerShell
[2.490s] DEBUG:colcon.colcon_core.shell:Skip shell extension 'dsv' for command environment
[2.542s] DEBUG:colcon.colcon_core.event_handler.log_command:Invoking command in '/home/sunrise/xgo_demo/build/xgolib': CMAKE_PREFIX_PATH=${CMAKE_PREFIX_PATH}:/opt/tros/humble:/opt/ros/humble /usr/bin/cmake --build /home/sunrise/xgo_demo/build/xgolib -- -j4 -l4
[2.864s] DEBUG:colcon.colcon_core.event_handler.log_command:Invoked command in '/home/sunrise/xgo_demo/build/xgolib' returned '0': CMAKE_PREFIX_PATH=${CMAKE_PREFIX_PATH}:/opt/tros/humble:/opt/ros/humble /usr/bin/cmake --build /home/sunrise/xgo_demo/build/xgolib -- -j4 -l4
[2.900s] DEBUG:colcon.colcon_core.event_handler.log_command:Invoking command in '/home/sunrise/xgo_demo/build/xgolib': CMAKE_PREFIX_PATH=${CMAKE_PREFIX_PATH}:/opt/tros/humble:/opt/ros/humble /usr/bin/cmake --install /home/sunrise/xgo_demo/build/xgolib
[3.003s] Level 1:colcon.colcon_core.environment:create_environment_scripts_only(xgolib)
[3.005s] DEBUG:colcon.colcon_core.event_handler.log_command:Invoked command in '/home/sunrise/xgo_demo/build/xgolib' returned '0': CMAKE_PREFIX_PATH=${CMAKE_PREFIX_PATH}:/opt/tros/humble:/opt/ros/humble /usr/bin/cmake --install /home/sunrise/xgo_demo/build/xgolib
[3.025s] Level 1:colcon.colcon_core.environment:checking '/home/sunrise/xgo_demo/install/xgolib' for CMake module files
[3.028s] Level 1:colcon.colcon_core.environment:checking '/home/sunrise/xgo_demo/install/xgolib' for CMake config files
[3.029s] Level 1:colcon.colcon_core.shell:create_environment_hook('xgolib', 'cmake_prefix_path')
[3.031s] INFO:colcon.colcon_core.shell:Creating environment hook '/home/sunrise/xgo_demo/install/xgolib/share/xgolib/hook/cmake_prefix_path.ps1'
[3.035s] INFO:colcon.colcon_core.shell:Creating environment descriptor '/home/sunrise/xgo_demo/install/xgolib/share/xgolib/hook/cmake_prefix_path.dsv'
[3.039s] INFO:colcon.colcon_core.shell:Creating environment hook '/home/sunrise/xgo_demo/install/xgolib/share/xgolib/hook/cmake_prefix_path.sh'
[3.046s] Level 1:colcon.colcon_core.environment:checking '/home/sunrise/xgo_demo/install/xgolib/lib'
[3.047s] Level 1:colcon.colcon_core.environment:checking '/home/sunrise/xgo_demo/install/xgolib/bin'
[3.048s] Level 1:colcon.colcon_core.environment:checking '/home/sunrise/xgo_demo/install/xgolib/lib/pkgconfig/xgolib.pc'
[3.056s] Level 1:colcon.colcon_core.environment:checking '/home/sunrise/xgo_demo/install/xgolib/lib/python3.10/site-packages'
[3.057s] Level 1:colcon.colcon_core.environment:checking '/home/sunrise/xgo_demo/install/xgolib/bin'
[3.059s] INFO:colcon.colcon_core.shell:Creating package script '/home/sunrise/xgo_demo/install/xgolib/share/xgolib/package.ps1'
[3.066s] INFO:colcon.colcon_core.shell:Creating package descriptor '/home/sunrise/xgo_demo/install/xgolib/share/xgolib/package.dsv'
[3.071s] INFO:colcon.colcon_core.shell:Creating package script '/home/sunrise/xgo_demo/install/xgolib/share/xgolib/package.sh'
[3.077s] INFO:colcon.colcon_core.shell:Creating package script '/home/sunrise/xgo_demo/install/xgolib/share/xgolib/package.bash'
[3.084s] INFO:colcon.colcon_core.shell:Creating package script '/home/sunrise/xgo_demo/install/xgolib/share/xgolib/package.zsh'
[3.089s] Level 1:colcon.colcon_core.environment:create_file_with_runtime_dependencies(/home/sunrise/xgo_demo/install/xgolib/share/colcon-core/packages/xgolib)
[3.093s] Level 1:colcon.colcon_core.environment:create_environment_scripts_only(xgolib)
[3.095s] Level 1:colcon.colcon_core.environment:checking '/home/sunrise/xgo_demo/install/xgolib' for CMake module files
[3.098s] Level 1:colcon.colcon_core.environment:checking '/home/sunrise/xgo_demo/install/xgolib' for CMake config files
[3.099s] Level 1:colcon.colcon_core.shell:create_environment_hook('xgolib', 'cmake_prefix_path')
[3.100s] INFO:colcon.colcon_core.shell:Creating environment hook '/home/sunrise/xgo_demo/install/xgolib/share/xgolib/hook/cmake_prefix_path.ps1'
[3.103s] INFO:colcon.colcon_core.shell:Creating environment descriptor '/home/sunrise/xgo_demo/install/xgolib/share/xgolib/hook/cmake_prefix_path.dsv'
[3.105s] INFO:colcon.colcon_core.shell:Creating environment hook '/home/sunrise/xgo_demo/install/xgolib/share/xgolib/hook/cmake_prefix_path.sh'
[3.109s] Level 1:colcon.colcon_core.environment:checking '/home/sunrise/xgo_demo/install/xgolib/lib'
[3.109s] Level 1:colcon.colcon_core.environment:checking '/home/sunrise/xgo_demo/install/xgolib/bin'
[3.110s] Level 1:colcon.colcon_core.environment:checking '/home/sunrise/xgo_demo/install/xgolib/lib/pkgconfig/xgolib.pc'
[3.111s] Level 1:colcon.colcon_core.environment:checking '/home/sunrise/xgo_demo/install/xgolib/lib/python3.10/site-packages'
[3.113s] Level 1:colcon.colcon_core.environment:checking '/home/sunrise/xgo_demo/install/xgolib/bin'
[3.115s] INFO:colcon.colcon_core.shell:Creating package script '/home/sunrise/xgo_demo/install/xgolib/share/xgolib/package.ps1'
[3.118s] INFO:colcon.colcon_core.shell:Creating package descriptor '/home/sunrise/xgo_demo/install/xgolib/share/xgolib/package.dsv'
[3.121s] INFO:colcon.colcon_core.shell:Creating package script '/home/sunrise/xgo_demo/install/xgolib/share/xgolib/package.sh'
[3.124s] INFO:colcon.colcon_core.shell:Creating package script '/home/sunrise/xgo_demo/install/xgolib/share/xgolib/package.bash'
[3.127s] INFO:colcon.colcon_core.shell:Creating package script '/home/sunrise/xgo_demo/install/xgolib/share/xgolib/package.zsh'
[3.130s] Level 1:colcon.colcon_core.environment:create_file_with_runtime_dependencies(/home/sunrise/xgo_demo/install/xgolib/share/colcon-core/packages/xgolib)
[3.139s] INFO:colcon.colcon_ros.task.ament_cmake.build:Building ROS package in '/home/sunrise/xgo_demo/src/xgoscreen' with build type 'ament_cmake'
[3.140s] INFO:colcon.colcon_cmake.task.cmake.build:Building CMake package in '/home/sunrise/xgo_demo/src/xgoscreen'
[3.141s] INFO:colcon.colcon_core.shell:Skip shell extension 'powershell' for command environment: Not usable outside of PowerShell
[3.142s] DEBUG:colcon.colcon_core.shell:Skip shell extension 'dsv' for command environment
[3.185s] DEBUG:colcon.colcon_core.event_handler.log_command:Invoking command in '/home/sunrise/xgo_demo/build/xgoscreen': CMAKE_PREFIX_PATH=${CMAKE_PREFIX_PATH}:/opt/tros/humble:/opt/ros/humble /usr/bin/cmake --build /home/sunrise/xgo_demo/build/xgoscreen -- -j4 -l4
[3.467s] DEBUG:colcon.colcon_core.event_handler.log_command:Invoked command in '/home/sunrise/xgo_demo/build/xgoscreen' returned '0': CMAKE_PREFIX_PATH=${CMAKE_PREFIX_PATH}:/opt/tros/humble:/opt/ros/humble /usr/bin/cmake --build /home/sunrise/xgo_demo/build/xgoscreen -- -j4 -l4
[3.475s] DEBUG:colcon.colcon_core.event_handler.log_command:Invoking command in '/home/sunrise/xgo_demo/build/xgoscreen': CMAKE_PREFIX_PATH=${CMAKE_PREFIX_PATH}:/opt/tros/humble:/opt/ros/humble /usr/bin/cmake --install /home/sunrise/xgo_demo/build/xgoscreen
[3.580s] Level 1:colcon.colcon_core.environment:create_environment_scripts_only(xgoscreen)
[3.582s] Level 1:colcon.colcon_core.environment:checking '/home/sunrise/xgo_demo/install/xgoscreen' for CMake module files
[3.585s] DEBUG:colcon.colcon_core.event_handler.log_command:Invoked command in '/home/sunrise/xgo_demo/build/xgoscreen' returned '0': CMAKE_PREFIX_PATH=${CMAKE_PREFIX_PATH}:/opt/tros/humble:/opt/ros/humble /usr/bin/cmake --install /home/sunrise/xgo_demo/build/xgoscreen
[3.587s] Level 1:colcon.colcon_core.environment:checking '/home/sunrise/xgo_demo/install/xgoscreen' for CMake config files
[3.588s] Level 1:colcon.colcon_core.shell:create_environment_hook('xgoscreen', 'cmake_prefix_path')
[3.589s] INFO:colcon.colcon_core.shell:Creating environment hook '/home/sunrise/xgo_demo/install/xgoscreen/share/xgoscreen/hook/cmake_prefix_path.ps1'
[3.592s] INFO:colcon.colcon_core.shell:Creating environment descriptor '/home/sunrise/xgo_demo/install/xgoscreen/share/xgoscreen/hook/cmake_prefix_path.dsv'
[3.594s] INFO:colcon.colcon_core.shell:Creating environment hook '/home/sunrise/xgo_demo/install/xgoscreen/share/xgoscreen/hook/cmake_prefix_path.sh'
[3.598s] Level 1:colcon.colcon_core.environment:checking '/home/sunrise/xgo_demo/install/xgoscreen/lib'
[3.599s] Level 1:colcon.colcon_core.shell:create_environment_hook('xgoscreen', 'ld_library_path_lib')
[3.600s] INFO:colcon.colcon_core.shell:Creating environment hook '/home/sunrise/xgo_demo/install/xgoscreen/share/xgoscreen/hook/ld_library_path_lib.ps1'
[3.603s] INFO:colcon.colcon_core.shell:Creating environment descriptor '/home/sunrise/xgo_demo/install/xgoscreen/share/xgoscreen/hook/ld_library_path_lib.dsv'
[3.605s] INFO:colcon.colcon_core.shell:Creating environment hook '/home/sunrise/xgo_demo/install/xgoscreen/share/xgoscreen/hook/ld_library_path_lib.sh'
[3.608s] Level 1:colcon.colcon_core.environment:checking '/home/sunrise/xgo_demo/install/xgoscreen/bin'
[3.608s] Level 1:colcon.colcon_core.environment:checking '/home/sunrise/xgo_demo/install/xgoscreen/lib/pkgconfig/xgoscreen.pc'
[3.610s] Level 1:colcon.colcon_core.environment:checking '/home/sunrise/xgo_demo/install/xgoscreen/lib/python3.10/site-packages'
[3.611s] Level 1:colcon.colcon_core.environment:checking '/home/sunrise/xgo_demo/install/xgoscreen/bin'
[3.614s] INFO:colcon.colcon_core.shell:Creating package script '/home/sunrise/xgo_demo/install/xgoscreen/share/xgoscreen/package.ps1'
[3.617s] INFO:colcon.colcon_core.shell:Creating package descriptor '/home/sunrise/xgo_demo/install/xgoscreen/share/xgoscreen/package.dsv'
[3.620s] INFO:colcon.colcon_core.shell:Creating package script '/home/sunrise/xgo_demo/install/xgoscreen/share/xgoscreen/package.sh'
[3.623s] INFO:colcon.colcon_core.shell:Creating package script '/home/sunrise/xgo_demo/install/xgoscreen/share/xgoscreen/package.bash'
[3.625s] INFO:colcon.colcon_core.shell:Creating package script '/home/sunrise/xgo_demo/install/xgoscreen/share/xgoscreen/package.zsh'
[3.628s] Level 1:colcon.colcon_core.environment:create_file_with_runtime_dependencies(/home/sunrise/xgo_demo/install/xgoscreen/share/colcon-core/packages/xgoscreen)
[3.631s] Level 1:colcon.colcon_core.environment:create_environment_scripts_only(xgoscreen)
[3.632s] Level 1:colcon.colcon_core.environment:checking '/home/sunrise/xgo_demo/install/xgoscreen' for CMake module files
[3.636s] Level 1:colcon.colcon_core.environment:checking '/home/sunrise/xgo_demo/install/xgoscreen' for CMake config files
[3.637s] Level 1:colcon.colcon_core.shell:create_environment_hook('xgoscreen', 'cmake_prefix_path')
[3.638s] INFO:colcon.colcon_core.shell:Creating environment hook '/home/sunrise/xgo_demo/install/xgoscreen/share/xgoscreen/hook/cmake_prefix_path.ps1'
[3.641s] INFO:colcon.colcon_core.shell:Creating environment descriptor '/home/sunrise/xgo_demo/install/xgoscreen/share/xgoscreen/hook/cmake_prefix_path.dsv'
[3.643s] INFO:colcon.colcon_core.shell:Creating environment hook '/home/sunrise/xgo_demo/install/xgoscreen/share/xgoscreen/hook/cmake_prefix_path.sh'
[3.647s] Level 1:colcon.colcon_core.environment:checking '/home/sunrise/xgo_demo/install/xgoscreen/lib'
[3.647s] Level 1:colcon.colcon_core.shell:create_environment_hook('xgoscreen', 'ld_library_path_lib')
[3.649s] INFO:colcon.colcon_core.shell:Creating environment hook '/home/sunrise/xgo_demo/install/xgoscreen/share/xgoscreen/hook/ld_library_path_lib.ps1'
[3.651s] INFO:colcon.colcon_core.shell:Creating environment descriptor '/home/sunrise/xgo_demo/install/xgoscreen/share/xgoscreen/hook/ld_library_path_lib.dsv'
[3.653s] INFO:colcon.colcon_core.shell:Creating environment hook '/home/sunrise/xgo_demo/install/xgoscreen/share/xgoscreen/hook/ld_library_path_lib.sh'
[3.656s] Level 1:colcon.colcon_core.environment:checking '/home/sunrise/xgo_demo/install/xgoscreen/bin'
[3.657s] Level 1:colcon.colcon_core.environment:checking '/home/sunrise/xgo_demo/install/xgoscreen/lib/pkgconfig/xgoscreen.pc'
[3.658s] Level 1:colcon.colcon_core.environment:checking '/home/sunrise/xgo_demo/install/xgoscreen/lib/python3.10/site-packages'
[3.660s] Level 1:colcon.colcon_core.environment:checking '/home/sunrise/xgo_demo/install/xgoscreen/bin'
[3.662s] INFO:colcon.colcon_core.shell:Creating package script '/home/sunrise/xgo_demo/install/xgoscreen/share/xgoscreen/package.ps1'
[3.665s] INFO:colcon.colcon_core.shell:Creating package descriptor '/home/sunrise/xgo_demo/install/xgoscreen/share/xgoscreen/package.dsv'
[3.669s] INFO:colcon.colcon_core.shell:Creating package script '/home/sunrise/xgo_demo/install/xgoscreen/share/xgoscreen/package.sh'
[3.674s] INFO:colcon.colcon_core.shell:Creating package script '/home/sunrise/xgo_demo/install/xgoscreen/share/xgoscreen/package.bash'
[3.677s] INFO:colcon.colcon_core.shell:Creating package script '/home/sunrise/xgo_demo/install/xgoscreen/share/xgoscreen/package.zsh'
[3.680s] Level 1:colcon.colcon_core.environment:create_file_with_runtime_dependencies(/home/sunrise/xgo_demo/install/xgoscreen/share/colcon-core/packages/xgoscreen)
[3.681s] INFO:colcon.colcon_ros.task.ament_cmake.build:Building ROS package in '/home/sunrise/xgo_demo/src/xgo_body_tracker' with build type 'ament_cmake'
[3.682s] INFO:colcon.colcon_cmake.task.cmake.build:Building CMake package in '/home/sunrise/xgo_demo/src/xgo_body_tracker'
[3.684s] INFO:colcon.colcon_core.shell:Skip shell extension 'powershell' for command environment: Not usable outside of PowerShell
[3.684s] DEBUG:colcon.colcon_core.shell:Skip shell extension 'dsv' for command environment
[3.733s] DEBUG:colcon.colcon_core.event_handler.log_command:Invoking command in '/home/sunrise/xgo_demo/build/xgo_body_tracker': CMAKE_PREFIX_PATH=/home/sunrise/xgo_demo/install/xgolib:/home/sunrise/xgo_demo/install/xgo_voice_control:/home/sunrise/xgo_demo/install/xgo_motion:/home/sunrise/xgo_demo/install/xgo_head:/home/sunrise/xgo_demo/install/xgo_device:/home/sunrise/xgo_demo/install/xgoscreen:/home/sunrise/xgo_demo/install/xgo_gesture_control:/home/sunrise/xgo_demo/install/xgo_face_control:/home/sunrise/xgo_demo/install/xgo_body_tracker:/opt/tros/humble:/opt/ros/humble /usr/bin/cmake --build /home/sunrise/xgo_demo/build/xgo_body_tracker -- -j4 -l4
[3.991s] DEBUG:colcon.colcon_core.event_handler.log_command:Invoked command in '/home/sunrise/xgo_demo/build/xgo_body_tracker' returned '0': CMAKE_PREFIX_PATH=/home/sunrise/xgo_demo/install/xgolib:/home/sunrise/xgo_demo/install/xgo_voice_control:/home/sunrise/xgo_demo/install/xgo_motion:/home/sunrise/xgo_demo/install/xgo_head:/home/sunrise/xgo_demo/install/xgo_device:/home/sunrise/xgo_demo/install/xgoscreen:/home/sunrise/xgo_demo/install/xgo_gesture_control:/home/sunrise/xgo_demo/install/xgo_face_control:/home/sunrise/xgo_demo/install/xgo_body_tracker:/opt/tros/humble:/opt/ros/humble /usr/bin/cmake --build /home/sunrise/xgo_demo/build/xgo_body_tracker -- -j4 -l4
[3.998s] DEBUG:colcon.colcon_core.event_handler.log_command:Invoking command in '/home/sunrise/xgo_demo/build/xgo_body_tracker': CMAKE_PREFIX_PATH=/home/sunrise/xgo_demo/install/xgolib:/home/sunrise/xgo_demo/install/xgo_voice_control:/home/sunrise/xgo_demo/install/xgo_motion:/home/sunrise/xgo_demo/install/xgo_head:/home/sunrise/xgo_demo/install/xgo_device:/home/sunrise/xgo_demo/install/xgoscreen:/home/sunrise/xgo_demo/install/xgo_gesture_control:/home/sunrise/xgo_demo/install/xgo_face_control:/home/sunrise/xgo_demo/install/xgo_body_tracker:/opt/tros/humble:/opt/ros/humble /usr/bin/cmake --install /home/sunrise/xgo_demo/build/xgo_body_tracker
[4.042s] Level 1:colcon.colcon_core.environment:create_environment_scripts_only(xgo_body_tracker)
[4.044s] Level 1:colcon.colcon_core.environment:checking '/home/sunrise/xgo_demo/install/xgo_body_tracker' for CMake module files
[4.050s] DEBUG:colcon.colcon_core.event_handler.log_command:Invoked command in '/home/sunrise/xgo_demo/build/xgo_body_tracker' returned '0': CMAKE_PREFIX_PATH=/home/sunrise/xgo_demo/install/xgolib:/home/sunrise/xgo_demo/install/xgo_voice_control:/home/sunrise/xgo_demo/install/xgo_motion:/home/sunrise/xgo_demo/install/xgo_head:/home/sunrise/xgo_demo/install/xgo_device:/home/sunrise/xgo_demo/install/xgoscreen:/home/sunrise/xgo_demo/install/xgo_gesture_control:/home/sunrise/xgo_demo/install/xgo_face_control:/home/sunrise/xgo_demo/install/xgo_body_tracker:/opt/tros/humble:/opt/ros/humble /usr/bin/cmake --install /home/sunrise/xgo_demo/build/xgo_body_tracker
[4.052s] Level 1:colcon.colcon_core.environment:checking '/home/sunrise/xgo_demo/install/xgo_body_tracker' for CMake config files
[4.052s] Level 1:colcon.colcon_core.shell:create_environment_hook('xgo_body_tracker', 'cmake_prefix_path')
[4.054s] INFO:colcon.colcon_core.shell:Creating environment hook '/home/sunrise/xgo_demo/install/xgo_body_tracker/share/xgo_body_tracker/hook/cmake_prefix_path.ps1'
[4.056s] INFO:colcon.colcon_core.shell:Creating environment descriptor '/home/sunrise/xgo_demo/install/xgo_body_tracker/share/xgo_body_tracker/hook/cmake_prefix_path.dsv'
[4.059s] INFO:colcon.colcon_core.shell:Creating environment hook '/home/sunrise/xgo_demo/install/xgo_body_tracker/share/xgo_body_tracker/hook/cmake_prefix_path.sh'
[4.062s] Level 1:colcon.colcon_core.environment:checking '/home/sunrise/xgo_demo/install/xgo_body_tracker/lib'
[4.063s] Level 1:colcon.colcon_core.environment:checking '/home/sunrise/xgo_demo/install/xgo_body_tracker/bin'
[4.063s] Level 1:colcon.colcon_core.environment:checking '/home/sunrise/xgo_demo/install/xgo_body_tracker/lib/pkgconfig/xgo_body_tracker.pc'
[4.065s] Level 1:colcon.colcon_core.environment:checking '/home/sunrise/xgo_demo/install/xgo_body_tracker/lib/python3.10/site-packages'
[4.067s] Level 1:colcon.colcon_core.environment:checking '/home/sunrise/xgo_demo/install/xgo_body_tracker/bin'
[4.069s] INFO:colcon.colcon_core.shell:Creating package script '/home/sunrise/xgo_demo/install/xgo_body_tracker/share/xgo_body_tracker/package.ps1'
[4.071s] INFO:colcon.colcon_core.shell:Creating package descriptor '/home/sunrise/xgo_demo/install/xgo_body_tracker/share/xgo_body_tracker/package.dsv'
[4.074s] INFO:colcon.colcon_core.shell:Creating package script '/home/sunrise/xgo_demo/install/xgo_body_tracker/share/xgo_body_tracker/package.sh'
[4.078s] INFO:colcon.colcon_core.shell:Creating package script '/home/sunrise/xgo_demo/install/xgo_body_tracker/share/xgo_body_tracker/package.bash'
[4.080s] INFO:colcon.colcon_core.shell:Creating package script '/home/sunrise/xgo_demo/install/xgo_body_tracker/share/xgo_body_tracker/package.zsh'
[4.083s] Level 1:colcon.colcon_core.environment:create_file_with_runtime_dependencies(/home/sunrise/xgo_demo/install/xgo_body_tracker/share/colcon-core/packages/xgo_body_tracker)
[4.086s] Level 1:colcon.colcon_core.environment:create_environment_scripts_only(xgo_body_tracker)
[4.088s] Level 1:colcon.colcon_core.environment:checking '/home/sunrise/xgo_demo/install/xgo_body_tracker' for CMake module files
[4.091s] Level 1:colcon.colcon_core.environment:checking '/home/sunrise/xgo_demo/install/xgo_body_tracker' for CMake config files
[4.091s] Level 1:colcon.colcon_core.shell:create_environment_hook('xgo_body_tracker', 'cmake_prefix_path')
[4.093s] INFO:colcon.colcon_core.shell:Creating environment hook '/home/sunrise/xgo_demo/install/xgo_body_tracker/share/xgo_body_tracker/hook/cmake_prefix_path.ps1'
[4.095s] INFO:colcon.colcon_core.shell:Creating environment descriptor '/home/sunrise/xgo_demo/install/xgo_body_tracker/share/xgo_body_tracker/hook/cmake_prefix_path.dsv'
[4.098s] INFO:colcon.colcon_core.shell:Creating environment hook '/home/sunrise/xgo_demo/install/xgo_body_tracker/share/xgo_body_tracker/hook/cmake_prefix_path.sh'
[4.101s] Level 1:colcon.colcon_core.environment:checking '/home/sunrise/xgo_demo/install/xgo_body_tracker/lib'
[4.102s] Level 1:colcon.colcon_core.environment:checking '/home/sunrise/xgo_demo/install/xgo_body_tracker/bin'
[4.102s] Level 1:colcon.colcon_core.environment:checking '/home/sunrise/xgo_demo/install/xgo_body_tracker/lib/pkgconfig/xgo_body_tracker.pc'
[4.104s] Level 1:colcon.colcon_core.environment:checking '/home/sunrise/xgo_demo/install/xgo_body_tracker/lib/python3.10/site-packages'
[4.105s] Level 1:colcon.colcon_core.environment:checking '/home/sunrise/xgo_demo/install/xgo_body_tracker/bin'
[4.107s] INFO:colcon.colcon_core.shell:Creating package script '/home/sunrise/xgo_demo/install/xgo_body_tracker/share/xgo_body_tracker/package.ps1'
[4.110s] INFO:colcon.colcon_core.shell:Creating package descriptor '/home/sunrise/xgo_demo/install/xgo_body_tracker/share/xgo_body_tracker/package.dsv'
[4.114s] INFO:colcon.colcon_core.shell:Creating package script '/home/sunrise/xgo_demo/install/xgo_body_tracker/share/xgo_body_tracker/package.sh'
[4.116s] INFO:colcon.colcon_core.shell:Creating package script '/home/sunrise/xgo_demo/install/xgo_body_tracker/share/xgo_body_tracker/package.bash'
[4.119s] INFO:colcon.colcon_core.shell:Creating package script '/home/sunrise/xgo_demo/install/xgo_body_tracker/share/xgo_body_tracker/package.zsh'
[4.122s] Level 1:colcon.colcon_core.environment:create_file_with_runtime_dependencies(/home/sunrise/xgo_demo/install/xgo_body_tracker/share/colcon-core/packages/xgo_body_tracker)
[4.124s] INFO:colcon.colcon_ros.task.ament_cmake.build:Building ROS package in '/home/sunrise/xgo_demo/src/xgo_device' with build type 'ament_cmake'
[4.125s] INFO:colcon.colcon_cmake.task.cmake.build:Building CMake package in '/home/sunrise/xgo_demo/src/xgo_device'
[4.127s] INFO:colcon.colcon_core.shell:Skip shell extension 'powershell' for command environment: Not usable outside of PowerShell
[4.127s] DEBUG:colcon.colcon_core.shell:Skip shell extension 'dsv' for command environment
[4.180s] DEBUG:colcon.colcon_core.event_handler.log_command:Invoking command in '/home/sunrise/xgo_demo/build/xgo_device': CMAKE_PREFIX_PATH=/home/sunrise/xgo_demo/install/xgoscreen:/home/sunrise/xgo_demo/install/xgolib:/home/sunrise/xgo_demo/install/xgo_voice_control:/home/sunrise/xgo_demo/install/xgo_motion:/home/sunrise/xgo_demo/install/xgo_head:/home/sunrise/xgo_demo/install/xgo_device:/home/sunrise/xgo_demo/install/xgo_gesture_control:/home/sunrise/xgo_demo/install/xgo_face_control:/home/sunrise/xgo_demo/install/xgo_body_tracker:/opt/tros/humble:/opt/ros/humble /usr/bin/cmake --build /home/sunrise/xgo_demo/build/xgo_device -- -j4 -l4
[4.436s] DEBUG:colcon.colcon_core.event_handler.log_command:Invoked command in '/home/sunrise/xgo_demo/build/xgo_device' returned '0': CMAKE_PREFIX_PATH=/home/sunrise/xgo_demo/install/xgoscreen:/home/sunrise/xgo_demo/install/xgolib:/home/sunrise/xgo_demo/install/xgo_voice_control:/home/sunrise/xgo_demo/install/xgo_motion:/home/sunrise/xgo_demo/install/xgo_head:/home/sunrise/xgo_demo/install/xgo_device:/home/sunrise/xgo_demo/install/xgo_gesture_control:/home/sunrise/xgo_demo/install/xgo_face_control:/home/sunrise/xgo_demo/install/xgo_body_tracker:/opt/tros/humble:/opt/ros/humble /usr/bin/cmake --build /home/sunrise/xgo_demo/build/xgo_device -- -j4 -l4
[4.443s] DEBUG:colcon.colcon_core.event_handler.log_command:Invoking command in '/home/sunrise/xgo_demo/build/xgo_device': CMAKE_PREFIX_PATH=/home/sunrise/xgo_demo/install/xgoscreen:/home/sunrise/xgo_demo/install/xgolib:/home/sunrise/xgo_demo/install/xgo_voice_control:/home/sunrise/xgo_demo/install/xgo_motion:/home/sunrise/xgo_demo/install/xgo_head:/home/sunrise/xgo_demo/install/xgo_device:/home/sunrise/xgo_demo/install/xgo_gesture_control:/home/sunrise/xgo_demo/install/xgo_face_control:/home/sunrise/xgo_demo/install/xgo_body_tracker:/opt/tros/humble:/opt/ros/humble /usr/bin/cmake --install /home/sunrise/xgo_demo/build/xgo_device
[4.530s] Level 1:colcon.colcon_core.environment:create_environment_scripts_only(xgo_device)
[4.532s] Level 1:colcon.colcon_core.environment:checking '/home/sunrise/xgo_demo/install/xgo_device' for CMake module files
[4.534s] DEBUG:colcon.colcon_core.event_handler.log_command:Invoked command in '/home/sunrise/xgo_demo/build/xgo_device' returned '0': CMAKE_PREFIX_PATH=/home/sunrise/xgo_demo/install/xgoscreen:/home/sunrise/xgo_demo/install/xgolib:/home/sunrise/xgo_demo/install/xgo_voice_control:/home/sunrise/xgo_demo/install/xgo_motion:/home/sunrise/xgo_demo/install/xgo_head:/home/sunrise/xgo_demo/install/xgo_device:/home/sunrise/xgo_demo/install/xgo_gesture_control:/home/sunrise/xgo_demo/install/xgo_face_control:/home/sunrise/xgo_demo/install/xgo_body_tracker:/opt/tros/humble:/opt/ros/humble /usr/bin/cmake --install /home/sunrise/xgo_demo/build/xgo_device
[4.536s] Level 1:colcon.colcon_core.environment:checking '/home/sunrise/xgo_demo/install/xgo_device' for CMake config files
[4.537s] Level 1:colcon.colcon_core.shell:create_environment_hook('xgo_device', 'cmake_prefix_path')
[4.539s] INFO:colcon.colcon_core.shell:Creating environment hook '/home/sunrise/xgo_demo/install/xgo_device/share/xgo_device/hook/cmake_prefix_path.ps1'
[4.541s] INFO:colcon.colcon_core.shell:Creating environment descriptor '/home/sunrise/xgo_demo/install/xgo_device/share/xgo_device/hook/cmake_prefix_path.dsv'
[4.544s] INFO:colcon.colcon_core.shell:Creating environment hook '/home/sunrise/xgo_demo/install/xgo_device/share/xgo_device/hook/cmake_prefix_path.sh'
[4.547s] Level 1:colcon.colcon_core.environment:checking '/home/sunrise/xgo_demo/install/xgo_device/lib'
[4.548s] Level 1:colcon.colcon_core.environment:checking '/home/sunrise/xgo_demo/install/xgo_device/bin'
[4.548s] Level 1:colcon.colcon_core.environment:checking '/home/sunrise/xgo_demo/install/xgo_device/lib/pkgconfig/xgo_device.pc'
[4.550s] Level 1:colcon.colcon_core.environment:checking '/home/sunrise/xgo_demo/install/xgo_device/lib/python3.10/site-packages'
[4.552s] Level 1:colcon.colcon_core.environment:checking '/home/sunrise/xgo_demo/install/xgo_device/bin'
[4.554s] INFO:colcon.colcon_core.shell:Creating package script '/home/sunrise/xgo_demo/install/xgo_device/share/xgo_device/package.ps1'
[4.556s] INFO:colcon.colcon_core.shell:Creating package descriptor '/home/sunrise/xgo_demo/install/xgo_device/share/xgo_device/package.dsv'
[4.559s] INFO:colcon.colcon_core.shell:Creating package script '/home/sunrise/xgo_demo/install/xgo_device/share/xgo_device/package.sh'
[4.562s] INFO:colcon.colcon_core.shell:Creating package script '/home/sunrise/xgo_demo/install/xgo_device/share/xgo_device/package.bash'
[4.564s] INFO:colcon.colcon_core.shell:Creating package script '/home/sunrise/xgo_demo/install/xgo_device/share/xgo_device/package.zsh'
[4.567s] Level 1:colcon.colcon_core.environment:create_file_with_runtime_dependencies(/home/sunrise/xgo_demo/install/xgo_device/share/colcon-core/packages/xgo_device)
[4.570s] Level 1:colcon.colcon_core.environment:create_environment_scripts_only(xgo_device)
[4.571s] Level 1:colcon.colcon_core.environment:checking '/home/sunrise/xgo_demo/install/xgo_device' for CMake module files
[4.574s] Level 1:colcon.colcon_core.environment:checking '/home/sunrise/xgo_demo/install/xgo_device' for CMake config files
[4.575s] Level 1:colcon.colcon_core.shell:create_environment_hook('xgo_device', 'cmake_prefix_path')
[4.577s] INFO:colcon.colcon_core.shell:Creating environment hook '/home/sunrise/xgo_demo/install/xgo_device/share/xgo_device/hook/cmake_prefix_path.ps1'
[4.579s] INFO:colcon.colcon_core.shell:Creating environment descriptor '/home/sunrise/xgo_demo/install/xgo_device/share/xgo_device/hook/cmake_prefix_path.dsv'
[4.582s] INFO:colcon.colcon_core.shell:Creating environment hook '/home/sunrise/xgo_demo/install/xgo_device/share/xgo_device/hook/cmake_prefix_path.sh'
[4.586s] Level 1:colcon.colcon_core.environment:checking '/home/sunrise/xgo_demo/install/xgo_device/lib'
[4.586s] Level 1:colcon.colcon_core.environment:checking '/home/sunrise/xgo_demo/install/xgo_device/bin'
[4.587s] Level 1:colcon.colcon_core.environment:checking '/home/sunrise/xgo_demo/install/xgo_device/lib/pkgconfig/xgo_device.pc'
[4.588s] Level 1:colcon.colcon_core.environment:checking '/home/sunrise/xgo_demo/install/xgo_device/lib/python3.10/site-packages'
[4.590s] Level 1:colcon.colcon_core.environment:checking '/home/sunrise/xgo_demo/install/xgo_device/bin'
[4.592s] INFO:colcon.colcon_core.shell:Creating package script '/home/sunrise/xgo_demo/install/xgo_device/share/xgo_device/package.ps1'
[4.595s] INFO:colcon.colcon_core.shell:Creating package descriptor '/home/sunrise/xgo_demo/install/xgo_device/share/xgo_device/package.dsv'
[4.598s] INFO:colcon.colcon_core.shell:Creating package script '/home/sunrise/xgo_demo/install/xgo_device/share/xgo_device/package.sh'
[4.601s] INFO:colcon.colcon_core.shell:Creating package script '/home/sunrise/xgo_demo/install/xgo_device/share/xgo_device/package.bash'
[4.604s] INFO:colcon.colcon_core.shell:Creating package script '/home/sunrise/xgo_demo/install/xgo_device/share/xgo_device/package.zsh'
[4.607s] Level 1:colcon.colcon_core.environment:create_file_with_runtime_dependencies(/home/sunrise/xgo_demo/install/xgo_device/share/colcon-core/packages/xgo_device)
[4.609s] INFO:colcon.colcon_ros.task.ament_cmake.build:Building ROS package in '/home/sunrise/xgo_demo/src/xgo_face_control' with build type 'ament_cmake'
[4.610s] INFO:colcon.colcon_cmake.task.cmake.build:Building CMake package in '/home/sunrise/xgo_demo/src/xgo_face_control'
[4.611s] INFO:colcon.colcon_core.shell:Skip shell extension 'powershell' for command environment: Not usable outside of PowerShell
[4.612s] DEBUG:colcon.colcon_core.shell:Skip shell extension 'dsv' for command environment
[4.657s] DEBUG:colcon.colcon_core.event_handler.log_command:Invoking command in '/home/sunrise/xgo_demo/build/xgo_face_control': CMAKE_PREFIX_PATH=/home/sunrise/xgo_demo/install/xgolib:/home/sunrise/xgo_demo/install/xgo_voice_control:/home/sunrise/xgo_demo/install/xgo_motion:/home/sunrise/xgo_demo/install/xgo_head:/home/sunrise/xgo_demo/install/xgo_device:/home/sunrise/xgo_demo/install/xgoscreen:/home/sunrise/xgo_demo/install/xgo_gesture_control:/home/sunrise/xgo_demo/install/xgo_face_control:/home/sunrise/xgo_demo/install/xgo_body_tracker:/opt/tros/humble:/opt/ros/humble /usr/bin/cmake --build /home/sunrise/xgo_demo/build/xgo_face_control -- -j4 -l4
[4.902s] DEBUG:colcon.colcon_core.event_handler.log_command:Invoked command in '/home/sunrise/xgo_demo/build/xgo_face_control' returned '0': CMAKE_PREFIX_PATH=/home/sunrise/xgo_demo/install/xgolib:/home/sunrise/xgo_demo/install/xgo_voice_control:/home/sunrise/xgo_demo/install/xgo_motion:/home/sunrise/xgo_demo/install/xgo_head:/home/sunrise/xgo_demo/install/xgo_device:/home/sunrise/xgo_demo/install/xgoscreen:/home/sunrise/xgo_demo/install/xgo_gesture_control:/home/sunrise/xgo_demo/install/xgo_face_control:/home/sunrise/xgo_demo/install/xgo_body_tracker:/opt/tros/humble:/opt/ros/humble /usr/bin/cmake --build /home/sunrise/xgo_demo/build/xgo_face_control -- -j4 -l4
[4.909s] DEBUG:colcon.colcon_core.event_handler.log_command:Invoking command in '/home/sunrise/xgo_demo/build/xgo_face_control': CMAKE_PREFIX_PATH=/home/sunrise/xgo_demo/install/xgolib:/home/sunrise/xgo_demo/install/xgo_voice_control:/home/sunrise/xgo_demo/install/xgo_motion:/home/sunrise/xgo_demo/install/xgo_head:/home/sunrise/xgo_demo/install/xgo_device:/home/sunrise/xgo_demo/install/xgoscreen:/home/sunrise/xgo_demo/install/xgo_gesture_control:/home/sunrise/xgo_demo/install/xgo_face_control:/home/sunrise/xgo_demo/install/xgo_body_tracker:/opt/tros/humble:/opt/ros/humble /usr/bin/cmake --install /home/sunrise/xgo_demo/build/xgo_face_control
[4.952s] Level 1:colcon.colcon_core.environment:create_environment_scripts_only(xgo_face_control)
[4.954s] Level 1:colcon.colcon_core.environment:checking '/home/sunrise/xgo_demo/install/xgo_face_control' for CMake module files
[4.958s] DEBUG:colcon.colcon_core.event_handler.log_command:Invoked command in '/home/sunrise/xgo_demo/build/xgo_face_control' returned '0': CMAKE_PREFIX_PATH=/home/sunrise/xgo_demo/install/xgolib:/home/sunrise/xgo_demo/install/xgo_voice_control:/home/sunrise/xgo_demo/install/xgo_motion:/home/sunrise/xgo_demo/install/xgo_head:/home/sunrise/xgo_demo/install/xgo_device:/home/sunrise/xgo_demo/install/xgoscreen:/home/sunrise/xgo_demo/install/xgo_gesture_control:/home/sunrise/xgo_demo/install/xgo_face_control:/home/sunrise/xgo_demo/install/xgo_body_tracker:/opt/tros/humble:/opt/ros/humble /usr/bin/cmake --install /home/sunrise/xgo_demo/build/xgo_face_control
[4.960s] Level 1:colcon.colcon_core.environment:checking '/home/sunrise/xgo_demo/install/xgo_face_control' for CMake config files
[4.961s] Level 1:colcon.colcon_core.shell:create_environment_hook('xgo_face_control', 'cmake_prefix_path')
[4.963s] INFO:colcon.colcon_core.shell:Creating environment hook '/home/sunrise/xgo_demo/install/xgo_face_control/share/xgo_face_control/hook/cmake_prefix_path.ps1'
[4.965s] INFO:colcon.colcon_core.shell:Creating environment descriptor '/home/sunrise/xgo_demo/install/xgo_face_control/share/xgo_face_control/hook/cmake_prefix_path.dsv'
[4.968s] INFO:colcon.colcon_core.shell:Creating environment hook '/home/sunrise/xgo_demo/install/xgo_face_control/share/xgo_face_control/hook/cmake_prefix_path.sh'
[4.971s] Level 1:colcon.colcon_core.environment:checking '/home/sunrise/xgo_demo/install/xgo_face_control/lib'
[4.972s] Level 1:colcon.colcon_core.environment:checking '/home/sunrise/xgo_demo/install/xgo_face_control/bin'
[4.972s] Level 1:colcon.colcon_core.environment:checking '/home/sunrise/xgo_demo/install/xgo_face_control/lib/pkgconfig/xgo_face_control.pc'
[4.974s] Level 1:colcon.colcon_core.environment:checking '/home/sunrise/xgo_demo/install/xgo_face_control/lib/python3.10/site-packages'
[4.975s] Level 1:colcon.colcon_core.environment:checking '/home/sunrise/xgo_demo/install/xgo_face_control/bin'
[4.977s] INFO:colcon.colcon_core.shell:Creating package script '/home/sunrise/xgo_demo/install/xgo_face_control/share/xgo_face_control/package.ps1'
[4.980s] INFO:colcon.colcon_core.shell:Creating package descriptor '/home/sunrise/xgo_demo/install/xgo_face_control/share/xgo_face_control/package.dsv'
[4.983s] INFO:colcon.colcon_core.shell:Creating package script '/home/sunrise/xgo_demo/install/xgo_face_control/share/xgo_face_control/package.sh'
[4.986s] INFO:colcon.colcon_core.shell:Creating package script '/home/sunrise/xgo_demo/install/xgo_face_control/share/xgo_face_control/package.bash'
[4.989s] INFO:colcon.colcon_core.shell:Creating package script '/home/sunrise/xgo_demo/install/xgo_face_control/share/xgo_face_control/package.zsh'
[4.991s] Level 1:colcon.colcon_core.environment:create_file_with_runtime_dependencies(/home/sunrise/xgo_demo/install/xgo_face_control/share/colcon-core/packages/xgo_face_control)
[4.995s] Level 1:colcon.colcon_core.environment:create_environment_scripts_only(xgo_face_control)
[4.996s] Level 1:colcon.colcon_core.environment:checking '/home/sunrise/xgo_demo/install/xgo_face_control' for CMake module files
[4.999s] Level 1:colcon.colcon_core.environment:checking '/home/sunrise/xgo_demo/install/xgo_face_control' for CMake config files
[5.000s] Level 1:colcon.colcon_core.shell:create_environment_hook('xgo_face_control', 'cmake_prefix_path')
[5.001s] INFO:colcon.colcon_core.shell:Creating environment hook '/home/sunrise/xgo_demo/install/xgo_face_control/share/xgo_face_control/hook/cmake_prefix_path.ps1'
[5.004s] INFO:colcon.colcon_core.shell:Creating environment descriptor '/home/sunrise/xgo_demo/install/xgo_face_control/share/xgo_face_control/hook/cmake_prefix_path.dsv'
[5.006s] INFO:colcon.colcon_core.shell:Creating environment hook '/home/sunrise/xgo_demo/install/xgo_face_control/share/xgo_face_control/hook/cmake_prefix_path.sh'
[5.010s] Level 1:colcon.colcon_core.environment:checking '/home/sunrise/xgo_demo/install/xgo_face_control/lib'
[5.010s] Level 1:colcon.colcon_core.environment:checking '/home/sunrise/xgo_demo/install/xgo_face_control/bin'
[5.011s] Level 1:colcon.colcon_core.environment:checking '/home/sunrise/xgo_demo/install/xgo_face_control/lib/pkgconfig/xgo_face_control.pc'
[5.012s] Level 1:colcon.colcon_core.environment:checking '/home/sunrise/xgo_demo/install/xgo_face_control/lib/python3.10/site-packages'
[5.014s] Level 1:colcon.colcon_core.environment:checking '/home/sunrise/xgo_demo/install/xgo_face_control/bin'
[5.016s] INFO:colcon.colcon_core.shell:Creating package script '/home/sunrise/xgo_demo/install/xgo_face_control/share/xgo_face_control/package.ps1'
[5.019s] INFO:colcon.colcon_core.shell:Creating package descriptor '/home/sunrise/xgo_demo/install/xgo_face_control/share/xgo_face_control/package.dsv'
[5.022s] INFO:colcon.colcon_core.shell:Creating package script '/home/sunrise/xgo_demo/install/xgo_face_control/share/xgo_face_control/package.sh'
[5.025s] INFO:colcon.colcon_core.shell:Creating package script '/home/sunrise/xgo_demo/install/xgo_face_control/share/xgo_face_control/package.bash'
[5.028s] INFO:colcon.colcon_core.shell:Creating package script '/home/sunrise/xgo_demo/install/xgo_face_control/share/xgo_face_control/package.zsh'
[5.031s] Level 1:colcon.colcon_core.environment:create_file_with_runtime_dependencies(/home/sunrise/xgo_demo/install/xgo_face_control/share/colcon-core/packages/xgo_face_control)
[5.032s] INFO:colcon.colcon_ros.task.ament_cmake.build:Building ROS package in '/home/sunrise/xgo_demo/src/xgo_gesture_control' with build type 'ament_cmake'
[5.033s] INFO:colcon.colcon_cmake.task.cmake.build:Building CMake package in '/home/sunrise/xgo_demo/src/xgo_gesture_control'
[5.035s] INFO:colcon.colcon_core.shell:Skip shell extension 'powershell' for command environment: Not usable outside of PowerShell
[5.035s] DEBUG:colcon.colcon_core.shell:Skip shell extension 'dsv' for command environment
[5.103s] DEBUG:colcon.colcon_core.event_handler.log_command:Invoking command in '/home/sunrise/xgo_demo/build/xgo_gesture_control': CMAKE_PREFIX_PATH=/home/sunrise/xgo_demo/install/xgolib:/home/sunrise/xgo_demo/install/xgo_voice_control:/home/sunrise/xgo_demo/install/xgo_motion:/home/sunrise/xgo_demo/install/xgo_head:/home/sunrise/xgo_demo/install/xgo_device:/home/sunrise/xgo_demo/install/xgoscreen:/home/sunrise/xgo_demo/install/xgo_gesture_control:/home/sunrise/xgo_demo/install/xgo_face_control:/home/sunrise/xgo_demo/install/xgo_body_tracker:/opt/tros/humble:/opt/ros/humble /usr/bin/cmake --build /home/sunrise/xgo_demo/build/xgo_gesture_control -- -j4 -l4
[5.347s] DEBUG:colcon.colcon_core.event_handler.log_command:Invoked command in '/home/sunrise/xgo_demo/build/xgo_gesture_control' returned '0': CMAKE_PREFIX_PATH=/home/sunrise/xgo_demo/install/xgolib:/home/sunrise/xgo_demo/install/xgo_voice_control:/home/sunrise/xgo_demo/install/xgo_motion:/home/sunrise/xgo_demo/install/xgo_head:/home/sunrise/xgo_demo/install/xgo_device:/home/sunrise/xgo_demo/install/xgoscreen:/home/sunrise/xgo_demo/install/xgo_gesture_control:/home/sunrise/xgo_demo/install/xgo_face_control:/home/sunrise/xgo_demo/install/xgo_body_tracker:/opt/tros/humble:/opt/ros/humble /usr/bin/cmake --build /home/sunrise/xgo_demo/build/xgo_gesture_control -- -j4 -l4
[5.354s] DEBUG:colcon.colcon_core.event_handler.log_command:Invoking command in '/home/sunrise/xgo_demo/build/xgo_gesture_control': CMAKE_PREFIX_PATH=/home/sunrise/xgo_demo/install/xgolib:/home/sunrise/xgo_demo/install/xgo_voice_control:/home/sunrise/xgo_demo/install/xgo_motion:/home/sunrise/xgo_demo/install/xgo_head:/home/sunrise/xgo_demo/install/xgo_device:/home/sunrise/xgo_demo/install/xgoscreen:/home/sunrise/xgo_demo/install/xgo_gesture_control:/home/sunrise/xgo_demo/install/xgo_face_control:/home/sunrise/xgo_demo/install/xgo_body_tracker:/opt/tros/humble:/opt/ros/humble /usr/bin/cmake --install /home/sunrise/xgo_demo/build/xgo_gesture_control
[5.398s] Level 1:colcon.colcon_core.environment:create_environment_scripts_only(xgo_gesture_control)
[5.399s] Level 1:colcon.colcon_core.environment:checking '/home/sunrise/xgo_demo/install/xgo_gesture_control' for CMake module files
[5.404s] DEBUG:colcon.colcon_core.event_handler.log_command:Invoked command in '/home/sunrise/xgo_demo/build/xgo_gesture_control' returned '0': CMAKE_PREFIX_PATH=/home/sunrise/xgo_demo/install/xgolib:/home/sunrise/xgo_demo/install/xgo_voice_control:/home/sunrise/xgo_demo/install/xgo_motion:/home/sunrise/xgo_demo/install/xgo_head:/home/sunrise/xgo_demo/install/xgo_device:/home/sunrise/xgo_demo/install/xgoscreen:/home/sunrise/xgo_demo/install/xgo_gesture_control:/home/sunrise/xgo_demo/install/xgo_face_control:/home/sunrise/xgo_demo/install/xgo_body_tracker:/opt/tros/humble:/opt/ros/humble /usr/bin/cmake --install /home/sunrise/xgo_demo/build/xgo_gesture_control
[5.406s] Level 1:colcon.colcon_core.environment:checking '/home/sunrise/xgo_demo/install/xgo_gesture_control' for CMake config files
[5.407s] Level 1:colcon.colcon_core.shell:create_environment_hook('xgo_gesture_control', 'cmake_prefix_path')
[5.408s] INFO:colcon.colcon_core.shell:Creating environment hook '/home/sunrise/xgo_demo/install/xgo_gesture_control/share/xgo_gesture_control/hook/cmake_prefix_path.ps1'
[5.411s] INFO:colcon.colcon_core.shell:Creating environment descriptor '/home/sunrise/xgo_demo/install/xgo_gesture_control/share/xgo_gesture_control/hook/cmake_prefix_path.dsv'
[5.414s] INFO:colcon.colcon_core.shell:Creating environment hook '/home/sunrise/xgo_demo/install/xgo_gesture_control/share/xgo_gesture_control/hook/cmake_prefix_path.sh'
[5.418s] Level 1:colcon.colcon_core.environment:checking '/home/sunrise/xgo_demo/install/xgo_gesture_control/lib'
[5.419s] Level 1:colcon.colcon_core.environment:checking '/home/sunrise/xgo_demo/install/xgo_gesture_control/bin'
[5.419s] Level 1:colcon.colcon_core.environment:checking '/home/sunrise/xgo_demo/install/xgo_gesture_control/lib/pkgconfig/xgo_gesture_control.pc'
[5.421s] Level 1:colcon.colcon_core.environment:checking '/home/sunrise/xgo_demo/install/xgo_gesture_control/lib/python3.10/site-packages'
[5.423s] Level 1:colcon.colcon_core.environment:checking '/home/sunrise/xgo_demo/install/xgo_gesture_control/bin'
[5.425s] INFO:colcon.colcon_core.shell:Creating package script '/home/sunrise/xgo_demo/install/xgo_gesture_control/share/xgo_gesture_control/package.ps1'
[5.427s] INFO:colcon.colcon_core.shell:Creating package descriptor '/home/sunrise/xgo_demo/install/xgo_gesture_control/share/xgo_gesture_control/package.dsv'
[5.430s] INFO:colcon.colcon_core.shell:Creating package script '/home/sunrise/xgo_demo/install/xgo_gesture_control/share/xgo_gesture_control/package.sh'
[5.434s] INFO:colcon.colcon_core.shell:Creating package script '/home/sunrise/xgo_demo/install/xgo_gesture_control/share/xgo_gesture_control/package.bash'
[5.436s] INFO:colcon.colcon_core.shell:Creating package script '/home/sunrise/xgo_demo/install/xgo_gesture_control/share/xgo_gesture_control/package.zsh'
[5.439s] Level 1:colcon.colcon_core.environment:create_file_with_runtime_dependencies(/home/sunrise/xgo_demo/install/xgo_gesture_control/share/colcon-core/packages/xgo_gesture_control)
[5.443s] Level 1:colcon.colcon_core.environment:create_environment_scripts_only(xgo_gesture_control)
[5.445s] Level 1:colcon.colcon_core.environment:checking '/home/sunrise/xgo_demo/install/xgo_gesture_control' for CMake module files
[5.448s] Level 1:colcon.colcon_core.environment:checking '/home/sunrise/xgo_demo/install/xgo_gesture_control' for CMake config files
[5.449s] Level 1:colcon.colcon_core.shell:create_environment_hook('xgo_gesture_control', 'cmake_prefix_path')
[5.450s] INFO:colcon.colcon_core.shell:Creating environment hook '/home/sunrise/xgo_demo/install/xgo_gesture_control/share/xgo_gesture_control/hook/cmake_prefix_path.ps1'
[5.453s] INFO:colcon.colcon_core.shell:Creating environment descriptor '/home/sunrise/xgo_demo/install/xgo_gesture_control/share/xgo_gesture_control/hook/cmake_prefix_path.dsv'
[5.455s] INFO:colcon.colcon_core.shell:Creating environment hook '/home/sunrise/xgo_demo/install/xgo_gesture_control/share/xgo_gesture_control/hook/cmake_prefix_path.sh'
[5.459s] Level 1:colcon.colcon_core.environment:checking '/home/sunrise/xgo_demo/install/xgo_gesture_control/lib'
[5.460s] Level 1:colcon.colcon_core.environment:checking '/home/sunrise/xgo_demo/install/xgo_gesture_control/bin'
[5.461s] Level 1:colcon.colcon_core.environment:checking '/home/sunrise/xgo_demo/install/xgo_gesture_control/lib/pkgconfig/xgo_gesture_control.pc'
[5.462s] Level 1:colcon.colcon_core.environment:checking '/home/sunrise/xgo_demo/install/xgo_gesture_control/lib/python3.10/site-packages'
[5.464s] Level 1:colcon.colcon_core.environment:checking '/home/sunrise/xgo_demo/install/xgo_gesture_control/bin'
[5.466s] INFO:colcon.colcon_core.shell:Creating package script '/home/sunrise/xgo_demo/install/xgo_gesture_control/share/xgo_gesture_control/package.ps1'
[5.469s] INFO:colcon.colcon_core.shell:Creating package descriptor '/home/sunrise/xgo_demo/install/xgo_gesture_control/share/xgo_gesture_control/package.dsv'
[5.473s] INFO:colcon.colcon_core.shell:Creating package script '/home/sunrise/xgo_demo/install/xgo_gesture_control/share/xgo_gesture_control/package.sh'
[5.476s] INFO:colcon.colcon_core.shell:Creating package script '/home/sunrise/xgo_demo/install/xgo_gesture_control/share/xgo_gesture_control/package.bash'
[5.479s] INFO:colcon.colcon_core.shell:Creating package script '/home/sunrise/xgo_demo/install/xgo_gesture_control/share/xgo_gesture_control/package.zsh'
[5.482s] Level 1:colcon.colcon_core.environment:create_file_with_runtime_dependencies(/home/sunrise/xgo_demo/install/xgo_gesture_control/share/colcon-core/packages/xgo_gesture_control)
[5.485s] INFO:colcon.colcon_ros.task.ament_cmake.build:Building ROS package in '/home/sunrise/xgo_demo/src/xgo_head' with build type 'ament_cmake'
[5.486s] INFO:colcon.colcon_cmake.task.cmake.build:Building CMake package in '/home/sunrise/xgo_demo/src/xgo_head'
[5.488s] INFO:colcon.colcon_core.shell:Skip shell extension 'powershell' for command environment: Not usable outside of PowerShell
[5.488s] DEBUG:colcon.colcon_core.shell:Skip shell extension 'dsv' for command environment
[5.540s] DEBUG:colcon.colcon_core.event_handler.log_command:Invoking command in '/home/sunrise/xgo_demo/build/xgo_head': CMAKE_PREFIX_PATH=/home/sunrise/xgo_demo/install/xgoscreen:/home/sunrise/xgo_demo/install/xgolib:/home/sunrise/xgo_demo/install/xgo_voice_control:/home/sunrise/xgo_demo/install/xgo_motion:/home/sunrise/xgo_demo/install/xgo_head:/home/sunrise/xgo_demo/install/xgo_device:/home/sunrise/xgo_demo/install/xgo_gesture_control:/home/sunrise/xgo_demo/install/xgo_face_control:/home/sunrise/xgo_demo/install/xgo_body_tracker:/opt/tros/humble:/opt/ros/humble /usr/bin/cmake --build /home/sunrise/xgo_demo/build/xgo_head -- -j4 -l4
[58.175s] DEBUG:colcon.colcon_core.event_handler.log_command:Invoked command in '/home/sunrise/xgo_demo/build/xgo_head' returned '0': CMAKE_PREFIX_PATH=/home/sunrise/xgo_demo/install/xgoscreen:/home/sunrise/xgo_demo/install/xgolib:/home/sunrise/xgo_demo/install/xgo_voice_control:/home/sunrise/xgo_demo/install/xgo_motion:/home/sunrise/xgo_demo/install/xgo_head:/home/sunrise/xgo_demo/install/xgo_device:/home/sunrise/xgo_demo/install/xgo_gesture_control:/home/sunrise/xgo_demo/install/xgo_face_control:/home/sunrise/xgo_demo/install/xgo_body_tracker:/opt/tros/humble:/opt/ros/humble /usr/bin/cmake --build /home/sunrise/xgo_demo/build/xgo_head -- -j4 -l4
[58.182s] DEBUG:colcon.colcon_core.event_handler.log_command:Invoking command in '/home/sunrise/xgo_demo/build/xgo_head': CMAKE_PREFIX_PATH=/home/sunrise/xgo_demo/install/xgoscreen:/home/sunrise/xgo_demo/install/xgolib:/home/sunrise/xgo_demo/install/xgo_voice_control:/home/sunrise/xgo_demo/install/xgo_motion:/home/sunrise/xgo_demo/install/xgo_head:/home/sunrise/xgo_demo/install/xgo_device:/home/sunrise/xgo_demo/install/xgo_gesture_control:/home/sunrise/xgo_demo/install/xgo_face_control:/home/sunrise/xgo_demo/install/xgo_body_tracker:/opt/tros/humble:/opt/ros/humble /usr/bin/cmake --install /home/sunrise/xgo_demo/build/xgo_head
[58.271s] Level 1:colcon.colcon_core.environment:create_environment_scripts_only(xgo_head)
[58.274s] Level 1:colcon.colcon_core.environment:checking '/home/sunrise/xgo_demo/install/xgo_head' for CMake module files
[58.276s] DEBUG:colcon.colcon_core.event_handler.log_command:Invoked command in '/home/sunrise/xgo_demo/build/xgo_head' returned '0': CMAKE_PREFIX_PATH=/home/sunrise/xgo_demo/install/xgoscreen:/home/sunrise/xgo_demo/install/xgolib:/home/sunrise/xgo_demo/install/xgo_voice_control:/home/sunrise/xgo_demo/install/xgo_motion:/home/sunrise/xgo_demo/install/xgo_head:/home/sunrise/xgo_demo/install/xgo_device:/home/sunrise/xgo_demo/install/xgo_gesture_control:/home/sunrise/xgo_demo/install/xgo_face_control:/home/sunrise/xgo_demo/install/xgo_body_tracker:/opt/tros/humble:/opt/ros/humble /usr/bin/cmake --install /home/sunrise/xgo_demo/build/xgo_head
[58.278s] Level 1:colcon.colcon_core.environment:checking '/home/sunrise/xgo_demo/install/xgo_head' for CMake config files
[58.279s] Level 1:colcon.colcon_core.shell:create_environment_hook('xgo_head', 'cmake_prefix_path')
[58.281s] INFO:colcon.colcon_core.shell:Creating environment hook '/home/sunrise/xgo_demo/install/xgo_head/share/xgo_head/hook/cmake_prefix_path.ps1'
[58.285s] INFO:colcon.colcon_core.shell:Creating environment descriptor '/home/sunrise/xgo_demo/install/xgo_head/share/xgo_head/hook/cmake_prefix_path.dsv'
[58.288s] INFO:colcon.colcon_core.shell:Creating environment hook '/home/sunrise/xgo_demo/install/xgo_head/share/xgo_head/hook/cmake_prefix_path.sh'
[58.294s] Level 1:colcon.colcon_core.environment:checking '/home/sunrise/xgo_demo/install/xgo_head/lib'
[58.294s] Level 1:colcon.colcon_core.environment:checking '/home/sunrise/xgo_demo/install/xgo_head/bin'
[58.295s] Level 1:colcon.colcon_core.environment:checking '/home/sunrise/xgo_demo/install/xgo_head/lib/pkgconfig/xgo_head.pc'
[58.296s] Level 1:colcon.colcon_core.environment:checking '/home/sunrise/xgo_demo/install/xgo_head/lib/python3.10/site-packages'
[58.298s] Level 1:colcon.colcon_core.environment:checking '/home/sunrise/xgo_demo/install/xgo_head/bin'
[58.300s] INFO:colcon.colcon_core.shell:Creating package script '/home/sunrise/xgo_demo/install/xgo_head/share/xgo_head/package.ps1'
[58.304s] INFO:colcon.colcon_core.shell:Creating package descriptor '/home/sunrise/xgo_demo/install/xgo_head/share/xgo_head/package.dsv'
[58.308s] INFO:colcon.colcon_core.shell:Creating package script '/home/sunrise/xgo_demo/install/xgo_head/share/xgo_head/package.sh'
[58.311s] INFO:colcon.colcon_core.shell:Creating package script '/home/sunrise/xgo_demo/install/xgo_head/share/xgo_head/package.bash'
[58.314s] INFO:colcon.colcon_core.shell:Creating package script '/home/sunrise/xgo_demo/install/xgo_head/share/xgo_head/package.zsh'
[58.329s] Level 1:colcon.colcon_core.environment:create_file_with_runtime_dependencies(/home/sunrise/xgo_demo/install/xgo_head/share/colcon-core/packages/xgo_head)
[58.334s] Level 1:colcon.colcon_core.environment:create_environment_scripts_only(xgo_head)
[58.335s] Level 1:colcon.colcon_core.environment:checking '/home/sunrise/xgo_demo/install/xgo_head' for CMake module files
[58.339s] Level 1:colcon.colcon_core.environment:checking '/home/sunrise/xgo_demo/install/xgo_head' for CMake config files
[58.339s] Level 1:colcon.colcon_core.shell:create_environment_hook('xgo_head', 'cmake_prefix_path')
[58.341s] INFO:colcon.colcon_core.shell:Creating environment hook '/home/sunrise/xgo_demo/install/xgo_head/share/xgo_head/hook/cmake_prefix_path.ps1'
[58.343s] INFO:colcon.colcon_core.shell:Creating environment descriptor '/home/sunrise/xgo_demo/install/xgo_head/share/xgo_head/hook/cmake_prefix_path.dsv'
[58.346s] INFO:colcon.colcon_core.shell:Creating environment hook '/home/sunrise/xgo_demo/install/xgo_head/share/xgo_head/hook/cmake_prefix_path.sh'
[58.351s] Level 1:colcon.colcon_core.environment:checking '/home/sunrise/xgo_demo/install/xgo_head/lib'
[58.352s] Level 1:colcon.colcon_core.environment:checking '/home/sunrise/xgo_demo/install/xgo_head/bin'
[58.352s] Level 1:colcon.colcon_core.environment:checking '/home/sunrise/xgo_demo/install/xgo_head/lib/pkgconfig/xgo_head.pc'
[58.354s] Level 1:colcon.colcon_core.environment:checking '/home/sunrise/xgo_demo/install/xgo_head/lib/python3.10/site-packages'
[58.355s] Level 1:colcon.colcon_core.environment:checking '/home/sunrise/xgo_demo/install/xgo_head/bin'
[58.358s] INFO:colcon.colcon_core.shell:Creating package script '/home/sunrise/xgo_demo/install/xgo_head/share/xgo_head/package.ps1'
[58.361s] INFO:colcon.colcon_core.shell:Creating package descriptor '/home/sunrise/xgo_demo/install/xgo_head/share/xgo_head/package.dsv'
[58.365s] INFO:colcon.colcon_core.shell:Creating package script '/home/sunrise/xgo_demo/install/xgo_head/share/xgo_head/package.sh'
[58.368s] INFO:colcon.colcon_core.shell:Creating package script '/home/sunrise/xgo_demo/install/xgo_head/share/xgo_head/package.bash'
[58.371s] INFO:colcon.colcon_core.shell:Creating package script '/home/sunrise/xgo_demo/install/xgo_head/share/xgo_head/package.zsh'
[58.375s] Level 1:colcon.colcon_core.environment:create_file_with_runtime_dependencies(/home/sunrise/xgo_demo/install/xgo_head/share/colcon-core/packages/xgo_head)
[58.377s] INFO:colcon.colcon_ros.task.ament_cmake.build:Building ROS package in '/home/sunrise/xgo_demo/src/xgo_motion' with build type 'ament_cmake'
[58.378s] INFO:colcon.colcon_cmake.task.cmake.build:Building CMake package in '/home/sunrise/xgo_demo/src/xgo_motion'
[58.380s] INFO:colcon.colcon_core.shell:Skip shell extension 'powershell' for command environment: Not usable outside of PowerShell
[58.380s] DEBUG:colcon.colcon_core.shell:Skip shell extension 'dsv' for command environment
[58.446s] DEBUG:colcon.colcon_core.event_handler.log_command:Invoking command in '/home/sunrise/xgo_demo/build/xgo_motion': CMAKE_PREFIX_PATH=/home/sunrise/xgo_demo/install/xgoscreen:/home/sunrise/xgo_demo/install/xgolib:/home/sunrise/xgo_demo/install/xgo_voice_control:/home/sunrise/xgo_demo/install/xgo_motion:/home/sunrise/xgo_demo/install/xgo_head:/home/sunrise/xgo_demo/install/xgo_device:/home/sunrise/xgo_demo/install/xgo_gesture_control:/home/sunrise/xgo_demo/install/xgo_face_control:/home/sunrise/xgo_demo/install/xgo_body_tracker:/opt/tros/humble:/opt/ros/humble /usr/bin/cmake --build /home/sunrise/xgo_demo/build/xgo_motion -- -j4 -l4
[58.714s] DEBUG:colcon.colcon_core.event_handler.log_command:Invoked command in '/home/sunrise/xgo_demo/build/xgo_motion' returned '0': CMAKE_PREFIX_PATH=/home/sunrise/xgo_demo/install/xgoscreen:/home/sunrise/xgo_demo/install/xgolib:/home/sunrise/xgo_demo/install/xgo_voice_control:/home/sunrise/xgo_demo/install/xgo_motion:/home/sunrise/xgo_demo/install/xgo_head:/home/sunrise/xgo_demo/install/xgo_device:/home/sunrise/xgo_demo/install/xgo_gesture_control:/home/sunrise/xgo_demo/install/xgo_face_control:/home/sunrise/xgo_demo/install/xgo_body_tracker:/opt/tros/humble:/opt/ros/humble /usr/bin/cmake --build /home/sunrise/xgo_demo/build/xgo_motion -- -j4 -l4
[58.722s] DEBUG:colcon.colcon_core.event_handler.log_command:Invoking command in '/home/sunrise/xgo_demo/build/xgo_motion': CMAKE_PREFIX_PATH=/home/sunrise/xgo_demo/install/xgoscreen:/home/sunrise/xgo_demo/install/xgolib:/home/sunrise/xgo_demo/install/xgo_voice_control:/home/sunrise/xgo_demo/install/xgo_motion:/home/sunrise/xgo_demo/install/xgo_head:/home/sunrise/xgo_demo/install/xgo_device:/home/sunrise/xgo_demo/install/xgo_gesture_control:/home/sunrise/xgo_demo/install/xgo_face_control:/home/sunrise/xgo_demo/install/xgo_body_tracker:/opt/tros/humble:/opt/ros/humble /usr/bin/cmake --install /home/sunrise/xgo_demo/build/xgo_motion
[60.405s] Level 1:colcon.colcon_core.environment:create_environment_scripts_only(xgo_motion)
[60.407s] Level 1:colcon.colcon_core.environment:checking '/home/sunrise/xgo_demo/install/xgo_motion' for CMake module files
[60.409s] DEBUG:colcon.colcon_core.event_handler.log_command:Invoked command in '/home/sunrise/xgo_demo/build/xgo_motion' returned '0': CMAKE_PREFIX_PATH=/home/sunrise/xgo_demo/install/xgoscreen:/home/sunrise/xgo_demo/install/xgolib:/home/sunrise/xgo_demo/install/xgo_voice_control:/home/sunrise/xgo_demo/install/xgo_motion:/home/sunrise/xgo_demo/install/xgo_head:/home/sunrise/xgo_demo/install/xgo_device:/home/sunrise/xgo_demo/install/xgo_gesture_control:/home/sunrise/xgo_demo/install/xgo_face_control:/home/sunrise/xgo_demo/install/xgo_body_tracker:/opt/tros/humble:/opt/ros/humble /usr/bin/cmake --install /home/sunrise/xgo_demo/build/xgo_motion
[60.412s] Level 1:colcon.colcon_core.environment:checking '/home/sunrise/xgo_demo/install/xgo_motion' for CMake config files
[60.413s] Level 1:colcon.colcon_core.shell:create_environment_hook('xgo_motion', 'cmake_prefix_path')
[60.415s] INFO:colcon.colcon_core.shell:Creating environment hook '/home/sunrise/xgo_demo/install/xgo_motion/share/xgo_motion/hook/cmake_prefix_path.ps1'
[60.417s] INFO:colcon.colcon_core.shell:Creating environment descriptor '/home/sunrise/xgo_demo/install/xgo_motion/share/xgo_motion/hook/cmake_prefix_path.dsv'
[60.420s] INFO:colcon.colcon_core.shell:Creating environment hook '/home/sunrise/xgo_demo/install/xgo_motion/share/xgo_motion/hook/cmake_prefix_path.sh'
[60.423s] Level 1:colcon.colcon_core.environment:checking '/home/sunrise/xgo_demo/install/xgo_motion/lib'
[60.424s] Level 1:colcon.colcon_core.environment:checking '/home/sunrise/xgo_demo/install/xgo_motion/bin'
[60.424s] Level 1:colcon.colcon_core.environment:checking '/home/sunrise/xgo_demo/install/xgo_motion/lib/pkgconfig/xgo_motion.pc'
[60.426s] Level 1:colcon.colcon_core.environment:checking '/home/sunrise/xgo_demo/install/xgo_motion/lib/python3.10/site-packages'
[60.427s] Level 1:colcon.colcon_core.environment:checking '/home/sunrise/xgo_demo/install/xgo_motion/bin'
[60.429s] INFO:colcon.colcon_core.shell:Creating package script '/home/sunrise/xgo_demo/install/xgo_motion/share/xgo_motion/package.ps1'
[60.432s] INFO:colcon.colcon_core.shell:Creating package descriptor '/home/sunrise/xgo_demo/install/xgo_motion/share/xgo_motion/package.dsv'
[60.435s] INFO:colcon.colcon_core.shell:Creating package script '/home/sunrise/xgo_demo/install/xgo_motion/share/xgo_motion/package.sh'
[60.437s] INFO:colcon.colcon_core.shell:Creating package script '/home/sunrise/xgo_demo/install/xgo_motion/share/xgo_motion/package.bash'
[60.440s] INFO:colcon.colcon_core.shell:Creating package script '/home/sunrise/xgo_demo/install/xgo_motion/share/xgo_motion/package.zsh'
[60.442s] Level 1:colcon.colcon_core.environment:create_file_with_runtime_dependencies(/home/sunrise/xgo_demo/install/xgo_motion/share/colcon-core/packages/xgo_motion)
[60.446s] Level 1:colcon.colcon_core.environment:create_environment_scripts_only(xgo_motion)
[60.447s] Level 1:colcon.colcon_core.environment:checking '/home/sunrise/xgo_demo/install/xgo_motion' for CMake module files
[60.450s] Level 1:colcon.colcon_core.environment:checking '/home/sunrise/xgo_demo/install/xgo_motion' for CMake config files
[60.452s] Level 1:colcon.colcon_core.shell:create_environment_hook('xgo_motion', 'cmake_prefix_path')
[60.453s] INFO:colcon.colcon_core.shell:Creating environment hook '/home/sunrise/xgo_demo/install/xgo_motion/share/xgo_motion/hook/cmake_prefix_path.ps1'
[60.456s] INFO:colcon.colcon_core.shell:Creating environment descriptor '/home/sunrise/xgo_demo/install/xgo_motion/share/xgo_motion/hook/cmake_prefix_path.dsv'
[60.458s] INFO:colcon.colcon_core.shell:Creating environment hook '/home/sunrise/xgo_demo/install/xgo_motion/share/xgo_motion/hook/cmake_prefix_path.sh'
[60.462s] Level 1:colcon.colcon_core.environment:checking '/home/sunrise/xgo_demo/install/xgo_motion/lib'
[60.463s] Level 1:colcon.colcon_core.environment:checking '/home/sunrise/xgo_demo/install/xgo_motion/bin'
[60.464s] Level 1:colcon.colcon_core.environment:checking '/home/sunrise/xgo_demo/install/xgo_motion/lib/pkgconfig/xgo_motion.pc'
[60.465s] Level 1:colcon.colcon_core.environment:checking '/home/sunrise/xgo_demo/install/xgo_motion/lib/python3.10/site-packages'
[60.467s] Level 1:colcon.colcon_core.environment:checking '/home/sunrise/xgo_demo/install/xgo_motion/bin'
[60.469s] INFO:colcon.colcon_core.shell:Creating package script '/home/sunrise/xgo_demo/install/xgo_motion/share/xgo_motion/package.ps1'
[60.472s] INFO:colcon.colcon_core.shell:Creating package descriptor '/home/sunrise/xgo_demo/install/xgo_motion/share/xgo_motion/package.dsv'
[60.475s] INFO:colcon.colcon_core.shell:Creating package script '/home/sunrise/xgo_demo/install/xgo_motion/share/xgo_motion/package.sh'
[60.478s] INFO:colcon.colcon_core.shell:Creating package script '/home/sunrise/xgo_demo/install/xgo_motion/share/xgo_motion/package.bash'
[60.481s] INFO:colcon.colcon_core.shell:Creating package script '/home/sunrise/xgo_demo/install/xgo_motion/share/xgo_motion/package.zsh'
[60.484s] Level 1:colcon.colcon_core.environment:create_file_with_runtime_dependencies(/home/sunrise/xgo_demo/install/xgo_motion/share/colcon-core/packages/xgo_motion)
[60.485s] INFO:colcon.colcon_ros.task.ament_cmake.build:Building ROS package in '/home/sunrise/xgo_demo/src/xgo_voice_control' with build type 'ament_cmake'
[60.486s] INFO:colcon.colcon_cmake.task.cmake.build:Building CMake package in '/home/sunrise/xgo_demo/src/xgo_voice_control'
[60.488s] INFO:colcon.colcon_core.shell:Skip shell extension 'powershell' for command environment: Not usable outside of PowerShell
[60.489s] DEBUG:colcon.colcon_core.shell:Skip shell extension 'dsv' for command environment
[60.541s] DEBUG:colcon.colcon_core.event_handler.log_command:Invoking command in '/home/sunrise/xgo_demo/build/xgo_voice_control': CMAKE_PREFIX_PATH=/home/sunrise/xgo_demo/install/xgoscreen:/home/sunrise/xgo_demo/install/xgolib:/home/sunrise/xgo_demo/install/xgo_voice_control:/home/sunrise/xgo_demo/install/xgo_motion:/home/sunrise/xgo_demo/install/xgo_head:/home/sunrise/xgo_demo/install/xgo_device:/home/sunrise/xgo_demo/install/xgo_gesture_control:/home/sunrise/xgo_demo/install/xgo_face_control:/home/sunrise/xgo_demo/install/xgo_body_tracker:/opt/tros/humble:/opt/ros/humble /usr/bin/cmake --build /home/sunrise/xgo_demo/build/xgo_voice_control -- -j4 -l4
[60.795s] DEBUG:colcon.colcon_core.event_handler.log_command:Invoked command in '/home/sunrise/xgo_demo/build/xgo_voice_control' returned '0': CMAKE_PREFIX_PATH=/home/sunrise/xgo_demo/install/xgoscreen:/home/sunrise/xgo_demo/install/xgolib:/home/sunrise/xgo_demo/install/xgo_voice_control:/home/sunrise/xgo_demo/install/xgo_motion:/home/sunrise/xgo_demo/install/xgo_head:/home/sunrise/xgo_demo/install/xgo_device:/home/sunrise/xgo_demo/install/xgo_gesture_control:/home/sunrise/xgo_demo/install/xgo_face_control:/home/sunrise/xgo_demo/install/xgo_body_tracker:/opt/tros/humble:/opt/ros/humble /usr/bin/cmake --build /home/sunrise/xgo_demo/build/xgo_voice_control -- -j4 -l4
[60.803s] DEBUG:colcon.colcon_core.event_handler.log_command:Invoking command in '/home/sunrise/xgo_demo/build/xgo_voice_control': CMAKE_PREFIX_PATH=/home/sunrise/xgo_demo/install/xgoscreen:/home/sunrise/xgo_demo/install/xgolib:/home/sunrise/xgo_demo/install/xgo_voice_control:/home/sunrise/xgo_demo/install/xgo_motion:/home/sunrise/xgo_demo/install/xgo_head:/home/sunrise/xgo_demo/install/xgo_device:/home/sunrise/xgo_demo/install/xgo_gesture_control:/home/sunrise/xgo_demo/install/xgo_face_control:/home/sunrise/xgo_demo/install/xgo_body_tracker:/opt/tros/humble:/opt/ros/humble /usr/bin/cmake --install /home/sunrise/xgo_demo/build/xgo_voice_control
[60.848s] Level 1:colcon.colcon_core.environment:create_environment_scripts_only(xgo_voice_control)
[60.850s] Level 1:colcon.colcon_core.environment:checking '/home/sunrise/xgo_demo/install/xgo_voice_control' for CMake module files
[60.854s] DEBUG:colcon.colcon_core.event_handler.log_command:Invoked command in '/home/sunrise/xgo_demo/build/xgo_voice_control' returned '0': CMAKE_PREFIX_PATH=/home/sunrise/xgo_demo/install/xgoscreen:/home/sunrise/xgo_demo/install/xgolib:/home/sunrise/xgo_demo/install/xgo_voice_control:/home/sunrise/xgo_demo/install/xgo_motion:/home/sunrise/xgo_demo/install/xgo_head:/home/sunrise/xgo_demo/install/xgo_device:/home/sunrise/xgo_demo/install/xgo_gesture_control:/home/sunrise/xgo_demo/install/xgo_face_control:/home/sunrise/xgo_demo/install/xgo_body_tracker:/opt/tros/humble:/opt/ros/humble /usr/bin/cmake --install /home/sunrise/xgo_demo/build/xgo_voice_control
[60.856s] Level 1:colcon.colcon_core.environment:checking '/home/sunrise/xgo_demo/install/xgo_voice_control' for CMake config files
[60.856s] Level 1:colcon.colcon_core.shell:create_environment_hook('xgo_voice_control', 'cmake_prefix_path')
[60.858s] INFO:colcon.colcon_core.shell:Creating environment hook '/home/sunrise/xgo_demo/install/xgo_voice_control/share/xgo_voice_control/hook/cmake_prefix_path.ps1'
[60.861s] INFO:colcon.colcon_core.shell:Creating environment descriptor '/home/sunrise/xgo_demo/install/xgo_voice_control/share/xgo_voice_control/hook/cmake_prefix_path.dsv'
[60.865s] INFO:colcon.colcon_core.shell:Creating environment hook '/home/sunrise/xgo_demo/install/xgo_voice_control/share/xgo_voice_control/hook/cmake_prefix_path.sh'
[60.869s] Level 1:colcon.colcon_core.environment:checking '/home/sunrise/xgo_demo/install/xgo_voice_control/lib'
[60.870s] Level 1:colcon.colcon_core.environment:checking '/home/sunrise/xgo_demo/install/xgo_voice_control/bin'
[60.870s] Level 1:colcon.colcon_core.environment:checking '/home/sunrise/xgo_demo/install/xgo_voice_control/lib/pkgconfig/xgo_voice_control.pc'
[60.872s] Level 1:colcon.colcon_core.environment:checking '/home/sunrise/xgo_demo/install/xgo_voice_control/lib/python3.10/site-packages'
[60.874s] Level 1:colcon.colcon_core.environment:checking '/home/sunrise/xgo_demo/install/xgo_voice_control/bin'
[60.876s] INFO:colcon.colcon_core.shell:Creating package script '/home/sunrise/xgo_demo/install/xgo_voice_control/share/xgo_voice_control/package.ps1'
[60.878s] INFO:colcon.colcon_core.shell:Creating package descriptor '/home/sunrise/xgo_demo/install/xgo_voice_control/share/xgo_voice_control/package.dsv'
[60.881s] INFO:colcon.colcon_core.shell:Creating package script '/home/sunrise/xgo_demo/install/xgo_voice_control/share/xgo_voice_control/package.sh'
[60.885s] INFO:colcon.colcon_core.shell:Creating package script '/home/sunrise/xgo_demo/install/xgo_voice_control/share/xgo_voice_control/package.bash'
[60.888s] INFO:colcon.colcon_core.shell:Creating package script '/home/sunrise/xgo_demo/install/xgo_voice_control/share/xgo_voice_control/package.zsh'
[60.890s] Level 1:colcon.colcon_core.environment:create_file_with_runtime_dependencies(/home/sunrise/xgo_demo/install/xgo_voice_control/share/colcon-core/packages/xgo_voice_control)
[60.895s] Level 1:colcon.colcon_core.environment:create_environment_scripts_only(xgo_voice_control)
[60.896s] Level 1:colcon.colcon_core.environment:checking '/home/sunrise/xgo_demo/install/xgo_voice_control' for CMake module files
[60.899s] Level 1:colcon.colcon_core.environment:checking '/home/sunrise/xgo_demo/install/xgo_voice_control' for CMake config files
[60.900s] Level 1:colcon.colcon_core.shell:create_environment_hook('xgo_voice_control', 'cmake_prefix_path')
[60.902s] INFO:colcon.colcon_core.shell:Creating environment hook '/home/sunrise/xgo_demo/install/xgo_voice_control/share/xgo_voice_control/hook/cmake_prefix_path.ps1'
[60.904s] INFO:colcon.colcon_core.shell:Creating environment descriptor '/home/sunrise/xgo_demo/install/xgo_voice_control/share/xgo_voice_control/hook/cmake_prefix_path.dsv'
[60.907s] INFO:colcon.colcon_core.shell:Creating environment hook '/home/sunrise/xgo_demo/install/xgo_voice_control/share/xgo_voice_control/hook/cmake_prefix_path.sh'
[60.911s] Level 1:colcon.colcon_core.environment:checking '/home/sunrise/xgo_demo/install/xgo_voice_control/lib'
[60.911s] Level 1:colcon.colcon_core.environment:checking '/home/sunrise/xgo_demo/install/xgo_voice_control/bin'
[60.912s] Level 1:colcon.colcon_core.environment:checking '/home/sunrise/xgo_demo/install/xgo_voice_control/lib/pkgconfig/xgo_voice_control.pc'
[60.913s] Level 1:colcon.colcon_core.environment:checking '/home/sunrise/xgo_demo/install/xgo_voice_control/lib/python3.10/site-packages'
[60.915s] Level 1:colcon.colcon_core.environment:checking '/home/sunrise/xgo_demo/install/xgo_voice_control/bin'
[60.917s] INFO:colcon.colcon_core.shell:Creating package script '/home/sunrise/xgo_demo/install/xgo_voice_control/share/xgo_voice_control/package.ps1'
[60.920s] INFO:colcon.colcon_core.shell:Creating package descriptor '/home/sunrise/xgo_demo/install/xgo_voice_control/share/xgo_voice_control/package.dsv'
[60.924s] INFO:colcon.colcon_core.shell:Creating package script '/home/sunrise/xgo_demo/install/xgo_voice_control/share/xgo_voice_control/package.sh'
[60.927s] INFO:colcon.colcon_core.shell:Creating package script '/home/sunrise/xgo_demo/install/xgo_voice_control/share/xgo_voice_control/package.bash'
[60.930s] INFO:colcon.colcon_core.shell:Creating package script '/home/sunrise/xgo_demo/install/xgo_voice_control/share/xgo_voice_control/package.zsh'
[60.933s] Level 1:colcon.colcon_core.environment:create_file_with_runtime_dependencies(/home/sunrise/xgo_demo/install/xgo_voice_control/share/colcon-core/packages/xgo_voice_control)
[60.936s] DEBUG:colcon.colcon_parallel_executor.executor.parallel:closing loop
[60.937s] DEBUG:colcon.colcon_parallel_executor.executor.parallel:loop closed
[60.938s] DEBUG:colcon.colcon_parallel_executor.executor.parallel:run_until_complete finished with '0'
[60.938s] DEBUG:colcon.colcon_core.event_reactor:joining thread
[60.985s] INFO:colcon.colcon_core.plugin_system:Skipping extension 'colcon_notification.desktop_notification.notify_send': Could not find 'notify-send'
[60.986s] INFO:colcon.colcon_core.plugin_system:Skipping extension 'colcon_notification.desktop_notification.terminal_notifier': Not used on non-Darwin systems
[60.986s] INFO:colcon.colcon_core.plugin_system:Skipping extension 'colcon_notification.desktop_notification.win32': Not used on non-Windows systems
[60.987s] INFO:colcon.colcon_notification.desktop_notification:Sending desktop notification using 'notify2'
[61.005s] DEBUG:colcon.colcon_core.event_reactor:joined thread
[61.007s] INFO:colcon.colcon_core.shell:Creating prefix script '/home/sunrise/xgo_demo/install/local_setup.ps1'
[61.016s] INFO:colcon.colcon_core.shell:Creating prefix util module '/home/sunrise/xgo_demo/install/_local_setup_util_ps1.py'
[61.029s] INFO:colcon.colcon_core.shell:Creating prefix chain script '/home/sunrise/xgo_demo/install/setup.ps1'
[61.038s] INFO:colcon.colcon_core.shell:Creating prefix script '/home/sunrise/xgo_demo/install/local_setup.sh'
[61.046s] INFO:colcon.colcon_core.shell:Creating prefix util module '/home/sunrise/xgo_demo/install/_local_setup_util_sh.py'
[61.050s] INFO:colcon.colcon_core.shell:Creating prefix chain script '/home/sunrise/xgo_demo/install/setup.sh'
[61.059s] INFO:colcon.colcon_core.shell:Creating prefix script '/home/sunrise/xgo_demo/install/local_setup.bash'
[61.064s] INFO:colcon.colcon_core.shell:Creating prefix chain script '/home/sunrise/xgo_demo/install/setup.bash'
[61.073s] INFO:colcon.colcon_core.shell:Creating prefix script '/home/sunrise/xgo_demo/install/local_setup.zsh'
[61.078s] INFO:colcon.colcon_core.shell:Creating prefix chain script '/home/sunrise/xgo_demo/install/setup.zsh'
