[0.062s] Invoking command in '/home/sunrise/xgo_demo/build/xgo_motion': CMAKE_PREFIX_PATH=/home/sunrise/xgo_demo/install/xgoscreen:/home/sunrise/xgo_demo/install/xgolib:/home/sunrise/xgo_demo/install/xgo_voice_control:/home/sunrise/xgo_demo/install/xgo_motion:/home/sunrise/xgo_demo/install/xgo_head:/home/sunrise/xgo_demo/install/xgo_device:/home/sunrise/xgo_demo/install/xgo_gesture_control:/home/sunrise/xgo_demo/install/xgo_face_control:/home/sunrise/xgo_demo/install/xgo_body_tracker:/opt/tros/humble:/opt/ros/humble /usr/bin/cmake --build /home/sunrise/xgo_demo/build/xgo_motion -- -j4 -l4
[0.292s] [100%] Built target dog_show_combined
[0.331s] Invoked command in '/home/sunrise/xgo_demo/build/xgo_motion' returned '0': CMAKE_PREFIX_PATH=/home/sunrise/xgo_demo/install/xgoscreen:/home/sunrise/xgo_demo/install/xgolib:/home/sunrise/xgo_demo/install/xgo_voice_control:/home/sunrise/xgo_demo/install/xgo_motion:/home/sunrise/xgo_demo/install/xgo_head:/home/sunrise/xgo_demo/install/xgo_device:/home/sunrise/xgo_demo/install/xgo_gesture_control:/home/sunrise/xgo_demo/install/xgo_face_control:/home/sunrise/xgo_demo/install/xgo_body_tracker:/opt/tros/humble:/opt/ros/humble /usr/bin/cmake --build /home/sunrise/xgo_demo/build/xgo_motion -- -j4 -l4
[0.338s] Invoking command in '/home/sunrise/xgo_demo/build/xgo_motion': CMAKE_PREFIX_PATH=/home/sunrise/xgo_demo/install/xgoscreen:/home/sunrise/xgo_demo/install/xgolib:/home/sunrise/xgo_demo/install/xgo_voice_control:/home/sunrise/xgo_demo/install/xgo_motion:/home/sunrise/xgo_demo/install/xgo_head:/home/sunrise/xgo_demo/install/xgo_device:/home/sunrise/xgo_demo/install/xgo_gesture_control:/home/sunrise/xgo_demo/install/xgo_face_control:/home/sunrise/xgo_demo/install/xgo_body_tracker:/opt/tros/humble:/opt/ros/humble /usr/bin/cmake --install /home/sunrise/xgo_demo/build/xgo_motion
[0.364s] -- Install configuration: ""
[0.367s] -- Execute custom install script
[0.369s] -- Up-to-date symlink: /home/sunrise/xgo_demo/install/xgo_motion/lib/xgo_motion/dog_show_combined
[0.431s] -- Up-to-date symlink: /home/sunrise/xgo_demo/install/xgo_motion/share/xgo_motion/expression/Shakehead/1.png
[0.432s] -- Up-to-date symlink: /home/sunrise/xgo_demo/install/xgo_motion/share/xgo_motion/expression/Shakehead/2.png
[0.434s] -- Up-to-date symlink: /home/sunrise/xgo_demo/install/xgo_motion/share/xgo_motion/expression/Shakehead/3.png
[0.435s] -- Up-to-date symlink: /home/sunrise/xgo_demo/install/xgo_motion/share/xgo_motion/expression/Shakehead/4.png
[0.436s] -- Up-to-date symlink: /home/sunrise/xgo_demo/install/xgo_motion/share/xgo_motion/expression/Shakehead/5.png
[0.437s] -- Up-to-date symlink: /home/sunrise/xgo_demo/install/xgo_motion/share/xgo_motion/expression/Shakehead/6.png
[0.439s] -- Up-to-date symlink: /home/sunrise/xgo_demo/install/xgo_motion/share/xgo_motion/expression/Shakehead/7.png
[0.440s] -- Up-to-date symlink: /home/sunrise/xgo_demo/install/xgo_motion/share/xgo_motion/expression/Stun/1.png
[0.441s] -- Up-to-date symlink: /home/sunrise/xgo_demo/install/xgo_motion/share/xgo_motion/expression/Stun/2.png
[0.442s] -- Up-to-date symlink: /home/sunrise/xgo_demo/install/xgo_motion/share/xgo_motion/expression/Stun/3.png
[0.443s] -- Up-to-date symlink: /home/sunrise/xgo_demo/install/xgo_motion/share/xgo_motion/expression/Stun/4.png
[0.444s] -- Up-to-date symlink: /home/sunrise/xgo_demo/install/xgo_motion/share/xgo_motion/expression/Stun/5.png
[0.445s] -- Up-to-date symlink: /home/sunrise/xgo_demo/install/xgo_motion/share/xgo_motion/expression/Stun/6.png
[0.447s] -- Up-to-date symlink: /home/sunrise/xgo_demo/install/xgo_motion/share/xgo_motion/expression/Stun/7.png
[0.448s] -- Up-to-date symlink: /home/sunrise/xgo_demo/install/xgo_motion/share/xgo_motion/expression/Stun/8.png
[0.449s] -- Up-to-date symlink: /home/sunrise/xgo_demo/install/xgo_motion/share/xgo_motion/expression/Stun_r/1.png
[0.450s] -- Up-to-date symlink: /home/sunrise/xgo_demo/install/xgo_motion/share/xgo_motion/expression/Stun_r/10.png
[0.451s] -- Up-to-date symlink: /home/sunrise/xgo_demo/install/xgo_motion/share/xgo_motion/expression/Stun_r/11.png
[0.452s] -- Up-to-date symlink: /home/sunrise/xgo_demo/install/xgo_motion/share/xgo_motion/expression/Stun_r/12.png
[0.453s] -- Up-to-date symlink: /home/sunrise/xgo_demo/install/xgo_motion/share/xgo_motion/expression/Stun_r/2.png
[0.455s] -- Up-to-date symlink: /home/sunrise/xgo_demo/install/xgo_motion/share/xgo_motion/expression/Stun_r/3.png
[0.456s] -- Up-to-date symlink: /home/sunrise/xgo_demo/install/xgo_motion/share/xgo_motion/expression/Stun_r/4.png
[0.457s] -- Up-to-date symlink: /home/sunrise/xgo_demo/install/xgo_motion/share/xgo_motion/expression/Stun_r/5.png
[0.458s] -- Up-to-date symlink: /home/sunrise/xgo_demo/install/xgo_motion/share/xgo_motion/expression/Stun_r/6.png
[0.459s] -- Up-to-date symlink: /home/sunrise/xgo_demo/install/xgo_motion/share/xgo_motion/expression/Stun_r/7.png
[0.460s] -- Up-to-date symlink: /home/sunrise/xgo_demo/install/xgo_motion/share/xgo_motion/expression/Stun_r/8.png
[0.461s] -- Up-to-date symlink: /home/sunrise/xgo_demo/install/xgo_motion/share/xgo_motion/expression/Stun_r/9.png
[0.463s] -- Up-to-date symlink: /home/sunrise/xgo_demo/install/xgo_motion/share/xgo_motion/expression/angry/1.png
[0.464s] -- Up-to-date symlink: /home/sunrise/xgo_demo/install/xgo_motion/share/xgo_motion/expression/angry/10.png
[0.465s] -- Up-to-date symlink: /home/sunrise/xgo_demo/install/xgo_motion/share/xgo_motion/expression/angry/11.png
[0.466s] -- Up-to-date symlink: /home/sunrise/xgo_demo/install/xgo_motion/share/xgo_motion/expression/angry/12.png
[0.467s] -- Up-to-date symlink: /home/sunrise/xgo_demo/install/xgo_motion/share/xgo_motion/expression/angry/13.png
[0.468s] -- Up-to-date symlink: /home/sunrise/xgo_demo/install/xgo_motion/share/xgo_motion/expression/angry/2.png
[0.470s] -- Up-to-date symlink: /home/sunrise/xgo_demo/install/xgo_motion/share/xgo_motion/expression/angry/3.png
[0.471s] -- Up-to-date symlink: /home/sunrise/xgo_demo/install/xgo_motion/share/xgo_motion/expression/angry/4.png
[0.472s] -- Up-to-date symlink: /home/sunrise/xgo_demo/install/xgo_motion/share/xgo_motion/expression/angry/5.png
[0.473s] -- Up-to-date symlink: /home/sunrise/xgo_demo/install/xgo_motion/share/xgo_motion/expression/angry/6.png
[0.474s] -- Up-to-date symlink: /home/sunrise/xgo_demo/install/xgo_motion/share/xgo_motion/expression/angry/7.png
[0.476s] -- Up-to-date symlink: /home/sunrise/xgo_demo/install/xgo_motion/share/xgo_motion/expression/angry/8.png
[0.477s] -- Up-to-date symlink: /home/sunrise/xgo_demo/install/xgo_motion/share/xgo_motion/expression/angry/9.png
[0.478s] -- Up-to-date symlink: /home/sunrise/xgo_demo/install/xgo_motion/share/xgo_motion/expression/angry_r/1.png
[0.479s] -- Up-to-date symlink: /home/sunrise/xgo_demo/install/xgo_motion/share/xgo_motion/expression/angry_r/10.png
[0.480s] -- Up-to-date symlink: /home/sunrise/xgo_demo/install/xgo_motion/share/xgo_motion/expression/angry_r/11.png
[0.481s] -- Up-to-date symlink: /home/sunrise/xgo_demo/install/xgo_motion/share/xgo_motion/expression/angry_r/12.png
[0.483s] -- Up-to-date symlink: /home/sunrise/xgo_demo/install/xgo_motion/share/xgo_motion/expression/angry_r/2.png
[0.484s] -- Up-to-date symlink: /home/sunrise/xgo_demo/install/xgo_motion/share/xgo_motion/expression/angry_r/3.png
[0.485s] -- Up-to-date symlink: /home/sunrise/xgo_demo/install/xgo_motion/share/xgo_motion/expression/angry_r/4.png
[0.486s] -- Up-to-date symlink: /home/sunrise/xgo_demo/install/xgo_motion/share/xgo_motion/expression/angry_r/5.png
[0.487s] -- Up-to-date symlink: /home/sunrise/xgo_demo/install/xgo_motion/share/xgo_motion/expression/angry_r/6.png
[0.488s] -- Up-to-date symlink: /home/sunrise/xgo_demo/install/xgo_motion/share/xgo_motion/expression/angry_r/7.png
[0.489s] -- Up-to-date symlink: /home/sunrise/xgo_demo/install/xgo_motion/share/xgo_motion/expression/angry_r/8.png
[0.491s] -- Up-to-date symlink: /home/sunrise/xgo_demo/install/xgo_motion/share/xgo_motion/expression/angry_r/9.png
[0.492s] -- Up-to-date symlink: /home/sunrise/xgo_demo/install/xgo_motion/share/xgo_motion/expression/awkwardness/1.png
[0.493s] -- Up-to-date symlink: /home/sunrise/xgo_demo/install/xgo_motion/share/xgo_motion/expression/awkwardness/10.png
[0.494s] -- Up-to-date symlink: /home/sunrise/xgo_demo/install/xgo_motion/share/xgo_motion/expression/awkwardness/11.png
[0.495s] -- Up-to-date symlink: /home/sunrise/xgo_demo/install/xgo_motion/share/xgo_motion/expression/awkwardness/2.png
[0.496s] -- Up-to-date symlink: /home/sunrise/xgo_demo/install/xgo_motion/share/xgo_motion/expression/awkwardness/3.png
[0.498s] -- Up-to-date symlink: /home/sunrise/xgo_demo/install/xgo_motion/share/xgo_motion/expression/awkwardness/4.png
[0.499s] -- Up-to-date symlink: /home/sunrise/xgo_demo/install/xgo_motion/share/xgo_motion/expression/awkwardness/5.png
[0.500s] -- Up-to-date symlink: /home/sunrise/xgo_demo/install/xgo_motion/share/xgo_motion/expression/awkwardness/6.png
[0.501s] -- Up-to-date symlink: /home/sunrise/xgo_demo/install/xgo_motion/share/xgo_motion/expression/awkwardness/7.png
[0.502s] -- Up-to-date symlink: /home/sunrise/xgo_demo/install/xgo_motion/share/xgo_motion/expression/awkwardness/8.png
[0.503s] -- Up-to-date symlink: /home/sunrise/xgo_demo/install/xgo_motion/share/xgo_motion/expression/awkwardness/9.png
[0.504s] -- Up-to-date symlink: /home/sunrise/xgo_demo/install/xgo_motion/share/xgo_motion/expression/awkwardness_r/1.png
[0.506s] -- Up-to-date symlink: /home/sunrise/xgo_demo/install/xgo_motion/share/xgo_motion/expression/awkwardness_r/10.png
[0.507s] -- Up-to-date symlink: /home/sunrise/xgo_demo/install/xgo_motion/share/xgo_motion/expression/awkwardness_r/11.png
[0.508s] -- Up-to-date symlink: /home/sunrise/xgo_demo/install/xgo_motion/share/xgo_motion/expression/awkwardness_r/12.png
[0.509s] -- Up-to-date symlink: /home/sunrise/xgo_demo/install/xgo_motion/share/xgo_motion/expression/awkwardness_r/2.png
[0.510s] -- Up-to-date symlink: /home/sunrise/xgo_demo/install/xgo_motion/share/xgo_motion/expression/awkwardness_r/3.png
[0.512s] -- Up-to-date symlink: /home/sunrise/xgo_demo/install/xgo_motion/share/xgo_motion/expression/awkwardness_r/4.png
[0.513s] -- Up-to-date symlink: /home/sunrise/xgo_demo/install/xgo_motion/share/xgo_motion/expression/awkwardness_r/5.png
[0.514s] -- Up-to-date symlink: /home/sunrise/xgo_demo/install/xgo_motion/share/xgo_motion/expression/awkwardness_r/6.png
[0.515s] -- Up-to-date symlink: /home/sunrise/xgo_demo/install/xgo_motion/share/xgo_motion/expression/awkwardness_r/7.png
[0.516s] -- Up-to-date symlink: /home/sunrise/xgo_demo/install/xgo_motion/share/xgo_motion/expression/awkwardness_r/8.png
[0.517s] -- Up-to-date symlink: /home/sunrise/xgo_demo/install/xgo_motion/share/xgo_motion/expression/awkwardness_r/9.png
[0.519s] -- Up-to-date symlink: /home/sunrise/xgo_demo/install/xgo_motion/share/xgo_motion/expression/boring/1.png
[0.520s] -- Up-to-date symlink: /home/sunrise/xgo_demo/install/xgo_motion/share/xgo_motion/expression/boring/10.png
[0.521s] -- Up-to-date symlink: /home/sunrise/xgo_demo/install/xgo_motion/share/xgo_motion/expression/boring/11.png
[0.522s] -- Up-to-date symlink: /home/sunrise/xgo_demo/install/xgo_motion/share/xgo_motion/expression/boring/12.png
[0.523s] -- Up-to-date symlink: /home/sunrise/xgo_demo/install/xgo_motion/share/xgo_motion/expression/boring/13.png
[0.524s] -- Up-to-date symlink: /home/sunrise/xgo_demo/install/xgo_motion/share/xgo_motion/expression/boring/14.png
[0.525s] -- Up-to-date symlink: /home/sunrise/xgo_demo/install/xgo_motion/share/xgo_motion/expression/boring/2.png
[0.527s] -- Up-to-date symlink: /home/sunrise/xgo_demo/install/xgo_motion/share/xgo_motion/expression/boring/3.png
[0.528s] -- Up-to-date symlink: /home/sunrise/xgo_demo/install/xgo_motion/share/xgo_motion/expression/boring/4.png
[0.529s] -- Up-to-date symlink: /home/sunrise/xgo_demo/install/xgo_motion/share/xgo_motion/expression/boring/5.png
[0.530s] -- Up-to-date symlink: /home/sunrise/xgo_demo/install/xgo_motion/share/xgo_motion/expression/boring/6.png
[0.531s] -- Up-to-date symlink: /home/sunrise/xgo_demo/install/xgo_motion/share/xgo_motion/expression/boring/7.png
[0.532s] -- Up-to-date symlink: /home/sunrise/xgo_demo/install/xgo_motion/share/xgo_motion/expression/boring/8.png
[0.534s] -- Up-to-date symlink: /home/sunrise/xgo_demo/install/xgo_motion/share/xgo_motion/expression/boring/9.png
[0.535s] -- Up-to-date symlink: /home/sunrise/xgo_demo/install/xgo_motion/share/xgo_motion/expression/cute_r/1.png
[0.536s] -- Up-to-date symlink: /home/sunrise/xgo_demo/install/xgo_motion/share/xgo_motion/expression/cute_r/2.png
[0.537s] -- Up-to-date symlink: /home/sunrise/xgo_demo/install/xgo_motion/share/xgo_motion/expression/cute_r/3.png
[0.538s] -- Up-to-date symlink: /home/sunrise/xgo_demo/install/xgo_motion/share/xgo_motion/expression/cute_r/4.png
[0.539s] -- Up-to-date symlink: /home/sunrise/xgo_demo/install/xgo_motion/share/xgo_motion/expression/cute_r/5.png
[0.540s] -- Up-to-date symlink: /home/sunrise/xgo_demo/install/xgo_motion/share/xgo_motion/expression/cute_r/6.png
[0.542s] -- Up-to-date symlink: /home/sunrise/xgo_demo/install/xgo_motion/share/xgo_motion/expression/cute_r/7.png
[0.543s] -- Up-to-date symlink: /home/sunrise/xgo_demo/install/xgo_motion/share/xgo_motion/expression/cute_r/8.png
[0.544s] -- Up-to-date symlink: /home/sunrise/xgo_demo/install/xgo_motion/share/xgo_motion/expression/drool/1.png
[0.545s] -- Up-to-date symlink: /home/sunrise/xgo_demo/install/xgo_motion/share/xgo_motion/expression/drool/2.png
[0.546s] -- Up-to-date symlink: /home/sunrise/xgo_demo/install/xgo_motion/share/xgo_motion/expression/drool/3.png
[0.547s] -- Up-to-date symlink: /home/sunrise/xgo_demo/install/xgo_motion/share/xgo_motion/expression/drool/4.png
[0.549s] -- Up-to-date symlink: /home/sunrise/xgo_demo/install/xgo_motion/share/xgo_motion/expression/drool/5.png
[0.550s] -- Up-to-date symlink: /home/sunrise/xgo_demo/install/xgo_motion/share/xgo_motion/expression/drool/6.png
[0.551s] -- Up-to-date symlink: /home/sunrise/xgo_demo/install/xgo_motion/share/xgo_motion/expression/drool/7.png
[0.552s] -- Up-to-date symlink: /home/sunrise/xgo_demo/install/xgo_motion/share/xgo_motion/expression/drool/8.png
[0.553s] -- Up-to-date symlink: /home/sunrise/xgo_demo/install/xgo_motion/share/xgo_motion/expression/eyes/1.png
[0.554s] -- Up-to-date symlink: /home/sunrise/xgo_demo/install/xgo_motion/share/xgo_motion/expression/eyes/10.png
[0.555s] -- Up-to-date symlink: /home/sunrise/xgo_demo/install/xgo_motion/share/xgo_motion/expression/eyes/11.png
[0.557s] -- Up-to-date symlink: /home/sunrise/xgo_demo/install/xgo_motion/share/xgo_motion/expression/eyes/12.png
[0.558s] -- Up-to-date symlink: /home/sunrise/xgo_demo/install/xgo_motion/share/xgo_motion/expression/eyes/13.png
[0.559s] -- Up-to-date symlink: /home/sunrise/xgo_demo/install/xgo_motion/share/xgo_motion/expression/eyes/14.png
[0.560s] -- Up-to-date symlink: /home/sunrise/xgo_demo/install/xgo_motion/share/xgo_motion/expression/eyes/15.png
[0.561s] -- Up-to-date symlink: /home/sunrise/xgo_demo/install/xgo_motion/share/xgo_motion/expression/eyes/2.png
[0.562s] -- Up-to-date symlink: /home/sunrise/xgo_demo/install/xgo_motion/share/xgo_motion/expression/eyes/3.png
[0.564s] -- Up-to-date symlink: /home/sunrise/xgo_demo/install/xgo_motion/share/xgo_motion/expression/eyes/4.png
[0.565s] -- Up-to-date symlink: /home/sunrise/xgo_demo/install/xgo_motion/share/xgo_motion/expression/eyes/5.png
[0.566s] -- Up-to-date symlink: /home/sunrise/xgo_demo/install/xgo_motion/share/xgo_motion/expression/eyes/6.png
[0.567s] -- Up-to-date symlink: /home/sunrise/xgo_demo/install/xgo_motion/share/xgo_motion/expression/eyes/7.png
[0.568s] -- Up-to-date symlink: /home/sunrise/xgo_demo/install/xgo_motion/share/xgo_motion/expression/eyes/8.png
[0.569s] -- Up-to-date symlink: /home/sunrise/xgo_demo/install/xgo_motion/share/xgo_motion/expression/eyes/9.png
[0.571s] -- Up-to-date symlink: /home/sunrise/xgo_demo/install/xgo_motion/share/xgo_motion/expression/grievance_r/1.png
[0.572s] -- Up-to-date symlink: /home/sunrise/xgo_demo/install/xgo_motion/share/xgo_motion/expression/grievance_r/10.png
[0.573s] -- Up-to-date symlink: /home/sunrise/xgo_demo/install/xgo_motion/share/xgo_motion/expression/grievance_r/11.png
[0.574s] -- Up-to-date symlink: /home/sunrise/xgo_demo/install/xgo_motion/share/xgo_motion/expression/grievance_r/12.png
[0.575s] -- Up-to-date symlink: /home/sunrise/xgo_demo/install/xgo_motion/share/xgo_motion/expression/grievance_r/2.png
[0.577s] -- Up-to-date symlink: /home/sunrise/xgo_demo/install/xgo_motion/share/xgo_motion/expression/grievance_r/3.png
[0.578s] -- Up-to-date symlink: /home/sunrise/xgo_demo/install/xgo_motion/share/xgo_motion/expression/grievance_r/4.png
[0.579s] -- Up-to-date symlink: /home/sunrise/xgo_demo/install/xgo_motion/share/xgo_motion/expression/grievance_r/5.png
[0.580s] -- Up-to-date symlink: /home/sunrise/xgo_demo/install/xgo_motion/share/xgo_motion/expression/grievance_r/6.png
[0.581s] -- Up-to-date symlink: /home/sunrise/xgo_demo/install/xgo_motion/share/xgo_motion/expression/grievance_r/7.png
[0.582s] -- Up-to-date symlink: /home/sunrise/xgo_demo/install/xgo_motion/share/xgo_motion/expression/grievance_r/8.png
[0.584s] -- Up-to-date symlink: /home/sunrise/xgo_demo/install/xgo_motion/share/xgo_motion/expression/grievance_r/9.png
[0.585s] -- Up-to-date symlink: /home/sunrise/xgo_demo/install/xgo_motion/share/xgo_motion/expression/guffaw/1.png
[0.586s] -- Up-to-date symlink: /home/sunrise/xgo_demo/install/xgo_motion/share/xgo_motion/expression/guffaw/2.png
[0.587s] -- Up-to-date symlink: /home/sunrise/xgo_demo/install/xgo_motion/share/xgo_motion/expression/guffaw/3.png
[0.588s] -- Up-to-date symlink: /home/sunrise/xgo_demo/install/xgo_motion/share/xgo_motion/expression/guffaw/4.png
[0.589s] -- Up-to-date symlink: /home/sunrise/xgo_demo/install/xgo_motion/share/xgo_motion/expression/guffaw/5.png
[0.591s] -- Up-to-date symlink: /home/sunrise/xgo_demo/install/xgo_motion/share/xgo_motion/expression/guffaw/6.png
[0.592s] -- Up-to-date symlink: /home/sunrise/xgo_demo/install/xgo_motion/share/xgo_motion/expression/guffaw/7.png
[0.593s] -- Up-to-date symlink: /home/sunrise/xgo_demo/install/xgo_motion/share/xgo_motion/expression/guffaw/8.png
[0.594s] -- Up-to-date symlink: /home/sunrise/xgo_demo/install/xgo_motion/share/xgo_motion/expression/guffaw_r/1.png
[0.595s] -- Up-to-date symlink: /home/sunrise/xgo_demo/install/xgo_motion/share/xgo_motion/expression/guffaw_r/10.png
[0.596s] -- Up-to-date symlink: /home/sunrise/xgo_demo/install/xgo_motion/share/xgo_motion/expression/guffaw_r/2.png
[0.598s] -- Up-to-date symlink: /home/sunrise/xgo_demo/install/xgo_motion/share/xgo_motion/expression/guffaw_r/3.png
[0.599s] -- Up-to-date symlink: /home/sunrise/xgo_demo/install/xgo_motion/share/xgo_motion/expression/guffaw_r/4.png
[0.600s] -- Up-to-date symlink: /home/sunrise/xgo_demo/install/xgo_motion/share/xgo_motion/expression/guffaw_r/5.png
[0.601s] -- Up-to-date symlink: /home/sunrise/xgo_demo/install/xgo_motion/share/xgo_motion/expression/guffaw_r/6.png
[0.602s] -- Up-to-date symlink: /home/sunrise/xgo_demo/install/xgo_motion/share/xgo_motion/expression/guffaw_r/7.png
[0.603s] -- Up-to-date symlink: /home/sunrise/xgo_demo/install/xgo_motion/share/xgo_motion/expression/guffaw_r/8.png
[0.604s] -- Up-to-date symlink: /home/sunrise/xgo_demo/install/xgo_motion/share/xgo_motion/expression/guffaw_r/9.png
[0.606s] -- Up-to-date symlink: /home/sunrise/xgo_demo/install/xgo_motion/share/xgo_motion/expression/happy/1.png
[0.607s] -- Up-to-date symlink: /home/sunrise/xgo_demo/install/xgo_motion/share/xgo_motion/expression/happy/10.png
[0.608s] -- Up-to-date symlink: /home/sunrise/xgo_demo/install/xgo_motion/share/xgo_motion/expression/happy/11.png
[0.609s] -- Up-to-date symlink: /home/sunrise/xgo_demo/install/xgo_motion/share/xgo_motion/expression/happy/12.png
[0.610s] -- Up-to-date symlink: /home/sunrise/xgo_demo/install/xgo_motion/share/xgo_motion/expression/happy/2.png
[0.611s] -- Up-to-date symlink: /home/sunrise/xgo_demo/install/xgo_motion/share/xgo_motion/expression/happy/3.png
[0.613s] -- Up-to-date symlink: /home/sunrise/xgo_demo/install/xgo_motion/share/xgo_motion/expression/happy/4.png
[0.614s] -- Up-to-date symlink: /home/sunrise/xgo_demo/install/xgo_motion/share/xgo_motion/expression/happy/5.png
[0.615s] -- Up-to-date symlink: /home/sunrise/xgo_demo/install/xgo_motion/share/xgo_motion/expression/happy/6.png
[0.616s] -- Up-to-date symlink: /home/sunrise/xgo_demo/install/xgo_motion/share/xgo_motion/expression/happy/7.png
[0.617s] -- Up-to-date symlink: /home/sunrise/xgo_demo/install/xgo_motion/share/xgo_motion/expression/happy/8.png
[0.618s] -- Up-to-date symlink: /home/sunrise/xgo_demo/install/xgo_motion/share/xgo_motion/expression/happy/9.png
[0.620s] -- Up-to-date symlink: /home/sunrise/xgo_demo/install/xgo_motion/share/xgo_motion/expression/hate/1.png
[0.621s] -- Up-to-date symlink: /home/sunrise/xgo_demo/install/xgo_motion/share/xgo_motion/expression/hate/10.png
[0.622s] -- Up-to-date symlink: /home/sunrise/xgo_demo/install/xgo_motion/share/xgo_motion/expression/hate/2.png
[0.623s] -- Up-to-date symlink: /home/sunrise/xgo_demo/install/xgo_motion/share/xgo_motion/expression/hate/3.png
[0.624s] -- Up-to-date symlink: /home/sunrise/xgo_demo/install/xgo_motion/share/xgo_motion/expression/hate/4.png
[0.625s] -- Up-to-date symlink: /home/sunrise/xgo_demo/install/xgo_motion/share/xgo_motion/expression/hate/5.png
[0.627s] -- Up-to-date symlink: /home/sunrise/xgo_demo/install/xgo_motion/share/xgo_motion/expression/hate/6.png
[0.628s] -- Up-to-date symlink: /home/sunrise/xgo_demo/install/xgo_motion/share/xgo_motion/expression/hate/7.png
[0.629s] -- Up-to-date symlink: /home/sunrise/xgo_demo/install/xgo_motion/share/xgo_motion/expression/hate/8.png
[0.630s] -- Up-to-date symlink: /home/sunrise/xgo_demo/install/xgo_motion/share/xgo_motion/expression/hate/9.png
[0.631s] -- Up-to-date symlink: /home/sunrise/xgo_demo/install/xgo_motion/share/xgo_motion/expression/hate_r/1.png
[0.632s] -- Up-to-date symlink: /home/sunrise/xgo_demo/install/xgo_motion/share/xgo_motion/expression/hate_r/10.png
[0.634s] -- Up-to-date symlink: /home/sunrise/xgo_demo/install/xgo_motion/share/xgo_motion/expression/hate_r/11.png
[0.635s] -- Up-to-date symlink: /home/sunrise/xgo_demo/install/xgo_motion/share/xgo_motion/expression/hate_r/12.png
[0.636s] -- Up-to-date symlink: /home/sunrise/xgo_demo/install/xgo_motion/share/xgo_motion/expression/hate_r/13.png
[0.637s] -- Up-to-date symlink: /home/sunrise/xgo_demo/install/xgo_motion/share/xgo_motion/expression/hate_r/14.png
[0.638s] -- Up-to-date symlink: /home/sunrise/xgo_demo/install/xgo_motion/share/xgo_motion/expression/hate_r/15.png
[0.639s] -- Up-to-date symlink: /home/sunrise/xgo_demo/install/xgo_motion/share/xgo_motion/expression/hate_r/16.png
[0.640s] -- Up-to-date symlink: /home/sunrise/xgo_demo/install/xgo_motion/share/xgo_motion/expression/hate_r/2.png
[0.642s] -- Up-to-date symlink: /home/sunrise/xgo_demo/install/xgo_motion/share/xgo_motion/expression/hate_r/3.png
[0.643s] -- Up-to-date symlink: /home/sunrise/xgo_demo/install/xgo_motion/share/xgo_motion/expression/hate_r/4.png
[0.644s] -- Up-to-date symlink: /home/sunrise/xgo_demo/install/xgo_motion/share/xgo_motion/expression/hate_r/5.png
[0.645s] -- Up-to-date symlink: /home/sunrise/xgo_demo/install/xgo_motion/share/xgo_motion/expression/hate_r/6.png
[0.646s] -- Up-to-date symlink: /home/sunrise/xgo_demo/install/xgo_motion/share/xgo_motion/expression/hate_r/7.png
[0.647s] -- Up-to-date symlink: /home/sunrise/xgo_demo/install/xgo_motion/share/xgo_motion/expression/hate_r/8.png
[0.648s] -- Up-to-date symlink: /home/sunrise/xgo_demo/install/xgo_motion/share/xgo_motion/expression/hate_r/9.png
[0.650s] -- Up-to-date symlink: /home/sunrise/xgo_demo/install/xgo_motion/share/xgo_motion/expression/lookaround/1.png
[0.651s] -- Up-to-date symlink: /home/sunrise/xgo_demo/install/xgo_motion/share/xgo_motion/expression/lookaround/10.png
[0.652s] -- Up-to-date symlink: /home/sunrise/xgo_demo/install/xgo_motion/share/xgo_motion/expression/lookaround/11.png
[0.653s] -- Up-to-date symlink: /home/sunrise/xgo_demo/install/xgo_motion/share/xgo_motion/expression/lookaround/12.png
[0.654s] -- Up-to-date symlink: /home/sunrise/xgo_demo/install/xgo_motion/share/xgo_motion/expression/lookaround/2.png
[0.655s] -- Up-to-date symlink: /home/sunrise/xgo_demo/install/xgo_motion/share/xgo_motion/expression/lookaround/3.png
[0.657s] -- Up-to-date symlink: /home/sunrise/xgo_demo/install/xgo_motion/share/xgo_motion/expression/lookaround/4.png
[0.658s] -- Up-to-date symlink: /home/sunrise/xgo_demo/install/xgo_motion/share/xgo_motion/expression/lookaround/5.png
[0.659s] -- Up-to-date symlink: /home/sunrise/xgo_demo/install/xgo_motion/share/xgo_motion/expression/lookaround/6.png
[0.660s] -- Up-to-date symlink: /home/sunrise/xgo_demo/install/xgo_motion/share/xgo_motion/expression/lookaround/7.png
[0.661s] -- Up-to-date symlink: /home/sunrise/xgo_demo/install/xgo_motion/share/xgo_motion/expression/lookaround/8.png
[0.663s] -- Up-to-date symlink: /home/sunrise/xgo_demo/install/xgo_motion/share/xgo_motion/expression/lookaround/9.png
[0.664s] -- Up-to-date symlink: /home/sunrise/xgo_demo/install/xgo_motion/share/xgo_motion/expression/love/1.png
[0.665s] -- Up-to-date symlink: /home/sunrise/xgo_demo/install/xgo_motion/share/xgo_motion/expression/love/10.png
[0.666s] -- Up-to-date symlink: /home/sunrise/xgo_demo/install/xgo_motion/share/xgo_motion/expression/love/11.png
[0.667s] -- Up-to-date symlink: /home/sunrise/xgo_demo/install/xgo_motion/share/xgo_motion/expression/love/12.png
[0.668s] -- Up-to-date symlink: /home/sunrise/xgo_demo/install/xgo_motion/share/xgo_motion/expression/love/13.png
[0.670s] -- Up-to-date symlink: /home/sunrise/xgo_demo/install/xgo_motion/share/xgo_motion/expression/love/2.png
[0.671s] -- Up-to-date symlink: /home/sunrise/xgo_demo/install/xgo_motion/share/xgo_motion/expression/love/3.png
[0.672s] -- Up-to-date symlink: /home/sunrise/xgo_demo/install/xgo_motion/share/xgo_motion/expression/love/4.png
[0.673s] -- Up-to-date symlink: /home/sunrise/xgo_demo/install/xgo_motion/share/xgo_motion/expression/love/5.png
[0.674s] -- Up-to-date symlink: /home/sunrise/xgo_demo/install/xgo_motion/share/xgo_motion/expression/love/6.png
[0.676s] -- Up-to-date symlink: /home/sunrise/xgo_demo/install/xgo_motion/share/xgo_motion/expression/love/7.png
[0.677s] -- Up-to-date symlink: /home/sunrise/xgo_demo/install/xgo_motion/share/xgo_motion/expression/love/8.png
[0.678s] -- Up-to-date symlink: /home/sunrise/xgo_demo/install/xgo_motion/share/xgo_motion/expression/love/9.png
[0.679s] -- Up-to-date symlink: /home/sunrise/xgo_demo/install/xgo_motion/share/xgo_motion/expression/love_r/1.png
[0.680s] -- Up-to-date symlink: /home/sunrise/xgo_demo/install/xgo_motion/share/xgo_motion/expression/love_r/10.png
[0.681s] -- Up-to-date symlink: /home/sunrise/xgo_demo/install/xgo_motion/share/xgo_motion/expression/love_r/11.png
[0.682s] -- Up-to-date symlink: /home/sunrise/xgo_demo/install/xgo_motion/share/xgo_motion/expression/love_r/2.png
[0.684s] -- Up-to-date symlink: /home/sunrise/xgo_demo/install/xgo_motion/share/xgo_motion/expression/love_r/3.png
[0.685s] -- Up-to-date symlink: /home/sunrise/xgo_demo/install/xgo_motion/share/xgo_motion/expression/love_r/4.png
[0.686s] -- Up-to-date symlink: /home/sunrise/xgo_demo/install/xgo_motion/share/xgo_motion/expression/love_r/5.png
[0.687s] -- Up-to-date symlink: /home/sunrise/xgo_demo/install/xgo_motion/share/xgo_motion/expression/love_r/6.png
[0.688s] -- Up-to-date symlink: /home/sunrise/xgo_demo/install/xgo_motion/share/xgo_motion/expression/love_r/7.png
[0.689s] -- Up-to-date symlink: /home/sunrise/xgo_demo/install/xgo_motion/share/xgo_motion/expression/love_r/8.png
[0.691s] -- Up-to-date symlink: /home/sunrise/xgo_demo/install/xgo_motion/share/xgo_motion/expression/love_r/9.png
[0.692s] -- Up-to-date symlink: /home/sunrise/xgo_demo/install/xgo_motion/share/xgo_motion/expression/naughty/1.png
[0.693s] -- Up-to-date symlink: /home/sunrise/xgo_demo/install/xgo_motion/share/xgo_motion/expression/naughty/10.png
[0.694s] -- Up-to-date symlink: /home/sunrise/xgo_demo/install/xgo_motion/share/xgo_motion/expression/naughty/11.png
[0.695s] -- Up-to-date symlink: /home/sunrise/xgo_demo/install/xgo_motion/share/xgo_motion/expression/naughty/12.png
[0.696s] -- Up-to-date symlink: /home/sunrise/xgo_demo/install/xgo_motion/share/xgo_motion/expression/naughty/13.png
[0.697s] -- Up-to-date symlink: /home/sunrise/xgo_demo/install/xgo_motion/share/xgo_motion/expression/naughty/14.png
[0.699s] -- Up-to-date symlink: /home/sunrise/xgo_demo/install/xgo_motion/share/xgo_motion/expression/naughty/2.png
[0.700s] -- Up-to-date symlink: /home/sunrise/xgo_demo/install/xgo_motion/share/xgo_motion/expression/naughty/3.png
[0.701s] -- Up-to-date symlink: /home/sunrise/xgo_demo/install/xgo_motion/share/xgo_motion/expression/naughty/4.png
[0.702s] -- Up-to-date symlink: /home/sunrise/xgo_demo/install/xgo_motion/share/xgo_motion/expression/naughty/5.png
[0.703s] -- Up-to-date symlink: /home/sunrise/xgo_demo/install/xgo_motion/share/xgo_motion/expression/naughty/6.png
[0.704s] -- Up-to-date symlink: /home/sunrise/xgo_demo/install/xgo_motion/share/xgo_motion/expression/naughty/7.png
[0.705s] -- Up-to-date symlink: /home/sunrise/xgo_demo/install/xgo_motion/share/xgo_motion/expression/naughty/8.png
[0.707s] -- Up-to-date symlink: /home/sunrise/xgo_demo/install/xgo_motion/share/xgo_motion/expression/naughty/9.png
[0.708s] -- Up-to-date symlink: /home/sunrise/xgo_demo/install/xgo_motion/share/xgo_motion/expression/naughty_r/1.png
[0.709s] -- Up-to-date symlink: /home/sunrise/xgo_demo/install/xgo_motion/share/xgo_motion/expression/naughty_r/10.png
[0.710s] -- Up-to-date symlink: /home/sunrise/xgo_demo/install/xgo_motion/share/xgo_motion/expression/naughty_r/11.png
[0.711s] -- Up-to-date symlink: /home/sunrise/xgo_demo/install/xgo_motion/share/xgo_motion/expression/naughty_r/12.png
[0.712s] -- Up-to-date symlink: /home/sunrise/xgo_demo/install/xgo_motion/share/xgo_motion/expression/naughty_r/2.png
[0.713s] -- Up-to-date symlink: /home/sunrise/xgo_demo/install/xgo_motion/share/xgo_motion/expression/naughty_r/3.png
[0.715s] -- Up-to-date symlink: /home/sunrise/xgo_demo/install/xgo_motion/share/xgo_motion/expression/naughty_r/4.png
[0.716s] -- Up-to-date symlink: /home/sunrise/xgo_demo/install/xgo_motion/share/xgo_motion/expression/naughty_r/5.png
[0.717s] -- Up-to-date symlink: /home/sunrise/xgo_demo/install/xgo_motion/share/xgo_motion/expression/naughty_r/6.png
[0.718s] -- Up-to-date symlink: /home/sunrise/xgo_demo/install/xgo_motion/share/xgo_motion/expression/naughty_r/7.png
[0.719s] -- Up-to-date symlink: /home/sunrise/xgo_demo/install/xgo_motion/share/xgo_motion/expression/naughty_r/8.png
[0.720s] -- Up-to-date symlink: /home/sunrise/xgo_demo/install/xgo_motion/share/xgo_motion/expression/naughty_r/9.png
[0.721s] -- Up-to-date symlink: /home/sunrise/xgo_demo/install/xgo_motion/share/xgo_motion/expression/pray/1.png
[0.723s] -- Up-to-date symlink: /home/sunrise/xgo_demo/install/xgo_motion/share/xgo_motion/expression/pray/2.png
[0.724s] -- Up-to-date symlink: /home/sunrise/xgo_demo/install/xgo_motion/share/xgo_motion/expression/pray/3.png
[0.725s] -- Up-to-date symlink: /home/sunrise/xgo_demo/install/xgo_motion/share/xgo_motion/expression/pray/4.png
[0.726s] -- Up-to-date symlink: /home/sunrise/xgo_demo/install/xgo_motion/share/xgo_motion/expression/pray/5.png
[0.727s] -- Up-to-date symlink: /home/sunrise/xgo_demo/install/xgo_motion/share/xgo_motion/expression/pray/6.png
[0.728s] -- Up-to-date symlink: /home/sunrise/xgo_demo/install/xgo_motion/share/xgo_motion/expression/pray/7.png
[0.730s] -- Up-to-date symlink: /home/sunrise/xgo_demo/install/xgo_motion/share/xgo_motion/expression/pray/8.png
[0.731s] -- Up-to-date symlink: /home/sunrise/xgo_demo/install/xgo_motion/share/xgo_motion/expression/query/1.png
[0.732s] -- Up-to-date symlink: /home/sunrise/xgo_demo/install/xgo_motion/share/xgo_motion/expression/query/2.png
[0.733s] -- Up-to-date symlink: /home/sunrise/xgo_demo/install/xgo_motion/share/xgo_motion/expression/query/3.png
[0.734s] -- Up-to-date symlink: /home/sunrise/xgo_demo/install/xgo_motion/share/xgo_motion/expression/query/4.png
[0.735s] -- Up-to-date symlink: /home/sunrise/xgo_demo/install/xgo_motion/share/xgo_motion/expression/query/5.png
[0.737s] -- Up-to-date symlink: /home/sunrise/xgo_demo/install/xgo_motion/share/xgo_motion/expression/query/6.png
[0.738s] -- Up-to-date symlink: /home/sunrise/xgo_demo/install/xgo_motion/share/xgo_motion/expression/query/7.png
[0.739s] -- Up-to-date symlink: /home/sunrise/xgo_demo/install/xgo_motion/share/xgo_motion/expression/query_r/1.png
[0.740s] -- Up-to-date symlink: /home/sunrise/xgo_demo/install/xgo_motion/share/xgo_motion/expression/query_r/10.png
[0.741s] -- Up-to-date symlink: /home/sunrise/xgo_demo/install/xgo_motion/share/xgo_motion/expression/query_r/11.png
[0.742s] -- Up-to-date symlink: /home/sunrise/xgo_demo/install/xgo_motion/share/xgo_motion/expression/query_r/2.png
[0.744s] -- Up-to-date symlink: /home/sunrise/xgo_demo/install/xgo_motion/share/xgo_motion/expression/query_r/3.png
[0.745s] -- Up-to-date symlink: /home/sunrise/xgo_demo/install/xgo_motion/share/xgo_motion/expression/query_r/4.png
[0.746s] -- Up-to-date symlink: /home/sunrise/xgo_demo/install/xgo_motion/share/xgo_motion/expression/query_r/5.png
[0.747s] -- Up-to-date symlink: /home/sunrise/xgo_demo/install/xgo_motion/share/xgo_motion/expression/query_r/6.png
[0.748s] -- Up-to-date symlink: /home/sunrise/xgo_demo/install/xgo_motion/share/xgo_motion/expression/query_r/7.png
[0.749s] -- Up-to-date symlink: /home/sunrise/xgo_demo/install/xgo_motion/share/xgo_motion/expression/query_r/8.png
[0.750s] -- Up-to-date symlink: /home/sunrise/xgo_demo/install/xgo_motion/share/xgo_motion/expression/query_r/9.png
[0.752s] -- Up-to-date symlink: /home/sunrise/xgo_demo/install/xgo_motion/share/xgo_motion/expression/rider/Angry/Angry1.png
[0.753s] -- Up-to-date symlink: /home/sunrise/xgo_demo/install/xgo_motion/share/xgo_motion/expression/rider/Angry/Angry10.png
[0.754s] -- Up-to-date symlink: /home/sunrise/xgo_demo/install/xgo_motion/share/xgo_motion/expression/rider/Angry/Angry11.png
[0.755s] -- Up-to-date symlink: /home/sunrise/xgo_demo/install/xgo_motion/share/xgo_motion/expression/rider/Angry/Angry12.png
[0.756s] -- Up-to-date symlink: /home/sunrise/xgo_demo/install/xgo_motion/share/xgo_motion/expression/rider/Angry/Angry13.png
[0.758s] -- Up-to-date symlink: /home/sunrise/xgo_demo/install/xgo_motion/share/xgo_motion/expression/rider/Angry/Angry14.png
[0.759s] -- Up-to-date symlink: /home/sunrise/xgo_demo/install/xgo_motion/share/xgo_motion/expression/rider/Angry/Angry15.png
[0.760s] -- Up-to-date symlink: /home/sunrise/xgo_demo/install/xgo_motion/share/xgo_motion/expression/rider/Angry/Angry16.png
[0.761s] -- Up-to-date symlink: /home/sunrise/xgo_demo/install/xgo_motion/share/xgo_motion/expression/rider/Angry/Angry17.png
[0.762s] -- Up-to-date symlink: /home/sunrise/xgo_demo/install/xgo_motion/share/xgo_motion/expression/rider/Angry/Angry18.png
[0.763s] -- Up-to-date symlink: /home/sunrise/xgo_demo/install/xgo_motion/share/xgo_motion/expression/rider/Angry/Angry19.png
[0.764s] -- Up-to-date symlink: /home/sunrise/xgo_demo/install/xgo_motion/share/xgo_motion/expression/rider/Angry/Angry2.png
[0.766s] -- Up-to-date symlink: /home/sunrise/xgo_demo/install/xgo_motion/share/xgo_motion/expression/rider/Angry/Angry20.png
[0.767s] -- Up-to-date symlink: /home/sunrise/xgo_demo/install/xgo_motion/share/xgo_motion/expression/rider/Angry/Angry21.png
[0.768s] -- Up-to-date symlink: /home/sunrise/xgo_demo/install/xgo_motion/share/xgo_motion/expression/rider/Angry/Angry22.png
[0.769s] -- Up-to-date symlink: /home/sunrise/xgo_demo/install/xgo_motion/share/xgo_motion/expression/rider/Angry/Angry23.png
[0.770s] -- Up-to-date symlink: /home/sunrise/xgo_demo/install/xgo_motion/share/xgo_motion/expression/rider/Angry/Angry24.png
[0.772s] -- Up-to-date symlink: /home/sunrise/xgo_demo/install/xgo_motion/share/xgo_motion/expression/rider/Angry/Angry25.png
[0.773s] -- Up-to-date symlink: /home/sunrise/xgo_demo/install/xgo_motion/share/xgo_motion/expression/rider/Angry/Angry26.png
[0.774s] -- Up-to-date symlink: /home/sunrise/xgo_demo/install/xgo_motion/share/xgo_motion/expression/rider/Angry/Angry27.png
[0.775s] -- Up-to-date symlink: /home/sunrise/xgo_demo/install/xgo_motion/share/xgo_motion/expression/rider/Angry/Angry28.png
[0.777s] -- Up-to-date symlink: /home/sunrise/xgo_demo/install/xgo_motion/share/xgo_motion/expression/rider/Angry/Angry29.png
[0.778s] -- Up-to-date symlink: /home/sunrise/xgo_demo/install/xgo_motion/share/xgo_motion/expression/rider/Angry/Angry3.png
[0.779s] -- Up-to-date symlink: /home/sunrise/xgo_demo/install/xgo_motion/share/xgo_motion/expression/rider/Angry/Angry30.png
[0.780s] -- Up-to-date symlink: /home/sunrise/xgo_demo/install/xgo_motion/share/xgo_motion/expression/rider/Angry/Angry31.png
[0.781s] -- Up-to-date symlink: /home/sunrise/xgo_demo/install/xgo_motion/share/xgo_motion/expression/rider/Angry/Angry32.png
[0.783s] -- Up-to-date symlink: /home/sunrise/xgo_demo/install/xgo_motion/share/xgo_motion/expression/rider/Angry/Angry33.png
[0.784s] -- Up-to-date symlink: /home/sunrise/xgo_demo/install/xgo_motion/share/xgo_motion/expression/rider/Angry/Angry34.png
[0.785s] -- Up-to-date symlink: /home/sunrise/xgo_demo/install/xgo_motion/share/xgo_motion/expression/rider/Angry/Angry35.png
[0.786s] -- Up-to-date symlink: /home/sunrise/xgo_demo/install/xgo_motion/share/xgo_motion/expression/rider/Angry/Angry36.png
[0.787s] -- Up-to-date symlink: /home/sunrise/xgo_demo/install/xgo_motion/share/xgo_motion/expression/rider/Angry/Angry37.png
[0.788s] -- Up-to-date symlink: /home/sunrise/xgo_demo/install/xgo_motion/share/xgo_motion/expression/rider/Angry/Angry38.png
[0.790s] -- Up-to-date symlink: /home/sunrise/xgo_demo/install/xgo_motion/share/xgo_motion/expression/rider/Angry/Angry39.png
[0.791s] -- Up-to-date symlink: /home/sunrise/xgo_demo/install/xgo_motion/share/xgo_motion/expression/rider/Angry/Angry4.png
[0.792s] -- Up-to-date symlink: /home/sunrise/xgo_demo/install/xgo_motion/share/xgo_motion/expression/rider/Angry/Angry40.png
[0.793s] -- Up-to-date symlink: /home/sunrise/xgo_demo/install/xgo_motion/share/xgo_motion/expression/rider/Angry/Angry41.png
[0.794s] -- Up-to-date symlink: /home/sunrise/xgo_demo/install/xgo_motion/share/xgo_motion/expression/rider/Angry/Angry42.png
[0.795s] -- Up-to-date symlink: /home/sunrise/xgo_demo/install/xgo_motion/share/xgo_motion/expression/rider/Angry/Angry43.png
[0.797s] -- Up-to-date symlink: /home/sunrise/xgo_demo/install/xgo_motion/share/xgo_motion/expression/rider/Angry/Angry44.png
[0.798s] -- Up-to-date symlink: /home/sunrise/xgo_demo/install/xgo_motion/share/xgo_motion/expression/rider/Angry/Angry45.png
[0.799s] -- Up-to-date symlink: /home/sunrise/xgo_demo/install/xgo_motion/share/xgo_motion/expression/rider/Angry/Angry46.png
[0.800s] -- Up-to-date symlink: /home/sunrise/xgo_demo/install/xgo_motion/share/xgo_motion/expression/rider/Angry/Angry47.png
[0.801s] -- Up-to-date symlink: /home/sunrise/xgo_demo/install/xgo_motion/share/xgo_motion/expression/rider/Angry/Angry48.png
[0.803s] -- Up-to-date symlink: /home/sunrise/xgo_demo/install/xgo_motion/share/xgo_motion/expression/rider/Angry/Angry49.png
[0.804s] -- Up-to-date symlink: /home/sunrise/xgo_demo/install/xgo_motion/share/xgo_motion/expression/rider/Angry/Angry5.png
[0.805s] -- Up-to-date symlink: /home/sunrise/xgo_demo/install/xgo_motion/share/xgo_motion/expression/rider/Angry/Angry50.png
[0.806s] -- Up-to-date symlink: /home/sunrise/xgo_demo/install/xgo_motion/share/xgo_motion/expression/rider/Angry/Angry51.png
[0.807s] -- Up-to-date symlink: /home/sunrise/xgo_demo/install/xgo_motion/share/xgo_motion/expression/rider/Angry/Angry52.png
[0.808s] -- Up-to-date symlink: /home/sunrise/xgo_demo/install/xgo_motion/share/xgo_motion/expression/rider/Angry/Angry53.png
[0.810s] -- Up-to-date symlink: /home/sunrise/xgo_demo/install/xgo_motion/share/xgo_motion/expression/rider/Angry/Angry54.png
[0.811s] -- Up-to-date symlink: /home/sunrise/xgo_demo/install/xgo_motion/share/xgo_motion/expression/rider/Angry/Angry55.png
[0.812s] -- Up-to-date symlink: /home/sunrise/xgo_demo/install/xgo_motion/share/xgo_motion/expression/rider/Angry/Angry6.png
[0.813s] -- Up-to-date symlink: /home/sunrise/xgo_demo/install/xgo_motion/share/xgo_motion/expression/rider/Angry/Angry7.png
[0.815s] -- Up-to-date symlink: /home/sunrise/xgo_demo/install/xgo_motion/share/xgo_motion/expression/rider/Angry/Angry8.png
[0.816s] -- Up-to-date symlink: /home/sunrise/xgo_demo/install/xgo_motion/share/xgo_motion/expression/rider/Angry/Angry9.png
[0.817s] -- Up-to-date symlink: /home/sunrise/xgo_demo/install/xgo_motion/share/xgo_motion/expression/rider/cute/cute1.png
[0.818s] -- Up-to-date symlink: /home/sunrise/xgo_demo/install/xgo_motion/share/xgo_motion/expression/rider/cute/cute10.png
[0.819s] -- Up-to-date symlink: /home/sunrise/xgo_demo/install/xgo_motion/share/xgo_motion/expression/rider/cute/cute11.png
[0.821s] -- Up-to-date symlink: /home/sunrise/xgo_demo/install/xgo_motion/share/xgo_motion/expression/rider/cute/cute12.png
[0.822s] -- Up-to-date symlink: /home/sunrise/xgo_demo/install/xgo_motion/share/xgo_motion/expression/rider/cute/cute13.png
[0.823s] -- Up-to-date symlink: /home/sunrise/xgo_demo/install/xgo_motion/share/xgo_motion/expression/rider/cute/cute14.png
[0.824s] -- Up-to-date symlink: /home/sunrise/xgo_demo/install/xgo_motion/share/xgo_motion/expression/rider/cute/cute15.png
[0.825s] -- Up-to-date symlink: /home/sunrise/xgo_demo/install/xgo_motion/share/xgo_motion/expression/rider/cute/cute16.png
[0.827s] -- Up-to-date symlink: /home/sunrise/xgo_demo/install/xgo_motion/share/xgo_motion/expression/rider/cute/cute17.png
[0.828s] -- Up-to-date symlink: /home/sunrise/xgo_demo/install/xgo_motion/share/xgo_motion/expression/rider/cute/cute18.png
[0.829s] -- Up-to-date symlink: /home/sunrise/xgo_demo/install/xgo_motion/share/xgo_motion/expression/rider/cute/cute19.png
[0.830s] -- Up-to-date symlink: /home/sunrise/xgo_demo/install/xgo_motion/share/xgo_motion/expression/rider/cute/cute2.png
[0.831s] -- Up-to-date symlink: /home/sunrise/xgo_demo/install/xgo_motion/share/xgo_motion/expression/rider/cute/cute20.png
[0.832s] -- Up-to-date symlink: /home/sunrise/xgo_demo/install/xgo_motion/share/xgo_motion/expression/rider/cute/cute21.png
[0.834s] -- Up-to-date symlink: /home/sunrise/xgo_demo/install/xgo_motion/share/xgo_motion/expression/rider/cute/cute22.png
[0.835s] -- Up-to-date symlink: /home/sunrise/xgo_demo/install/xgo_motion/share/xgo_motion/expression/rider/cute/cute23.png
[0.836s] -- Up-to-date symlink: /home/sunrise/xgo_demo/install/xgo_motion/share/xgo_motion/expression/rider/cute/cute24.png
[0.837s] -- Up-to-date symlink: /home/sunrise/xgo_demo/install/xgo_motion/share/xgo_motion/expression/rider/cute/cute25.png
[0.838s] -- Up-to-date symlink: /home/sunrise/xgo_demo/install/xgo_motion/share/xgo_motion/expression/rider/cute/cute26.png
[0.840s] -- Up-to-date symlink: /home/sunrise/xgo_demo/install/xgo_motion/share/xgo_motion/expression/rider/cute/cute27.png
[0.841s] -- Up-to-date symlink: /home/sunrise/xgo_demo/install/xgo_motion/share/xgo_motion/expression/rider/cute/cute28.png
[0.842s] -- Up-to-date symlink: /home/sunrise/xgo_demo/install/xgo_motion/share/xgo_motion/expression/rider/cute/cute29.png
[0.843s] -- Up-to-date symlink: /home/sunrise/xgo_demo/install/xgo_motion/share/xgo_motion/expression/rider/cute/cute3.png
[0.844s] -- Up-to-date symlink: /home/sunrise/xgo_demo/install/xgo_motion/share/xgo_motion/expression/rider/cute/cute30.png
[0.845s] -- Up-to-date symlink: /home/sunrise/xgo_demo/install/xgo_motion/share/xgo_motion/expression/rider/cute/cute31.png
[0.847s] -- Up-to-date symlink: /home/sunrise/xgo_demo/install/xgo_motion/share/xgo_motion/expression/rider/cute/cute32.png
[0.848s] -- Up-to-date symlink: /home/sunrise/xgo_demo/install/xgo_motion/share/xgo_motion/expression/rider/cute/cute33.png
[0.849s] -- Up-to-date symlink: /home/sunrise/xgo_demo/install/xgo_motion/share/xgo_motion/expression/rider/cute/cute34.png
[0.850s] -- Up-to-date symlink: /home/sunrise/xgo_demo/install/xgo_motion/share/xgo_motion/expression/rider/cute/cute35.png
[0.851s] -- Up-to-date symlink: /home/sunrise/xgo_demo/install/xgo_motion/share/xgo_motion/expression/rider/cute/cute36.png
[0.852s] -- Up-to-date symlink: /home/sunrise/xgo_demo/install/xgo_motion/share/xgo_motion/expression/rider/cute/cute37.png
[0.854s] -- Up-to-date symlink: /home/sunrise/xgo_demo/install/xgo_motion/share/xgo_motion/expression/rider/cute/cute38.png
[0.855s] -- Up-to-date symlink: /home/sunrise/xgo_demo/install/xgo_motion/share/xgo_motion/expression/rider/cute/cute39.png
[0.856s] -- Up-to-date symlink: /home/sunrise/xgo_demo/install/xgo_motion/share/xgo_motion/expression/rider/cute/cute4.png
[0.857s] -- Up-to-date symlink: /home/sunrise/xgo_demo/install/xgo_motion/share/xgo_motion/expression/rider/cute/cute40.png
[0.858s] -- Up-to-date symlink: /home/sunrise/xgo_demo/install/xgo_motion/share/xgo_motion/expression/rider/cute/cute41.png
[0.859s] -- Up-to-date symlink: /home/sunrise/xgo_demo/install/xgo_motion/share/xgo_motion/expression/rider/cute/cute42.png
[0.861s] -- Up-to-date symlink: /home/sunrise/xgo_demo/install/xgo_motion/share/xgo_motion/expression/rider/cute/cute43.png
[0.862s] -- Up-to-date symlink: /home/sunrise/xgo_demo/install/xgo_motion/share/xgo_motion/expression/rider/cute/cute44.png
[0.863s] -- Up-to-date symlink: /home/sunrise/xgo_demo/install/xgo_motion/share/xgo_motion/expression/rider/cute/cute45.png
[0.864s] -- Up-to-date symlink: /home/sunrise/xgo_demo/install/xgo_motion/share/xgo_motion/expression/rider/cute/cute46.png
[0.865s] -- Up-to-date symlink: /home/sunrise/xgo_demo/install/xgo_motion/share/xgo_motion/expression/rider/cute/cute47.png
[0.867s] -- Up-to-date symlink: /home/sunrise/xgo_demo/install/xgo_motion/share/xgo_motion/expression/rider/cute/cute48.png
[0.868s] -- Up-to-date symlink: /home/sunrise/xgo_demo/install/xgo_motion/share/xgo_motion/expression/rider/cute/cute49.png
[0.869s] -- Up-to-date symlink: /home/sunrise/xgo_demo/install/xgo_motion/share/xgo_motion/expression/rider/cute/cute5.png
[0.870s] -- Up-to-date symlink: /home/sunrise/xgo_demo/install/xgo_motion/share/xgo_motion/expression/rider/cute/cute50.png
[0.871s] -- Up-to-date symlink: /home/sunrise/xgo_demo/install/xgo_motion/share/xgo_motion/expression/rider/cute/cute51.png
[0.873s] -- Up-to-date symlink: /home/sunrise/xgo_demo/install/xgo_motion/share/xgo_motion/expression/rider/cute/cute52.png
[0.874s] -- Up-to-date symlink: /home/sunrise/xgo_demo/install/xgo_motion/share/xgo_motion/expression/rider/cute/cute53.png
[0.875s] -- Up-to-date symlink: /home/sunrise/xgo_demo/install/xgo_motion/share/xgo_motion/expression/rider/cute/cute54.png
[0.876s] -- Up-to-date symlink: /home/sunrise/xgo_demo/install/xgo_motion/share/xgo_motion/expression/rider/cute/cute55.png
[0.877s] -- Up-to-date symlink: /home/sunrise/xgo_demo/install/xgo_motion/share/xgo_motion/expression/rider/cute/cute56.png
[0.879s] -- Up-to-date symlink: /home/sunrise/xgo_demo/install/xgo_motion/share/xgo_motion/expression/rider/cute/cute57.png
[0.880s] -- Up-to-date symlink: /home/sunrise/xgo_demo/install/xgo_motion/share/xgo_motion/expression/rider/cute/cute58.png
[0.881s] -- Up-to-date symlink: /home/sunrise/xgo_demo/install/xgo_motion/share/xgo_motion/expression/rider/cute/cute59.png
[0.882s] -- Up-to-date symlink: /home/sunrise/xgo_demo/install/xgo_motion/share/xgo_motion/expression/rider/cute/cute6.png
[0.883s] -- Up-to-date symlink: /home/sunrise/xgo_demo/install/xgo_motion/share/xgo_motion/expression/rider/cute/cute60.png
[0.884s] -- Up-to-date symlink: /home/sunrise/xgo_demo/install/xgo_motion/share/xgo_motion/expression/rider/cute/cute61.png
[0.886s] -- Up-to-date symlink: /home/sunrise/xgo_demo/install/xgo_motion/share/xgo_motion/expression/rider/cute/cute62.png
[0.887s] -- Up-to-date symlink: /home/sunrise/xgo_demo/install/xgo_motion/share/xgo_motion/expression/rider/cute/cute63.png
[0.888s] -- Up-to-date symlink: /home/sunrise/xgo_demo/install/xgo_motion/share/xgo_motion/expression/rider/cute/cute64.png
[0.889s] -- Up-to-date symlink: /home/sunrise/xgo_demo/install/xgo_motion/share/xgo_motion/expression/rider/cute/cute65.png
[0.890s] -- Up-to-date symlink: /home/sunrise/xgo_demo/install/xgo_motion/share/xgo_motion/expression/rider/cute/cute66.png
[0.891s] -- Up-to-date symlink: /home/sunrise/xgo_demo/install/xgo_motion/share/xgo_motion/expression/rider/cute/cute67.png
[0.893s] -- Up-to-date symlink: /home/sunrise/xgo_demo/install/xgo_motion/share/xgo_motion/expression/rider/cute/cute68.png
[0.894s] -- Up-to-date symlink: /home/sunrise/xgo_demo/install/xgo_motion/share/xgo_motion/expression/rider/cute/cute69.png
[0.895s] -- Up-to-date symlink: /home/sunrise/xgo_demo/install/xgo_motion/share/xgo_motion/expression/rider/cute/cute7.png
[0.896s] -- Up-to-date symlink: /home/sunrise/xgo_demo/install/xgo_motion/share/xgo_motion/expression/rider/cute/cute70.png
[0.897s] -- Up-to-date symlink: /home/sunrise/xgo_demo/install/xgo_motion/share/xgo_motion/expression/rider/cute/cute71.png
[0.899s] -- Up-to-date symlink: /home/sunrise/xgo_demo/install/xgo_motion/share/xgo_motion/expression/rider/cute/cute72.png
[0.900s] -- Up-to-date symlink: /home/sunrise/xgo_demo/install/xgo_motion/share/xgo_motion/expression/rider/cute/cute73.png
[0.901s] -- Up-to-date symlink: /home/sunrise/xgo_demo/install/xgo_motion/share/xgo_motion/expression/rider/cute/cute74.png
[0.902s] -- Up-to-date symlink: /home/sunrise/xgo_demo/install/xgo_motion/share/xgo_motion/expression/rider/cute/cute75.png
[0.903s] -- Up-to-date symlink: /home/sunrise/xgo_demo/install/xgo_motion/share/xgo_motion/expression/rider/cute/cute76.png
[0.904s] -- Up-to-date symlink: /home/sunrise/xgo_demo/install/xgo_motion/share/xgo_motion/expression/rider/cute/cute8.png
[0.906s] -- Up-to-date symlink: /home/sunrise/xgo_demo/install/xgo_motion/share/xgo_motion/expression/rider/cute/cute9.png
[0.907s] -- Up-to-date symlink: /home/sunrise/xgo_demo/install/xgo_motion/share/xgo_motion/expression/rider/doubt/doubt1.png
[0.908s] -- Up-to-date symlink: /home/sunrise/xgo_demo/install/xgo_motion/share/xgo_motion/expression/rider/doubt/doubt10.png
[0.909s] -- Up-to-date symlink: /home/sunrise/xgo_demo/install/xgo_motion/share/xgo_motion/expression/rider/doubt/doubt11.png
[0.910s] -- Up-to-date symlink: /home/sunrise/xgo_demo/install/xgo_motion/share/xgo_motion/expression/rider/doubt/doubt12.png
[0.911s] -- Up-to-date symlink: /home/sunrise/xgo_demo/install/xgo_motion/share/xgo_motion/expression/rider/doubt/doubt13.png
[0.913s] -- Up-to-date symlink: /home/sunrise/xgo_demo/install/xgo_motion/share/xgo_motion/expression/rider/doubt/doubt14.png
[0.914s] -- Up-to-date symlink: /home/sunrise/xgo_demo/install/xgo_motion/share/xgo_motion/expression/rider/doubt/doubt15.png
[0.915s] -- Up-to-date symlink: /home/sunrise/xgo_demo/install/xgo_motion/share/xgo_motion/expression/rider/doubt/doubt16.png
[0.916s] -- Up-to-date symlink: /home/sunrise/xgo_demo/install/xgo_motion/share/xgo_motion/expression/rider/doubt/doubt17.png
[0.917s] -- Up-to-date symlink: /home/sunrise/xgo_demo/install/xgo_motion/share/xgo_motion/expression/rider/doubt/doubt18.png
[0.919s] -- Up-to-date symlink: /home/sunrise/xgo_demo/install/xgo_motion/share/xgo_motion/expression/rider/doubt/doubt19.png
[0.920s] -- Up-to-date symlink: /home/sunrise/xgo_demo/install/xgo_motion/share/xgo_motion/expression/rider/doubt/doubt2.png
[0.921s] -- Up-to-date symlink: /home/sunrise/xgo_demo/install/xgo_motion/share/xgo_motion/expression/rider/doubt/doubt20.png
[0.922s] -- Up-to-date symlink: /home/sunrise/xgo_demo/install/xgo_motion/share/xgo_motion/expression/rider/doubt/doubt21.png
[0.923s] -- Up-to-date symlink: /home/sunrise/xgo_demo/install/xgo_motion/share/xgo_motion/expression/rider/doubt/doubt22.png
[0.924s] -- Up-to-date symlink: /home/sunrise/xgo_demo/install/xgo_motion/share/xgo_motion/expression/rider/doubt/doubt23.png
[0.926s] -- Up-to-date symlink: /home/sunrise/xgo_demo/install/xgo_motion/share/xgo_motion/expression/rider/doubt/doubt24.png
[0.927s] -- Up-to-date symlink: /home/sunrise/xgo_demo/install/xgo_motion/share/xgo_motion/expression/rider/doubt/doubt25.png
[0.928s] -- Up-to-date symlink: /home/sunrise/xgo_demo/install/xgo_motion/share/xgo_motion/expression/rider/doubt/doubt26.png
[0.929s] -- Up-to-date symlink: /home/sunrise/xgo_demo/install/xgo_motion/share/xgo_motion/expression/rider/doubt/doubt27.png
[0.930s] -- Up-to-date symlink: /home/sunrise/xgo_demo/install/xgo_motion/share/xgo_motion/expression/rider/doubt/doubt28.png
[0.931s] -- Up-to-date symlink: /home/sunrise/xgo_demo/install/xgo_motion/share/xgo_motion/expression/rider/doubt/doubt29.png
[0.933s] -- Up-to-date symlink: /home/sunrise/xgo_demo/install/xgo_motion/share/xgo_motion/expression/rider/doubt/doubt3.png
[0.934s] -- Up-to-date symlink: /home/sunrise/xgo_demo/install/xgo_motion/share/xgo_motion/expression/rider/doubt/doubt30.png
[0.935s] -- Up-to-date symlink: /home/sunrise/xgo_demo/install/xgo_motion/share/xgo_motion/expression/rider/doubt/doubt31.png
[0.936s] -- Up-to-date symlink: /home/sunrise/xgo_demo/install/xgo_motion/share/xgo_motion/expression/rider/doubt/doubt32.png
[0.937s] -- Up-to-date symlink: /home/sunrise/xgo_demo/install/xgo_motion/share/xgo_motion/expression/rider/doubt/doubt33.png
[0.939s] -- Up-to-date symlink: /home/sunrise/xgo_demo/install/xgo_motion/share/xgo_motion/expression/rider/doubt/doubt34.png
[0.940s] -- Up-to-date symlink: /home/sunrise/xgo_demo/install/xgo_motion/share/xgo_motion/expression/rider/doubt/doubt35.png
[0.941s] -- Up-to-date symlink: /home/sunrise/xgo_demo/install/xgo_motion/share/xgo_motion/expression/rider/doubt/doubt36.png
[0.942s] -- Up-to-date symlink: /home/sunrise/xgo_demo/install/xgo_motion/share/xgo_motion/expression/rider/doubt/doubt37.png
[0.943s] -- Up-to-date symlink: /home/sunrise/xgo_demo/install/xgo_motion/share/xgo_motion/expression/rider/doubt/doubt38.png
[0.944s] -- Up-to-date symlink: /home/sunrise/xgo_demo/install/xgo_motion/share/xgo_motion/expression/rider/doubt/doubt39.png
[0.946s] -- Up-to-date symlink: /home/sunrise/xgo_demo/install/xgo_motion/share/xgo_motion/expression/rider/doubt/doubt4.png
[0.947s] -- Up-to-date symlink: /home/sunrise/xgo_demo/install/xgo_motion/share/xgo_motion/expression/rider/doubt/doubt40.png
[0.948s] -- Up-to-date symlink: /home/sunrise/xgo_demo/install/xgo_motion/share/xgo_motion/expression/rider/doubt/doubt41.png
[0.949s] -- Up-to-date symlink: /home/sunrise/xgo_demo/install/xgo_motion/share/xgo_motion/expression/rider/doubt/doubt42.png
[0.950s] -- Up-to-date symlink: /home/sunrise/xgo_demo/install/xgo_motion/share/xgo_motion/expression/rider/doubt/doubt43.png
[0.951s] -- Up-to-date symlink: /home/sunrise/xgo_demo/install/xgo_motion/share/xgo_motion/expression/rider/doubt/doubt44.png
[0.953s] -- Up-to-date symlink: /home/sunrise/xgo_demo/install/xgo_motion/share/xgo_motion/expression/rider/doubt/doubt45.png
[0.954s] -- Up-to-date symlink: /home/sunrise/xgo_demo/install/xgo_motion/share/xgo_motion/expression/rider/doubt/doubt46.png
[0.955s] -- Up-to-date symlink: /home/sunrise/xgo_demo/install/xgo_motion/share/xgo_motion/expression/rider/doubt/doubt47.png
[0.956s] -- Up-to-date symlink: /home/sunrise/xgo_demo/install/xgo_motion/share/xgo_motion/expression/rider/doubt/doubt48.png
[0.957s] -- Up-to-date symlink: /home/sunrise/xgo_demo/install/xgo_motion/share/xgo_motion/expression/rider/doubt/doubt49.png
[0.959s] -- Up-to-date symlink: /home/sunrise/xgo_demo/install/xgo_motion/share/xgo_motion/expression/rider/doubt/doubt5.png
[0.960s] -- Up-to-date symlink: /home/sunrise/xgo_demo/install/xgo_motion/share/xgo_motion/expression/rider/doubt/doubt50.png
[0.961s] -- Up-to-date symlink: /home/sunrise/xgo_demo/install/xgo_motion/share/xgo_motion/expression/rider/doubt/doubt51.png
[0.962s] -- Up-to-date symlink: /home/sunrise/xgo_demo/install/xgo_motion/share/xgo_motion/expression/rider/doubt/doubt52.png
[0.963s] -- Up-to-date symlink: /home/sunrise/xgo_demo/install/xgo_motion/share/xgo_motion/expression/rider/doubt/doubt53.png
[0.964s] -- Up-to-date symlink: /home/sunrise/xgo_demo/install/xgo_motion/share/xgo_motion/expression/rider/doubt/doubt54.png
[0.965s] -- Up-to-date symlink: /home/sunrise/xgo_demo/install/xgo_motion/share/xgo_motion/expression/rider/doubt/doubt55.png
[0.967s] -- Up-to-date symlink: /home/sunrise/xgo_demo/install/xgo_motion/share/xgo_motion/expression/rider/doubt/doubt56.png
[0.968s] -- Up-to-date symlink: /home/sunrise/xgo_demo/install/xgo_motion/share/xgo_motion/expression/rider/doubt/doubt57.png
[0.969s] -- Up-to-date symlink: /home/sunrise/xgo_demo/install/xgo_motion/share/xgo_motion/expression/rider/doubt/doubt58.png
[0.970s] -- Up-to-date symlink: /home/sunrise/xgo_demo/install/xgo_motion/share/xgo_motion/expression/rider/doubt/doubt59.png
[0.971s] -- Up-to-date symlink: /home/sunrise/xgo_demo/install/xgo_motion/share/xgo_motion/expression/rider/doubt/doubt6.png
[0.973s] -- Up-to-date symlink: /home/sunrise/xgo_demo/install/xgo_motion/share/xgo_motion/expression/rider/doubt/doubt60.png
[0.974s] -- Up-to-date symlink: /home/sunrise/xgo_demo/install/xgo_motion/share/xgo_motion/expression/rider/doubt/doubt61.png
[0.975s] -- Up-to-date symlink: /home/sunrise/xgo_demo/install/xgo_motion/share/xgo_motion/expression/rider/doubt/doubt62.png
[0.976s] -- Up-to-date symlink: /home/sunrise/xgo_demo/install/xgo_motion/share/xgo_motion/expression/rider/doubt/doubt63.png
[0.977s] -- Up-to-date symlink: /home/sunrise/xgo_demo/install/xgo_motion/share/xgo_motion/expression/rider/doubt/doubt64.png
[0.979s] -- Up-to-date symlink: /home/sunrise/xgo_demo/install/xgo_motion/share/xgo_motion/expression/rider/doubt/doubt7.png
[0.980s] -- Up-to-date symlink: /home/sunrise/xgo_demo/install/xgo_motion/share/xgo_motion/expression/rider/doubt/doubt8.png
[0.981s] -- Up-to-date symlink: /home/sunrise/xgo_demo/install/xgo_motion/share/xgo_motion/expression/rider/doubt/doubt9.png
[0.982s] -- Up-to-date symlink: /home/sunrise/xgo_demo/install/xgo_motion/share/xgo_motion/expression/rider/embarrassed/embarrassed1.png
[0.983s] -- Up-to-date symlink: /home/sunrise/xgo_demo/install/xgo_motion/share/xgo_motion/expression/rider/embarrassed/embarrassed10.png
[0.985s] -- Up-to-date symlink: /home/sunrise/xgo_demo/install/xgo_motion/share/xgo_motion/expression/rider/embarrassed/embarrassed11.png
[0.986s] -- Up-to-date symlink: /home/sunrise/xgo_demo/install/xgo_motion/share/xgo_motion/expression/rider/embarrassed/embarrassed12.png
[0.987s] -- Up-to-date symlink: /home/sunrise/xgo_demo/install/xgo_motion/share/xgo_motion/expression/rider/embarrassed/embarrassed13.png
[0.988s] -- Up-to-date symlink: /home/sunrise/xgo_demo/install/xgo_motion/share/xgo_motion/expression/rider/embarrassed/embarrassed14.png
[0.989s] -- Up-to-date symlink: /home/sunrise/xgo_demo/install/xgo_motion/share/xgo_motion/expression/rider/embarrassed/embarrassed15.png
[0.990s] -- Up-to-date symlink: /home/sunrise/xgo_demo/install/xgo_motion/share/xgo_motion/expression/rider/embarrassed/embarrassed16.png
[0.992s] -- Up-to-date symlink: /home/sunrise/xgo_demo/install/xgo_motion/share/xgo_motion/expression/rider/embarrassed/embarrassed17.png
[0.993s] -- Up-to-date symlink: /home/sunrise/xgo_demo/install/xgo_motion/share/xgo_motion/expression/rider/embarrassed/embarrassed18.png
[0.994s] -- Up-to-date symlink: /home/sunrise/xgo_demo/install/xgo_motion/share/xgo_motion/expression/rider/embarrassed/embarrassed19.png
[0.995s] -- Up-to-date symlink: /home/sunrise/xgo_demo/install/xgo_motion/share/xgo_motion/expression/rider/embarrassed/embarrassed2.png
[0.996s] -- Up-to-date symlink: /home/sunrise/xgo_demo/install/xgo_motion/share/xgo_motion/expression/rider/embarrassed/embarrassed20.png
[0.998s] -- Up-to-date symlink: /home/sunrise/xgo_demo/install/xgo_motion/share/xgo_motion/expression/rider/embarrassed/embarrassed21.png
[0.999s] -- Up-to-date symlink: /home/sunrise/xgo_demo/install/xgo_motion/share/xgo_motion/expression/rider/embarrassed/embarrassed22.png
[1.000s] -- Up-to-date symlink: /home/sunrise/xgo_demo/install/xgo_motion/share/xgo_motion/expression/rider/embarrassed/embarrassed23.png
[1.001s] -- Up-to-date symlink: /home/sunrise/xgo_demo/install/xgo_motion/share/xgo_motion/expression/rider/embarrassed/embarrassed24.png
[1.002s] -- Up-to-date symlink: /home/sunrise/xgo_demo/install/xgo_motion/share/xgo_motion/expression/rider/embarrassed/embarrassed25.png
[1.003s] -- Up-to-date symlink: /home/sunrise/xgo_demo/install/xgo_motion/share/xgo_motion/expression/rider/embarrassed/embarrassed26.png
[1.005s] -- Up-to-date symlink: /home/sunrise/xgo_demo/install/xgo_motion/share/xgo_motion/expression/rider/embarrassed/embarrassed27.png
[1.006s] -- Up-to-date symlink: /home/sunrise/xgo_demo/install/xgo_motion/share/xgo_motion/expression/rider/embarrassed/embarrassed28.png
[1.007s] -- Up-to-date symlink: /home/sunrise/xgo_demo/install/xgo_motion/share/xgo_motion/expression/rider/embarrassed/embarrassed29.png
[1.008s] -- Up-to-date symlink: /home/sunrise/xgo_demo/install/xgo_motion/share/xgo_motion/expression/rider/embarrassed/embarrassed3.png
[1.009s] -- Up-to-date symlink: /home/sunrise/xgo_demo/install/xgo_motion/share/xgo_motion/expression/rider/embarrassed/embarrassed30.png
[1.010s] -- Up-to-date symlink: /home/sunrise/xgo_demo/install/xgo_motion/share/xgo_motion/expression/rider/embarrassed/embarrassed31.png
[1.012s] -- Up-to-date symlink: /home/sunrise/xgo_demo/install/xgo_motion/share/xgo_motion/expression/rider/embarrassed/embarrassed32.png
[1.013s] -- Up-to-date symlink: /home/sunrise/xgo_demo/install/xgo_motion/share/xgo_motion/expression/rider/embarrassed/embarrassed33.png
[1.014s] -- Up-to-date symlink: /home/sunrise/xgo_demo/install/xgo_motion/share/xgo_motion/expression/rider/embarrassed/embarrassed34.png
[1.015s] -- Up-to-date symlink: /home/sunrise/xgo_demo/install/xgo_motion/share/xgo_motion/expression/rider/embarrassed/embarrassed35.png
[1.016s] -- Up-to-date symlink: /home/sunrise/xgo_demo/install/xgo_motion/share/xgo_motion/expression/rider/embarrassed/embarrassed36.png
[1.018s] -- Up-to-date symlink: /home/sunrise/xgo_demo/install/xgo_motion/share/xgo_motion/expression/rider/embarrassed/embarrassed37.png
[1.019s] -- Up-to-date symlink: /home/sunrise/xgo_demo/install/xgo_motion/share/xgo_motion/expression/rider/embarrassed/embarrassed38.png
[1.020s] -- Up-to-date symlink: /home/sunrise/xgo_demo/install/xgo_motion/share/xgo_motion/expression/rider/embarrassed/embarrassed39.png
[1.021s] -- Up-to-date symlink: /home/sunrise/xgo_demo/install/xgo_motion/share/xgo_motion/expression/rider/embarrassed/embarrassed4.png
[1.022s] -- Up-to-date symlink: /home/sunrise/xgo_demo/install/xgo_motion/share/xgo_motion/expression/rider/embarrassed/embarrassed40.png
[1.023s] -- Up-to-date symlink: /home/sunrise/xgo_demo/install/xgo_motion/share/xgo_motion/expression/rider/embarrassed/embarrassed41.png
[1.025s] -- Up-to-date symlink: /home/sunrise/xgo_demo/install/xgo_motion/share/xgo_motion/expression/rider/embarrassed/embarrassed42.png
[1.026s] -- Up-to-date symlink: /home/sunrise/xgo_demo/install/xgo_motion/share/xgo_motion/expression/rider/embarrassed/embarrassed43.png
[1.027s] -- Up-to-date symlink: /home/sunrise/xgo_demo/install/xgo_motion/share/xgo_motion/expression/rider/embarrassed/embarrassed44.png
[1.028s] -- Up-to-date symlink: /home/sunrise/xgo_demo/install/xgo_motion/share/xgo_motion/expression/rider/embarrassed/embarrassed45.png
[1.029s] -- Up-to-date symlink: /home/sunrise/xgo_demo/install/xgo_motion/share/xgo_motion/expression/rider/embarrassed/embarrassed46.png
[1.031s] -- Up-to-date symlink: /home/sunrise/xgo_demo/install/xgo_motion/share/xgo_motion/expression/rider/embarrassed/embarrassed47.png
[1.032s] -- Up-to-date symlink: /home/sunrise/xgo_demo/install/xgo_motion/share/xgo_motion/expression/rider/embarrassed/embarrassed48.png
[1.033s] -- Up-to-date symlink: /home/sunrise/xgo_demo/install/xgo_motion/share/xgo_motion/expression/rider/embarrassed/embarrassed49.png
[1.034s] -- Up-to-date symlink: /home/sunrise/xgo_demo/install/xgo_motion/share/xgo_motion/expression/rider/embarrassed/embarrassed5.png
[1.035s] -- Up-to-date symlink: /home/sunrise/xgo_demo/install/xgo_motion/share/xgo_motion/expression/rider/embarrassed/embarrassed50.png
[1.036s] -- Up-to-date symlink: /home/sunrise/xgo_demo/install/xgo_motion/share/xgo_motion/expression/rider/embarrassed/embarrassed51.png
[1.037s] -- Up-to-date symlink: /home/sunrise/xgo_demo/install/xgo_motion/share/xgo_motion/expression/rider/embarrassed/embarrassed52.png
[1.039s] -- Up-to-date symlink: /home/sunrise/xgo_demo/install/xgo_motion/share/xgo_motion/expression/rider/embarrassed/embarrassed53.png
[1.040s] -- Up-to-date symlink: /home/sunrise/xgo_demo/install/xgo_motion/share/xgo_motion/expression/rider/embarrassed/embarrassed54.png
[1.041s] -- Up-to-date symlink: /home/sunrise/xgo_demo/install/xgo_motion/share/xgo_motion/expression/rider/embarrassed/embarrassed55.png
[1.042s] -- Up-to-date symlink: /home/sunrise/xgo_demo/install/xgo_motion/share/xgo_motion/expression/rider/embarrassed/embarrassed56.png
[1.043s] -- Up-to-date symlink: /home/sunrise/xgo_demo/install/xgo_motion/share/xgo_motion/expression/rider/embarrassed/embarrassed57.png
[1.045s] -- Up-to-date symlink: /home/sunrise/xgo_demo/install/xgo_motion/share/xgo_motion/expression/rider/embarrassed/embarrassed58.png
[1.046s] -- Up-to-date symlink: /home/sunrise/xgo_demo/install/xgo_motion/share/xgo_motion/expression/rider/embarrassed/embarrassed59.png
[1.047s] -- Up-to-date symlink: /home/sunrise/xgo_demo/install/xgo_motion/share/xgo_motion/expression/rider/embarrassed/embarrassed6.png
[1.048s] -- Up-to-date symlink: /home/sunrise/xgo_demo/install/xgo_motion/share/xgo_motion/expression/rider/embarrassed/embarrassed60.png
[1.049s] -- Up-to-date symlink: /home/sunrise/xgo_demo/install/xgo_motion/share/xgo_motion/expression/rider/embarrassed/embarrassed61.png
[1.050s] -- Up-to-date symlink: /home/sunrise/xgo_demo/install/xgo_motion/share/xgo_motion/expression/rider/embarrassed/embarrassed62.png
[1.052s] -- Up-to-date symlink: /home/sunrise/xgo_demo/install/xgo_motion/share/xgo_motion/expression/rider/embarrassed/embarrassed63.png
[1.053s] -- Up-to-date symlink: /home/sunrise/xgo_demo/install/xgo_motion/share/xgo_motion/expression/rider/embarrassed/embarrassed64.png
[1.054s] -- Up-to-date symlink: /home/sunrise/xgo_demo/install/xgo_motion/share/xgo_motion/expression/rider/embarrassed/embarrassed65.png
[1.055s] -- Up-to-date symlink: /home/sunrise/xgo_demo/install/xgo_motion/share/xgo_motion/expression/rider/embarrassed/embarrassed66.png
[1.056s] -- Up-to-date symlink: /home/sunrise/xgo_demo/install/xgo_motion/share/xgo_motion/expression/rider/embarrassed/embarrassed7.png
[1.058s] -- Up-to-date symlink: /home/sunrise/xgo_demo/install/xgo_motion/share/xgo_motion/expression/rider/embarrassed/embarrassed8.png
[1.059s] -- Up-to-date symlink: /home/sunrise/xgo_demo/install/xgo_motion/share/xgo_motion/expression/rider/embarrassed/embarrassed9.png
[1.060s] -- Up-to-date symlink: /home/sunrise/xgo_demo/install/xgo_motion/share/xgo_motion/expression/rider/grievance/grievance1.png
[1.061s] -- Up-to-date symlink: /home/sunrise/xgo_demo/install/xgo_motion/share/xgo_motion/expression/rider/grievance/grievance10.png
[1.062s] -- Up-to-date symlink: /home/sunrise/xgo_demo/install/xgo_motion/share/xgo_motion/expression/rider/grievance/grievance11.png
[1.063s] -- Up-to-date symlink: /home/sunrise/xgo_demo/install/xgo_motion/share/xgo_motion/expression/rider/grievance/grievance12.png
[1.065s] -- Up-to-date symlink: /home/sunrise/xgo_demo/install/xgo_motion/share/xgo_motion/expression/rider/grievance/grievance13.png
[1.066s] -- Up-to-date symlink: /home/sunrise/xgo_demo/install/xgo_motion/share/xgo_motion/expression/rider/grievance/grievance14.png
[1.067s] -- Up-to-date symlink: /home/sunrise/xgo_demo/install/xgo_motion/share/xgo_motion/expression/rider/grievance/grievance15.png
[1.068s] -- Up-to-date symlink: /home/sunrise/xgo_demo/install/xgo_motion/share/xgo_motion/expression/rider/grievance/grievance16.png
[1.069s] -- Up-to-date symlink: /home/sunrise/xgo_demo/install/xgo_motion/share/xgo_motion/expression/rider/grievance/grievance17.png
[1.071s] -- Up-to-date symlink: /home/sunrise/xgo_demo/install/xgo_motion/share/xgo_motion/expression/rider/grievance/grievance18.png
[1.072s] -- Up-to-date symlink: /home/sunrise/xgo_demo/install/xgo_motion/share/xgo_motion/expression/rider/grievance/grievance19.png
[1.073s] -- Up-to-date symlink: /home/sunrise/xgo_demo/install/xgo_motion/share/xgo_motion/expression/rider/grievance/grievance2.png
[1.074s] -- Up-to-date symlink: /home/sunrise/xgo_demo/install/xgo_motion/share/xgo_motion/expression/rider/grievance/grievance20.png
[1.075s] -- Up-to-date symlink: /home/sunrise/xgo_demo/install/xgo_motion/share/xgo_motion/expression/rider/grievance/grievance21.png
[1.077s] -- Up-to-date symlink: /home/sunrise/xgo_demo/install/xgo_motion/share/xgo_motion/expression/rider/grievance/grievance22.png
[1.078s] -- Up-to-date symlink: /home/sunrise/xgo_demo/install/xgo_motion/share/xgo_motion/expression/rider/grievance/grievance23.png
[1.079s] -- Up-to-date symlink: /home/sunrise/xgo_demo/install/xgo_motion/share/xgo_motion/expression/rider/grievance/grievance24.png
[1.080s] -- Up-to-date symlink: /home/sunrise/xgo_demo/install/xgo_motion/share/xgo_motion/expression/rider/grievance/grievance25.png
[1.081s] -- Up-to-date symlink: /home/sunrise/xgo_demo/install/xgo_motion/share/xgo_motion/expression/rider/grievance/grievance26.png
[1.083s] -- Up-to-date symlink: /home/sunrise/xgo_demo/install/xgo_motion/share/xgo_motion/expression/rider/grievance/grievance27.png
[1.084s] -- Up-to-date symlink: /home/sunrise/xgo_demo/install/xgo_motion/share/xgo_motion/expression/rider/grievance/grievance28.png
[1.085s] -- Up-to-date symlink: /home/sunrise/xgo_demo/install/xgo_motion/share/xgo_motion/expression/rider/grievance/grievance29.png
[1.086s] -- Up-to-date symlink: /home/sunrise/xgo_demo/install/xgo_motion/share/xgo_motion/expression/rider/grievance/grievance3.png
[1.087s] -- Up-to-date symlink: /home/sunrise/xgo_demo/install/xgo_motion/share/xgo_motion/expression/rider/grievance/grievance30.png
[1.088s] -- Up-to-date symlink: /home/sunrise/xgo_demo/install/xgo_motion/share/xgo_motion/expression/rider/grievance/grievance31.png
[1.090s] -- Up-to-date symlink: /home/sunrise/xgo_demo/install/xgo_motion/share/xgo_motion/expression/rider/grievance/grievance32.png
[1.091s] -- Up-to-date symlink: /home/sunrise/xgo_demo/install/xgo_motion/share/xgo_motion/expression/rider/grievance/grievance33.png
[1.092s] -- Up-to-date symlink: /home/sunrise/xgo_demo/install/xgo_motion/share/xgo_motion/expression/rider/grievance/grievance34.png
[1.093s] -- Up-to-date symlink: /home/sunrise/xgo_demo/install/xgo_motion/share/xgo_motion/expression/rider/grievance/grievance35.png
[1.094s] -- Up-to-date symlink: /home/sunrise/xgo_demo/install/xgo_motion/share/xgo_motion/expression/rider/grievance/grievance36.png
[1.095s] -- Up-to-date symlink: /home/sunrise/xgo_demo/install/xgo_motion/share/xgo_motion/expression/rider/grievance/grievance37.png
[1.097s] -- Up-to-date symlink: /home/sunrise/xgo_demo/install/xgo_motion/share/xgo_motion/expression/rider/grievance/grievance38.png
[1.098s] -- Up-to-date symlink: /home/sunrise/xgo_demo/install/xgo_motion/share/xgo_motion/expression/rider/grievance/grievance39.png
[1.099s] -- Up-to-date symlink: /home/sunrise/xgo_demo/install/xgo_motion/share/xgo_motion/expression/rider/grievance/grievance4.png
[1.100s] -- Up-to-date symlink: /home/sunrise/xgo_demo/install/xgo_motion/share/xgo_motion/expression/rider/grievance/grievance40.png
[1.101s] -- Up-to-date symlink: /home/sunrise/xgo_demo/install/xgo_motion/share/xgo_motion/expression/rider/grievance/grievance41.png
[1.102s] -- Up-to-date symlink: /home/sunrise/xgo_demo/install/xgo_motion/share/xgo_motion/expression/rider/grievance/grievance42.png
[1.104s] -- Up-to-date symlink: /home/sunrise/xgo_demo/install/xgo_motion/share/xgo_motion/expression/rider/grievance/grievance43.png
[1.105s] -- Up-to-date symlink: /home/sunrise/xgo_demo/install/xgo_motion/share/xgo_motion/expression/rider/grievance/grievance44.png
[1.106s] -- Up-to-date symlink: /home/sunrise/xgo_demo/install/xgo_motion/share/xgo_motion/expression/rider/grievance/grievance45.png
[1.107s] -- Up-to-date symlink: /home/sunrise/xgo_demo/install/xgo_motion/share/xgo_motion/expression/rider/grievance/grievance46.png
[1.108s] -- Up-to-date symlink: /home/sunrise/xgo_demo/install/xgo_motion/share/xgo_motion/expression/rider/grievance/grievance47.png
[1.110s] -- Up-to-date symlink: /home/sunrise/xgo_demo/install/xgo_motion/share/xgo_motion/expression/rider/grievance/grievance48.png
[1.111s] -- Up-to-date symlink: /home/sunrise/xgo_demo/install/xgo_motion/share/xgo_motion/expression/rider/grievance/grievance49.png
[1.112s] -- Up-to-date symlink: /home/sunrise/xgo_demo/install/xgo_motion/share/xgo_motion/expression/rider/grievance/grievance5.png
[1.113s] -- Up-to-date symlink: /home/sunrise/xgo_demo/install/xgo_motion/share/xgo_motion/expression/rider/grievance/grievance50.png
[1.114s] -- Up-to-date symlink: /home/sunrise/xgo_demo/install/xgo_motion/share/xgo_motion/expression/rider/grievance/grievance51.png
[1.115s] -- Up-to-date symlink: /home/sunrise/xgo_demo/install/xgo_motion/share/xgo_motion/expression/rider/grievance/grievance52.png
[1.117s] -- Up-to-date symlink: /home/sunrise/xgo_demo/install/xgo_motion/share/xgo_motion/expression/rider/grievance/grievance53.png
[1.118s] -- Up-to-date symlink: /home/sunrise/xgo_demo/install/xgo_motion/share/xgo_motion/expression/rider/grievance/grievance54.png
[1.119s] -- Up-to-date symlink: /home/sunrise/xgo_demo/install/xgo_motion/share/xgo_motion/expression/rider/grievance/grievance55.png
[1.120s] -- Up-to-date symlink: /home/sunrise/xgo_demo/install/xgo_motion/share/xgo_motion/expression/rider/grievance/grievance56.png
[1.121s] -- Up-to-date symlink: /home/sunrise/xgo_demo/install/xgo_motion/share/xgo_motion/expression/rider/grievance/grievance57.png
[1.122s] -- Up-to-date symlink: /home/sunrise/xgo_demo/install/xgo_motion/share/xgo_motion/expression/rider/grievance/grievance58.png
[1.124s] -- Up-to-date symlink: /home/sunrise/xgo_demo/install/xgo_motion/share/xgo_motion/expression/rider/grievance/grievance59.png
[1.125s] -- Up-to-date symlink: /home/sunrise/xgo_demo/install/xgo_motion/share/xgo_motion/expression/rider/grievance/grievance6.png
[1.126s] -- Up-to-date symlink: /home/sunrise/xgo_demo/install/xgo_motion/share/xgo_motion/expression/rider/grievance/grievance60.png
[1.127s] -- Up-to-date symlink: /home/sunrise/xgo_demo/install/xgo_motion/share/xgo_motion/expression/rider/grievance/grievance61.png
[1.128s] -- Up-to-date symlink: /home/sunrise/xgo_demo/install/xgo_motion/share/xgo_motion/expression/rider/grievance/grievance62.png
[1.129s] -- Up-to-date symlink: /home/sunrise/xgo_demo/install/xgo_motion/share/xgo_motion/expression/rider/grievance/grievance63.png
[1.131s] -- Up-to-date symlink: /home/sunrise/xgo_demo/install/xgo_motion/share/xgo_motion/expression/rider/grievance/grievance64.png
[1.132s] -- Up-to-date symlink: /home/sunrise/xgo_demo/install/xgo_motion/share/xgo_motion/expression/rider/grievance/grievance65.png
[1.133s] -- Up-to-date symlink: /home/sunrise/xgo_demo/install/xgo_motion/share/xgo_motion/expression/rider/grievance/grievance66.png
[1.134s] -- Up-to-date symlink: /home/sunrise/xgo_demo/install/xgo_motion/share/xgo_motion/expression/rider/grievance/grievance67.png
[1.135s] -- Up-to-date symlink: /home/sunrise/xgo_demo/install/xgo_motion/share/xgo_motion/expression/rider/grievance/grievance68.png
[1.136s] -- Up-to-date symlink: /home/sunrise/xgo_demo/install/xgo_motion/share/xgo_motion/expression/rider/grievance/grievance69.png
[1.138s] -- Up-to-date symlink: /home/sunrise/xgo_demo/install/xgo_motion/share/xgo_motion/expression/rider/grievance/grievance7.png
[1.139s] -- Up-to-date symlink: /home/sunrise/xgo_demo/install/xgo_motion/share/xgo_motion/expression/rider/grievance/grievance70.png
[1.140s] -- Up-to-date symlink: /home/sunrise/xgo_demo/install/xgo_motion/share/xgo_motion/expression/rider/grievance/grievance71.png
[1.141s] -- Up-to-date symlink: /home/sunrise/xgo_demo/install/xgo_motion/share/xgo_motion/expression/rider/grievance/grievance72.png
[1.142s] -- Up-to-date symlink: /home/sunrise/xgo_demo/install/xgo_motion/share/xgo_motion/expression/rider/grievance/grievance8.png
[1.144s] -- Up-to-date symlink: /home/sunrise/xgo_demo/install/xgo_motion/share/xgo_motion/expression/rider/grievance/grievance9.png
[1.145s] -- Up-to-date symlink: /home/sunrise/xgo_demo/install/xgo_motion/share/xgo_motion/expression/rider/hate/hate1.png
[1.146s] -- Up-to-date symlink: /home/sunrise/xgo_demo/install/xgo_motion/share/xgo_motion/expression/rider/hate/hate10.png
[1.147s] -- Up-to-date symlink: /home/sunrise/xgo_demo/install/xgo_motion/share/xgo_motion/expression/rider/hate/hate11.png
[1.148s] -- Up-to-date symlink: /home/sunrise/xgo_demo/install/xgo_motion/share/xgo_motion/expression/rider/hate/hate12.png
[1.150s] -- Up-to-date symlink: /home/sunrise/xgo_demo/install/xgo_motion/share/xgo_motion/expression/rider/hate/hate13.png
[1.151s] -- Up-to-date symlink: /home/sunrise/xgo_demo/install/xgo_motion/share/xgo_motion/expression/rider/hate/hate14.png
[1.152s] -- Up-to-date symlink: /home/sunrise/xgo_demo/install/xgo_motion/share/xgo_motion/expression/rider/hate/hate15.png
[1.153s] -- Up-to-date symlink: /home/sunrise/xgo_demo/install/xgo_motion/share/xgo_motion/expression/rider/hate/hate16.png
[1.154s] -- Up-to-date symlink: /home/sunrise/xgo_demo/install/xgo_motion/share/xgo_motion/expression/rider/hate/hate17.png
[1.155s] -- Up-to-date symlink: /home/sunrise/xgo_demo/install/xgo_motion/share/xgo_motion/expression/rider/hate/hate18.png
[1.156s] -- Up-to-date symlink: /home/sunrise/xgo_demo/install/xgo_motion/share/xgo_motion/expression/rider/hate/hate19.png
[1.158s] -- Up-to-date symlink: /home/sunrise/xgo_demo/install/xgo_motion/share/xgo_motion/expression/rider/hate/hate2.png
[1.159s] -- Up-to-date symlink: /home/sunrise/xgo_demo/install/xgo_motion/share/xgo_motion/expression/rider/hate/hate20.png
[1.160s] -- Up-to-date symlink: /home/sunrise/xgo_demo/install/xgo_motion/share/xgo_motion/expression/rider/hate/hate21.png
[1.161s] -- Up-to-date symlink: /home/sunrise/xgo_demo/install/xgo_motion/share/xgo_motion/expression/rider/hate/hate22.png
[1.162s] -- Up-to-date symlink: /home/sunrise/xgo_demo/install/xgo_motion/share/xgo_motion/expression/rider/hate/hate23.png
[1.164s] -- Up-to-date symlink: /home/sunrise/xgo_demo/install/xgo_motion/share/xgo_motion/expression/rider/hate/hate24.png
[1.165s] -- Up-to-date symlink: /home/sunrise/xgo_demo/install/xgo_motion/share/xgo_motion/expression/rider/hate/hate25.png
[1.166s] -- Up-to-date symlink: /home/sunrise/xgo_demo/install/xgo_motion/share/xgo_motion/expression/rider/hate/hate26.png
[1.167s] -- Up-to-date symlink: /home/sunrise/xgo_demo/install/xgo_motion/share/xgo_motion/expression/rider/hate/hate27.png
[1.168s] -- Up-to-date symlink: /home/sunrise/xgo_demo/install/xgo_motion/share/xgo_motion/expression/rider/hate/hate28.png
[1.169s] -- Up-to-date symlink: /home/sunrise/xgo_demo/install/xgo_motion/share/xgo_motion/expression/rider/hate/hate29.png
[1.171s] -- Up-to-date symlink: /home/sunrise/xgo_demo/install/xgo_motion/share/xgo_motion/expression/rider/hate/hate3.png
[1.172s] -- Up-to-date symlink: /home/sunrise/xgo_demo/install/xgo_motion/share/xgo_motion/expression/rider/hate/hate30.png
[1.173s] -- Up-to-date symlink: /home/sunrise/xgo_demo/install/xgo_motion/share/xgo_motion/expression/rider/hate/hate31.png
[1.174s] -- Up-to-date symlink: /home/sunrise/xgo_demo/install/xgo_motion/share/xgo_motion/expression/rider/hate/hate32.png
[1.175s] -- Up-to-date symlink: /home/sunrise/xgo_demo/install/xgo_motion/share/xgo_motion/expression/rider/hate/hate33.png
[1.177s] -- Up-to-date symlink: /home/sunrise/xgo_demo/install/xgo_motion/share/xgo_motion/expression/rider/hate/hate34.png
[1.178s] -- Up-to-date symlink: /home/sunrise/xgo_demo/install/xgo_motion/share/xgo_motion/expression/rider/hate/hate35.png
[1.179s] -- Up-to-date symlink: /home/sunrise/xgo_demo/install/xgo_motion/share/xgo_motion/expression/rider/hate/hate36.png
[1.180s] -- Up-to-date symlink: /home/sunrise/xgo_demo/install/xgo_motion/share/xgo_motion/expression/rider/hate/hate37.png
[1.181s] -- Up-to-date symlink: /home/sunrise/xgo_demo/install/xgo_motion/share/xgo_motion/expression/rider/hate/hate38.png
[1.183s] -- Up-to-date symlink: /home/sunrise/xgo_demo/install/xgo_motion/share/xgo_motion/expression/rider/hate/hate39.png
[1.184s] -- Up-to-date symlink: /home/sunrise/xgo_demo/install/xgo_motion/share/xgo_motion/expression/rider/hate/hate4.png
[1.185s] -- Up-to-date symlink: /home/sunrise/xgo_demo/install/xgo_motion/share/xgo_motion/expression/rider/hate/hate40.png
[1.186s] -- Up-to-date symlink: /home/sunrise/xgo_demo/install/xgo_motion/share/xgo_motion/expression/rider/hate/hate41.png
[1.187s] -- Up-to-date symlink: /home/sunrise/xgo_demo/install/xgo_motion/share/xgo_motion/expression/rider/hate/hate42.png
[1.188s] -- Up-to-date symlink: /home/sunrise/xgo_demo/install/xgo_motion/share/xgo_motion/expression/rider/hate/hate43.png
[1.190s] -- Up-to-date symlink: /home/sunrise/xgo_demo/install/xgo_motion/share/xgo_motion/expression/rider/hate/hate44.png
[1.191s] -- Up-to-date symlink: /home/sunrise/xgo_demo/install/xgo_motion/share/xgo_motion/expression/rider/hate/hate45.png
[1.192s] -- Up-to-date symlink: /home/sunrise/xgo_demo/install/xgo_motion/share/xgo_motion/expression/rider/hate/hate46.png
[1.193s] -- Up-to-date symlink: /home/sunrise/xgo_demo/install/xgo_motion/share/xgo_motion/expression/rider/hate/hate47.png
[1.194s] -- Up-to-date symlink: /home/sunrise/xgo_demo/install/xgo_motion/share/xgo_motion/expression/rider/hate/hate48.png
[1.195s] -- Up-to-date symlink: /home/sunrise/xgo_demo/install/xgo_motion/share/xgo_motion/expression/rider/hate/hate49.png
[1.197s] -- Up-to-date symlink: /home/sunrise/xgo_demo/install/xgo_motion/share/xgo_motion/expression/rider/hate/hate5.png
[1.198s] -- Up-to-date symlink: /home/sunrise/xgo_demo/install/xgo_motion/share/xgo_motion/expression/rider/hate/hate50.png
[1.199s] -- Up-to-date symlink: /home/sunrise/xgo_demo/install/xgo_motion/share/xgo_motion/expression/rider/hate/hate51.png
[1.200s] -- Up-to-date symlink: /home/sunrise/xgo_demo/install/xgo_motion/share/xgo_motion/expression/rider/hate/hate52.png
[1.201s] -- Up-to-date symlink: /home/sunrise/xgo_demo/install/xgo_motion/share/xgo_motion/expression/rider/hate/hate53.png
[1.202s] -- Up-to-date symlink: /home/sunrise/xgo_demo/install/xgo_motion/share/xgo_motion/expression/rider/hate/hate54.png
[1.204s] -- Up-to-date symlink: /home/sunrise/xgo_demo/install/xgo_motion/share/xgo_motion/expression/rider/hate/hate55.png
[1.205s] -- Up-to-date symlink: /home/sunrise/xgo_demo/install/xgo_motion/share/xgo_motion/expression/rider/hate/hate56.png
[1.206s] -- Up-to-date symlink: /home/sunrise/xgo_demo/install/xgo_motion/share/xgo_motion/expression/rider/hate/hate57.png
[1.207s] -- Up-to-date symlink: /home/sunrise/xgo_demo/install/xgo_motion/share/xgo_motion/expression/rider/hate/hate58.png
[1.208s] -- Up-to-date symlink: /home/sunrise/xgo_demo/install/xgo_motion/share/xgo_motion/expression/rider/hate/hate59.png
[1.209s] -- Up-to-date symlink: /home/sunrise/xgo_demo/install/xgo_motion/share/xgo_motion/expression/rider/hate/hate6.png
[1.211s] -- Up-to-date symlink: /home/sunrise/xgo_demo/install/xgo_motion/share/xgo_motion/expression/rider/hate/hate60.png
[1.212s] -- Up-to-date symlink: /home/sunrise/xgo_demo/install/xgo_motion/share/xgo_motion/expression/rider/hate/hate61.png
[1.213s] -- Up-to-date symlink: /home/sunrise/xgo_demo/install/xgo_motion/share/xgo_motion/expression/rider/hate/hate62.png
[1.214s] -- Up-to-date symlink: /home/sunrise/xgo_demo/install/xgo_motion/share/xgo_motion/expression/rider/hate/hate63.png
[1.215s] -- Up-to-date symlink: /home/sunrise/xgo_demo/install/xgo_motion/share/xgo_motion/expression/rider/hate/hate64.png
[1.216s] -- Up-to-date symlink: /home/sunrise/xgo_demo/install/xgo_motion/share/xgo_motion/expression/rider/hate/hate65.png
[1.218s] -- Up-to-date symlink: /home/sunrise/xgo_demo/install/xgo_motion/share/xgo_motion/expression/rider/hate/hate66.png
[1.219s] -- Up-to-date symlink: /home/sunrise/xgo_demo/install/xgo_motion/share/xgo_motion/expression/rider/hate/hate67.png
[1.220s] -- Up-to-date symlink: /home/sunrise/xgo_demo/install/xgo_motion/share/xgo_motion/expression/rider/hate/hate68.png
[1.221s] -- Up-to-date symlink: /home/sunrise/xgo_demo/install/xgo_motion/share/xgo_motion/expression/rider/hate/hate69.png
[1.223s] -- Up-to-date symlink: /home/sunrise/xgo_demo/install/xgo_motion/share/xgo_motion/expression/rider/hate/hate7.png
[1.224s] -- Up-to-date symlink: /home/sunrise/xgo_demo/install/xgo_motion/share/xgo_motion/expression/rider/hate/hate70.png
[1.225s] -- Up-to-date symlink: /home/sunrise/xgo_demo/install/xgo_motion/share/xgo_motion/expression/rider/hate/hate71.png
[1.226s] -- Up-to-date symlink: /home/sunrise/xgo_demo/install/xgo_motion/share/xgo_motion/expression/rider/hate/hate72.png
[1.227s] -- Up-to-date symlink: /home/sunrise/xgo_demo/install/xgo_motion/share/xgo_motion/expression/rider/hate/hate73.png
[1.228s] -- Up-to-date symlink: /home/sunrise/xgo_demo/install/xgo_motion/share/xgo_motion/expression/rider/hate/hate74.png
[1.230s] -- Up-to-date symlink: /home/sunrise/xgo_demo/install/xgo_motion/share/xgo_motion/expression/rider/hate/hate75.png
[1.231s] -- Up-to-date symlink: /home/sunrise/xgo_demo/install/xgo_motion/share/xgo_motion/expression/rider/hate/hate76.png
[1.232s] -- Up-to-date symlink: /home/sunrise/xgo_demo/install/xgo_motion/share/xgo_motion/expression/rider/hate/hate77.png
[1.233s] -- Up-to-date symlink: /home/sunrise/xgo_demo/install/xgo_motion/share/xgo_motion/expression/rider/hate/hate78.png
[1.234s] -- Up-to-date symlink: /home/sunrise/xgo_demo/install/xgo_motion/share/xgo_motion/expression/rider/hate/hate79.png
[1.235s] -- Up-to-date symlink: /home/sunrise/xgo_demo/install/xgo_motion/share/xgo_motion/expression/rider/hate/hate8.png
[1.237s] -- Up-to-date symlink: /home/sunrise/xgo_demo/install/xgo_motion/share/xgo_motion/expression/rider/hate/hate80.png
[1.238s] -- Up-to-date symlink: /home/sunrise/xgo_demo/install/xgo_motion/share/xgo_motion/expression/rider/hate/hate81.png
[1.239s] -- Up-to-date symlink: /home/sunrise/xgo_demo/install/xgo_motion/share/xgo_motion/expression/rider/hate/hate9.png
[1.240s] -- Up-to-date symlink: /home/sunrise/xgo_demo/install/xgo_motion/share/xgo_motion/expression/rider/laugh/laugh1.png
[1.241s] -- Up-to-date symlink: /home/sunrise/xgo_demo/install/xgo_motion/share/xgo_motion/expression/rider/laugh/laugh10.png
[1.242s] -- Up-to-date symlink: /home/sunrise/xgo_demo/install/xgo_motion/share/xgo_motion/expression/rider/laugh/laugh11.png
[1.244s] -- Up-to-date symlink: /home/sunrise/xgo_demo/install/xgo_motion/share/xgo_motion/expression/rider/laugh/laugh12.png
[1.245s] -- Up-to-date symlink: /home/sunrise/xgo_demo/install/xgo_motion/share/xgo_motion/expression/rider/laugh/laugh13.png
[1.246s] -- Up-to-date symlink: /home/sunrise/xgo_demo/install/xgo_motion/share/xgo_motion/expression/rider/laugh/laugh14.png
[1.247s] -- Up-to-date symlink: /home/sunrise/xgo_demo/install/xgo_motion/share/xgo_motion/expression/rider/laugh/laugh15.png
[1.248s] -- Up-to-date symlink: /home/sunrise/xgo_demo/install/xgo_motion/share/xgo_motion/expression/rider/laugh/laugh16.png
[1.249s] -- Up-to-date symlink: /home/sunrise/xgo_demo/install/xgo_motion/share/xgo_motion/expression/rider/laugh/laugh17.png
[1.251s] -- Up-to-date symlink: /home/sunrise/xgo_demo/install/xgo_motion/share/xgo_motion/expression/rider/laugh/laugh18.png
[1.252s] -- Up-to-date symlink: /home/sunrise/xgo_demo/install/xgo_motion/share/xgo_motion/expression/rider/laugh/laugh19.png
[1.253s] -- Up-to-date symlink: /home/sunrise/xgo_demo/install/xgo_motion/share/xgo_motion/expression/rider/laugh/laugh2.png
[1.254s] -- Up-to-date symlink: /home/sunrise/xgo_demo/install/xgo_motion/share/xgo_motion/expression/rider/laugh/laugh20.png
[1.255s] -- Up-to-date symlink: /home/sunrise/xgo_demo/install/xgo_motion/share/xgo_motion/expression/rider/laugh/laugh21.png
[1.256s] -- Up-to-date symlink: /home/sunrise/xgo_demo/install/xgo_motion/share/xgo_motion/expression/rider/laugh/laugh22.png
[1.258s] -- Up-to-date symlink: /home/sunrise/xgo_demo/install/xgo_motion/share/xgo_motion/expression/rider/laugh/laugh23.png
[1.259s] -- Up-to-date symlink: /home/sunrise/xgo_demo/install/xgo_motion/share/xgo_motion/expression/rider/laugh/laugh24.png
[1.260s] -- Up-to-date symlink: /home/sunrise/xgo_demo/install/xgo_motion/share/xgo_motion/expression/rider/laugh/laugh25.png
[1.261s] -- Up-to-date symlink: /home/sunrise/xgo_demo/install/xgo_motion/share/xgo_motion/expression/rider/laugh/laugh26.png
[1.262s] -- Up-to-date symlink: /home/sunrise/xgo_demo/install/xgo_motion/share/xgo_motion/expression/rider/laugh/laugh27.png
[1.263s] -- Up-to-date symlink: /home/sunrise/xgo_demo/install/xgo_motion/share/xgo_motion/expression/rider/laugh/laugh28.png
[1.265s] -- Up-to-date symlink: /home/sunrise/xgo_demo/install/xgo_motion/share/xgo_motion/expression/rider/laugh/laugh29.png
[1.266s] -- Up-to-date symlink: /home/sunrise/xgo_demo/install/xgo_motion/share/xgo_motion/expression/rider/laugh/laugh3.png
[1.267s] -- Up-to-date symlink: /home/sunrise/xgo_demo/install/xgo_motion/share/xgo_motion/expression/rider/laugh/laugh30.png
[1.268s] -- Up-to-date symlink: /home/sunrise/xgo_demo/install/xgo_motion/share/xgo_motion/expression/rider/laugh/laugh31.png
[1.269s] -- Up-to-date symlink: /home/sunrise/xgo_demo/install/xgo_motion/share/xgo_motion/expression/rider/laugh/laugh32.png
[1.271s] -- Up-to-date symlink: /home/sunrise/xgo_demo/install/xgo_motion/share/xgo_motion/expression/rider/laugh/laugh33.png
[1.272s] -- Up-to-date symlink: /home/sunrise/xgo_demo/install/xgo_motion/share/xgo_motion/expression/rider/laugh/laugh34.png
[1.273s] -- Up-to-date symlink: /home/sunrise/xgo_demo/install/xgo_motion/share/xgo_motion/expression/rider/laugh/laugh35.png
[1.274s] -- Up-to-date symlink: /home/sunrise/xgo_demo/install/xgo_motion/share/xgo_motion/expression/rider/laugh/laugh36.png
[1.275s] -- Up-to-date symlink: /home/sunrise/xgo_demo/install/xgo_motion/share/xgo_motion/expression/rider/laugh/laugh37.png
[1.277s] -- Up-to-date symlink: /home/sunrise/xgo_demo/install/xgo_motion/share/xgo_motion/expression/rider/laugh/laugh38.png
[1.278s] -- Up-to-date symlink: /home/sunrise/xgo_demo/install/xgo_motion/share/xgo_motion/expression/rider/laugh/laugh39.png
[1.279s] -- Up-to-date symlink: /home/sunrise/xgo_demo/install/xgo_motion/share/xgo_motion/expression/rider/laugh/laugh4.png
[1.281s] -- Up-to-date symlink: /home/sunrise/xgo_demo/install/xgo_motion/share/xgo_motion/expression/rider/laugh/laugh40.png
[1.282s] -- Up-to-date symlink: /home/sunrise/xgo_demo/install/xgo_motion/share/xgo_motion/expression/rider/laugh/laugh41.png
[1.283s] -- Up-to-date symlink: /home/sunrise/xgo_demo/install/xgo_motion/share/xgo_motion/expression/rider/laugh/laugh42.png
[1.284s] -- Up-to-date symlink: /home/sunrise/xgo_demo/install/xgo_motion/share/xgo_motion/expression/rider/laugh/laugh43.png
[1.285s] -- Up-to-date symlink: /home/sunrise/xgo_demo/install/xgo_motion/share/xgo_motion/expression/rider/laugh/laugh44.png
[1.286s] -- Up-to-date symlink: /home/sunrise/xgo_demo/install/xgo_motion/share/xgo_motion/expression/rider/laugh/laugh45.png
[1.288s] -- Up-to-date symlink: /home/sunrise/xgo_demo/install/xgo_motion/share/xgo_motion/expression/rider/laugh/laugh46.png
[1.289s] -- Up-to-date symlink: /home/sunrise/xgo_demo/install/xgo_motion/share/xgo_motion/expression/rider/laugh/laugh47.png
[1.290s] -- Up-to-date symlink: /home/sunrise/xgo_demo/install/xgo_motion/share/xgo_motion/expression/rider/laugh/laugh48.png
[1.291s] -- Up-to-date symlink: /home/sunrise/xgo_demo/install/xgo_motion/share/xgo_motion/expression/rider/laugh/laugh49.png
[1.292s] -- Up-to-date symlink: /home/sunrise/xgo_demo/install/xgo_motion/share/xgo_motion/expression/rider/laugh/laugh5.png
[1.293s] -- Up-to-date symlink: /home/sunrise/xgo_demo/install/xgo_motion/share/xgo_motion/expression/rider/laugh/laugh50.png
[1.295s] -- Up-to-date symlink: /home/sunrise/xgo_demo/install/xgo_motion/share/xgo_motion/expression/rider/laugh/laugh51.png
[1.296s] -- Up-to-date symlink: /home/sunrise/xgo_demo/install/xgo_motion/share/xgo_motion/expression/rider/laugh/laugh6.png
[1.297s] -- Up-to-date symlink: /home/sunrise/xgo_demo/install/xgo_motion/share/xgo_motion/expression/rider/laugh/laugh7.png
[1.298s] -- Up-to-date symlink: /home/sunrise/xgo_demo/install/xgo_motion/share/xgo_motion/expression/rider/laugh/laugh8.png
[1.299s] -- Up-to-date symlink: /home/sunrise/xgo_demo/install/xgo_motion/share/xgo_motion/expression/rider/laugh/laugh9.png
[1.300s] -- Up-to-date symlink: /home/sunrise/xgo_demo/install/xgo_motion/share/xgo_motion/expression/rider/like/like 47.png
[1.302s] -- Up-to-date symlink: /home/sunrise/xgo_demo/install/xgo_motion/share/xgo_motion/expression/rider/like/like1.png
[1.303s] -- Up-to-date symlink: /home/sunrise/xgo_demo/install/xgo_motion/share/xgo_motion/expression/rider/like/like10.png
[1.304s] -- Up-to-date symlink: /home/sunrise/xgo_demo/install/xgo_motion/share/xgo_motion/expression/rider/like/like11.png
[1.305s] -- Up-to-date symlink: /home/sunrise/xgo_demo/install/xgo_motion/share/xgo_motion/expression/rider/like/like12.png
[1.306s] -- Up-to-date symlink: /home/sunrise/xgo_demo/install/xgo_motion/share/xgo_motion/expression/rider/like/like13.png
[1.307s] -- Up-to-date symlink: /home/sunrise/xgo_demo/install/xgo_motion/share/xgo_motion/expression/rider/like/like14.png
[1.309s] -- Up-to-date symlink: /home/sunrise/xgo_demo/install/xgo_motion/share/xgo_motion/expression/rider/like/like15.png
[1.310s] -- Up-to-date symlink: /home/sunrise/xgo_demo/install/xgo_motion/share/xgo_motion/expression/rider/like/like16.png
[1.311s] -- Up-to-date symlink: /home/sunrise/xgo_demo/install/xgo_motion/share/xgo_motion/expression/rider/like/like17.png
[1.312s] -- Up-to-date symlink: /home/sunrise/xgo_demo/install/xgo_motion/share/xgo_motion/expression/rider/like/like18.png
[1.313s] -- Up-to-date symlink: /home/sunrise/xgo_demo/install/xgo_motion/share/xgo_motion/expression/rider/like/like19.png
[1.314s] -- Up-to-date symlink: /home/sunrise/xgo_demo/install/xgo_motion/share/xgo_motion/expression/rider/like/like2.png
[1.316s] -- Up-to-date symlink: /home/sunrise/xgo_demo/install/xgo_motion/share/xgo_motion/expression/rider/like/like20.png
[1.317s] -- Up-to-date symlink: /home/sunrise/xgo_demo/install/xgo_motion/share/xgo_motion/expression/rider/like/like21.png
[1.318s] -- Up-to-date symlink: /home/sunrise/xgo_demo/install/xgo_motion/share/xgo_motion/expression/rider/like/like22.png
[1.319s] -- Up-to-date symlink: /home/sunrise/xgo_demo/install/xgo_motion/share/xgo_motion/expression/rider/like/like23.png
[1.320s] -- Up-to-date symlink: /home/sunrise/xgo_demo/install/xgo_motion/share/xgo_motion/expression/rider/like/like24.png
[1.321s] -- Up-to-date symlink: /home/sunrise/xgo_demo/install/xgo_motion/share/xgo_motion/expression/rider/like/like25.png
[1.323s] -- Up-to-date symlink: /home/sunrise/xgo_demo/install/xgo_motion/share/xgo_motion/expression/rider/like/like26.png
[1.324s] -- Up-to-date symlink: /home/sunrise/xgo_demo/install/xgo_motion/share/xgo_motion/expression/rider/like/like27.png
[1.325s] -- Up-to-date symlink: /home/sunrise/xgo_demo/install/xgo_motion/share/xgo_motion/expression/rider/like/like28.png
[1.326s] -- Up-to-date symlink: /home/sunrise/xgo_demo/install/xgo_motion/share/xgo_motion/expression/rider/like/like29.png
[1.327s] -- Up-to-date symlink: /home/sunrise/xgo_demo/install/xgo_motion/share/xgo_motion/expression/rider/like/like3.png
[1.328s] -- Up-to-date symlink: /home/sunrise/xgo_demo/install/xgo_motion/share/xgo_motion/expression/rider/like/like30.png
[1.330s] -- Up-to-date symlink: /home/sunrise/xgo_demo/install/xgo_motion/share/xgo_motion/expression/rider/like/like31.png
[1.331s] -- Up-to-date symlink: /home/sunrise/xgo_demo/install/xgo_motion/share/xgo_motion/expression/rider/like/like32.png
[1.332s] -- Up-to-date symlink: /home/sunrise/xgo_demo/install/xgo_motion/share/xgo_motion/expression/rider/like/like33.png
[1.333s] -- Up-to-date symlink: /home/sunrise/xgo_demo/install/xgo_motion/share/xgo_motion/expression/rider/like/like34.png
[1.334s] -- Up-to-date symlink: /home/sunrise/xgo_demo/install/xgo_motion/share/xgo_motion/expression/rider/like/like35.png
[1.335s] -- Up-to-date symlink: /home/sunrise/xgo_demo/install/xgo_motion/share/xgo_motion/expression/rider/like/like36.png
[1.337s] -- Up-to-date symlink: /home/sunrise/xgo_demo/install/xgo_motion/share/xgo_motion/expression/rider/like/like37.png
[1.338s] -- Up-to-date symlink: /home/sunrise/xgo_demo/install/xgo_motion/share/xgo_motion/expression/rider/like/like38.png
[1.339s] -- Up-to-date symlink: /home/sunrise/xgo_demo/install/xgo_motion/share/xgo_motion/expression/rider/like/like39.png
[1.340s] -- Up-to-date symlink: /home/sunrise/xgo_demo/install/xgo_motion/share/xgo_motion/expression/rider/like/like4.png
[1.341s] -- Up-to-date symlink: /home/sunrise/xgo_demo/install/xgo_motion/share/xgo_motion/expression/rider/like/like40.png
[1.342s] -- Up-to-date symlink: /home/sunrise/xgo_demo/install/xgo_motion/share/xgo_motion/expression/rider/like/like41.png
[1.344s] -- Up-to-date symlink: /home/sunrise/xgo_demo/install/xgo_motion/share/xgo_motion/expression/rider/like/like42.png
[1.345s] -- Up-to-date symlink: /home/sunrise/xgo_demo/install/xgo_motion/share/xgo_motion/expression/rider/like/like43.png
[1.346s] -- Up-to-date symlink: /home/sunrise/xgo_demo/install/xgo_motion/share/xgo_motion/expression/rider/like/like44.png
[1.347s] -- Up-to-date symlink: /home/sunrise/xgo_demo/install/xgo_motion/share/xgo_motion/expression/rider/like/like45.png
[1.348s] -- Up-to-date symlink: /home/sunrise/xgo_demo/install/xgo_motion/share/xgo_motion/expression/rider/like/like46.png
[1.349s] -- Up-to-date symlink: /home/sunrise/xgo_demo/install/xgo_motion/share/xgo_motion/expression/rider/like/like47.png
[1.351s] -- Up-to-date symlink: /home/sunrise/xgo_demo/install/xgo_motion/share/xgo_motion/expression/rider/like/like48.png
[1.352s] -- Up-to-date symlink: /home/sunrise/xgo_demo/install/xgo_motion/share/xgo_motion/expression/rider/like/like49.png
[1.353s] -- Up-to-date symlink: /home/sunrise/xgo_demo/install/xgo_motion/share/xgo_motion/expression/rider/like/like5.png
[1.354s] -- Up-to-date symlink: /home/sunrise/xgo_demo/install/xgo_motion/share/xgo_motion/expression/rider/like/like50.png
[1.355s] -- Up-to-date symlink: /home/sunrise/xgo_demo/install/xgo_motion/share/xgo_motion/expression/rider/like/like51.png
[1.356s] -- Up-to-date symlink: /home/sunrise/xgo_demo/install/xgo_motion/share/xgo_motion/expression/rider/like/like52.png
[1.358s] -- Up-to-date symlink: /home/sunrise/xgo_demo/install/xgo_motion/share/xgo_motion/expression/rider/like/like53.png
[1.359s] -- Up-to-date symlink: /home/sunrise/xgo_demo/install/xgo_motion/share/xgo_motion/expression/rider/like/like54.png
[1.360s] -- Up-to-date symlink: /home/sunrise/xgo_demo/install/xgo_motion/share/xgo_motion/expression/rider/like/like55.png
[1.361s] -- Up-to-date symlink: /home/sunrise/xgo_demo/install/xgo_motion/share/xgo_motion/expression/rider/like/like56.png
[1.363s] -- Up-to-date symlink: /home/sunrise/xgo_demo/install/xgo_motion/share/xgo_motion/expression/rider/like/like57.png
[1.364s] -- Up-to-date symlink: /home/sunrise/xgo_demo/install/xgo_motion/share/xgo_motion/expression/rider/like/like58.png
[1.365s] -- Up-to-date symlink: /home/sunrise/xgo_demo/install/xgo_motion/share/xgo_motion/expression/rider/like/like59.png
[1.366s] -- Up-to-date symlink: /home/sunrise/xgo_demo/install/xgo_motion/share/xgo_motion/expression/rider/like/like6.png
[1.367s] -- Up-to-date symlink: /home/sunrise/xgo_demo/install/xgo_motion/share/xgo_motion/expression/rider/like/like60.png
[1.368s] -- Up-to-date symlink: /home/sunrise/xgo_demo/install/xgo_motion/share/xgo_motion/expression/rider/like/like61.png
[1.370s] -- Up-to-date symlink: /home/sunrise/xgo_demo/install/xgo_motion/share/xgo_motion/expression/rider/like/like62.png
[1.371s] -- Up-to-date symlink: /home/sunrise/xgo_demo/install/xgo_motion/share/xgo_motion/expression/rider/like/like63.png
[1.372s] -- Up-to-date symlink: /home/sunrise/xgo_demo/install/xgo_motion/share/xgo_motion/expression/rider/like/like64.png
[1.373s] -- Up-to-date symlink: /home/sunrise/xgo_demo/install/xgo_motion/share/xgo_motion/expression/rider/like/like65.png
[1.375s] -- Up-to-date symlink: /home/sunrise/xgo_demo/install/xgo_motion/share/xgo_motion/expression/rider/like/like66.png
[1.376s] -- Up-to-date symlink: /home/sunrise/xgo_demo/install/xgo_motion/share/xgo_motion/expression/rider/like/like67.png
[1.377s] -- Up-to-date symlink: /home/sunrise/xgo_demo/install/xgo_motion/share/xgo_motion/expression/rider/like/like68.png
[1.378s] -- Up-to-date symlink: /home/sunrise/xgo_demo/install/xgo_motion/share/xgo_motion/expression/rider/like/like69.png
[1.380s] -- Up-to-date symlink: /home/sunrise/xgo_demo/install/xgo_motion/share/xgo_motion/expression/rider/like/like7.png
[1.381s] -- Up-to-date symlink: /home/sunrise/xgo_demo/install/xgo_motion/share/xgo_motion/expression/rider/like/like70.png
[1.382s] -- Up-to-date symlink: /home/sunrise/xgo_demo/install/xgo_motion/share/xgo_motion/expression/rider/like/like71.png
[1.383s] -- Up-to-date symlink: /home/sunrise/xgo_demo/install/xgo_motion/share/xgo_motion/expression/rider/like/like72.png
[1.384s] -- Up-to-date symlink: /home/sunrise/xgo_demo/install/xgo_motion/share/xgo_motion/expression/rider/like/like73.png
[1.385s] -- Up-to-date symlink: /home/sunrise/xgo_demo/install/xgo_motion/share/xgo_motion/expression/rider/like/like74.png
[1.387s] -- Up-to-date symlink: /home/sunrise/xgo_demo/install/xgo_motion/share/xgo_motion/expression/rider/like/like75.png
[1.388s] -- Up-to-date symlink: /home/sunrise/xgo_demo/install/xgo_motion/share/xgo_motion/expression/rider/like/like76.png
[1.389s] -- Up-to-date symlink: /home/sunrise/xgo_demo/install/xgo_motion/share/xgo_motion/expression/rider/like/like77.png
[1.390s] -- Up-to-date symlink: /home/sunrise/xgo_demo/install/xgo_motion/share/xgo_motion/expression/rider/like/like78.png
[1.391s] -- Up-to-date symlink: /home/sunrise/xgo_demo/install/xgo_motion/share/xgo_motion/expression/rider/like/like79.png
[1.392s] -- Up-to-date symlink: /home/sunrise/xgo_demo/install/xgo_motion/share/xgo_motion/expression/rider/like/like8.png
[1.394s] -- Up-to-date symlink: /home/sunrise/xgo_demo/install/xgo_motion/share/xgo_motion/expression/rider/like/like80.png
[1.395s] -- Up-to-date symlink: /home/sunrise/xgo_demo/install/xgo_motion/share/xgo_motion/expression/rider/like/like81.png
[1.396s] -- Up-to-date symlink: /home/sunrise/xgo_demo/install/xgo_motion/share/xgo_motion/expression/rider/like/like82.png
[1.397s] -- Up-to-date symlink: /home/sunrise/xgo_demo/install/xgo_motion/share/xgo_motion/expression/rider/like/like83.png
[1.398s] -- Up-to-date symlink: /home/sunrise/xgo_demo/install/xgo_motion/share/xgo_motion/expression/rider/like/like9.png
[1.399s] -- Up-to-date symlink: /home/sunrise/xgo_demo/install/xgo_motion/share/xgo_motion/expression/rider/sad/sad1.png
[1.401s] -- Up-to-date symlink: /home/sunrise/xgo_demo/install/xgo_motion/share/xgo_motion/expression/rider/sad/sad10.png
[1.402s] -- Up-to-date symlink: /home/sunrise/xgo_demo/install/xgo_motion/share/xgo_motion/expression/rider/sad/sad11.png
[1.403s] -- Up-to-date symlink: /home/sunrise/xgo_demo/install/xgo_motion/share/xgo_motion/expression/rider/sad/sad12.png
[1.404s] -- Up-to-date symlink: /home/sunrise/xgo_demo/install/xgo_motion/share/xgo_motion/expression/rider/sad/sad13.png
[1.405s] -- Up-to-date symlink: /home/sunrise/xgo_demo/install/xgo_motion/share/xgo_motion/expression/rider/sad/sad14.png
[1.407s] -- Up-to-date symlink: /home/sunrise/xgo_demo/install/xgo_motion/share/xgo_motion/expression/rider/sad/sad15.png
[1.408s] -- Up-to-date symlink: /home/sunrise/xgo_demo/install/xgo_motion/share/xgo_motion/expression/rider/sad/sad16.png
[1.409s] -- Up-to-date symlink: /home/sunrise/xgo_demo/install/xgo_motion/share/xgo_motion/expression/rider/sad/sad17.png
[1.410s] -- Up-to-date symlink: /home/sunrise/xgo_demo/install/xgo_motion/share/xgo_motion/expression/rider/sad/sad18.png
[1.411s] -- Up-to-date symlink: /home/sunrise/xgo_demo/install/xgo_motion/share/xgo_motion/expression/rider/sad/sad19.png
[1.412s] -- Up-to-date symlink: /home/sunrise/xgo_demo/install/xgo_motion/share/xgo_motion/expression/rider/sad/sad2.png
[1.413s] -- Up-to-date symlink: /home/sunrise/xgo_demo/install/xgo_motion/share/xgo_motion/expression/rider/sad/sad20.png
[1.415s] -- Up-to-date symlink: /home/sunrise/xgo_demo/install/xgo_motion/share/xgo_motion/expression/rider/sad/sad21.png
[1.416s] -- Up-to-date symlink: /home/sunrise/xgo_demo/install/xgo_motion/share/xgo_motion/expression/rider/sad/sad22.png
[1.417s] -- Up-to-date symlink: /home/sunrise/xgo_demo/install/xgo_motion/share/xgo_motion/expression/rider/sad/sad23.png
[1.418s] -- Up-to-date symlink: /home/sunrise/xgo_demo/install/xgo_motion/share/xgo_motion/expression/rider/sad/sad24.png
[1.419s] -- Up-to-date symlink: /home/sunrise/xgo_demo/install/xgo_motion/share/xgo_motion/expression/rider/sad/sad25.png
[1.420s] -- Up-to-date symlink: /home/sunrise/xgo_demo/install/xgo_motion/share/xgo_motion/expression/rider/sad/sad26.png
[1.422s] -- Up-to-date symlink: /home/sunrise/xgo_demo/install/xgo_motion/share/xgo_motion/expression/rider/sad/sad27.png
[1.423s] -- Up-to-date symlink: /home/sunrise/xgo_demo/install/xgo_motion/share/xgo_motion/expression/rider/sad/sad28.png
[1.424s] -- Up-to-date symlink: /home/sunrise/xgo_demo/install/xgo_motion/share/xgo_motion/expression/rider/sad/sad29.png
[1.425s] -- Up-to-date symlink: /home/sunrise/xgo_demo/install/xgo_motion/share/xgo_motion/expression/rider/sad/sad3.png
[1.426s] -- Up-to-date symlink: /home/sunrise/xgo_demo/install/xgo_motion/share/xgo_motion/expression/rider/sad/sad30.png
[1.427s] -- Up-to-date symlink: /home/sunrise/xgo_demo/install/xgo_motion/share/xgo_motion/expression/rider/sad/sad31.png
[1.429s] -- Up-to-date symlink: /home/sunrise/xgo_demo/install/xgo_motion/share/xgo_motion/expression/rider/sad/sad32.png
[1.430s] -- Up-to-date symlink: /home/sunrise/xgo_demo/install/xgo_motion/share/xgo_motion/expression/rider/sad/sad33.png
[1.431s] -- Up-to-date symlink: /home/sunrise/xgo_demo/install/xgo_motion/share/xgo_motion/expression/rider/sad/sad34.png
[1.432s] -- Up-to-date symlink: /home/sunrise/xgo_demo/install/xgo_motion/share/xgo_motion/expression/rider/sad/sad35.png
[1.433s] -- Up-to-date symlink: /home/sunrise/xgo_demo/install/xgo_motion/share/xgo_motion/expression/rider/sad/sad36.png
[1.434s] -- Up-to-date symlink: /home/sunrise/xgo_demo/install/xgo_motion/share/xgo_motion/expression/rider/sad/sad37.png
[1.436s] -- Up-to-date symlink: /home/sunrise/xgo_demo/install/xgo_motion/share/xgo_motion/expression/rider/sad/sad38.png
[1.437s] -- Up-to-date symlink: /home/sunrise/xgo_demo/install/xgo_motion/share/xgo_motion/expression/rider/sad/sad39.png
[1.438s] -- Up-to-date symlink: /home/sunrise/xgo_demo/install/xgo_motion/share/xgo_motion/expression/rider/sad/sad4.png
[1.439s] -- Up-to-date symlink: /home/sunrise/xgo_demo/install/xgo_motion/share/xgo_motion/expression/rider/sad/sad40.png
[1.440s] -- Up-to-date symlink: /home/sunrise/xgo_demo/install/xgo_motion/share/xgo_motion/expression/rider/sad/sad41.png
[1.441s] -- Up-to-date symlink: /home/sunrise/xgo_demo/install/xgo_motion/share/xgo_motion/expression/rider/sad/sad42.png
[1.443s] -- Up-to-date symlink: /home/sunrise/xgo_demo/install/xgo_motion/share/xgo_motion/expression/rider/sad/sad43.png
[1.444s] -- Up-to-date symlink: /home/sunrise/xgo_demo/install/xgo_motion/share/xgo_motion/expression/rider/sad/sad44.png
[1.445s] -- Up-to-date symlink: /home/sunrise/xgo_demo/install/xgo_motion/share/xgo_motion/expression/rider/sad/sad45.png
[1.446s] -- Up-to-date symlink: /home/sunrise/xgo_demo/install/xgo_motion/share/xgo_motion/expression/rider/sad/sad46.png
[1.447s] -- Up-to-date symlink: /home/sunrise/xgo_demo/install/xgo_motion/share/xgo_motion/expression/rider/sad/sad47.png
[1.448s] -- Up-to-date symlink: /home/sunrise/xgo_demo/install/xgo_motion/share/xgo_motion/expression/rider/sad/sad48.png
[1.450s] -- Up-to-date symlink: /home/sunrise/xgo_demo/install/xgo_motion/share/xgo_motion/expression/rider/sad/sad49.png
[1.451s] -- Up-to-date symlink: /home/sunrise/xgo_demo/install/xgo_motion/share/xgo_motion/expression/rider/sad/sad5.png
[1.452s] -- Up-to-date symlink: /home/sunrise/xgo_demo/install/xgo_motion/share/xgo_motion/expression/rider/sad/sad50.png
[1.453s] -- Up-to-date symlink: /home/sunrise/xgo_demo/install/xgo_motion/share/xgo_motion/expression/rider/sad/sad51.png
[1.454s] -- Up-to-date symlink: /home/sunrise/xgo_demo/install/xgo_motion/share/xgo_motion/expression/rider/sad/sad52.png
[1.455s] -- Up-to-date symlink: /home/sunrise/xgo_demo/install/xgo_motion/share/xgo_motion/expression/rider/sad/sad53.png
[1.456s] -- Up-to-date symlink: /home/sunrise/xgo_demo/install/xgo_motion/share/xgo_motion/expression/rider/sad/sad54.png
[1.458s] -- Up-to-date symlink: /home/sunrise/xgo_demo/install/xgo_motion/share/xgo_motion/expression/rider/sad/sad55.png
[1.459s] -- Up-to-date symlink: /home/sunrise/xgo_demo/install/xgo_motion/share/xgo_motion/expression/rider/sad/sad56.png
[1.460s] -- Up-to-date symlink: /home/sunrise/xgo_demo/install/xgo_motion/share/xgo_motion/expression/rider/sad/sad57.png
[1.461s] -- Up-to-date symlink: /home/sunrise/xgo_demo/install/xgo_motion/share/xgo_motion/expression/rider/sad/sad58.png
[1.462s] -- Up-to-date symlink: /home/sunrise/xgo_demo/install/xgo_motion/share/xgo_motion/expression/rider/sad/sad59.png
[1.463s] -- Up-to-date symlink: /home/sunrise/xgo_demo/install/xgo_motion/share/xgo_motion/expression/rider/sad/sad6.png
[1.465s] -- Up-to-date symlink: /home/sunrise/xgo_demo/install/xgo_motion/share/xgo_motion/expression/rider/sad/sad60.png
[1.466s] -- Up-to-date symlink: /home/sunrise/xgo_demo/install/xgo_motion/share/xgo_motion/expression/rider/sad/sad61.png
[1.467s] -- Up-to-date symlink: /home/sunrise/xgo_demo/install/xgo_motion/share/xgo_motion/expression/rider/sad/sad62.png
[1.468s] -- Up-to-date symlink: /home/sunrise/xgo_demo/install/xgo_motion/share/xgo_motion/expression/rider/sad/sad63.png
[1.469s] -- Up-to-date symlink: /home/sunrise/xgo_demo/install/xgo_motion/share/xgo_motion/expression/rider/sad/sad64.png
[1.470s] -- Up-to-date symlink: /home/sunrise/xgo_demo/install/xgo_motion/share/xgo_motion/expression/rider/sad/sad65.png
[1.472s] -- Up-to-date symlink: /home/sunrise/xgo_demo/install/xgo_motion/share/xgo_motion/expression/rider/sad/sad7.png
[1.473s] -- Up-to-date symlink: /home/sunrise/xgo_demo/install/xgo_motion/share/xgo_motion/expression/rider/sad/sad8.png
[1.474s] -- Up-to-date symlink: /home/sunrise/xgo_demo/install/xgo_motion/share/xgo_motion/expression/rider/sad/sad9.png
[1.475s] -- Up-to-date symlink: /home/sunrise/xgo_demo/install/xgo_motion/share/xgo_motion/expression/rider/shy/shy1.png
[1.477s] -- Up-to-date symlink: /home/sunrise/xgo_demo/install/xgo_motion/share/xgo_motion/expression/rider/shy/shy10.png
[1.478s] -- Up-to-date symlink: /home/sunrise/xgo_demo/install/xgo_motion/share/xgo_motion/expression/rider/shy/shy11.png
[1.479s] -- Up-to-date symlink: /home/sunrise/xgo_demo/install/xgo_motion/share/xgo_motion/expression/rider/shy/shy12.png
[1.481s] -- Up-to-date symlink: /home/sunrise/xgo_demo/install/xgo_motion/share/xgo_motion/expression/rider/shy/shy13.png
[1.482s] -- Up-to-date symlink: /home/sunrise/xgo_demo/install/xgo_motion/share/xgo_motion/expression/rider/shy/shy14.png
[1.483s] -- Up-to-date symlink: /home/sunrise/xgo_demo/install/xgo_motion/share/xgo_motion/expression/rider/shy/shy15.png
[1.484s] -- Up-to-date symlink: /home/sunrise/xgo_demo/install/xgo_motion/share/xgo_motion/expression/rider/shy/shy16.png
[1.485s] -- Up-to-date symlink: /home/sunrise/xgo_demo/install/xgo_motion/share/xgo_motion/expression/rider/shy/shy17.png
[1.486s] -- Up-to-date symlink: /home/sunrise/xgo_demo/install/xgo_motion/share/xgo_motion/expression/rider/shy/shy18.png
[1.488s] -- Up-to-date symlink: /home/sunrise/xgo_demo/install/xgo_motion/share/xgo_motion/expression/rider/shy/shy19.png
[1.489s] -- Up-to-date symlink: /home/sunrise/xgo_demo/install/xgo_motion/share/xgo_motion/expression/rider/shy/shy2.png
[1.490s] -- Up-to-date symlink: /home/sunrise/xgo_demo/install/xgo_motion/share/xgo_motion/expression/rider/shy/shy20.png
[1.491s] -- Up-to-date symlink: /home/sunrise/xgo_demo/install/xgo_motion/share/xgo_motion/expression/rider/shy/shy21.png
[1.492s] -- Up-to-date symlink: /home/sunrise/xgo_demo/install/xgo_motion/share/xgo_motion/expression/rider/shy/shy22.png
[1.493s] -- Up-to-date symlink: /home/sunrise/xgo_demo/install/xgo_motion/share/xgo_motion/expression/rider/shy/shy23.png
[1.495s] -- Up-to-date symlink: /home/sunrise/xgo_demo/install/xgo_motion/share/xgo_motion/expression/rider/shy/shy24.png
[1.496s] -- Up-to-date symlink: /home/sunrise/xgo_demo/install/xgo_motion/share/xgo_motion/expression/rider/shy/shy25.png
[1.497s] -- Up-to-date symlink: /home/sunrise/xgo_demo/install/xgo_motion/share/xgo_motion/expression/rider/shy/shy26.png
[1.498s] -- Up-to-date symlink: /home/sunrise/xgo_demo/install/xgo_motion/share/xgo_motion/expression/rider/shy/shy27.png
[1.499s] -- Up-to-date symlink: /home/sunrise/xgo_demo/install/xgo_motion/share/xgo_motion/expression/rider/shy/shy28.png
[1.500s] -- Up-to-date symlink: /home/sunrise/xgo_demo/install/xgo_motion/share/xgo_motion/expression/rider/shy/shy29.png
[1.501s] -- Up-to-date symlink: /home/sunrise/xgo_demo/install/xgo_motion/share/xgo_motion/expression/rider/shy/shy3.png
[1.503s] -- Up-to-date symlink: /home/sunrise/xgo_demo/install/xgo_motion/share/xgo_motion/expression/rider/shy/shy30.png
[1.504s] -- Up-to-date symlink: /home/sunrise/xgo_demo/install/xgo_motion/share/xgo_motion/expression/rider/shy/shy31.png
[1.505s] -- Up-to-date symlink: /home/sunrise/xgo_demo/install/xgo_motion/share/xgo_motion/expression/rider/shy/shy32.png
[1.506s] -- Up-to-date symlink: /home/sunrise/xgo_demo/install/xgo_motion/share/xgo_motion/expression/rider/shy/shy33.png
[1.507s] -- Up-to-date symlink: /home/sunrise/xgo_demo/install/xgo_motion/share/xgo_motion/expression/rider/shy/shy34.png
[1.508s] -- Up-to-date symlink: /home/sunrise/xgo_demo/install/xgo_motion/share/xgo_motion/expression/rider/shy/shy35.png
[1.510s] -- Up-to-date symlink: /home/sunrise/xgo_demo/install/xgo_motion/share/xgo_motion/expression/rider/shy/shy36.png
[1.511s] -- Up-to-date symlink: /home/sunrise/xgo_demo/install/xgo_motion/share/xgo_motion/expression/rider/shy/shy37.png
[1.512s] -- Up-to-date symlink: /home/sunrise/xgo_demo/install/xgo_motion/share/xgo_motion/expression/rider/shy/shy38.png
[1.513s] -- Up-to-date symlink: /home/sunrise/xgo_demo/install/xgo_motion/share/xgo_motion/expression/rider/shy/shy39.png
[1.514s] -- Up-to-date symlink: /home/sunrise/xgo_demo/install/xgo_motion/share/xgo_motion/expression/rider/shy/shy4.png
[1.515s] -- Up-to-date symlink: /home/sunrise/xgo_demo/install/xgo_motion/share/xgo_motion/expression/rider/shy/shy40.png
[1.517s] -- Up-to-date symlink: /home/sunrise/xgo_demo/install/xgo_motion/share/xgo_motion/expression/rider/shy/shy41.png
[1.518s] -- Up-to-date symlink: /home/sunrise/xgo_demo/install/xgo_motion/share/xgo_motion/expression/rider/shy/shy42.png
[1.519s] -- Up-to-date symlink: /home/sunrise/xgo_demo/install/xgo_motion/share/xgo_motion/expression/rider/shy/shy43.png
[1.520s] -- Up-to-date symlink: /home/sunrise/xgo_demo/install/xgo_motion/share/xgo_motion/expression/rider/shy/shy44.png
[1.521s] -- Up-to-date symlink: /home/sunrise/xgo_demo/install/xgo_motion/share/xgo_motion/expression/rider/shy/shy45.png
[1.522s] -- Up-to-date symlink: /home/sunrise/xgo_demo/install/xgo_motion/share/xgo_motion/expression/rider/shy/shy46.png
[1.524s] -- Up-to-date symlink: /home/sunrise/xgo_demo/install/xgo_motion/share/xgo_motion/expression/rider/shy/shy47.png
[1.525s] -- Up-to-date symlink: /home/sunrise/xgo_demo/install/xgo_motion/share/xgo_motion/expression/rider/shy/shy48.png
[1.526s] -- Up-to-date symlink: /home/sunrise/xgo_demo/install/xgo_motion/share/xgo_motion/expression/rider/shy/shy49.png
[1.527s] -- Up-to-date symlink: /home/sunrise/xgo_demo/install/xgo_motion/share/xgo_motion/expression/rider/shy/shy5.png
[1.528s] -- Up-to-date symlink: /home/sunrise/xgo_demo/install/xgo_motion/share/xgo_motion/expression/rider/shy/shy50.png
[1.529s] -- Up-to-date symlink: /home/sunrise/xgo_demo/install/xgo_motion/share/xgo_motion/expression/rider/shy/shy51.png
[1.531s] -- Up-to-date symlink: /home/sunrise/xgo_demo/install/xgo_motion/share/xgo_motion/expression/rider/shy/shy52.png
[1.532s] -- Up-to-date symlink: /home/sunrise/xgo_demo/install/xgo_motion/share/xgo_motion/expression/rider/shy/shy53.png
[1.533s] -- Up-to-date symlink: /home/sunrise/xgo_demo/install/xgo_motion/share/xgo_motion/expression/rider/shy/shy54.png
[1.534s] -- Up-to-date symlink: /home/sunrise/xgo_demo/install/xgo_motion/share/xgo_motion/expression/rider/shy/shy55.png
[1.535s] -- Up-to-date symlink: /home/sunrise/xgo_demo/install/xgo_motion/share/xgo_motion/expression/rider/shy/shy56.png
[1.536s] -- Up-to-date symlink: /home/sunrise/xgo_demo/install/xgo_motion/share/xgo_motion/expression/rider/shy/shy57.png
[1.538s] -- Up-to-date symlink: /home/sunrise/xgo_demo/install/xgo_motion/share/xgo_motion/expression/rider/shy/shy58.png
[1.539s] -- Up-to-date symlink: /home/sunrise/xgo_demo/install/xgo_motion/share/xgo_motion/expression/rider/shy/shy59.png
[1.540s] -- Up-to-date symlink: /home/sunrise/xgo_demo/install/xgo_motion/share/xgo_motion/expression/rider/shy/shy6.png
[1.541s] -- Up-to-date symlink: /home/sunrise/xgo_demo/install/xgo_motion/share/xgo_motion/expression/rider/shy/shy60.png
[1.542s] -- Up-to-date symlink: /home/sunrise/xgo_demo/install/xgo_motion/share/xgo_motion/expression/rider/shy/shy7.png
[1.543s] -- Up-to-date symlink: /home/sunrise/xgo_demo/install/xgo_motion/share/xgo_motion/expression/rider/shy/shy8.png
[1.544s] -- Up-to-date symlink: /home/sunrise/xgo_demo/install/xgo_motion/share/xgo_motion/expression/rider/shy/shy9.png
[1.546s] -- Up-to-date symlink: /home/sunrise/xgo_demo/install/xgo_motion/share/xgo_motion/expression/rider/sleep/sleep1.png
[1.547s] -- Up-to-date symlink: /home/sunrise/xgo_demo/install/xgo_motion/share/xgo_motion/expression/rider/sleep/sleep10.png
[1.548s] -- Up-to-date symlink: /home/sunrise/xgo_demo/install/xgo_motion/share/xgo_motion/expression/rider/sleep/sleep11.png
[1.549s] -- Up-to-date symlink: /home/sunrise/xgo_demo/install/xgo_motion/share/xgo_motion/expression/rider/sleep/sleep12.png
[1.550s] -- Up-to-date symlink: /home/sunrise/xgo_demo/install/xgo_motion/share/xgo_motion/expression/rider/sleep/sleep13.png
[1.552s] -- Up-to-date symlink: /home/sunrise/xgo_demo/install/xgo_motion/share/xgo_motion/expression/rider/sleep/sleep14.png
[1.553s] -- Up-to-date symlink: /home/sunrise/xgo_demo/install/xgo_motion/share/xgo_motion/expression/rider/sleep/sleep15.png
[1.554s] -- Up-to-date symlink: /home/sunrise/xgo_demo/install/xgo_motion/share/xgo_motion/expression/rider/sleep/sleep16.png
[1.555s] -- Up-to-date symlink: /home/sunrise/xgo_demo/install/xgo_motion/share/xgo_motion/expression/rider/sleep/sleep17.png
[1.556s] -- Up-to-date symlink: /home/sunrise/xgo_demo/install/xgo_motion/share/xgo_motion/expression/rider/sleep/sleep18.png
[1.557s] -- Up-to-date symlink: /home/sunrise/xgo_demo/install/xgo_motion/share/xgo_motion/expression/rider/sleep/sleep19.png
[1.559s] -- Up-to-date symlink: /home/sunrise/xgo_demo/install/xgo_motion/share/xgo_motion/expression/rider/sleep/sleep2.png
[1.560s] -- Up-to-date symlink: /home/sunrise/xgo_demo/install/xgo_motion/share/xgo_motion/expression/rider/sleep/sleep20.png
[1.561s] -- Up-to-date symlink: /home/sunrise/xgo_demo/install/xgo_motion/share/xgo_motion/expression/rider/sleep/sleep21.png
[1.562s] -- Up-to-date symlink: /home/sunrise/xgo_demo/install/xgo_motion/share/xgo_motion/expression/rider/sleep/sleep22.png
[1.563s] -- Up-to-date symlink: /home/sunrise/xgo_demo/install/xgo_motion/share/xgo_motion/expression/rider/sleep/sleep23.png
[1.564s] -- Up-to-date symlink: /home/sunrise/xgo_demo/install/xgo_motion/share/xgo_motion/expression/rider/sleep/sleep24.png
[1.566s] -- Up-to-date symlink: /home/sunrise/xgo_demo/install/xgo_motion/share/xgo_motion/expression/rider/sleep/sleep25.png
[1.567s] -- Up-to-date symlink: /home/sunrise/xgo_demo/install/xgo_motion/share/xgo_motion/expression/rider/sleep/sleep26.png
[1.568s] -- Up-to-date symlink: /home/sunrise/xgo_demo/install/xgo_motion/share/xgo_motion/expression/rider/sleep/sleep27.png
[1.569s] -- Up-to-date symlink: /home/sunrise/xgo_demo/install/xgo_motion/share/xgo_motion/expression/rider/sleep/sleep28.png
[1.570s] -- Up-to-date symlink: /home/sunrise/xgo_demo/install/xgo_motion/share/xgo_motion/expression/rider/sleep/sleep29.png
[1.571s] -- Up-to-date symlink: /home/sunrise/xgo_demo/install/xgo_motion/share/xgo_motion/expression/rider/sleep/sleep3.png
[1.573s] -- Up-to-date symlink: /home/sunrise/xgo_demo/install/xgo_motion/share/xgo_motion/expression/rider/sleep/sleep30.png
[1.574s] -- Up-to-date symlink: /home/sunrise/xgo_demo/install/xgo_motion/share/xgo_motion/expression/rider/sleep/sleep31.png
[1.575s] -- Up-to-date symlink: /home/sunrise/xgo_demo/install/xgo_motion/share/xgo_motion/expression/rider/sleep/sleep32.png
[1.576s] -- Up-to-date symlink: /home/sunrise/xgo_demo/install/xgo_motion/share/xgo_motion/expression/rider/sleep/sleep33.png
[1.578s] -- Up-to-date symlink: /home/sunrise/xgo_demo/install/xgo_motion/share/xgo_motion/expression/rider/sleep/sleep34.png
[1.579s] -- Up-to-date symlink: /home/sunrise/xgo_demo/install/xgo_motion/share/xgo_motion/expression/rider/sleep/sleep35.png
[1.580s] -- Up-to-date symlink: /home/sunrise/xgo_demo/install/xgo_motion/share/xgo_motion/expression/rider/sleep/sleep36.png
[1.581s] -- Up-to-date symlink: /home/sunrise/xgo_demo/install/xgo_motion/share/xgo_motion/expression/rider/sleep/sleep37.png
[1.582s] -- Up-to-date symlink: /home/sunrise/xgo_demo/install/xgo_motion/share/xgo_motion/expression/rider/sleep/sleep38.png
[1.583s] -- Up-to-date symlink: /home/sunrise/xgo_demo/install/xgo_motion/share/xgo_motion/expression/rider/sleep/sleep39.png
[1.585s] -- Up-to-date symlink: /home/sunrise/xgo_demo/install/xgo_motion/share/xgo_motion/expression/rider/sleep/sleep4.png
[1.586s] -- Up-to-date symlink: /home/sunrise/xgo_demo/install/xgo_motion/share/xgo_motion/expression/rider/sleep/sleep40.png
[1.587s] -- Up-to-date symlink: /home/sunrise/xgo_demo/install/xgo_motion/share/xgo_motion/expression/rider/sleep/sleep41.png
[1.588s] -- Up-to-date symlink: /home/sunrise/xgo_demo/install/xgo_motion/share/xgo_motion/expression/rider/sleep/sleep42.png
[1.589s] -- Up-to-date symlink: /home/sunrise/xgo_demo/install/xgo_motion/share/xgo_motion/expression/rider/sleep/sleep43.png
[1.591s] -- Up-to-date symlink: /home/sunrise/xgo_demo/install/xgo_motion/share/xgo_motion/expression/rider/sleep/sleep44.png
[1.592s] -- Up-to-date symlink: /home/sunrise/xgo_demo/install/xgo_motion/share/xgo_motion/expression/rider/sleep/sleep45.png
[1.593s] -- Up-to-date symlink: /home/sunrise/xgo_demo/install/xgo_motion/share/xgo_motion/expression/rider/sleep/sleep46.png
[1.594s] -- Up-to-date symlink: /home/sunrise/xgo_demo/install/xgo_motion/share/xgo_motion/expression/rider/sleep/sleep47.png
[1.595s] -- Up-to-date symlink: /home/sunrise/xgo_demo/install/xgo_motion/share/xgo_motion/expression/rider/sleep/sleep48.png
[1.596s] -- Up-to-date symlink: /home/sunrise/xgo_demo/install/xgo_motion/share/xgo_motion/expression/rider/sleep/sleep49.png
[1.597s] -- Up-to-date symlink: /home/sunrise/xgo_demo/install/xgo_motion/share/xgo_motion/expression/rider/sleep/sleep5.png
[1.599s] -- Up-to-date symlink: /home/sunrise/xgo_demo/install/xgo_motion/share/xgo_motion/expression/rider/sleep/sleep50.png
[1.600s] -- Up-to-date symlink: /home/sunrise/xgo_demo/install/xgo_motion/share/xgo_motion/expression/rider/sleep/sleep51.png
[1.601s] -- Up-to-date symlink: /home/sunrise/xgo_demo/install/xgo_motion/share/xgo_motion/expression/rider/sleep/sleep52.png
[1.602s] -- Up-to-date symlink: /home/sunrise/xgo_demo/install/xgo_motion/share/xgo_motion/expression/rider/sleep/sleep53.png
[1.603s] -- Up-to-date symlink: /home/sunrise/xgo_demo/install/xgo_motion/share/xgo_motion/expression/rider/sleep/sleep54.png
[1.604s] -- Up-to-date symlink: /home/sunrise/xgo_demo/install/xgo_motion/share/xgo_motion/expression/rider/sleep/sleep55.png
[1.606s] -- Up-to-date symlink: /home/sunrise/xgo_demo/install/xgo_motion/share/xgo_motion/expression/rider/sleep/sleep56.png
[1.607s] -- Up-to-date symlink: /home/sunrise/xgo_demo/install/xgo_motion/share/xgo_motion/expression/rider/sleep/sleep57.png
[1.608s] -- Up-to-date symlink: /home/sunrise/xgo_demo/install/xgo_motion/share/xgo_motion/expression/rider/sleep/sleep58.png
[1.609s] -- Up-to-date symlink: /home/sunrise/xgo_demo/install/xgo_motion/share/xgo_motion/expression/rider/sleep/sleep59.png
[1.610s] -- Up-to-date symlink: /home/sunrise/xgo_demo/install/xgo_motion/share/xgo_motion/expression/rider/sleep/sleep6.png
[1.611s] -- Up-to-date symlink: /home/sunrise/xgo_demo/install/xgo_motion/share/xgo_motion/expression/rider/sleep/sleep60.png
[1.613s] -- Up-to-date symlink: /home/sunrise/xgo_demo/install/xgo_motion/share/xgo_motion/expression/rider/sleep/sleep61.png
[1.614s] -- Up-to-date symlink: /home/sunrise/xgo_demo/install/xgo_motion/share/xgo_motion/expression/rider/sleep/sleep62.png
[1.615s] -- Up-to-date symlink: /home/sunrise/xgo_demo/install/xgo_motion/share/xgo_motion/expression/rider/sleep/sleep63.png
[1.616s] -- Up-to-date symlink: /home/sunrise/xgo_demo/install/xgo_motion/share/xgo_motion/expression/rider/sleep/sleep64.png
[1.617s] -- Up-to-date symlink: /home/sunrise/xgo_demo/install/xgo_motion/share/xgo_motion/expression/rider/sleep/sleep65.png
[1.618s] -- Up-to-date symlink: /home/sunrise/xgo_demo/install/xgo_motion/share/xgo_motion/expression/rider/sleep/sleep66.png
[1.620s] -- Up-to-date symlink: /home/sunrise/xgo_demo/install/xgo_motion/share/xgo_motion/expression/rider/sleep/sleep67.png
[1.621s] -- Up-to-date symlink: /home/sunrise/xgo_demo/install/xgo_motion/share/xgo_motion/expression/rider/sleep/sleep68.png
[1.622s] -- Up-to-date symlink: /home/sunrise/xgo_demo/install/xgo_motion/share/xgo_motion/expression/rider/sleep/sleep69.png
[1.623s] -- Up-to-date symlink: /home/sunrise/xgo_demo/install/xgo_motion/share/xgo_motion/expression/rider/sleep/sleep7.png
[1.624s] -- Up-to-date symlink: /home/sunrise/xgo_demo/install/xgo_motion/share/xgo_motion/expression/rider/sleep/sleep70.png
[1.625s] -- Up-to-date symlink: /home/sunrise/xgo_demo/install/xgo_motion/share/xgo_motion/expression/rider/sleep/sleep71.png
[1.627s] -- Up-to-date symlink: /home/sunrise/xgo_demo/install/xgo_motion/share/xgo_motion/expression/rider/sleep/sleep72.png
[1.628s] -- Up-to-date symlink: /home/sunrise/xgo_demo/install/xgo_motion/share/xgo_motion/expression/rider/sleep/sleep73.png
[1.629s] -- Up-to-date symlink: /home/sunrise/xgo_demo/install/xgo_motion/share/xgo_motion/expression/rider/sleep/sleep74.png
[1.630s] -- Up-to-date symlink: /home/sunrise/xgo_demo/install/xgo_motion/share/xgo_motion/expression/rider/sleep/sleep75.png
[1.631s] -- Up-to-date symlink: /home/sunrise/xgo_demo/install/xgo_motion/share/xgo_motion/expression/rider/sleep/sleep76.png
[1.632s] -- Up-to-date symlink: /home/sunrise/xgo_demo/install/xgo_motion/share/xgo_motion/expression/rider/sleep/sleep77.png
[1.633s] -- Up-to-date symlink: /home/sunrise/xgo_demo/install/xgo_motion/share/xgo_motion/expression/rider/sleep/sleep78.png
[1.635s] -- Up-to-date symlink: /home/sunrise/xgo_demo/install/xgo_motion/share/xgo_motion/expression/rider/sleep/sleep79.png
[1.636s] -- Up-to-date symlink: /home/sunrise/xgo_demo/install/xgo_motion/share/xgo_motion/expression/rider/sleep/sleep8.png
[1.637s] -- Up-to-date symlink: /home/sunrise/xgo_demo/install/xgo_motion/share/xgo_motion/expression/rider/sleep/sleep80.png
[1.638s] -- Up-to-date symlink: /home/sunrise/xgo_demo/install/xgo_motion/share/xgo_motion/expression/rider/sleep/sleep81.png
[1.639s] -- Up-to-date symlink: /home/sunrise/xgo_demo/install/xgo_motion/share/xgo_motion/expression/rider/sleep/sleep82.png
[1.640s] -- Up-to-date symlink: /home/sunrise/xgo_demo/install/xgo_motion/share/xgo_motion/expression/rider/sleep/sleep83.png
[1.642s] -- Up-to-date symlink: /home/sunrise/xgo_demo/install/xgo_motion/share/xgo_motion/expression/rider/sleep/sleep84.png
[1.643s] -- Up-to-date symlink: /home/sunrise/xgo_demo/install/xgo_motion/share/xgo_motion/expression/rider/sleep/sleep85.png
[1.644s] -- Up-to-date symlink: /home/sunrise/xgo_demo/install/xgo_motion/share/xgo_motion/expression/rider/sleep/sleep86.png
[1.645s] -- Up-to-date symlink: /home/sunrise/xgo_demo/install/xgo_motion/share/xgo_motion/expression/rider/sleep/sleep87.png
[1.646s] -- Up-to-date symlink: /home/sunrise/xgo_demo/install/xgo_motion/share/xgo_motion/expression/rider/sleep/sleep88.png
[1.648s] -- Up-to-date symlink: /home/sunrise/xgo_demo/install/xgo_motion/share/xgo_motion/expression/rider/sleep/sleep89.png
[1.649s] -- Up-to-date symlink: /home/sunrise/xgo_demo/install/xgo_motion/share/xgo_motion/expression/rider/sleep/sleep9.png
[1.650s] -- Up-to-date symlink: /home/sunrise/xgo_demo/install/xgo_motion/share/xgo_motion/expression/rider/sleep/sleep90.png
[1.651s] -- Up-to-date symlink: /home/sunrise/xgo_demo/install/xgo_motion/share/xgo_motion/expression/rider/sleep/sleep91.png
[1.652s] -- Up-to-date symlink: /home/sunrise/xgo_demo/install/xgo_motion/share/xgo_motion/expression/rider/sleep/sleep92.png
[1.653s] -- Up-to-date symlink: /home/sunrise/xgo_demo/install/xgo_motion/share/xgo_motion/expression/rider/sleep/sleep93.png
[1.655s] -- Up-to-date symlink: /home/sunrise/xgo_demo/install/xgo_motion/share/xgo_motion/expression/rider/sleep/sleep94.png
[1.656s] -- Up-to-date symlink: /home/sunrise/xgo_demo/install/xgo_motion/share/xgo_motion/expression/rider/surprised/surprised1.png
[1.657s] -- Up-to-date symlink: /home/sunrise/xgo_demo/install/xgo_motion/share/xgo_motion/expression/rider/surprised/surprised10.png
[1.658s] -- Up-to-date symlink: /home/sunrise/xgo_demo/install/xgo_motion/share/xgo_motion/expression/rider/surprised/surprised11.png
[1.659s] -- Up-to-date symlink: /home/sunrise/xgo_demo/install/xgo_motion/share/xgo_motion/expression/rider/surprised/surprised12.png
[1.661s] -- Up-to-date symlink: /home/sunrise/xgo_demo/install/xgo_motion/share/xgo_motion/expression/rider/surprised/surprised13.png
[1.662s] -- Up-to-date symlink: /home/sunrise/xgo_demo/install/xgo_motion/share/xgo_motion/expression/rider/surprised/surprised14.png
[1.663s] -- Up-to-date symlink: /home/sunrise/xgo_demo/install/xgo_motion/share/xgo_motion/expression/rider/surprised/surprised15.png
[1.665s] -- Up-to-date symlink: /home/sunrise/xgo_demo/install/xgo_motion/share/xgo_motion/expression/rider/surprised/surprised16.png
[1.666s] -- Up-to-date symlink: /home/sunrise/xgo_demo/install/xgo_motion/share/xgo_motion/expression/rider/surprised/surprised17.png
[1.667s] -- Up-to-date symlink: /home/sunrise/xgo_demo/install/xgo_motion/share/xgo_motion/expression/rider/surprised/surprised18.png
[1.668s] -- Up-to-date symlink: /home/sunrise/xgo_demo/install/xgo_motion/share/xgo_motion/expression/rider/surprised/surprised19.png
[1.669s] -- Up-to-date symlink: /home/sunrise/xgo_demo/install/xgo_motion/share/xgo_motion/expression/rider/surprised/surprised2.png
[1.671s] -- Up-to-date symlink: /home/sunrise/xgo_demo/install/xgo_motion/share/xgo_motion/expression/rider/surprised/surprised20.png
[1.672s] -- Up-to-date symlink: /home/sunrise/xgo_demo/install/xgo_motion/share/xgo_motion/expression/rider/surprised/surprised21.png
[1.673s] -- Up-to-date symlink: /home/sunrise/xgo_demo/install/xgo_motion/share/xgo_motion/expression/rider/surprised/surprised22.png
[1.675s] -- Up-to-date symlink: /home/sunrise/xgo_demo/install/xgo_motion/share/xgo_motion/expression/rider/surprised/surprised23.png
[1.676s] -- Up-to-date symlink: /home/sunrise/xgo_demo/install/xgo_motion/share/xgo_motion/expression/rider/surprised/surprised24.png
[1.677s] -- Up-to-date symlink: /home/sunrise/xgo_demo/install/xgo_motion/share/xgo_motion/expression/rider/surprised/surprised25.png
[1.678s] -- Up-to-date symlink: /home/sunrise/xgo_demo/install/xgo_motion/share/xgo_motion/expression/rider/surprised/surprised26.png
[1.679s] -- Up-to-date symlink: /home/sunrise/xgo_demo/install/xgo_motion/share/xgo_motion/expression/rider/surprised/surprised27.png
[1.680s] -- Up-to-date symlink: /home/sunrise/xgo_demo/install/xgo_motion/share/xgo_motion/expression/rider/surprised/surprised28.png
[1.682s] -- Up-to-date symlink: /home/sunrise/xgo_demo/install/xgo_motion/share/xgo_motion/expression/rider/surprised/surprised29.png
[1.683s] -- Up-to-date symlink: /home/sunrise/xgo_demo/install/xgo_motion/share/xgo_motion/expression/rider/surprised/surprised3.png
[1.684s] -- Up-to-date symlink: /home/sunrise/xgo_demo/install/xgo_motion/share/xgo_motion/expression/rider/surprised/surprised30.png
[1.685s] -- Up-to-date symlink: /home/sunrise/xgo_demo/install/xgo_motion/share/xgo_motion/expression/rider/surprised/surprised31.png
[1.686s] -- Up-to-date symlink: /home/sunrise/xgo_demo/install/xgo_motion/share/xgo_motion/expression/rider/surprised/surprised32.png
[1.687s] -- Up-to-date symlink: /home/sunrise/xgo_demo/install/xgo_motion/share/xgo_motion/expression/rider/surprised/surprised33.png
[1.689s] -- Up-to-date symlink: /home/sunrise/xgo_demo/install/xgo_motion/share/xgo_motion/expression/rider/surprised/surprised34.png
[1.690s] -- Up-to-date symlink: /home/sunrise/xgo_demo/install/xgo_motion/share/xgo_motion/expression/rider/surprised/surprised35.png
[1.691s] -- Up-to-date symlink: /home/sunrise/xgo_demo/install/xgo_motion/share/xgo_motion/expression/rider/surprised/surprised36.png
[1.692s] -- Up-to-date symlink: /home/sunrise/xgo_demo/install/xgo_motion/share/xgo_motion/expression/rider/surprised/surprised37.png
[1.693s] -- Up-to-date symlink: /home/sunrise/xgo_demo/install/xgo_motion/share/xgo_motion/expression/rider/surprised/surprised38.png
[1.695s] -- Up-to-date symlink: /home/sunrise/xgo_demo/install/xgo_motion/share/xgo_motion/expression/rider/surprised/surprised39.png
[1.696s] -- Up-to-date symlink: /home/sunrise/xgo_demo/install/xgo_motion/share/xgo_motion/expression/rider/surprised/surprised4.png
[1.697s] -- Up-to-date symlink: /home/sunrise/xgo_demo/install/xgo_motion/share/xgo_motion/expression/rider/surprised/surprised40.png
[1.698s] -- Up-to-date symlink: /home/sunrise/xgo_demo/install/xgo_motion/share/xgo_motion/expression/rider/surprised/surprised41.png
[1.699s] -- Up-to-date symlink: /home/sunrise/xgo_demo/install/xgo_motion/share/xgo_motion/expression/rider/surprised/surprised42.png
[1.700s] -- Up-to-date symlink: /home/sunrise/xgo_demo/install/xgo_motion/share/xgo_motion/expression/rider/surprised/surprised43.png
[1.702s] -- Up-to-date symlink: /home/sunrise/xgo_demo/install/xgo_motion/share/xgo_motion/expression/rider/surprised/surprised44.png
[1.703s] -- Up-to-date symlink: /home/sunrise/xgo_demo/install/xgo_motion/share/xgo_motion/expression/rider/surprised/surprised45.png
[1.704s] -- Up-to-date symlink: /home/sunrise/xgo_demo/install/xgo_motion/share/xgo_motion/expression/rider/surprised/surprised46.png
[1.705s] -- Up-to-date symlink: /home/sunrise/xgo_demo/install/xgo_motion/share/xgo_motion/expression/rider/surprised/surprised47.png
[1.706s] -- Up-to-date symlink: /home/sunrise/xgo_demo/install/xgo_motion/share/xgo_motion/expression/rider/surprised/surprised48.png
[1.707s] -- Up-to-date symlink: /home/sunrise/xgo_demo/install/xgo_motion/share/xgo_motion/expression/rider/surprised/surprised49.png
[1.709s] -- Up-to-date symlink: /home/sunrise/xgo_demo/install/xgo_motion/share/xgo_motion/expression/rider/surprised/surprised5.png
[1.710s] -- Up-to-date symlink: /home/sunrise/xgo_demo/install/xgo_motion/share/xgo_motion/expression/rider/surprised/surprised50.png
[1.711s] -- Up-to-date symlink: /home/sunrise/xgo_demo/install/xgo_motion/share/xgo_motion/expression/rider/surprised/surprised51.png
[1.712s] -- Up-to-date symlink: /home/sunrise/xgo_demo/install/xgo_motion/share/xgo_motion/expression/rider/surprised/surprised52.png
[1.713s] -- Up-to-date symlink: /home/sunrise/xgo_demo/install/xgo_motion/share/xgo_motion/expression/rider/surprised/surprised53.png
[1.715s] -- Up-to-date symlink: /home/sunrise/xgo_demo/install/xgo_motion/share/xgo_motion/expression/rider/surprised/surprised54.png
[1.716s] -- Up-to-date symlink: /home/sunrise/xgo_demo/install/xgo_motion/share/xgo_motion/expression/rider/surprised/surprised55.png
[1.717s] -- Up-to-date symlink: /home/sunrise/xgo_demo/install/xgo_motion/share/xgo_motion/expression/rider/surprised/surprised56.png
[1.718s] -- Up-to-date symlink: /home/sunrise/xgo_demo/install/xgo_motion/share/xgo_motion/expression/rider/surprised/surprised57.png
[1.719s] -- Up-to-date symlink: /home/sunrise/xgo_demo/install/xgo_motion/share/xgo_motion/expression/rider/surprised/surprised58.png
[1.720s] -- Up-to-date symlink: /home/sunrise/xgo_demo/install/xgo_motion/share/xgo_motion/expression/rider/surprised/surprised59.png
[1.722s] -- Up-to-date symlink: /home/sunrise/xgo_demo/install/xgo_motion/share/xgo_motion/expression/rider/surprised/surprised6.png
[1.723s] -- Up-to-date symlink: /home/sunrise/xgo_demo/install/xgo_motion/share/xgo_motion/expression/rider/surprised/surprised60.png
[1.724s] -- Up-to-date symlink: /home/sunrise/xgo_demo/install/xgo_motion/share/xgo_motion/expression/rider/surprised/surprised61.png
[1.725s] -- Up-to-date symlink: /home/sunrise/xgo_demo/install/xgo_motion/share/xgo_motion/expression/rider/surprised/surprised62.png
[1.727s] -- Up-to-date symlink: /home/sunrise/xgo_demo/install/xgo_motion/share/xgo_motion/expression/rider/surprised/surprised63.png
[1.728s] -- Up-to-date symlink: /home/sunrise/xgo_demo/install/xgo_motion/share/xgo_motion/expression/rider/surprised/surprised64.png
[1.729s] -- Up-to-date symlink: /home/sunrise/xgo_demo/install/xgo_motion/share/xgo_motion/expression/rider/surprised/surprised65.png
[1.730s] -- Up-to-date symlink: /home/sunrise/xgo_demo/install/xgo_motion/share/xgo_motion/expression/rider/surprised/surprised66.png
[1.731s] -- Up-to-date symlink: /home/sunrise/xgo_demo/install/xgo_motion/share/xgo_motion/expression/rider/surprised/surprised67.png
[1.732s] -- Up-to-date symlink: /home/sunrise/xgo_demo/install/xgo_motion/share/xgo_motion/expression/rider/surprised/surprised68.png
[1.734s] -- Up-to-date symlink: /home/sunrise/xgo_demo/install/xgo_motion/share/xgo_motion/expression/rider/surprised/surprised69.png
[1.735s] -- Up-to-date symlink: /home/sunrise/xgo_demo/install/xgo_motion/share/xgo_motion/expression/rider/surprised/surprised7.png
[1.736s] -- Up-to-date symlink: /home/sunrise/xgo_demo/install/xgo_motion/share/xgo_motion/expression/rider/surprised/surprised70.png
[1.737s] -- Up-to-date symlink: /home/sunrise/xgo_demo/install/xgo_motion/share/xgo_motion/expression/rider/surprised/surprised71.png
[1.738s] -- Up-to-date symlink: /home/sunrise/xgo_demo/install/xgo_motion/share/xgo_motion/expression/rider/surprised/surprised72.png
[1.739s] -- Up-to-date symlink: /home/sunrise/xgo_demo/install/xgo_motion/share/xgo_motion/expression/rider/surprised/surprised73.png
[1.741s] -- Up-to-date symlink: /home/sunrise/xgo_demo/install/xgo_motion/share/xgo_motion/expression/rider/surprised/surprised74.png
[1.742s] -- Up-to-date symlink: /home/sunrise/xgo_demo/install/xgo_motion/share/xgo_motion/expression/rider/surprised/surprised8.png
[1.743s] -- Up-to-date symlink: /home/sunrise/xgo_demo/install/xgo_motion/share/xgo_motion/expression/rider/surprised/surprised9.png
[1.744s] -- Up-to-date symlink: /home/sunrise/xgo_demo/install/xgo_motion/share/xgo_motion/expression/rider/vertigo/vertigo1.png
[1.745s] -- Up-to-date symlink: /home/sunrise/xgo_demo/install/xgo_motion/share/xgo_motion/expression/rider/vertigo/vertigo10.png
[1.747s] -- Up-to-date symlink: /home/sunrise/xgo_demo/install/xgo_motion/share/xgo_motion/expression/rider/vertigo/vertigo11.png
[1.748s] -- Up-to-date symlink: /home/sunrise/xgo_demo/install/xgo_motion/share/xgo_motion/expression/rider/vertigo/vertigo12.png
[1.749s] -- Up-to-date symlink: /home/sunrise/xgo_demo/install/xgo_motion/share/xgo_motion/expression/rider/vertigo/vertigo13.png
[1.750s] -- Up-to-date symlink: /home/sunrise/xgo_demo/install/xgo_motion/share/xgo_motion/expression/rider/vertigo/vertigo14.png
[1.751s] -- Up-to-date symlink: /home/sunrise/xgo_demo/install/xgo_motion/share/xgo_motion/expression/rider/vertigo/vertigo15.png
[1.752s] -- Up-to-date symlink: /home/sunrise/xgo_demo/install/xgo_motion/share/xgo_motion/expression/rider/vertigo/vertigo16.png
[1.754s] -- Up-to-date symlink: /home/sunrise/xgo_demo/install/xgo_motion/share/xgo_motion/expression/rider/vertigo/vertigo17.png
[1.755s] -- Up-to-date symlink: /home/sunrise/xgo_demo/install/xgo_motion/share/xgo_motion/expression/rider/vertigo/vertigo18.png
[1.756s] -- Up-to-date symlink: /home/sunrise/xgo_demo/install/xgo_motion/share/xgo_motion/expression/rider/vertigo/vertigo19.png
[1.757s] -- Up-to-date symlink: /home/sunrise/xgo_demo/install/xgo_motion/share/xgo_motion/expression/rider/vertigo/vertigo2.png
[1.758s] -- Up-to-date symlink: /home/sunrise/xgo_demo/install/xgo_motion/share/xgo_motion/expression/rider/vertigo/vertigo20.png
[1.759s] -- Up-to-date symlink: /home/sunrise/xgo_demo/install/xgo_motion/share/xgo_motion/expression/rider/vertigo/vertigo21.png
[1.761s] -- Up-to-date symlink: /home/sunrise/xgo_demo/install/xgo_motion/share/xgo_motion/expression/rider/vertigo/vertigo22.png
[1.762s] -- Up-to-date symlink: /home/sunrise/xgo_demo/install/xgo_motion/share/xgo_motion/expression/rider/vertigo/vertigo23.png
[1.763s] -- Up-to-date symlink: /home/sunrise/xgo_demo/install/xgo_motion/share/xgo_motion/expression/rider/vertigo/vertigo24.png
[1.764s] -- Up-to-date symlink: /home/sunrise/xgo_demo/install/xgo_motion/share/xgo_motion/expression/rider/vertigo/vertigo25.png
[1.765s] -- Up-to-date symlink: /home/sunrise/xgo_demo/install/xgo_motion/share/xgo_motion/expression/rider/vertigo/vertigo26.png
[1.767s] -- Up-to-date symlink: /home/sunrise/xgo_demo/install/xgo_motion/share/xgo_motion/expression/rider/vertigo/vertigo27.png
[1.768s] -- Up-to-date symlink: /home/sunrise/xgo_demo/install/xgo_motion/share/xgo_motion/expression/rider/vertigo/vertigo28.png
[1.769s] -- Up-to-date symlink: /home/sunrise/xgo_demo/install/xgo_motion/share/xgo_motion/expression/rider/vertigo/vertigo29.png
[1.770s] -- Up-to-date symlink: /home/sunrise/xgo_demo/install/xgo_motion/share/xgo_motion/expression/rider/vertigo/vertigo3.png
[1.771s] -- Up-to-date symlink: /home/sunrise/xgo_demo/install/xgo_motion/share/xgo_motion/expression/rider/vertigo/vertigo30.png
[1.772s] -- Up-to-date symlink: /home/sunrise/xgo_demo/install/xgo_motion/share/xgo_motion/expression/rider/vertigo/vertigo31.png
[1.774s] -- Up-to-date symlink: /home/sunrise/xgo_demo/install/xgo_motion/share/xgo_motion/expression/rider/vertigo/vertigo32.png
[1.775s] -- Up-to-date symlink: /home/sunrise/xgo_demo/install/xgo_motion/share/xgo_motion/expression/rider/vertigo/vertigo33.png
[1.776s] -- Up-to-date symlink: /home/sunrise/xgo_demo/install/xgo_motion/share/xgo_motion/expression/rider/vertigo/vertigo34.png
[1.777s] -- Up-to-date symlink: /home/sunrise/xgo_demo/install/xgo_motion/share/xgo_motion/expression/rider/vertigo/vertigo35.png
[1.778s] -- Up-to-date symlink: /home/sunrise/xgo_demo/install/xgo_motion/share/xgo_motion/expression/rider/vertigo/vertigo36.png
[1.780s] -- Up-to-date symlink: /home/sunrise/xgo_demo/install/xgo_motion/share/xgo_motion/expression/rider/vertigo/vertigo37.png
[1.781s] -- Up-to-date symlink: /home/sunrise/xgo_demo/install/xgo_motion/share/xgo_motion/expression/rider/vertigo/vertigo38.png
[1.782s] -- Up-to-date symlink: /home/sunrise/xgo_demo/install/xgo_motion/share/xgo_motion/expression/rider/vertigo/vertigo39.png
[1.783s] -- Up-to-date symlink: /home/sunrise/xgo_demo/install/xgo_motion/share/xgo_motion/expression/rider/vertigo/vertigo4.png
[1.784s] -- Up-to-date symlink: /home/sunrise/xgo_demo/install/xgo_motion/share/xgo_motion/expression/rider/vertigo/vertigo40.png
[1.786s] -- Up-to-date symlink: /home/sunrise/xgo_demo/install/xgo_motion/share/xgo_motion/expression/rider/vertigo/vertigo41.png
[1.787s] -- Up-to-date symlink: /home/sunrise/xgo_demo/install/xgo_motion/share/xgo_motion/expression/rider/vertigo/vertigo42.png
[1.788s] -- Up-to-date symlink: /home/sunrise/xgo_demo/install/xgo_motion/share/xgo_motion/expression/rider/vertigo/vertigo43.png
[1.789s] -- Up-to-date symlink: /home/sunrise/xgo_demo/install/xgo_motion/share/xgo_motion/expression/rider/vertigo/vertigo44.png
[1.790s] -- Up-to-date symlink: /home/sunrise/xgo_demo/install/xgo_motion/share/xgo_motion/expression/rider/vertigo/vertigo45.png
[1.791s] -- Up-to-date symlink: /home/sunrise/xgo_demo/install/xgo_motion/share/xgo_motion/expression/rider/vertigo/vertigo46.png
[1.793s] -- Up-to-date symlink: /home/sunrise/xgo_demo/install/xgo_motion/share/xgo_motion/expression/rider/vertigo/vertigo47.png
[1.794s] -- Up-to-date symlink: /home/sunrise/xgo_demo/install/xgo_motion/share/xgo_motion/expression/rider/vertigo/vertigo48.png
[1.795s] -- Up-to-date symlink: /home/sunrise/xgo_demo/install/xgo_motion/share/xgo_motion/expression/rider/vertigo/vertigo49.png
[1.796s] -- Up-to-date symlink: /home/sunrise/xgo_demo/install/xgo_motion/share/xgo_motion/expression/rider/vertigo/vertigo5.png
[1.797s] -- Up-to-date symlink: /home/sunrise/xgo_demo/install/xgo_motion/share/xgo_motion/expression/rider/vertigo/vertigo50.png
[1.798s] -- Up-to-date symlink: /home/sunrise/xgo_demo/install/xgo_motion/share/xgo_motion/expression/rider/vertigo/vertigo51.png
[1.800s] -- Up-to-date symlink: /home/sunrise/xgo_demo/install/xgo_motion/share/xgo_motion/expression/rider/vertigo/vertigo52.png
[1.801s] -- Up-to-date symlink: /home/sunrise/xgo_demo/install/xgo_motion/share/xgo_motion/expression/rider/vertigo/vertigo53.png
[1.802s] -- Up-to-date symlink: /home/sunrise/xgo_demo/install/xgo_motion/share/xgo_motion/expression/rider/vertigo/vertigo54.png
[1.803s] -- Up-to-date symlink: /home/sunrise/xgo_demo/install/xgo_motion/share/xgo_motion/expression/rider/vertigo/vertigo55.png
[1.804s] -- Up-to-date symlink: /home/sunrise/xgo_demo/install/xgo_motion/share/xgo_motion/expression/rider/vertigo/vertigo56.png
[1.806s] -- Up-to-date symlink: /home/sunrise/xgo_demo/install/xgo_motion/share/xgo_motion/expression/rider/vertigo/vertigo57.png
[1.807s] -- Up-to-date symlink: /home/sunrise/xgo_demo/install/xgo_motion/share/xgo_motion/expression/rider/vertigo/vertigo58.png
[1.808s] -- Up-to-date symlink: /home/sunrise/xgo_demo/install/xgo_motion/share/xgo_motion/expression/rider/vertigo/vertigo59.png
[1.809s] -- Up-to-date symlink: /home/sunrise/xgo_demo/install/xgo_motion/share/xgo_motion/expression/rider/vertigo/vertigo6.png
[1.810s] -- Up-to-date symlink: /home/sunrise/xgo_demo/install/xgo_motion/share/xgo_motion/expression/rider/vertigo/vertigo7.png
[1.811s] -- Up-to-date symlink: /home/sunrise/xgo_demo/install/xgo_motion/share/xgo_motion/expression/rider/vertigo/vertigo8.png
[1.812s] -- Up-to-date symlink: /home/sunrise/xgo_demo/install/xgo_motion/share/xgo_motion/expression/rider/vertigo/vertigo9.png
[1.814s] -- Up-to-date symlink: /home/sunrise/xgo_demo/install/xgo_motion/share/xgo_motion/expression/sad/1.png
[1.815s] -- Up-to-date symlink: /home/sunrise/xgo_demo/install/xgo_motion/share/xgo_motion/expression/sad/10.png
[1.816s] -- Up-to-date symlink: /home/sunrise/xgo_demo/install/xgo_motion/share/xgo_motion/expression/sad/11.png
[1.817s] -- Up-to-date symlink: /home/sunrise/xgo_demo/install/xgo_motion/share/xgo_motion/expression/sad/12.png
[1.818s] -- Up-to-date symlink: /home/sunrise/xgo_demo/install/xgo_motion/share/xgo_motion/expression/sad/13.png
[1.819s] -- Up-to-date symlink: /home/sunrise/xgo_demo/install/xgo_motion/share/xgo_motion/expression/sad/14.png
[1.820s] -- Up-to-date symlink: /home/sunrise/xgo_demo/install/xgo_motion/share/xgo_motion/expression/sad/2.png
[1.822s] -- Up-to-date symlink: /home/sunrise/xgo_demo/install/xgo_motion/share/xgo_motion/expression/sad/3.png
[1.823s] -- Up-to-date symlink: /home/sunrise/xgo_demo/install/xgo_motion/share/xgo_motion/expression/sad/4.png
[1.824s] -- Up-to-date symlink: /home/sunrise/xgo_demo/install/xgo_motion/share/xgo_motion/expression/sad/5.png
[1.825s] -- Up-to-date symlink: /home/sunrise/xgo_demo/install/xgo_motion/share/xgo_motion/expression/sad/6.png
[1.826s] -- Up-to-date symlink: /home/sunrise/xgo_demo/install/xgo_motion/share/xgo_motion/expression/sad/7.png
[1.827s] -- Up-to-date symlink: /home/sunrise/xgo_demo/install/xgo_motion/share/xgo_motion/expression/sad/8.png
[1.829s] -- Up-to-date symlink: /home/sunrise/xgo_demo/install/xgo_motion/share/xgo_motion/expression/sad/9.png
[1.830s] -- Up-to-date symlink: /home/sunrise/xgo_demo/install/xgo_motion/share/xgo_motion/expression/sad_r/1.png
[1.831s] -- Up-to-date symlink: /home/sunrise/xgo_demo/install/xgo_motion/share/xgo_motion/expression/sad_r/10.png
[1.832s] -- Up-to-date symlink: /home/sunrise/xgo_demo/install/xgo_motion/share/xgo_motion/expression/sad_r/11.png
[1.833s] -- Up-to-date symlink: /home/sunrise/xgo_demo/install/xgo_motion/share/xgo_motion/expression/sad_r/12.png
[1.834s] -- Up-to-date symlink: /home/sunrise/xgo_demo/install/xgo_motion/share/xgo_motion/expression/sad_r/2.png
[1.835s] -- Up-to-date symlink: /home/sunrise/xgo_demo/install/xgo_motion/share/xgo_motion/expression/sad_r/3.png
[1.837s] -- Up-to-date symlink: /home/sunrise/xgo_demo/install/xgo_motion/share/xgo_motion/expression/sad_r/4.png
[1.838s] -- Up-to-date symlink: /home/sunrise/xgo_demo/install/xgo_motion/share/xgo_motion/expression/sad_r/5.png
[1.839s] -- Up-to-date symlink: /home/sunrise/xgo_demo/install/xgo_motion/share/xgo_motion/expression/sad_r/6.png
[1.840s] -- Up-to-date symlink: /home/sunrise/xgo_demo/install/xgo_motion/share/xgo_motion/expression/sad_r/7.png
[1.841s] -- Up-to-date symlink: /home/sunrise/xgo_demo/install/xgo_motion/share/xgo_motion/expression/sad_r/8.png
[1.843s] -- Up-to-date symlink: /home/sunrise/xgo_demo/install/xgo_motion/share/xgo_motion/expression/sad_r/9.png
[1.844s] -- Up-to-date symlink: /home/sunrise/xgo_demo/install/xgo_motion/share/xgo_motion/expression/seek/1.png
[1.845s] -- Up-to-date symlink: /home/sunrise/xgo_demo/install/xgo_motion/share/xgo_motion/expression/seek/10.png
[1.846s] -- Up-to-date symlink: /home/sunrise/xgo_demo/install/xgo_motion/share/xgo_motion/expression/seek/11.png
[1.847s] -- Up-to-date symlink: /home/sunrise/xgo_demo/install/xgo_motion/share/xgo_motion/expression/seek/12.png
[1.848s] -- Up-to-date symlink: /home/sunrise/xgo_demo/install/xgo_motion/share/xgo_motion/expression/seek/2.png
[1.849s] -- Up-to-date symlink: /home/sunrise/xgo_demo/install/xgo_motion/share/xgo_motion/expression/seek/3.png
[1.851s] -- Up-to-date symlink: /home/sunrise/xgo_demo/install/xgo_motion/share/xgo_motion/expression/seek/4.png
[1.852s] -- Up-to-date symlink: /home/sunrise/xgo_demo/install/xgo_motion/share/xgo_motion/expression/seek/5.png
[1.853s] -- Up-to-date symlink: /home/sunrise/xgo_demo/install/xgo_motion/share/xgo_motion/expression/seek/6.png
[1.854s] -- Up-to-date symlink: /home/sunrise/xgo_demo/install/xgo_motion/share/xgo_motion/expression/seek/7.png
[1.855s] -- Up-to-date symlink: /home/sunrise/xgo_demo/install/xgo_motion/share/xgo_motion/expression/seek/8.png
[1.856s] -- Up-to-date symlink: /home/sunrise/xgo_demo/install/xgo_motion/share/xgo_motion/expression/seek/9.png
[1.857s] -- Up-to-date symlink: /home/sunrise/xgo_demo/install/xgo_motion/share/xgo_motion/expression/shame/1.png
[1.859s] -- Up-to-date symlink: /home/sunrise/xgo_demo/install/xgo_motion/share/xgo_motion/expression/shame/10.png
[1.860s] -- Up-to-date symlink: /home/sunrise/xgo_demo/install/xgo_motion/share/xgo_motion/expression/shame/11.png
[1.861s] -- Up-to-date symlink: /home/sunrise/xgo_demo/install/xgo_motion/share/xgo_motion/expression/shame/2.png
[1.862s] -- Up-to-date symlink: /home/sunrise/xgo_demo/install/xgo_motion/share/xgo_motion/expression/shame/3.png
[1.863s] -- Up-to-date symlink: /home/sunrise/xgo_demo/install/xgo_motion/share/xgo_motion/expression/shame/4.png
[1.864s] -- Up-to-date symlink: /home/sunrise/xgo_demo/install/xgo_motion/share/xgo_motion/expression/shame/5.png
[1.865s] -- Up-to-date symlink: /home/sunrise/xgo_demo/install/xgo_motion/share/xgo_motion/expression/shame/6.png
[1.867s] -- Up-to-date symlink: /home/sunrise/xgo_demo/install/xgo_motion/share/xgo_motion/expression/shame/7.png
[1.868s] -- Up-to-date symlink: /home/sunrise/xgo_demo/install/xgo_motion/share/xgo_motion/expression/shame/8.png
[1.869s] -- Up-to-date symlink: /home/sunrise/xgo_demo/install/xgo_motion/share/xgo_motion/expression/shame/9.png
[1.870s] -- Up-to-date symlink: /home/sunrise/xgo_demo/install/xgo_motion/share/xgo_motion/expression/shame_r/1.png
[1.871s] -- Up-to-date symlink: /home/sunrise/xgo_demo/install/xgo_motion/share/xgo_motion/expression/shame_r/10.png
[1.872s] -- Up-to-date symlink: /home/sunrise/xgo_demo/install/xgo_motion/share/xgo_motion/expression/shame_r/2.png
[1.873s] -- Up-to-date symlink: /home/sunrise/xgo_demo/install/xgo_motion/share/xgo_motion/expression/shame_r/3.png
[1.875s] -- Up-to-date symlink: /home/sunrise/xgo_demo/install/xgo_motion/share/xgo_motion/expression/shame_r/4.png
[1.876s] -- Up-to-date symlink: /home/sunrise/xgo_demo/install/xgo_motion/share/xgo_motion/expression/shame_r/5.png
[1.877s] -- Up-to-date symlink: /home/sunrise/xgo_demo/install/xgo_motion/share/xgo_motion/expression/shame_r/6.png
[1.878s] -- Up-to-date symlink: /home/sunrise/xgo_demo/install/xgo_motion/share/xgo_motion/expression/shame_r/7.png
[1.879s] -- Up-to-date symlink: /home/sunrise/xgo_demo/install/xgo_motion/share/xgo_motion/expression/shame_r/8.png
[1.881s] -- Up-to-date symlink: /home/sunrise/xgo_demo/install/xgo_motion/share/xgo_motion/expression/shame_r/9.png
[1.882s] -- Up-to-date symlink: /home/sunrise/xgo_demo/install/xgo_motion/share/xgo_motion/expression/sleepy/1.png
[1.883s] -- Up-to-date symlink: /home/sunrise/xgo_demo/install/xgo_motion/share/xgo_motion/expression/sleepy/10.png
[1.884s] -- Up-to-date symlink: /home/sunrise/xgo_demo/install/xgo_motion/share/xgo_motion/expression/sleepy/11.png
[1.885s] -- Up-to-date symlink: /home/sunrise/xgo_demo/install/xgo_motion/share/xgo_motion/expression/sleepy/12.png
[1.886s] -- Up-to-date symlink: /home/sunrise/xgo_demo/install/xgo_motion/share/xgo_motion/expression/sleepy/13.png
[1.887s] -- Up-to-date symlink: /home/sunrise/xgo_demo/install/xgo_motion/share/xgo_motion/expression/sleepy/14.png
[1.889s] -- Up-to-date symlink: /home/sunrise/xgo_demo/install/xgo_motion/share/xgo_motion/expression/sleepy/15.png
[1.890s] -- Up-to-date symlink: /home/sunrise/xgo_demo/install/xgo_motion/share/xgo_motion/expression/sleepy/16.png
[1.891s] -- Up-to-date symlink: /home/sunrise/xgo_demo/install/xgo_motion/share/xgo_motion/expression/sleepy/17.png
[1.892s] -- Up-to-date symlink: /home/sunrise/xgo_demo/install/xgo_motion/share/xgo_motion/expression/sleepy/18.png
[1.893s] -- Up-to-date symlink: /home/sunrise/xgo_demo/install/xgo_motion/share/xgo_motion/expression/sleepy/19.png
[1.894s] -- Up-to-date symlink: /home/sunrise/xgo_demo/install/xgo_motion/share/xgo_motion/expression/sleepy/2.png
[1.895s] -- Up-to-date symlink: /home/sunrise/xgo_demo/install/xgo_motion/share/xgo_motion/expression/sleepy/3.png
[1.897s] -- Up-to-date symlink: /home/sunrise/xgo_demo/install/xgo_motion/share/xgo_motion/expression/sleepy/4.png
[1.898s] -- Up-to-date symlink: /home/sunrise/xgo_demo/install/xgo_motion/share/xgo_motion/expression/sleepy/5.png
[1.899s] -- Up-to-date symlink: /home/sunrise/xgo_demo/install/xgo_motion/share/xgo_motion/expression/sleepy/6.png
[1.900s] -- Up-to-date symlink: /home/sunrise/xgo_demo/install/xgo_motion/share/xgo_motion/expression/sleepy/7.png
[1.901s] -- Up-to-date symlink: /home/sunrise/xgo_demo/install/xgo_motion/share/xgo_motion/expression/sleepy/8.png
[1.902s] -- Up-to-date symlink: /home/sunrise/xgo_demo/install/xgo_motion/share/xgo_motion/expression/sleepy/9.png
[1.904s] -- Up-to-date symlink: /home/sunrise/xgo_demo/install/xgo_motion/share/xgo_motion/expression/sleepy_r/1.png
[1.905s] -- Up-to-date symlink: /home/sunrise/xgo_demo/install/xgo_motion/share/xgo_motion/expression/sleepy_r/10.png
[1.906s] -- Up-to-date symlink: /home/sunrise/xgo_demo/install/xgo_motion/share/xgo_motion/expression/sleepy_r/11.png
[1.907s] -- Up-to-date symlink: /home/sunrise/xgo_demo/install/xgo_motion/share/xgo_motion/expression/sleepy_r/2.png
[1.908s] -- Up-to-date symlink: /home/sunrise/xgo_demo/install/xgo_motion/share/xgo_motion/expression/sleepy_r/3.png
[1.909s] -- Up-to-date symlink: /home/sunrise/xgo_demo/install/xgo_motion/share/xgo_motion/expression/sleepy_r/4.png
[1.910s] -- Up-to-date symlink: /home/sunrise/xgo_demo/install/xgo_motion/share/xgo_motion/expression/sleepy_r/5.png
[1.912s] -- Up-to-date symlink: /home/sunrise/xgo_demo/install/xgo_motion/share/xgo_motion/expression/sleepy_r/6.png
[1.913s] -- Up-to-date symlink: /home/sunrise/xgo_demo/install/xgo_motion/share/xgo_motion/expression/sleepy_r/7.png
[1.914s] -- Up-to-date symlink: /home/sunrise/xgo_demo/install/xgo_motion/share/xgo_motion/expression/sleepy_r/8.png
[1.915s] -- Up-to-date symlink: /home/sunrise/xgo_demo/install/xgo_motion/share/xgo_motion/expression/sleepy_r/9.png
[1.916s] -- Up-to-date symlink: /home/sunrise/xgo_demo/install/xgo_motion/share/xgo_motion/expression/surprise/1.png
[1.917s] -- Up-to-date symlink: /home/sunrise/xgo_demo/install/xgo_motion/share/xgo_motion/expression/surprise/10.png
[1.918s] -- Up-to-date symlink: /home/sunrise/xgo_demo/install/xgo_motion/share/xgo_motion/expression/surprise/11.png
[1.920s] -- Up-to-date symlink: /home/sunrise/xgo_demo/install/xgo_motion/share/xgo_motion/expression/surprise/12.png
[1.921s] -- Up-to-date symlink: /home/sunrise/xgo_demo/install/xgo_motion/share/xgo_motion/expression/surprise/13.png
[1.922s] -- Up-to-date symlink: /home/sunrise/xgo_demo/install/xgo_motion/share/xgo_motion/expression/surprise/14.png
[1.923s] -- Up-to-date symlink: /home/sunrise/xgo_demo/install/xgo_motion/share/xgo_motion/expression/surprise/15.png
[1.924s] -- Up-to-date symlink: /home/sunrise/xgo_demo/install/xgo_motion/share/xgo_motion/expression/surprise/2.png
[1.925s] -- Up-to-date symlink: /home/sunrise/xgo_demo/install/xgo_motion/share/xgo_motion/expression/surprise/3.png
[1.926s] -- Up-to-date symlink: /home/sunrise/xgo_demo/install/xgo_motion/share/xgo_motion/expression/surprise/4.png
[1.928s] -- Up-to-date symlink: /home/sunrise/xgo_demo/install/xgo_motion/share/xgo_motion/expression/surprise/5.png
[1.929s] -- Up-to-date symlink: /home/sunrise/xgo_demo/install/xgo_motion/share/xgo_motion/expression/surprise/6.png
[1.930s] -- Up-to-date symlink: /home/sunrise/xgo_demo/install/xgo_motion/share/xgo_motion/expression/surprise/7.png
[1.931s] -- Up-to-date symlink: /home/sunrise/xgo_demo/install/xgo_motion/share/xgo_motion/expression/surprise/8.png
[1.932s] -- Up-to-date symlink: /home/sunrise/xgo_demo/install/xgo_motion/share/xgo_motion/expression/surprise/9.png
[1.933s] -- Up-to-date symlink: /home/sunrise/xgo_demo/install/xgo_motion/share/xgo_motion/expression/surprise_r/1.png
[1.935s] -- Up-to-date symlink: /home/sunrise/xgo_demo/install/xgo_motion/share/xgo_motion/expression/surprise_r/10.png
[1.936s] -- Up-to-date symlink: /home/sunrise/xgo_demo/install/xgo_motion/share/xgo_motion/expression/surprise_r/11.png
[1.937s] -- Up-to-date symlink: /home/sunrise/xgo_demo/install/xgo_motion/share/xgo_motion/expression/surprise_r/12.png
[1.938s] -- Up-to-date symlink: /home/sunrise/xgo_demo/install/xgo_motion/share/xgo_motion/expression/surprise_r/2.png
[1.939s] -- Up-to-date symlink: /home/sunrise/xgo_demo/install/xgo_motion/share/xgo_motion/expression/surprise_r/3.png
[1.940s] -- Up-to-date symlink: /home/sunrise/xgo_demo/install/xgo_motion/share/xgo_motion/expression/surprise_r/4.png
[1.941s] -- Up-to-date symlink: /home/sunrise/xgo_demo/install/xgo_motion/share/xgo_motion/expression/surprise_r/5.png
[1.943s] -- Up-to-date symlink: /home/sunrise/xgo_demo/install/xgo_motion/share/xgo_motion/expression/surprise_r/6.png
[1.944s] -- Up-to-date symlink: /home/sunrise/xgo_demo/install/xgo_motion/share/xgo_motion/expression/surprise_r/7.png
[1.945s] -- Up-to-date symlink: /home/sunrise/xgo_demo/install/xgo_motion/share/xgo_motion/expression/surprise_r/8.png
[1.946s] -- Up-to-date symlink: /home/sunrise/xgo_demo/install/xgo_motion/share/xgo_motion/expression/surprise_r/9.png
[1.947s] -- Up-to-date symlink: /home/sunrise/xgo_demo/install/xgo_motion/share/xgo_motion/expression/wronged/1.png
[1.948s] -- Up-to-date symlink: /home/sunrise/xgo_demo/install/xgo_motion/share/xgo_motion/expression/wronged/10.png
[1.950s] -- Up-to-date symlink: /home/sunrise/xgo_demo/install/xgo_motion/share/xgo_motion/expression/wronged/11.png
[1.951s] -- Up-to-date symlink: /home/sunrise/xgo_demo/install/xgo_motion/share/xgo_motion/expression/wronged/12.png
[1.952s] -- Up-to-date symlink: /home/sunrise/xgo_demo/install/xgo_motion/share/xgo_motion/expression/wronged/13.png
[1.953s] -- Up-to-date symlink: /home/sunrise/xgo_demo/install/xgo_motion/share/xgo_motion/expression/wronged/14.png
[1.954s] -- Up-to-date symlink: /home/sunrise/xgo_demo/install/xgo_motion/share/xgo_motion/expression/wronged/2.png
[1.955s] -- Up-to-date symlink: /home/sunrise/xgo_demo/install/xgo_motion/share/xgo_motion/expression/wronged/3.png
[1.956s] -- Up-to-date symlink: /home/sunrise/xgo_demo/install/xgo_motion/share/xgo_motion/expression/wronged/4.png
[1.957s] -- Up-to-date symlink: /home/sunrise/xgo_demo/install/xgo_motion/share/xgo_motion/expression/wronged/5.png
[1.959s] -- Up-to-date symlink: /home/sunrise/xgo_demo/install/xgo_motion/share/xgo_motion/expression/wronged/6.png
[1.960s] -- Up-to-date symlink: /home/sunrise/xgo_demo/install/xgo_motion/share/xgo_motion/expression/wronged/7.png
[1.961s] -- Up-to-date symlink: /home/sunrise/xgo_demo/install/xgo_motion/share/xgo_motion/expression/wronged/8.png
[1.962s] -- Up-to-date symlink: /home/sunrise/xgo_demo/install/xgo_motion/share/xgo_motion/expression/wronged/9.png
[1.965s] -- Up-to-date symlink: /home/sunrise/xgo_demo/install/xgo_motion/share/xgo_motion/music/Dream.mp3
[1.966s] -- Up-to-date symlink: /home/sunrise/xgo_demo/install/xgo_motion/share/xgo_motion/music/Dream_48k_stereo.wav
[1.967s] -- Up-to-date symlink: /home/sunrise/xgo_demo/install/xgo_motion/share/ament_index/resource_index/package_run_dependencies/xgo_motion
[1.969s] -- Up-to-date symlink: /home/sunrise/xgo_demo/install/xgo_motion/share/ament_index/resource_index/parent_prefix_path/xgo_motion
[1.970s] -- Up-to-date symlink: /home/sunrise/xgo_demo/install/xgo_motion/share/xgo_motion/environment/ament_prefix_path.sh
[1.972s] -- Up-to-date symlink: /home/sunrise/xgo_demo/install/xgo_motion/share/xgo_motion/environment/ament_prefix_path.dsv
[1.973s] -- Up-to-date symlink: /home/sunrise/xgo_demo/install/xgo_motion/share/xgo_motion/environment/path.sh
[1.975s] -- Up-to-date symlink: /home/sunrise/xgo_demo/install/xgo_motion/share/xgo_motion/environment/path.dsv
[1.976s] -- Up-to-date symlink: /home/sunrise/xgo_demo/install/xgo_motion/share/xgo_motion/local_setup.bash
[1.978s] -- Up-to-date symlink: /home/sunrise/xgo_demo/install/xgo_motion/share/xgo_motion/local_setup.sh
[1.979s] -- Up-to-date symlink: /home/sunrise/xgo_demo/install/xgo_motion/share/xgo_motion/local_setup.zsh
[1.981s] -- Up-to-date symlink: /home/sunrise/xgo_demo/install/xgo_motion/share/xgo_motion/local_setup.dsv
[1.981s] -- Symlinking: /home/sunrise/xgo_demo/install/xgo_motion/share/xgo_motion/package.dsv
[2.012s] -- Up-to-date symlink: /home/sunrise/xgo_demo/install/xgo_motion/share/ament_index/resource_index/packages/xgo_motion
[2.013s] -- Up-to-date symlink: /home/sunrise/xgo_demo/install/xgo_motion/share/xgo_motion/cmake/xgo_motionConfig.cmake
[2.015s] -- Up-to-date symlink: /home/sunrise/xgo_demo/install/xgo_motion/share/xgo_motion/cmake/xgo_motionConfig-version.cmake
[2.015s] -- Up-to-date symlink: /home/sunrise/xgo_demo/install/xgo_motion/share/xgo_motion/package.xml
[2.026s] Invoked command in '/home/sunrise/xgo_demo/build/xgo_motion' returned '0': CMAKE_PREFIX_PATH=/home/sunrise/xgo_demo/install/xgoscreen:/home/sunrise/xgo_demo/install/xgolib:/home/sunrise/xgo_demo/install/xgo_voice_control:/home/sunrise/xgo_demo/install/xgo_motion:/home/sunrise/xgo_demo/install/xgo_head:/home/sunrise/xgo_demo/install/xgo_device:/home/sunrise/xgo_demo/install/xgo_gesture_control:/home/sunrise/xgo_demo/install/xgo_face_control:/home/sunrise/xgo_demo/install/xgo_body_tracker:/opt/tros/humble:/opt/ros/humble /usr/bin/cmake --install /home/sunrise/xgo_demo/build/xgo_motion
